row_index,class,prob,pred,source,seed,fold
18,0,0.2302358150482177,0,CWA,1497,1
19,1,0.7119969129562378,1,CWA,1497,1
28,0,0.2622175812721252,0,CWA,1497,1
29,1,0.4914675652980804,0,CWA,1497,1
34,0,0.486574113368988,0,CWA,1497,1
35,1,0.6036679744720459,1,CWA,1497,1
54,0,0.1982852071523666,0,CWA,1497,1
55,1,0.7802135348320007,1,CWA,1497,1
70,0,0.9470986127853394,1,CWA,1497,1
71,1,0.4562607109546661,0,CWA,1497,1
88,0,0.8063026070594788,1,CWA,1497,1
89,1,0.3474078178405761,0,CWA,1497,1
98,0,0.1832047253847122,0,CWA,1497,1
99,1,0.719258189201355,1,CWA,1497,1
142,0,0.1786953508853912,0,CWA,1497,1
143,1,0.9318223595619202,1,CWA,1497,1
154,0,0.1127592772245407,0,CWA,1497,1
155,1,0.2666551470756531,0,CWA,1497,1
164,0,0.0712083429098129,0,CWA,1497,1
165,1,0.5774059891700745,1,CWA,1497,1
186,0,0.0399613268673419,0,CWA,1497,1
187,1,0.2996203303337097,0,CWA,1497,1
190,0,0.2785925567150116,0,CWA,1497,1
191,1,0.2913885116577148,0,CWA,1497,1
192,0,0.8453379273414612,1,CWA,1497,1
193,1,0.8399084806442261,1,CWA,1497,1
198,0,0.3299730122089386,0,CWA,1497,1
199,1,0.7111284136772156,1,CWA,1497,1
200,0,0.2104555368423462,0,CWA,1497,1
201,1,0.9649776816368104,1,CWA,1497,1
204,0,0.6822041273117065,1,CWA,1497,1
205,1,0.5222506523132324,1,CWA,1497,1
214,0,0.2363046258687973,0,CWA,1497,1
215,1,0.943379282951355,1,CWA,1497,1
218,0,0.1188020929694175,0,CWA,1497,1
219,1,0.0907306745648384,0,CWA,1497,1
228,0,0.6529558300971985,1,CWA,1497,1
229,1,0.8518453240394592,1,CWA,1497,1
232,0,0.1580526977777481,0,CWA,1497,1
233,1,0.4029427170753479,0,CWA,1497,1
248,0,0.0895688757300376,0,CWA,1497,1
249,1,0.2123053669929504,0,CWA,1497,1
250,0,0.2543171644210815,0,CWA,1497,1
251,1,0.3913585245609283,0,CWA,1497,1
252,0,0.2425218820571899,0,CWA,1497,1
253,1,0.5914573073387146,1,CWA,1497,1
260,0,0.2342894971370697,0,CWA,1497,1
261,1,0.8856998085975647,1,CWA,1497,1
266,0,0.2863706648349762,0,CWA,1497,1
267,1,0.6387817859649658,1,CWA,1497,1
268,0,0.617385745048523,1,CWA,1497,1
269,1,0.3448453843593597,0,CWA,1497,1
274,0,0.1641855537891388,0,CWA,1497,1
275,1,0.6655086874961853,1,CWA,1497,1
296,0,0.4466356039047241,0,CWA,1497,1
297,1,0.9612699747085572,1,CWA,1497,1
312,0,0.2480995208024978,0,CWA,1497,1
313,1,0.8258756399154663,1,CWA,1497,1
328,0,0.0838211178779602,0,CWA,1497,1
329,1,0.3697734773159027,0,CWA,1497,1
332,0,0.0778132900595665,0,CWA,1497,1
333,1,0.4009392559528351,0,CWA,1497,1
334,0,0.0926520526409149,0,CWA,1497,1
335,1,0.2671686112880707,0,CWA,1497,1
336,0,0.1623386144638061,0,CWA,1497,1
337,1,0.7978849411010742,1,CWA,1497,1
344,0,0.2119490653276443,0,CWA,1497,1
345,1,0.8783288598060608,1,CWA,1497,1
358,0,0.1651816666126251,0,CWA,1497,1
359,1,0.8292351365089417,1,CWA,1497,1
360,0,0.2273385822772979,0,CWA,1497,1
361,1,0.2598161399364471,0,CWA,1497,1
376,0,0.3213825821876526,0,CWA,1497,1
377,1,0.3683758676052093,0,CWA,1497,1
380,0,0.592091977596283,1,CWA,1497,1
381,1,0.5873563289642334,1,CWA,1497,1
388,0,0.1705373227596283,0,CWA,1497,1
389,1,0.6047724485397339,1,CWA,1497,1
392,0,0.2415432929992675,0,CWA,1497,1
393,1,0.6759610176086426,1,CWA,1497,1
402,0,0.316441535949707,0,CWA,1497,1
403,1,0.8983849883079529,1,CWA,1497,1
0,0,0.7560309171676636,1,CWA,1497,2
1,1,0.5786141753196716,1,CWA,1497,2
4,0,0.7965951561927795,1,CWA,1497,2
5,1,0.4402866065502167,0,CWA,1497,2
20,0,0.7148025035858154,1,CWA,1497,2
21,1,0.2794860005378723,0,CWA,1497,2
30,0,0.5121868252754211,1,CWA,1497,2
31,1,0.7576279044151306,1,CWA,1497,2
32,0,0.5244061946868896,1,CWA,1497,2
33,1,0.7891352772712708,1,CWA,1497,2
36,0,0.4862294793128967,0,CWA,1497,2
37,1,0.2980887591838836,0,CWA,1497,2
40,0,0.6646810173988342,1,CWA,1497,2
41,1,0.8599615693092346,1,CWA,1497,2
44,0,0.180743858218193,0,CWA,1497,2
45,1,0.2203582227230072,0,CWA,1497,2
46,0,0.4963012039661407,0,CWA,1497,2
47,1,0.6265122294425964,1,CWA,1497,2
56,0,0.2850323915481567,0,CWA,1497,2
57,1,0.8754934668540955,1,CWA,1497,2
74,0,0.8483729362487793,1,CWA,1497,2
75,1,0.9038766622543336,1,CWA,1497,2
82,0,0.3985211849212646,0,CWA,1497,2
83,1,0.4971886575222015,0,CWA,1497,2
84,0,0.930537760257721,1,CWA,1497,2
85,1,0.8786731958389282,1,CWA,1497,2
100,0,0.6281734108924866,1,CWA,1497,2
101,1,0.9205682277679444,1,CWA,1497,2
136,0,0.6575918793678284,1,CWA,1497,2
137,1,0.9151864051818848,1,CWA,1497,2
140,0,0.2542745471000671,0,CWA,1497,2
141,1,0.8944092392921448,1,CWA,1497,2
144,0,0.3723686635494232,0,CWA,1497,2
145,1,0.3709305822849273,0,CWA,1497,2
184,0,0.2274225950241089,0,CWA,1497,2
185,1,0.5320106148719788,1,CWA,1497,2
188,0,0.3026259243488312,0,CWA,1497,2
189,1,0.8460350036621094,1,CWA,1497,2
210,0,0.1691633313894271,0,CWA,1497,2
211,1,0.2789440453052521,0,CWA,1497,2
212,0,0.8529461622238159,1,CWA,1497,2
213,1,0.631106972694397,1,CWA,1497,2
220,0,0.8440860509872437,1,CWA,1497,2
221,1,0.6371442675590515,1,CWA,1497,2
240,0,0.4267587959766388,0,CWA,1497,2
241,1,0.5536158680915833,1,CWA,1497,2
242,0,0.8167047500610352,1,CWA,1497,2
243,1,0.6764407753944397,1,CWA,1497,2
246,0,0.7591442465782166,1,CWA,1497,2
247,1,0.6382741928100586,1,CWA,1497,2
262,0,0.2242413759231567,0,CWA,1497,2
263,1,0.9104779958724976,1,CWA,1497,2
276,0,0.237894058227539,0,CWA,1497,2
277,1,0.8337616920471191,1,CWA,1497,2
292,0,0.3973687291145324,0,CWA,1497,2
293,1,0.8358267545700073,1,CWA,1497,2
294,0,0.2058729082345962,0,CWA,1497,2
295,1,0.3697400689125061,0,CWA,1497,2
302,0,0.2140704244375229,0,CWA,1497,2
303,1,0.8032913208007812,1,CWA,1497,2
314,0,0.4425359666347503,0,CWA,1497,2
315,1,0.6225346922874451,1,CWA,1497,2
320,0,0.3584078848361969,0,CWA,1497,2
321,1,0.8301136493682861,1,CWA,1497,2
322,0,0.1551084369421005,0,CWA,1497,2
323,1,0.7064375281333923,1,CWA,1497,2
324,0,0.6132585406303406,1,CWA,1497,2
325,1,0.6359886527061462,1,CWA,1497,2
340,0,0.3381322920322418,0,CWA,1497,2
341,1,0.4492939412593841,0,CWA,1497,2
350,0,0.549527108669281,1,CWA,1497,2
351,1,0.8888087272644043,1,CWA,1497,2
356,0,0.1519446074962616,0,CWA,1497,2
357,1,0.8481436371803284,1,CWA,1497,2
386,0,0.5003339052200317,1,CWA,1497,2
387,1,0.5385754704475403,1,CWA,1497,2
390,0,0.260835200548172,0,CWA,1497,2
391,1,0.6770132184028625,1,CWA,1497,2
398,0,0.3794850409030914,0,CWA,1497,2
399,1,0.6808006167411804,1,CWA,1497,2
400,0,0.4691380262374878,0,CWA,1497,2
401,1,0.4502727389335632,0,CWA,1497,2
2,0,0.0905924290418624,0,CWA,1497,3
3,1,0.0380955822765827,0,CWA,1497,3
26,0,0.4211675524711609,0,CWA,1497,3
27,1,0.109201081097126,0,CWA,1497,3
38,0,0.2276493161916732,0,CWA,1497,3
39,1,0.4458200931549072,0,CWA,1497,3
50,0,0.9261558055877686,1,CWA,1497,3
51,1,0.6543841361999512,1,CWA,1497,3
58,0,0.1191134005784988,0,CWA,1497,3
59,1,0.7815353274345398,1,CWA,1497,3
62,0,0.0188799388706684,0,CWA,1497,3
63,1,0.7206461429595947,1,CWA,1497,3
64,0,0.0296900644898414,0,CWA,1497,3
65,1,0.7468805909156799,1,CWA,1497,3
76,0,0.3255364298820495,0,CWA,1497,3
77,1,0.9218981862068176,1,CWA,1497,3
78,0,0.2011371403932571,0,CWA,1497,3
79,1,0.9566762447357178,1,CWA,1497,3
86,0,0.3653803765773773,0,CWA,1497,3
87,1,0.7298092842102051,1,CWA,1497,3
94,0,0.4505334198474884,0,CWA,1497,3
95,1,0.2646740972995758,0,CWA,1497,3
108,0,0.055426862090826,0,CWA,1497,3
109,1,0.9804174900054932,1,CWA,1497,3
110,0,0.2474273294210434,0,CWA,1497,3
111,1,0.2497623413801193,0,CWA,1497,3
118,0,0.2426854521036148,0,CWA,1497,3
119,1,0.981979489326477,1,CWA,1497,3
120,0,0.0666208565235138,0,CWA,1497,3
121,1,0.9426677227020264,1,CWA,1497,3
124,0,0.9540228247642516,1,CWA,1497,3
125,1,0.7379809021949768,1,CWA,1497,3
128,0,0.5424076914787292,1,CWA,1497,3
129,1,0.8914939761161804,1,CWA,1497,3
146,0,0.0184656791388988,0,CWA,1497,3
147,1,0.9593245387077332,1,CWA,1497,3
152,0,0.0741526633501052,0,CWA,1497,3
153,1,0.9606010317802428,1,CWA,1497,3
156,0,0.0106096239760518,0,CWA,1497,3
157,1,0.234429195523262,0,CWA,1497,3
172,0,0.9182841181755066,1,CWA,1497,3
173,1,0.5984621047973633,1,CWA,1497,3
178,0,0.2214995473623275,0,CWA,1497,3
179,1,0.8671889901161194,1,CWA,1497,3
182,0,0.2623662948608398,0,CWA,1497,3
183,1,0.6302677392959595,1,CWA,1497,3
202,0,0.0113082397729158,0,CWA,1497,3
203,1,0.0258294306695461,0,CWA,1497,3
208,0,0.0245043076574802,0,CWA,1497,3
209,1,0.970405340194702,1,CWA,1497,3
224,0,0.3743829131126404,0,CWA,1497,3
225,1,0.3146456778049469,0,CWA,1497,3
226,0,0.2224250584840774,0,CWA,1497,3
227,1,0.4162662625312805,0,CWA,1497,3
234,0,0.1718636602163314,0,CWA,1497,3
235,1,0.7797674536705017,1,CWA,1497,3
236,0,0.4541391730308532,0,CWA,1497,3
237,1,0.6467854380607605,1,CWA,1497,3
238,0,0.1508612930774688,0,CWA,1497,3
239,1,0.8244165182113647,1,CWA,1497,3
264,0,0.1008409559726715,0,CWA,1497,3
265,1,0.3025391101837158,0,CWA,1497,3
278,0,0.1753306835889816,0,CWA,1497,3
279,1,0.93690824508667,1,CWA,1497,3
280,0,0.2719055712223053,0,CWA,1497,3
281,1,0.1608846485614776,0,CWA,1497,3
290,0,0.05327770113945,0,CWA,1497,3
291,1,0.038258884102106,0,CWA,1497,3
306,0,0.6822271347045898,1,CWA,1497,3
307,1,0.936489760875702,1,CWA,1497,3
310,0,0.0816538855433464,0,CWA,1497,3
311,1,0.928857922554016,1,CWA,1497,3
330,0,0.0092361094430089,0,CWA,1497,3
331,1,0.048048198223114,0,CWA,1497,3
342,0,0.1043027192354202,0,CWA,1497,3
343,1,0.8789627552032471,1,CWA,1497,3
354,0,0.1546102911233902,0,CWA,1497,3
355,1,0.9704814553260804,1,CWA,1497,3
374,0,0.1048035249114036,0,CWA,1497,3
375,1,0.1623279750347137,0,CWA,1497,3
384,0,0.0324095338582992,0,CWA,1497,3
385,1,0.7926483154296875,1,CWA,1497,3
8,0,0.9854647517204284,1,CWA,1497,4
9,1,0.1454556584358215,0,CWA,1497,4
14,0,0.3658090829849243,0,CWA,1497,4
15,1,0.9321584105491638,1,CWA,1497,4
16,0,0.6625402569770813,1,CWA,1497,4
17,1,0.7460775971412659,1,CWA,1497,4
22,0,0.9319952726364136,1,CWA,1497,4
23,1,0.9653700590133668,1,CWA,1497,4
24,0,0.0787159875035286,0,CWA,1497,4
25,1,0.9696313738822936,1,CWA,1497,4
48,0,0.9782227277755736,1,CWA,1497,4
49,1,0.1057074666023254,0,CWA,1497,4
60,0,0.2000211328268051,0,CWA,1497,4
61,1,0.9239529967308044,1,CWA,1497,4
66,0,0.0528629682958126,0,CWA,1497,4
67,1,0.5698719620704651,1,CWA,1497,4
68,0,0.1217429041862487,0,CWA,1497,4
69,1,0.9360336065292358,1,CWA,1497,4
72,0,0.111435979604721,0,CWA,1497,4
73,1,0.4803628325462341,0,CWA,1497,4
104,0,0.478915274143219,0,CWA,1497,4
105,1,0.7688413858413696,1,CWA,1497,4
114,0,0.6632938385009766,1,CWA,1497,4
115,1,0.9623785018920898,1,CWA,1497,4
122,0,0.0571071319282054,0,CWA,1497,4
123,1,0.1936952620744705,0,CWA,1497,4
130,0,0.0893761441111564,0,CWA,1497,4
131,1,0.0359555259346962,0,CWA,1497,4
148,0,0.0311930030584335,0,CWA,1497,4
149,1,0.1941090822219848,0,CWA,1497,4
150,0,0.0259134676307439,0,CWA,1497,4
151,1,0.9293367266654968,1,CWA,1497,4
158,0,0.4578941464424133,0,CWA,1497,4
159,1,0.96096932888031,1,CWA,1497,4
162,0,0.2320829927921295,0,CWA,1497,4
163,1,0.9850447773933412,1,CWA,1497,4
166,0,0.1021455228328704,0,CWA,1497,4
167,1,0.6540887355804443,1,CWA,1497,4
176,0,0.0927776843309402,0,CWA,1497,4
177,1,0.9111689925193788,1,CWA,1497,4
180,0,0.4422375559806824,0,CWA,1497,4
181,1,0.8279165625572205,1,CWA,1497,4
194,0,0.059920284897089,0,CWA,1497,4
195,1,0.1005933210253715,0,CWA,1497,4
222,0,0.414752334356308,0,CWA,1497,4
223,1,0.6131994128227234,1,CWA,1497,4
230,0,0.0452065244317054,0,CWA,1497,4
231,1,0.415932685136795,0,CWA,1497,4
244,0,0.8702667355537415,1,CWA,1497,4
245,1,0.9179643392562866,1,CWA,1497,4
254,0,0.0480637438595294,0,CWA,1497,4
255,1,0.90518057346344,1,CWA,1497,4
256,0,0.6034369468688965,1,CWA,1497,4
257,1,0.8880396485328674,1,CWA,1497,4
272,0,0.1806912273168563,0,CWA,1497,4
273,1,0.1358114182949066,0,CWA,1497,4
282,0,0.0627317503094673,0,CWA,1497,4
283,1,0.0396896041929721,0,CWA,1497,4
284,0,0.0838261991739273,0,CWA,1497,4
285,1,0.9632757902145386,1,CWA,1497,4
298,0,0.0665931180119514,0,CWA,1497,4
299,1,0.5819479823112488,1,CWA,1497,4
304,0,0.092128574848175,0,CWA,1497,4
305,1,0.6899112462997437,1,CWA,1497,4
316,0,0.5034041404724121,1,CWA,1497,4
317,1,0.9704809188842772,1,CWA,1497,4
326,0,0.7833836078643799,1,CWA,1497,4
327,1,0.701166033744812,1,CWA,1497,4
338,0,0.0876120254397392,0,CWA,1497,4
339,1,0.0559220202267169,0,CWA,1497,4
352,0,0.323578804731369,0,CWA,1497,4
353,1,0.9592628479003906,1,CWA,1497,4
366,0,0.061569407582283,0,CWA,1497,4
367,1,0.3636622130870819,0,CWA,1497,4
368,0,0.031526755541563,0,CWA,1497,4
369,1,0.7083144783973694,1,CWA,1497,4
378,0,0.0295992046594619,0,CWA,1497,4
379,1,0.418904185295105,0,CWA,1497,4
6,0,0.3336672186851501,0,CWA,1497,5
7,1,0.8449011445045471,1,CWA,1497,5
10,0,0.5223550200462341,1,CWA,1497,5
11,1,0.6903343796730042,1,CWA,1497,5
12,0,0.1878396719694137,0,CWA,1497,5
13,1,0.6150779724121094,1,CWA,1497,5
42,0,0.4229781627655029,0,CWA,1497,5
43,1,0.2368252426385879,0,CWA,1497,5
52,0,0.8577045798301697,1,CWA,1497,5
53,1,0.5718275308609009,1,CWA,1497,5
80,0,0.3896693587303161,0,CWA,1497,5
81,1,0.2584369778633117,0,CWA,1497,5
90,0,0.4099613130092621,0,CWA,1497,5
91,1,0.3094604015350342,0,CWA,1497,5
92,0,0.2806163728237152,0,CWA,1497,5
93,1,0.6939933896064758,1,CWA,1497,5
96,0,0.2802867889404297,0,CWA,1497,5
97,1,0.4926430284976959,0,CWA,1497,5
102,0,0.1308274120092392,0,CWA,1497,5
103,1,0.8622416257858276,1,CWA,1497,5
106,0,0.1592320799827575,0,CWA,1497,5
107,1,0.5320054292678833,1,CWA,1497,5
112,0,0.1815410554409027,0,CWA,1497,5
113,1,0.8700937628746033,1,CWA,1497,5
116,0,0.4802144169807434,0,CWA,1497,5
117,1,0.6971951723098755,1,CWA,1497,5
126,0,0.1914605498313903,0,CWA,1497,5
127,1,0.5327087044715881,1,CWA,1497,5
132,0,0.1118865385651588,0,CWA,1497,5
133,1,0.2389337867498397,0,CWA,1497,5
134,0,0.3412087559700012,0,CWA,1497,5
135,1,0.4081115126609802,0,CWA,1497,5
138,0,0.7883027195930481,1,CWA,1497,5
139,1,0.7519024014472961,1,CWA,1497,5
160,0,0.2790622413158417,0,CWA,1497,5
161,1,0.5074757933616638,1,CWA,1497,5
168,0,0.5350814461708069,1,CWA,1497,5
169,1,0.5253658294677734,1,CWA,1497,5
170,0,0.2853935062885284,0,CWA,1497,5
171,1,0.4951523542404175,0,CWA,1497,5
174,0,0.2490901798009872,0,CWA,1497,5
175,1,0.3791041672229767,0,CWA,1497,5
196,0,0.3495440781116485,0,CWA,1497,5
197,1,0.9025248289108276,1,CWA,1497,5
206,0,0.1015163138508796,0,CWA,1497,5
207,1,0.1292281746864318,0,CWA,1497,5
216,0,0.1132771521806716,0,CWA,1497,5
217,1,0.820349931716919,1,CWA,1497,5
258,0,0.2895937263965606,0,CWA,1497,5
259,1,0.6797546744346619,1,CWA,1497,5
270,0,0.1463208496570587,0,CWA,1497,5
271,1,0.8245791792869568,1,CWA,1497,5
286,0,0.3470341265201568,0,CWA,1497,5
287,1,0.3013274669647217,0,CWA,1497,5
288,0,0.5466649532318115,1,CWA,1497,5
289,1,0.8507516980171204,1,CWA,1497,5
300,0,0.2591203451156616,0,CWA,1497,5
301,1,0.8150702118873596,1,CWA,1497,5
308,0,0.5749921798706055,1,CWA,1497,5
309,1,0.757527232170105,1,CWA,1497,5
318,0,0.172352522611618,0,CWA,1497,5
319,1,0.8358460068702698,1,CWA,1497,5
346,0,0.5543755292892456,1,CWA,1497,5
347,1,0.7562838792800903,1,CWA,1497,5
348,0,0.4307123124599457,0,CWA,1497,5
349,1,0.8461828827857971,1,CWA,1497,5
362,0,0.244755133986473,0,CWA,1497,5
363,1,0.5568351745605469,1,CWA,1497,5
364,0,0.1271866410970688,0,CWA,1497,5
365,1,0.6931504607200623,1,CWA,1497,5
370,0,0.4388152360916137,0,CWA,1497,5
371,1,0.8069799542427063,1,CWA,1497,5
372,0,0.346331924200058,0,CWA,1497,5
373,1,0.9377419352531432,1,CWA,1497,5
382,0,0.3026916980743408,0,CWA,1497,5
383,1,0.5673919320106506,1,CWA,1497,5
394,0,0.1935790181159973,0,CWA,1497,5
395,1,0.6230213642120361,1,CWA,1497,5
396,0,0.1062346547842025,0,CWA,1497,5
397,1,0.2147165983915329,0,CWA,1497,5
22,0,0.9240193367004396,1,CWA,174,1
23,1,0.944851279258728,1,CWA,174,1
28,0,0.1217269599437713,0,CWA,174,1
29,1,0.736123263835907,1,CWA,174,1
36,0,0.2760552167892456,0,CWA,174,1
37,1,0.3432318270206451,0,CWA,174,1
42,0,0.2125154286623001,0,CWA,174,1
43,1,0.2702881991863251,0,CWA,174,1
50,0,0.8488810658454895,1,CWA,174,1
51,1,0.4594964683055877,0,CWA,174,1
60,0,0.6773884296417236,1,CWA,174,1
61,1,0.9526364803314208,1,CWA,174,1
62,0,0.0534325800836086,0,CWA,174,1
63,1,0.6954928636550903,1,CWA,174,1
64,0,0.1107944920659065,0,CWA,174,1
65,1,0.8570160865783691,1,CWA,174,1
70,0,0.911001980304718,1,CWA,174,1
71,1,0.204112559556961,0,CWA,174,1
82,0,0.44059619307518,0,CWA,174,1
83,1,0.2820995151996612,0,CWA,174,1
94,0,0.4824065566062927,0,CWA,174,1
95,1,0.5645108222961426,1,CWA,174,1
100,0,0.669948399066925,1,CWA,174,1
101,1,0.9009771347045898,1,CWA,174,1
108,0,0.1580219119787216,0,CWA,174,1
109,1,0.8518233299255371,1,CWA,174,1
118,0,0.365321010351181,0,CWA,174,1
119,1,0.9704984426498412,1,CWA,174,1
122,0,0.1299209743738174,0,CWA,174,1
123,1,0.3536611497402191,0,CWA,174,1
124,0,0.8649923801422119,1,CWA,174,1
125,1,0.4807623028755188,0,CWA,174,1
126,0,0.1092802137136459,0,CWA,174,1
127,1,0.5474792122840881,1,CWA,174,1
128,0,0.416210263967514,0,CWA,174,1
129,1,0.668687641620636,1,CWA,174,1
138,0,0.5669110417366028,1,CWA,174,1
139,1,0.4217531979084015,0,CWA,174,1
146,0,0.7370463013648987,1,CWA,174,1
147,1,0.9819674491882324,1,CWA,174,1
158,0,0.4390629231929779,0,CWA,174,1
159,1,0.9156242609024048,1,CWA,174,1
190,0,0.3719490170478821,0,CWA,174,1
191,1,0.3361977934837341,0,CWA,174,1
196,0,0.1695565581321716,0,CWA,174,1
197,1,0.9745882749557496,1,CWA,174,1
202,0,0.0956938341259956,0,CWA,174,1
203,1,0.1166117116808891,0,CWA,174,1
206,0,0.1323830485343933,0,CWA,174,1
207,1,0.130422830581665,0,CWA,174,1
222,0,0.2578863799571991,0,CWA,174,1
223,1,0.4317763447761535,0,CWA,174,1
228,0,0.926037073135376,1,CWA,174,1
229,1,0.930485188961029,1,CWA,174,1
234,0,0.2918652296066284,0,CWA,174,1
235,1,0.6554617881774902,1,CWA,174,1
246,0,0.7281695008277893,1,CWA,174,1
247,1,0.8009529113769531,1,CWA,174,1
250,0,0.1880466043949127,0,CWA,174,1
251,1,0.5408127307891846,1,CWA,174,1
252,0,0.2568321228027344,0,CWA,174,1
253,1,0.8181890845298767,1,CWA,174,1
268,0,0.540422260761261,1,CWA,174,1
269,1,0.411605566740036,0,CWA,174,1
300,0,0.1150013506412506,0,CWA,174,1
301,1,0.9465635418891908,1,CWA,174,1
302,0,0.1171540543437004,0,CWA,174,1
303,1,0.9471718668937684,1,CWA,174,1
304,0,0.1558706015348434,0,CWA,174,1
305,1,0.4668009877204895,0,CWA,174,1
306,0,0.3150153160095215,0,CWA,174,1
307,1,0.9803330302238464,1,CWA,174,1
314,0,0.4775652885437011,0,CWA,174,1
315,1,0.0992433801293373,0,CWA,174,1
324,0,0.4008627831935882,0,CWA,174,1
325,1,0.746442973613739,1,CWA,174,1
332,0,0.0960630849003791,0,CWA,174,1
333,1,0.3654124438762665,0,CWA,174,1
364,0,0.1289342194795608,0,CWA,174,1
365,1,0.8631865382194519,1,CWA,174,1
374,0,0.1907974928617477,0,CWA,174,1
375,1,0.2191006392240524,0,CWA,174,1
4,0,0.6530452370643616,1,CWA,174,2
5,1,0.1651954501867294,0,CWA,174,2
10,0,0.5144619345664978,1,CWA,174,2
11,1,0.800206184387207,1,CWA,174,2
14,0,0.913536548614502,1,CWA,174,2
15,1,0.9660637974739076,1,CWA,174,2
18,0,0.0978559926152229,0,CWA,174,2
19,1,0.779940664768219,1,CWA,174,2
30,0,0.0476261861622333,0,CWA,174,2
31,1,0.8295943140983582,1,CWA,174,2
34,0,0.296295702457428,0,CWA,174,2
35,1,0.7147944569587708,1,CWA,174,2
48,0,0.9564346671104432,1,CWA,174,2
49,1,0.1734050810337066,0,CWA,174,2
54,0,0.1998738348484039,0,CWA,174,2
55,1,0.8701181411743164,1,CWA,174,2
72,0,0.0657443180680275,0,CWA,174,2
73,1,0.2256637811660766,0,CWA,174,2
80,0,0.0585660859942436,0,CWA,174,2
81,1,0.177020713686943,0,CWA,174,2
84,0,0.942404568195343,1,CWA,174,2
85,1,0.9053214192390442,1,CWA,174,2
88,0,0.9729140400886536,1,CWA,174,2
89,1,0.8033700585365295,1,CWA,174,2
104,0,0.4161917567253113,0,CWA,174,2
105,1,0.7210757732391357,1,CWA,174,2
110,0,0.4853498339653015,0,CWA,174,2
111,1,0.1767655611038208,0,CWA,174,2
140,0,0.037010833621025,0,CWA,174,2
141,1,0.9524080157279968,1,CWA,174,2
164,0,0.0175498556345701,0,CWA,174,2
165,1,0.8284372091293335,1,CWA,174,2
168,0,0.2942017614841461,0,CWA,174,2
169,1,0.3777585029602051,0,CWA,174,2
170,0,0.1705348789691925,0,CWA,174,2
171,1,0.6664661169052124,1,CWA,174,2
184,0,0.0757820159196853,0,CWA,174,2
185,1,0.6045199036598206,1,CWA,174,2
192,0,0.759469211101532,1,CWA,174,2
193,1,0.8014388084411621,1,CWA,174,2
204,0,0.6220782399177551,1,CWA,174,2
205,1,0.5407149195671082,1,CWA,174,2
212,0,0.7046375274658203,1,CWA,174,2
213,1,0.2650452256202698,0,CWA,174,2
216,0,0.1006952822208404,0,CWA,174,2
217,1,0.9893258810043336,1,CWA,174,2
218,0,0.0282969269901514,0,CWA,174,2
219,1,0.0453129559755325,0,CWA,174,2
224,0,0.0847311690449714,0,CWA,174,2
225,1,0.0717807039618492,0,CWA,174,2
232,0,0.1136234924197197,0,CWA,174,2
233,1,0.7689400911331177,1,CWA,174,2
238,0,0.0581148117780685,0,CWA,174,2
239,1,0.3800112307071686,0,CWA,174,2
254,0,0.1158556640148162,0,CWA,174,2
255,1,0.914754331111908,1,CWA,174,2
270,0,0.1446974873542785,0,CWA,174,2
271,1,0.9859023094177246,1,CWA,174,2
272,0,0.0887903496623039,0,CWA,174,2
273,1,0.2892044484615326,0,CWA,174,2
280,0,0.2688806653022766,0,CWA,174,2
281,1,0.2391487210988998,0,CWA,174,2
284,0,0.2220763713121414,0,CWA,174,2
285,1,0.8725191950798035,1,CWA,174,2
292,0,0.2002979069948196,0,CWA,174,2
293,1,0.8884564638137817,1,CWA,174,2
310,0,0.1613210439682006,0,CWA,174,2
311,1,0.8960784673690796,1,CWA,174,2
328,0,0.0830603465437889,0,CWA,174,2
329,1,0.4541504383087158,0,CWA,174,2
350,0,0.4579049348831177,0,CWA,174,2
351,1,0.9496148824691772,1,CWA,174,2
368,0,0.0911105498671531,0,CWA,174,2
369,1,0.9150437712669371,1,CWA,174,2
388,0,0.0543347932398319,0,CWA,174,2
389,1,0.8571750521659851,1,CWA,174,2
390,0,0.1219874694943428,0,CWA,174,2
391,1,0.8409633040428162,1,CWA,174,2
392,0,0.0352647602558136,0,CWA,174,2
393,1,0.6215510964393616,1,CWA,174,2
396,0,0.0499067790806293,0,CWA,174,2
397,1,0.602998673915863,1,CWA,174,2
6,0,0.4133365750312805,0,CWA,174,3
7,1,0.8300661444664001,1,CWA,174,3
8,0,0.6909431219100952,1,CWA,174,3
9,1,0.4637061655521393,0,CWA,174,3
12,0,0.2770353853702545,0,CWA,174,3
13,1,0.6395612359046936,1,CWA,174,3
20,0,0.8792281150817871,1,CWA,174,3
21,1,0.4883927702903747,0,CWA,174,3
26,0,0.3874284923076629,0,CWA,174,3
27,1,0.2810902595520019,0,CWA,174,3
38,0,0.4766366183757782,0,CWA,174,3
39,1,0.3840851783752441,0,CWA,174,3
68,0,0.6720327138900757,1,CWA,174,3
69,1,0.888943076133728,1,CWA,174,3
74,0,0.8508252501487732,1,CWA,174,3
75,1,0.901275396347046,1,CWA,174,3
92,0,0.3971802890300751,0,CWA,174,3
93,1,0.8287461996078491,1,CWA,174,3
96,0,0.2938105762004852,0,CWA,174,3
97,1,0.7091346979141235,1,CWA,174,3
112,0,0.4450917541980743,0,CWA,174,3
113,1,0.8221173882484436,1,CWA,174,3
132,0,0.2651998102664947,0,CWA,174,3
133,1,0.324133813381195,0,CWA,174,3
142,0,0.2393276393413543,0,CWA,174,3
143,1,0.7158206701278687,1,CWA,174,3
148,0,0.2465637624263763,0,CWA,174,3
149,1,0.3079292178153991,0,CWA,174,3
150,0,0.2407467365264892,0,CWA,174,3
151,1,0.3619977235794067,0,CWA,174,3
152,0,0.3161210417747497,0,CWA,174,3
153,1,0.8148906826972961,1,CWA,174,3
154,0,0.2777061760425567,0,CWA,174,3
155,1,0.3131206631660461,0,CWA,174,3
156,0,0.1937987357378006,0,CWA,174,3
157,1,0.2792780101299286,0,CWA,174,3
166,0,0.506058931350708,1,CWA,174,3
167,1,0.6948402523994446,1,CWA,174,3
174,0,0.3221829533576965,0,CWA,174,3
175,1,0.642622172832489,1,CWA,174,3
182,0,0.5483755469322205,1,CWA,174,3
183,1,0.6616482138633728,1,CWA,174,3
200,0,0.2900344133377075,0,CWA,174,3
201,1,0.8780285120010376,1,CWA,174,3
240,0,0.5802257061004639,1,CWA,174,3
241,1,0.4118122160434723,0,CWA,174,3
248,0,0.2713488042354584,0,CWA,174,3
249,1,0.3665530681610107,0,CWA,174,3
260,0,0.2922573685646057,0,CWA,174,3
261,1,0.8349316716194153,1,CWA,174,3
262,0,0.3187285959720611,0,CWA,174,3
263,1,0.8606404066085815,1,CWA,174,3
264,0,0.6842519640922546,1,CWA,174,3
265,1,0.7519112229347229,1,CWA,174,3
274,0,0.3802492618560791,0,CWA,174,3
275,1,0.6031199097633362,1,CWA,174,3
278,0,0.5013548135757446,1,CWA,174,3
279,1,0.7606837153434753,1,CWA,174,3
286,0,0.3383594155311584,0,CWA,174,3
287,1,0.2890382409095764,0,CWA,174,3
290,0,0.2280912846326828,0,CWA,174,3
291,1,0.6577515602111816,1,CWA,174,3
296,0,0.4805130362510681,0,CWA,174,3
297,1,0.7816598415374756,1,CWA,174,3
312,0,0.3705742657184601,0,CWA,174,3
313,1,0.8726167678833008,1,CWA,174,3
316,0,0.3425663411617279,0,CWA,174,3
317,1,0.7353957891464233,1,CWA,174,3
342,0,0.1688891053199768,0,CWA,174,3
343,1,0.8527909517288208,1,CWA,174,3
346,0,0.3991771936416626,0,CWA,174,3
347,1,0.8271288871765137,1,CWA,174,3
356,0,0.259980171918869,0,CWA,174,3
357,1,0.72581946849823,1,CWA,174,3
358,0,0.2593868672847748,0,CWA,174,3
359,1,0.5961668491363525,1,CWA,174,3
378,0,0.3102772533893585,0,CWA,174,3
379,1,0.4646629095077514,0,CWA,174,3
386,0,0.3432098925113678,0,CWA,174,3
387,1,0.4370152056217193,0,CWA,174,3
394,0,0.226271390914917,0,CWA,174,3
395,1,0.6909431219100952,1,CWA,174,3
400,0,0.4795793294906616,0,CWA,174,3
401,1,0.3545617759227752,0,CWA,174,3
0,0,0.6818909645080566,1,CWA,174,4
1,1,0.5729661583900452,1,CWA,174,4
2,0,0.1882393658161163,0,CWA,174,4
3,1,0.4182606935501098,0,CWA,174,4
40,0,0.3704412579536438,0,CWA,174,4
41,1,0.6303868293762207,1,CWA,174,4
44,0,0.11680468916893,0,CWA,174,4
45,1,0.1443313658237457,0,CWA,174,4
52,0,0.5345078706741333,1,CWA,174,4
53,1,0.2364529967308044,0,CWA,174,4
78,0,0.2174614369869232,0,CWA,174,4
79,1,0.80726158618927,1,CWA,174,4
86,0,0.2898002862930298,0,CWA,174,4
87,1,0.2188383489847183,0,CWA,174,4
102,0,0.2351779341697693,0,CWA,174,4
103,1,0.928638517856598,1,CWA,174,4
106,0,0.2161425203084945,0,CWA,174,4
107,1,0.3810077607631683,0,CWA,174,4
116,0,0.5710039734840393,1,CWA,174,4
117,1,0.60166335105896,1,CWA,174,4
160,0,0.2235148698091507,0,CWA,174,4
161,1,0.3995251059532165,0,CWA,174,4
162,0,0.3038736879825592,0,CWA,174,4
163,1,0.8666344285011292,1,CWA,174,4
176,0,0.1412635892629623,0,CWA,174,4
177,1,0.594718337059021,1,CWA,174,4
180,0,0.5826089978218079,1,CWA,174,4
181,1,0.6453670263290405,1,CWA,174,4
188,0,0.1712672561407089,0,CWA,174,4
189,1,0.7291744947433472,1,CWA,174,4
194,0,0.1714591383934021,0,CWA,174,4
195,1,0.1334952861070633,0,CWA,174,4
226,0,0.125694066286087,0,CWA,174,4
227,1,0.224723681807518,0,CWA,174,4
236,0,0.2208648025989532,0,CWA,174,4
237,1,0.5199926495552063,1,CWA,174,4
242,0,0.7382981181144714,1,CWA,174,4
243,1,0.5579587817192078,1,CWA,174,4
244,0,0.8826456069946289,1,CWA,174,4
245,1,0.8082692623138428,1,CWA,174,4
256,0,0.7276932597160339,1,CWA,174,4
257,1,0.7065045833587646,1,CWA,174,4
258,0,0.4278351366519928,0,CWA,174,4
259,1,0.390303373336792,0,CWA,174,4
266,0,0.2027959078550338,0,CWA,174,4
267,1,0.5847750306129456,1,CWA,174,4
276,0,0.1557752788066864,0,CWA,174,4
277,1,0.6023217439651489,1,CWA,174,4
282,0,0.284815639257431,0,CWA,174,4
283,1,0.3061029314994812,0,CWA,174,4
294,0,0.1913670897483825,0,CWA,174,4
295,1,0.2758446037769317,0,CWA,174,4
298,0,0.240036055445671,0,CWA,174,4
299,1,0.3319772183895111,0,CWA,174,4
308,0,0.5356484055519104,1,CWA,174,4
309,1,0.7856447100639343,1,CWA,174,4
320,0,0.4743447303771972,0,CWA,174,4
321,1,0.4315536022186279,0,CWA,174,4
322,0,0.2364635020494461,0,CWA,174,4
323,1,0.5539082884788513,1,CWA,174,4
326,0,0.3661805093288421,0,CWA,174,4
327,1,0.6274363994598389,1,CWA,174,4
336,0,0.1684739589691162,0,CWA,174,4
337,1,0.6288096308708191,1,CWA,174,4
340,0,0.2299934774637222,0,CWA,174,4
341,1,0.3310713469982147,0,CWA,174,4
352,0,0.3724697828292846,0,CWA,174,4
353,1,0.8547166585922241,1,CWA,174,4
354,0,0.3219443559646606,0,CWA,174,4
355,1,0.8826084136962891,1,CWA,174,4
362,0,0.281992107629776,0,CWA,174,4
363,1,0.5327968001365662,1,CWA,174,4
366,0,0.2046670019626617,0,CWA,174,4
367,1,0.3084753155708313,0,CWA,174,4
372,0,0.2599116861820221,0,CWA,174,4
373,1,0.7202948927879333,1,CWA,174,4
380,0,0.4421294927597046,0,CWA,174,4
381,1,0.7978053092956543,1,CWA,174,4
16,0,0.6263622641563416,1,CWA,174,5
17,1,0.5185577273368835,1,CWA,174,5
24,0,0.0287695210427045,0,CWA,174,5
25,1,0.7965747714042664,1,CWA,174,5
32,0,0.0353962071239948,0,CWA,174,5
33,1,0.8727489709854126,1,CWA,174,5
46,0,0.2464809417724609,0,CWA,174,5
47,1,0.7959767580032349,1,CWA,174,5
56,0,0.7344194054603577,1,CWA,174,5
57,1,0.9599846601486206,1,CWA,174,5
58,0,0.3311468362808227,0,CWA,174,5
59,1,0.9491399526596068,1,CWA,174,5
66,0,0.0195870324969291,0,CWA,174,5
67,1,0.7245585322380066,1,CWA,174,5
76,0,0.0880609154701232,0,CWA,174,5
77,1,0.9638877511024476,1,CWA,174,5
90,0,0.1297268718481063,0,CWA,174,5
91,1,0.8169177174568176,1,CWA,174,5
98,0,0.1207940950989723,0,CWA,174,5
99,1,0.943307399749756,1,CWA,174,5
114,0,0.7599174380302429,1,CWA,174,5
115,1,0.9879289865493774,1,CWA,174,5
120,0,0.013985532335937,0,CWA,174,5
121,1,0.9800819754600524,1,CWA,174,5
130,0,0.0334009528160095,0,CWA,174,5
131,1,0.0310287307947874,0,CWA,174,5
134,0,0.0415095128118991,0,CWA,174,5
135,1,0.3440975844860077,0,CWA,174,5
136,0,0.8975171446800232,1,CWA,174,5
137,1,0.9918498992919922,1,CWA,174,5
144,0,0.4891338348388672,0,CWA,174,5
145,1,0.3573857247829437,0,CWA,174,5
172,0,0.9849099516868592,1,CWA,174,5
173,1,0.8815200328826904,1,CWA,174,5
178,0,0.0366913601756095,0,CWA,174,5
179,1,0.9882273077964784,1,CWA,174,5
186,0,0.0098473597317934,0,CWA,174,5
187,1,0.1013613417744636,0,CWA,174,5
198,0,0.0499934777617454,0,CWA,174,5
199,1,0.8759009838104248,1,CWA,174,5
208,0,0.0160185620188713,0,CWA,174,5
209,1,0.9975343942642212,1,CWA,174,5
210,0,0.0408324003219604,0,CWA,174,5
211,1,0.0170240066945552,0,CWA,174,5
214,0,0.1792105883359909,0,CWA,174,5
215,1,0.9679452180862428,1,CWA,174,5
220,0,0.6513268351554871,1,CWA,174,5
221,1,0.6370061635971069,1,CWA,174,5
230,0,0.4398281276226043,0,CWA,174,5
231,1,0.8026131987571716,1,CWA,174,5
288,0,0.4098169803619385,0,CWA,174,5
289,1,0.9765895009040833,1,CWA,174,5
318,0,0.0881187692284584,0,CWA,174,5
319,1,0.949353575706482,1,CWA,174,5
330,0,0.009254558943212,0,CWA,174,5
331,1,0.074552796781063,0,CWA,174,5
334,0,0.0145900221541523,0,CWA,174,5
335,1,0.0409806109964847,0,CWA,174,5
338,0,0.0564079210162162,0,CWA,174,5
339,1,0.1684813648462295,0,CWA,174,5
344,0,0.0341278202831745,0,CWA,174,5
345,1,0.8106555938720703,1,CWA,174,5
348,0,0.5885846018791199,1,CWA,174,5
349,1,0.9822013974189758,1,CWA,174,5
360,0,0.0828282013535499,0,CWA,174,5
361,1,0.0388742312788963,0,CWA,174,5
370,0,0.338348388671875,0,CWA,174,5
371,1,0.9646036624908448,1,CWA,174,5
376,0,0.4730009734630584,0,CWA,174,5
377,1,0.7521000504493713,1,CWA,174,5
382,0,0.1645603328943252,0,CWA,174,5
383,1,0.8758037090301514,1,CWA,174,5
384,0,0.0578555986285209,0,CWA,174,5
385,1,0.8968974351882935,1,CWA,174,5
398,0,0.0435275845229625,0,CWA,174,5
399,1,0.213545024394989,0,CWA,174,5
402,0,0.1058136224746704,0,CWA,174,5
403,1,0.9469950199127196,1,CWA,174,5
0,0,0.8773389458656311,1,CWA,3299,1
1,1,0.7305083274841309,1,CWA,3299,1
14,0,0.8387283086776733,1,CWA,3299,1
15,1,0.9547170400619508,1,CWA,3299,1
18,0,0.2819618284702301,0,CWA,3299,1
19,1,0.9055898189544678,1,CWA,3299,1
40,0,0.6846749782562256,1,CWA,3299,1
41,1,0.8849862813949585,1,CWA,3299,1
52,0,0.8431058526039124,1,CWA,3299,1
53,1,0.8142681121826172,1,CWA,3299,1
58,0,0.1811185181140899,0,CWA,3299,1
59,1,0.9532254338264464,1,CWA,3299,1
62,0,0.0385065451264381,0,CWA,3299,1
63,1,0.9240489602088928,1,CWA,3299,1
72,0,0.1566962003707885,0,CWA,3299,1
73,1,0.3147503435611725,0,CWA,3299,1
74,0,0.9755008816719056,1,CWA,3299,1
75,1,0.9915939569473268,1,CWA,3299,1
82,0,0.7257724404335022,1,CWA,3299,1
83,1,0.6891893744468689,1,CWA,3299,1
84,0,0.9922407865524292,1,CWA,3299,1
85,1,0.9888829588890076,1,CWA,3299,1
98,0,0.6564038395881653,1,CWA,3299,1
99,1,0.8266649842262268,1,CWA,3299,1
102,0,0.100298136472702,0,CWA,3299,1
103,1,0.9832509160041808,1,CWA,3299,1
106,0,0.1203005313873291,0,CWA,3299,1
107,1,0.7648213505744934,1,CWA,3299,1
118,0,0.3801282346248626,0,CWA,3299,1
119,1,0.9831171035766602,1,CWA,3299,1
146,0,0.3945342600345611,0,CWA,3299,1
147,1,0.962379276752472,1,CWA,3299,1
182,0,0.6345352530479431,1,CWA,3299,1
183,1,0.8968278169631958,1,CWA,3299,1
192,0,0.7215635776519775,1,CWA,3299,1
193,1,0.908361554145813,1,CWA,3299,1
196,0,0.810559868812561,1,CWA,3299,1
197,1,0.9911082983016968,1,CWA,3299,1
212,0,0.717797577381134,1,CWA,3299,1
213,1,0.7459256052970886,1,CWA,3299,1
214,0,0.5517235398292542,1,CWA,3299,1
215,1,0.981393575668335,1,CWA,3299,1
228,0,0.8956085443496704,1,CWA,3299,1
229,1,0.8960809707641602,1,CWA,3299,1
232,0,0.1627942323684692,0,CWA,3299,1
233,1,0.3800106346607208,0,CWA,3299,1
242,0,0.9464105367660522,1,CWA,3299,1
243,1,0.7326855063438416,1,CWA,3299,1
254,0,0.2574813663959503,0,CWA,3299,1
255,1,0.8658660650253296,1,CWA,3299,1
256,0,0.9096841812133788,1,CWA,3299,1
257,1,0.8750213980674744,1,CWA,3299,1
258,0,0.036437027156353,0,CWA,3299,1
259,1,0.9262711405754088,1,CWA,3299,1
272,0,0.3930253088474273,0,CWA,3299,1
273,1,0.7784437537193298,1,CWA,3299,1
282,0,0.133854940533638,0,CWA,3299,1
283,1,0.4192345738410949,0,CWA,3299,1
316,0,0.2473073452711105,0,CWA,3299,1
317,1,0.9507941007614136,1,CWA,3299,1
324,0,0.13682821393013,0,CWA,3299,1
325,1,0.6276028752326965,1,CWA,3299,1
328,0,0.0513411089777946,0,CWA,3299,1
329,1,0.7018746733665466,1,CWA,3299,1
330,0,0.0168255139142274,0,CWA,3299,1
331,1,0.4572281837463379,0,CWA,3299,1
334,0,0.0402393862605094,0,CWA,3299,1
335,1,0.0869335159659385,0,CWA,3299,1
348,0,0.3972857594490051,0,CWA,3299,1
349,1,0.9503635168075562,1,CWA,3299,1
352,0,0.2552860975265503,0,CWA,3299,1
353,1,0.8779974579811096,1,CWA,3299,1
364,0,0.0305133573710918,0,CWA,3299,1
365,1,0.9356071949005128,1,CWA,3299,1
378,0,0.1845522373914718,0,CWA,3299,1
379,1,0.8709641695022583,1,CWA,3299,1
394,0,0.0986196994781494,0,CWA,3299,1
395,1,0.5937014222145081,1,CWA,3299,1
398,0,0.2146769016981125,0,CWA,3299,1
399,1,0.4006851613521576,0,CWA,3299,1
6,0,0.4653803408145904,0,CWA,3299,2
7,1,0.9875468611717224,1,CWA,3299,2
8,0,0.9741227030754088,1,CWA,3299,2
9,1,0.1855764985084533,0,CWA,3299,2
22,0,0.991796851158142,1,CWA,3299,2
23,1,0.994775891304016,1,CWA,3299,2
48,0,0.9962106943130492,1,CWA,3299,2
49,1,0.0409182682633399,0,CWA,3299,2
56,0,0.7781846523284912,1,CWA,3299,2
57,1,0.942206859588623,1,CWA,3299,2
86,0,0.2038317918777465,0,CWA,3299,2
87,1,0.114613801240921,0,CWA,3299,2
92,0,0.0253308285027742,0,CWA,3299,2
93,1,0.9891389012336732,1,CWA,3299,2
108,0,0.0363184250891208,0,CWA,3299,2
109,1,0.9886137247085572,1,CWA,3299,2
120,0,0.0245456155389547,0,CWA,3299,2
121,1,0.9090415239334106,1,CWA,3299,2
132,0,0.1883041709661483,0,CWA,3299,2
133,1,0.5644044280052185,1,CWA,3299,2
136,0,0.7977418303489685,1,CWA,3299,2
137,1,0.9873916506767272,1,CWA,3299,2
140,0,0.2236754745244979,0,CWA,3299,2
141,1,0.933885395526886,1,CWA,3299,2
142,0,0.4757980108261108,0,CWA,3299,2
143,1,0.3808580040931701,0,CWA,3299,2
144,0,0.5078701972961426,1,CWA,3299,2
145,1,0.6361711025238037,1,CWA,3299,2
150,0,0.3947824239730835,0,CWA,3299,2
151,1,0.8802684545516968,1,CWA,3299,2
158,0,0.7116442918777466,1,CWA,3299,2
159,1,0.98863422870636,1,CWA,3299,2
164,0,0.5949932336807251,1,CWA,3299,2
165,1,0.797188401222229,1,CWA,3299,2
166,0,0.0364204496145248,0,CWA,3299,2
167,1,0.9360199570655824,1,CWA,3299,2
190,0,0.0804827958345413,0,CWA,3299,2
191,1,0.0341302976012229,0,CWA,3299,2
200,0,0.6360538005828857,1,CWA,3299,2
201,1,0.98231041431427,1,CWA,3299,2
206,0,0.0197189077734947,0,CWA,3299,2
207,1,0.062579870223999,0,CWA,3299,2
208,0,0.0169439502060413,0,CWA,3299,2
209,1,0.97166508436203,1,CWA,3299,2
238,0,0.049981452524662,0,CWA,3299,2
239,1,0.5816378593444824,1,CWA,3299,2
240,0,0.0371104516088962,0,CWA,3299,2
241,1,0.06204779073596,0,CWA,3299,2
270,0,0.0172660797834396,0,CWA,3299,2
271,1,0.965027630329132,1,CWA,3299,2
280,0,0.0165878012776374,0,CWA,3299,2
281,1,0.0657482743263244,0,CWA,3299,2
292,0,0.067643865942955,0,CWA,3299,2
293,1,0.9420619010925292,1,CWA,3299,2
294,0,0.1766121834516525,0,CWA,3299,2
295,1,0.0333378165960311,0,CWA,3299,2
298,0,0.0224449932575225,0,CWA,3299,2
299,1,0.6862857937812805,1,CWA,3299,2
302,0,0.0180847533047199,0,CWA,3299,2
303,1,0.9975876808166504,1,CWA,3299,2
304,0,0.0286583770066499,0,CWA,3299,2
305,1,0.0436458848416805,0,CWA,3299,2
308,0,0.209269642829895,0,CWA,3299,2
309,1,0.234471395611763,0,CWA,3299,2
322,0,0.0449951887130737,0,CWA,3299,2
323,1,0.9980618357658386,1,CWA,3299,2
332,0,0.0174466129392385,0,CWA,3299,2
333,1,0.0981940925121307,0,CWA,3299,2
340,0,0.0549348406493663,0,CWA,3299,2
341,1,0.6772148013114929,1,CWA,3299,2
342,0,0.0236263163387775,0,CWA,3299,2
343,1,0.9905105233192444,1,CWA,3299,2
346,0,0.2046798467636108,0,CWA,3299,2
347,1,0.8482710123062134,1,CWA,3299,2
350,0,0.0585347265005111,0,CWA,3299,2
351,1,0.9622196555137634,1,CWA,3299,2
374,0,0.2637031972408294,0,CWA,3299,2
375,1,0.166947141289711,0,CWA,3299,2
376,0,0.427859216928482,0,CWA,3299,2
377,1,0.9960724115371704,1,CWA,3299,2
386,0,0.6372302174568176,1,CWA,3299,2
387,1,0.9328994750976562,1,CWA,3299,2
400,0,0.8382528424263,1,CWA,3299,2
401,1,0.3604824542999267,0,CWA,3299,2
2,0,0.1236270815134048,0,CWA,3299,3
3,1,0.149191603064537,0,CWA,3299,3
4,0,0.8319879174232483,1,CWA,3299,3
5,1,0.3317474126815796,0,CWA,3299,3
20,0,0.6064813733100891,1,CWA,3299,3
21,1,0.1373502761125564,0,CWA,3299,3
24,0,0.089944414794445,0,CWA,3299,3
25,1,0.7557836174964905,1,CWA,3299,3
28,0,0.0839462727308273,0,CWA,3299,3
29,1,0.1178300753235817,0,CWA,3299,3
30,0,0.4538716375827789,0,CWA,3299,3
31,1,0.6005668044090271,1,CWA,3299,3
54,0,0.2571080029010772,0,CWA,3299,3
55,1,0.6677820682525635,1,CWA,3299,3
76,0,0.7342607975006104,1,CWA,3299,3
77,1,0.8224272131919861,1,CWA,3299,3
112,0,0.1505478322505951,0,CWA,3299,3
113,1,0.813370406627655,1,CWA,3299,3
130,0,0.0599047429859638,0,CWA,3299,3
131,1,0.2069391906261444,0,CWA,3299,3
134,0,0.4909288287162781,0,CWA,3299,3
135,1,0.1881760209798813,0,CWA,3299,3
138,0,0.6622315645217896,1,CWA,3299,3
139,1,0.8254194855690002,1,CWA,3299,3
160,0,0.1568166762590408,0,CWA,3299,3
161,1,0.3231710195541382,0,CWA,3299,3
162,0,0.1442885249853134,0,CWA,3299,3
163,1,0.9467883110046388,1,CWA,3299,3
172,0,0.4818646311759949,0,CWA,3299,3
173,1,0.6219340562820435,1,CWA,3299,3
174,0,0.1663358658552169,0,CWA,3299,3
175,1,0.3843566179275512,0,CWA,3299,3
180,0,0.4785912632942199,0,CWA,3299,3
181,1,0.5885633230209351,1,CWA,3299,3
186,0,0.0502803809940815,0,CWA,3299,3
187,1,0.2198569625616073,0,CWA,3299,3
198,0,0.3039630949497223,0,CWA,3299,3
199,1,0.6322723031044006,1,CWA,3299,3
218,0,0.0452160239219665,0,CWA,3299,3
219,1,0.0531058683991432,0,CWA,3299,3
224,0,0.7400914430618286,1,CWA,3299,3
225,1,0.1044180765748024,0,CWA,3299,3
260,0,0.1388449221849441,0,CWA,3299,3
261,1,0.7932960987091064,1,CWA,3299,3
262,0,0.1856061220169067,0,CWA,3299,3
263,1,0.8545876741409302,1,CWA,3299,3
264,0,0.130184069275856,0,CWA,3299,3
265,1,0.3186502754688263,0,CWA,3299,3
266,0,0.1004632115364074,0,CWA,3299,3
267,1,0.3673761487007141,0,CWA,3299,3
274,0,0.0835440531373024,0,CWA,3299,3
275,1,0.5539695620536804,1,CWA,3299,3
276,0,0.1319855749607086,0,CWA,3299,3
277,1,0.7905935049057007,1,CWA,3299,3
284,0,0.2421026229858398,0,CWA,3299,3
285,1,0.9148927927017212,1,CWA,3299,3
286,0,0.3761182725429535,0,CWA,3299,3
287,1,0.1323463767766952,0,CWA,3299,3
290,0,0.2323389947414398,0,CWA,3299,3
291,1,0.6238407492637634,1,CWA,3299,3
296,0,0.3702652156352997,0,CWA,3299,3
297,1,0.9206157326698304,1,CWA,3299,3
306,0,0.4391394257545471,0,CWA,3299,3
307,1,0.972063422203064,1,CWA,3299,3
314,0,0.4339940249919891,0,CWA,3299,3
315,1,0.257330983877182,0,CWA,3299,3
336,0,0.1279157698154449,0,CWA,3299,3
337,1,0.7915632128715515,1,CWA,3299,3
358,0,0.0746633857488632,0,CWA,3299,3
359,1,0.8299389481544495,1,CWA,3299,3
362,0,0.1394461393356323,0,CWA,3299,3
363,1,0.548078179359436,1,CWA,3299,3
366,0,0.1408532857894897,0,CWA,3299,3
367,1,0.2736724317073822,0,CWA,3299,3
372,0,0.1922116428613662,0,CWA,3299,3
373,1,0.7158299684524536,1,CWA,3299,3
380,0,0.5205557346343994,1,CWA,3299,3
381,1,0.6357408761978149,1,CWA,3299,3
382,0,0.149254485964775,0,CWA,3299,3
383,1,0.5594046711921692,1,CWA,3299,3
396,0,0.0698344111442565,0,CWA,3299,3
397,1,0.3887269794940948,0,CWA,3299,3
16,0,0.5823268294334412,1,CWA,3299,4
17,1,0.6588630676269531,1,CWA,3299,4
26,0,0.4043077528476715,0,CWA,3299,4
27,1,0.4513427317142486,0,CWA,3299,4
36,0,0.290453553199768,0,CWA,3299,4
37,1,0.2915322780609131,0,CWA,3299,4
42,0,0.3243322372436523,0,CWA,3299,4
43,1,0.2087255865335464,0,CWA,3299,4
46,0,0.4922804236412048,0,CWA,3299,4
47,1,0.6904957890510559,1,CWA,3299,4
66,0,0.2692786157131195,0,CWA,3299,4
67,1,0.7522460222244263,1,CWA,3299,4
68,0,0.7210707664489746,1,CWA,3299,4
69,1,0.9066470861434937,1,CWA,3299,4
90,0,0.5294891595840454,1,CWA,3299,4
91,1,0.2893837094306946,0,CWA,3299,4
104,0,0.7643383741378784,1,CWA,3299,4
105,1,0.8595487475395203,1,CWA,3299,4
110,0,0.2300830036401748,0,CWA,3299,4
111,1,0.1800693869590759,0,CWA,3299,4
114,0,0.7825629115104675,1,CWA,3299,4
115,1,0.6990432143211365,1,CWA,3299,4
116,0,0.4705130755901336,0,CWA,3299,4
117,1,0.8366287350654602,1,CWA,3299,4
148,0,0.2284725755453109,0,CWA,3299,4
149,1,0.3413899838924408,0,CWA,3299,4
154,0,0.1339205801486969,0,CWA,3299,4
155,1,0.2613185346126556,0,CWA,3299,4
168,0,0.5315942764282227,1,CWA,3299,4
169,1,0.5560838580131531,1,CWA,3299,4
170,0,0.3602311015129089,0,CWA,3299,4
171,1,0.7158188223838806,1,CWA,3299,4
176,0,0.5244520902633667,1,CWA,3299,4
177,1,0.6103965640068054,1,CWA,3299,4
184,0,0.2334014326333999,0,CWA,3299,4
185,1,0.7218661904335022,1,CWA,3299,4
188,0,0.4545875191688537,0,CWA,3299,4
189,1,0.8799915313720703,1,CWA,3299,4
194,0,0.4305995106697082,0,CWA,3299,4
195,1,0.2730176448822021,0,CWA,3299,4
202,0,0.2089148014783859,0,CWA,3299,4
203,1,0.1895840466022491,0,CWA,3299,4
204,0,0.6929963827133179,1,CWA,3299,4
205,1,0.7010942697525024,1,CWA,3299,4
210,0,0.1036682054400444,0,CWA,3299,4
211,1,0.0698686242103576,0,CWA,3299,4
220,0,0.7733086347579956,1,CWA,3299,4
221,1,0.5220975279808044,1,CWA,3299,4
244,0,0.7939385175704956,1,CWA,3299,4
245,1,0.810089647769928,1,CWA,3299,4
268,0,0.5965420603752136,1,CWA,3299,4
269,1,0.5427113771438599,1,CWA,3299,4
278,0,0.4008911252021789,0,CWA,3299,4
279,1,0.7387992143630981,1,CWA,3299,4
300,0,0.3436073362827301,0,CWA,3299,4
301,1,0.7930448651313782,1,CWA,3299,4
318,0,0.2851353585720062,0,CWA,3299,4
319,1,0.8948528170585632,1,CWA,3299,4
320,0,0.189764529466629,0,CWA,3299,4
321,1,0.6454100012779236,1,CWA,3299,4
326,0,0.6253834366798401,1,CWA,3299,4
327,1,0.758668065071106,1,CWA,3299,4
354,0,0.3179572522640228,0,CWA,3299,4
355,1,0.8867474794387817,1,CWA,3299,4
356,0,0.1931913346052169,0,CWA,3299,4
357,1,0.8092663884162903,1,CWA,3299,4
368,0,0.1576652079820633,0,CWA,3299,4
369,1,0.774905800819397,1,CWA,3299,4
370,0,0.2393575459718704,0,CWA,3299,4
371,1,0.9310269951820374,1,CWA,3299,4
384,0,0.433460384607315,0,CWA,3299,4
385,1,0.9177011251449584,1,CWA,3299,4
390,0,0.2209821492433548,0,CWA,3299,4
391,1,0.7471352815628052,1,CWA,3299,4
392,0,0.1731394380331039,0,CWA,3299,4
393,1,0.6435788869857788,1,CWA,3299,4
402,0,0.4180859625339508,0,CWA,3299,4
403,1,0.8465615510940552,1,CWA,3299,4
10,0,0.3911871612071991,0,CWA,3299,5
11,1,0.7446324825286865,1,CWA,3299,5
12,0,0.0818889513611793,0,CWA,3299,5
13,1,0.7132073640823364,1,CWA,3299,5
32,0,0.2408361136913299,0,CWA,3299,5
33,1,0.7949666380882263,1,CWA,3299,5
34,0,0.5054462552070618,1,CWA,3299,5
35,1,0.605725884437561,1,CWA,3299,5
38,0,0.2059791833162307,0,CWA,3299,5
39,1,0.371887743473053,0,CWA,3299,5
44,0,0.0856010764837265,0,CWA,3299,5
45,1,0.0844976603984832,0,CWA,3299,5
50,0,0.6601155996322632,1,CWA,3299,5
51,1,0.3622913956642151,0,CWA,3299,5
60,0,0.613906741142273,1,CWA,3299,5
61,1,0.8167566657066345,1,CWA,3299,5
64,0,0.3086969554424286,0,CWA,3299,5
65,1,0.7285670638084412,1,CWA,3299,5
70,0,0.8638458847999573,1,CWA,3299,5
71,1,0.6137895584106445,1,CWA,3299,5
78,0,0.443068653345108,0,CWA,3299,5
79,1,0.8935855627059937,1,CWA,3299,5
80,0,0.5803719162940979,1,CWA,3299,5
81,1,0.2609606981277466,0,CWA,3299,5
88,0,0.6564655303955078,1,CWA,3299,5
89,1,0.4715926051139831,0,CWA,3299,5
94,0,0.3567705750465393,0,CWA,3299,5
95,1,0.357298344373703,0,CWA,3299,5
96,0,0.2590658962726593,0,CWA,3299,5
97,1,0.5310778021812439,1,CWA,3299,5
100,0,0.4870420694351196,0,CWA,3299,5
101,1,0.8859112858772278,1,CWA,3299,5
122,0,0.2783536314964294,0,CWA,3299,5
123,1,0.2613988816738128,0,CWA,3299,5
124,0,0.7663170695304871,1,CWA,3299,5
125,1,0.6625147461891174,1,CWA,3299,5
126,0,0.2956089675426483,0,CWA,3299,5
127,1,0.3642767369747162,0,CWA,3299,5
128,0,0.3365506529808044,0,CWA,3299,5
129,1,0.5177420973777771,1,CWA,3299,5
152,0,0.3406893312931061,0,CWA,3299,5
153,1,0.9240585565567015,1,CWA,3299,5
156,0,0.1395037770271301,0,CWA,3299,5
157,1,0.2668377757072449,0,CWA,3299,5
178,0,0.1456774324178695,0,CWA,3299,5
179,1,0.5929040312767029,1,CWA,3299,5
216,0,0.2569846510887146,0,CWA,3299,5
217,1,0.8836344480514526,1,CWA,3299,5
222,0,0.2959849834442138,0,CWA,3299,5
223,1,0.5746318697929382,1,CWA,3299,5
226,0,0.3731312751770019,0,CWA,3299,5
227,1,0.5076954364776611,1,CWA,3299,5
230,0,0.3065893352031708,0,CWA,3299,5
231,1,0.4385647177696228,0,CWA,3299,5
234,0,0.2169483453035354,0,CWA,3299,5
235,1,0.8637974262237549,1,CWA,3299,5
236,0,0.3606252670288086,0,CWA,3299,5
237,1,0.5081118941307068,1,CWA,3299,5
246,0,0.5913302898406982,1,CWA,3299,5
247,1,0.650543212890625,1,CWA,3299,5
248,0,0.1997362524271011,0,CWA,3299,5
249,1,0.2350437194108963,0,CWA,3299,5
250,0,0.1801641583442688,0,CWA,3299,5
251,1,0.3373395204544067,0,CWA,3299,5
252,0,0.1271951794624328,0,CWA,3299,5
253,1,0.5753872394561768,1,CWA,3299,5
288,0,0.4827110171318054,0,CWA,3299,5
289,1,0.7996917366981506,1,CWA,3299,5
310,0,0.1321167647838592,0,CWA,3299,5
311,1,0.7645634412765503,1,CWA,3299,5
312,0,0.5557447671890259,1,CWA,3299,5
313,1,0.7918126583099365,1,CWA,3299,5
338,0,0.1258851438760757,0,CWA,3299,5
339,1,0.2583275139331817,0,CWA,3299,5
344,0,0.3133019208908081,0,CWA,3299,5
345,1,0.7911262512207031,1,CWA,3299,5
360,0,0.2840556204319,0,CWA,3299,5
361,1,0.2508166134357452,0,CWA,3299,5
388,0,0.1068307235836982,0,CWA,3299,5
389,1,0.7173232436180115,1,CWA,3299,5
10,0,0.8084498047828674,1,CWA,3489,1
11,1,0.8038804531097412,1,CWA,3489,1
14,0,0.8771706223487854,1,CWA,3489,1
15,1,0.9367287158966064,1,CWA,3489,1
22,0,0.6857216954231262,1,CWA,3489,1
23,1,0.8635720610618591,1,CWA,3489,1
24,0,0.018568992614746,0,CWA,3489,1
25,1,0.8122613430023193,1,CWA,3489,1
26,0,0.499984860420227,0,CWA,3489,1
27,1,0.7651575207710266,1,CWA,3489,1
32,0,0.0458649471402168,0,CWA,3489,1
33,1,0.869202196598053,1,CWA,3489,1
40,0,0.5983599424362183,1,CWA,3489,1
41,1,0.8425741195678711,1,CWA,3489,1
58,0,0.0482297651469707,0,CWA,3489,1
59,1,0.7548313736915588,1,CWA,3489,1
68,0,0.6434146761894226,1,CWA,3489,1
69,1,0.933192491531372,1,CWA,3489,1
70,0,0.8424527645111084,1,CWA,3489,1
71,1,0.6003496646881104,1,CWA,3489,1
88,0,0.8580290675163269,1,CWA,3489,1
89,1,0.6763332486152649,1,CWA,3489,1
102,0,0.0511960536241531,0,CWA,3489,1
103,1,0.9422083497047424,1,CWA,3489,1
106,0,0.0883352309465408,0,CWA,3489,1
107,1,0.467284083366394,0,CWA,3489,1
108,0,0.0570502281188964,0,CWA,3489,1
109,1,0.9563554525375366,1,CWA,3489,1
122,0,0.0350642837584018,0,CWA,3489,1
123,1,0.544527530670166,1,CWA,3489,1
130,0,0.0091843344271183,0,CWA,3489,1
131,1,0.2438954710960388,0,CWA,3489,1
132,0,0.0372705124318599,0,CWA,3489,1
133,1,0.0636502727866172,0,CWA,3489,1
198,0,0.4690371751785278,0,CWA,3489,1
199,1,0.8784142136573792,1,CWA,3489,1
200,0,0.0433109104633331,0,CWA,3489,1
201,1,0.9363625645637512,1,CWA,3489,1
202,0,0.0176517385989427,0,CWA,3489,1
203,1,0.0173095166683197,0,CWA,3489,1
218,0,0.0327951088547706,0,CWA,3489,1
219,1,0.0688857808709144,0,CWA,3489,1
228,0,0.8349049091339111,1,CWA,3489,1
229,1,0.7697445154190063,1,CWA,3489,1
242,0,0.7786493897438049,1,CWA,3489,1
243,1,0.9004769325256348,1,CWA,3489,1
244,0,0.8703069686889648,1,CWA,3489,1
245,1,0.933386504650116,1,CWA,3489,1
254,0,0.7715967297554016,1,CWA,3489,1
255,1,0.9252434968948364,1,CWA,3489,1
258,0,0.0399377979338169,0,CWA,3489,1
259,1,0.821912944316864,1,CWA,3489,1
264,0,0.8578829765319824,1,CWA,3489,1
265,1,0.873935341835022,1,CWA,3489,1
284,0,0.005033734254539,0,CWA,3489,1
285,1,0.968939244747162,1,CWA,3489,1
286,0,0.2063844203948974,0,CWA,3489,1
287,1,0.278793066740036,0,CWA,3489,1
288,0,0.6689704060554504,1,CWA,3489,1
289,1,0.9521345496177672,1,CWA,3489,1
290,0,0.5076978206634521,1,CWA,3489,1
291,1,0.7971751093864441,1,CWA,3489,1
298,0,0.0101100616157054,0,CWA,3489,1
299,1,0.1363461017608642,0,CWA,3489,1
302,0,0.6654728651046753,1,CWA,3489,1
303,1,0.8917422890663147,1,CWA,3489,1
310,0,0.025783697143197,0,CWA,3489,1
311,1,0.8767653703689575,1,CWA,3489,1
338,0,0.0766010805964469,0,CWA,3489,1
339,1,0.0570363439619541,0,CWA,3489,1
342,0,0.0267264004796743,0,CWA,3489,1
343,1,0.89020836353302,1,CWA,3489,1
370,0,0.1458265632390976,0,CWA,3489,1
371,1,0.8871341347694397,1,CWA,3489,1
380,0,0.6171572804450989,1,CWA,3489,1
381,1,0.8213828206062317,1,CWA,3489,1
384,0,0.0602784864604473,0,CWA,3489,1
385,1,0.8864277601242065,1,CWA,3489,1
386,0,0.1943782269954681,0,CWA,3489,1
387,1,0.6397443413734436,1,CWA,3489,1
398,0,0.0491721704602241,0,CWA,3489,1
399,1,0.7090990543365479,1,CWA,3489,1
16,0,0.4347546696662903,0,CWA,3489,2
17,1,0.5816888809204102,1,CWA,3489,2
20,0,0.8872150778770447,1,CWA,3489,2
21,1,0.3850812613964081,0,CWA,3489,2
50,0,0.5316755175590515,1,CWA,3489,2
51,1,0.6887736320495605,1,CWA,3489,2
54,0,0.1212672665715217,0,CWA,3489,2
55,1,0.9050243496894836,1,CWA,3489,2
66,0,0.0439315475523471,0,CWA,3489,2
67,1,0.8885025978088379,1,CWA,3489,2
76,0,0.3273069858551025,0,CWA,3489,2
77,1,0.9888257384300232,1,CWA,3489,2
84,0,0.9923061728477478,1,CWA,3489,2
85,1,0.892303466796875,1,CWA,3489,2
86,0,0.6738649606704712,1,CWA,3489,2
87,1,0.5570369958877563,1,CWA,3489,2
98,0,0.2423126697540283,0,CWA,3489,2
99,1,0.5894699096679688,1,CWA,3489,2
110,0,0.2461854517459869,0,CWA,3489,2
111,1,0.1272200047969818,0,CWA,3489,2
114,0,0.7604543566703796,1,CWA,3489,2
115,1,0.9628349542617798,1,CWA,3489,2
140,0,0.056724052876234,0,CWA,3489,2
141,1,0.9681133031845092,1,CWA,3489,2
144,0,0.3163548111915588,0,CWA,3489,2
145,1,0.1010467335581779,0,CWA,3489,2
148,0,0.0541630908846855,0,CWA,3489,2
149,1,0.2868894636631012,0,CWA,3489,2
154,0,0.0271467752754688,0,CWA,3489,2
155,1,0.1503961533308029,0,CWA,3489,2
164,0,0.0241258181631565,0,CWA,3489,2
165,1,0.8923147320747375,1,CWA,3489,2
168,0,0.3912451863288879,0,CWA,3489,2
169,1,0.441148966550827,0,CWA,3489,2
172,0,0.96541827917099,1,CWA,3489,2
173,1,0.9339087009429932,1,CWA,3489,2
184,0,0.0674074441194534,0,CWA,3489,2
185,1,0.7605001330375671,1,CWA,3489,2
204,0,0.7233793139457703,1,CWA,3489,2
205,1,0.4630450904369354,0,CWA,3489,2
206,0,0.072367213666439,0,CWA,3489,2
207,1,0.0803657323122024,0,CWA,3489,2
210,0,0.0462688766419887,0,CWA,3489,2
211,1,0.030132858082652,0,CWA,3489,2
212,0,0.9881972670555116,1,CWA,3489,2
213,1,0.3615398108959198,0,CWA,3489,2
216,0,0.0878594145178794,0,CWA,3489,2
217,1,0.9840732216835022,1,CWA,3489,2
220,0,0.9767677187919616,1,CWA,3489,2
221,1,0.6806522011756897,1,CWA,3489,2
222,0,0.4296731650829315,0,CWA,3489,2
223,1,0.694327175617218,1,CWA,3489,2
236,0,0.1525095701217651,0,CWA,3489,2
237,1,0.4699022173881531,0,CWA,3489,2
238,0,0.1186318919062614,0,CWA,3489,2
239,1,0.6619378924369812,1,CWA,3489,2
250,0,0.0978574156761169,0,CWA,3489,2
251,1,0.8891392946243286,1,CWA,3489,2
252,0,0.3878683149814605,0,CWA,3489,2
253,1,0.6788539290428162,1,CWA,3489,2
268,0,0.447456955909729,0,CWA,3489,2
269,1,0.3836386203765869,0,CWA,3489,2
300,0,0.0671938881278038,0,CWA,3489,2
301,1,0.9734643697738647,1,CWA,3489,2
308,0,0.3234582543373108,0,CWA,3489,2
309,1,0.876173734664917,1,CWA,3489,2
314,0,0.2430558502674102,0,CWA,3489,2
315,1,0.2684371173381805,0,CWA,3489,2
318,0,0.0608360655605793,0,CWA,3489,2
319,1,0.9570959210395812,1,CWA,3489,2
324,0,0.3564972877502441,0,CWA,3489,2
325,1,0.4346940815448761,0,CWA,3489,2
332,0,0.041652750223875,0,CWA,3489,2
333,1,0.7902422547340393,1,CWA,3489,2
334,0,0.0724088102579116,0,CWA,3489,2
335,1,0.1355098932981491,0,CWA,3489,2
340,0,0.1406605392694473,0,CWA,3489,2
341,1,0.6464270353317261,1,CWA,3489,2
374,0,0.1334345042705536,0,CWA,3489,2
375,1,0.1331301182508468,0,CWA,3489,2
376,0,0.2997518479824066,0,CWA,3489,2
377,1,0.4490924775600433,0,CWA,3489,2
0,0,0.5318942070007324,1,CWA,3489,3
1,1,0.3964788615703583,0,CWA,3489,3
30,0,0.4079486131668091,0,CWA,3489,3
31,1,0.9291977882385254,1,CWA,3489,3
34,0,0.4030378758907318,0,CWA,3489,3
35,1,0.6273917555809021,1,CWA,3489,3
42,0,0.323743611574173,0,CWA,3489,3
43,1,0.1059931442141532,0,CWA,3489,3
46,0,0.4030378758907318,0,CWA,3489,3
47,1,0.6273917555809021,1,CWA,3489,3
48,0,0.8501566648483276,1,CWA,3489,3
49,1,0.1646715849637985,0,CWA,3489,3
64,0,0.0850943848490715,0,CWA,3489,3
65,1,0.3583373725414276,0,CWA,3489,3
74,0,0.8548188805580139,1,CWA,3489,3
75,1,0.9036720991134644,1,CWA,3489,3
80,0,0.1930674910545349,0,CWA,3489,3
81,1,0.3633041977882385,0,CWA,3489,3
94,0,0.2777286767959595,0,CWA,3489,3
95,1,0.5194035768508911,1,CWA,3489,3
96,0,0.5563881993293762,1,CWA,3489,3
97,1,0.7110902070999146,1,CWA,3489,3
118,0,0.6404168009757996,1,CWA,3489,3
119,1,0.8985065221786499,1,CWA,3489,3
120,0,0.6830226182937622,1,CWA,3489,3
121,1,0.3315823376178741,0,CWA,3489,3
124,0,0.7548211216926575,1,CWA,3489,3
125,1,0.813763439655304,1,CWA,3489,3
126,0,0.2341757267713546,0,CWA,3489,3
127,1,0.583350419998169,1,CWA,3489,3
128,0,0.2734050452709198,0,CWA,3489,3
129,1,0.3907239139080047,0,CWA,3489,3
146,0,0.7041577100753784,1,CWA,3489,3
147,1,0.9218435883522034,1,CWA,3489,3
160,0,0.1021877080202102,0,CWA,3489,3
161,1,0.6847477555274963,1,CWA,3489,3
166,0,0.3955592811107635,0,CWA,3489,3
167,1,0.4795088768005371,0,CWA,3489,3
186,0,0.0360145904123783,0,CWA,3489,3
187,1,0.3860550224781036,0,CWA,3489,3
192,0,0.6990687251091003,1,CWA,3489,3
193,1,0.6674918532371521,1,CWA,3489,3
196,0,0.2209545373916626,0,CWA,3489,3
197,1,0.9197900891304016,1,CWA,3489,3
208,0,0.1218075901269912,0,CWA,3489,3
209,1,0.8726603388786316,1,CWA,3489,3
226,0,0.3876105844974518,0,CWA,3489,3
227,1,0.4646270871162414,0,CWA,3489,3
234,0,0.0917052924633026,0,CWA,3489,3
235,1,0.6784025430679321,1,CWA,3489,3
240,0,0.5202984809875488,1,CWA,3489,3
241,1,0.467070460319519,0,CWA,3489,3
248,0,0.0566869787871837,0,CWA,3489,3
249,1,0.6381651163101196,1,CWA,3489,3
274,0,0.0904458910226821,0,CWA,3489,3
275,1,0.5182737112045288,1,CWA,3489,3
296,0,0.2582520842552185,0,CWA,3489,3
297,1,0.8515731692314148,1,CWA,3489,3
306,0,0.3999032974243164,0,CWA,3489,3
307,1,0.9358405470848083,1,CWA,3489,3
312,0,0.4787485897541046,0,CWA,3489,3
313,1,0.89415043592453,1,CWA,3489,3
316,0,0.3695220053195953,0,CWA,3489,3
317,1,0.7117963433265686,1,CWA,3489,3
322,0,0.2940545082092285,0,CWA,3489,3
323,1,0.8673950433731079,1,CWA,3489,3
336,0,0.1206359341740608,0,CWA,3489,3
337,1,0.6809736490249634,1,CWA,3489,3
352,0,0.3773690164089203,0,CWA,3489,3
353,1,0.8552936315536499,1,CWA,3489,3
356,0,0.0887304916977882,0,CWA,3489,3
357,1,0.7557197213172913,1,CWA,3489,3
364,0,0.0563379004597663,0,CWA,3489,3
365,1,0.7231935262680054,1,CWA,3489,3
378,0,0.1373011767864227,0,CWA,3489,3
379,1,0.788399875164032,1,CWA,3489,3
390,0,0.2968118786811828,0,CWA,3489,3
391,1,0.7571542859077454,1,CWA,3489,3
402,0,0.4424953758716583,0,CWA,3489,3
403,1,0.9005503058433533,1,CWA,3489,3
6,0,0.0230355840176343,0,CWA,3489,4
7,1,0.9915069937705994,1,CWA,3489,4
8,0,0.9730077385902404,1,CWA,3489,4
9,1,0.639724850654602,1,CWA,3489,4
18,0,0.0970406606793403,0,CWA,3489,4
19,1,0.7468994855880737,1,CWA,3489,4
36,0,0.0380327552556991,0,CWA,3489,4
37,1,0.7923126220703125,1,CWA,3489,4
44,0,0.0077958945184946,0,CWA,3489,4
45,1,0.0007277555996552,0,CWA,3489,4
60,0,0.4941169619560241,0,CWA,3489,4
61,1,0.9888717532157898,1,CWA,3489,4
62,0,0.0102408900856971,0,CWA,3489,4
63,1,0.6491654515266418,1,CWA,3489,4
72,0,0.0533967614173889,0,CWA,3489,4
73,1,0.3211798369884491,0,CWA,3489,4
90,0,0.2685007750988006,0,CWA,3489,4
91,1,0.9150434732437134,1,CWA,3489,4
100,0,0.5033044219017029,1,CWA,3489,4
101,1,0.9696605205535888,1,CWA,3489,4
104,0,0.8402450084686279,1,CWA,3489,4
105,1,0.9815293550491332,1,CWA,3489,4
112,0,0.0872836932539939,0,CWA,3489,4
113,1,0.983931601047516,1,CWA,3489,4
116,0,0.6670339107513428,1,CWA,3489,4
117,1,0.8366597294807434,1,CWA,3489,4
142,0,0.4290895462036133,0,CWA,3489,4
143,1,0.8824304342269897,1,CWA,3489,4
150,0,0.0763668715953826,0,CWA,3489,4
151,1,0.8704600930213928,1,CWA,3489,4
152,0,0.0286185964941978,0,CWA,3489,4
153,1,0.994564175605774,1,CWA,3489,4
156,0,0.6355705857276917,1,CWA,3489,4
157,1,0.6169089078903198,1,CWA,3489,4
170,0,0.0298903174698352,0,CWA,3489,4
171,1,0.5730011463165283,1,CWA,3489,4
174,0,0.1107795983552932,0,CWA,3489,4
175,1,0.5900980234146118,1,CWA,3489,4
180,0,0.458345502614975,0,CWA,3489,4
181,1,0.9767755270004272,1,CWA,3489,4
188,0,0.1412634551525116,0,CWA,3489,4
189,1,0.7361692786216736,1,CWA,3489,4
190,0,0.4201015532016754,0,CWA,3489,4
191,1,0.1175187677145004,0,CWA,3489,4
214,0,0.0787469744682312,0,CWA,3489,4
215,1,0.9947658777236938,1,CWA,3489,4
230,0,0.1621725857257843,0,CWA,3489,4
231,1,0.92505943775177,1,CWA,3489,4
232,0,0.3259934782981872,0,CWA,3489,4
233,1,0.1434884667396545,0,CWA,3489,4
246,0,0.4154058694839477,0,CWA,3489,4
247,1,0.7510673403739929,1,CWA,3489,4
256,0,0.1432652920484542,0,CWA,3489,4
257,1,0.933887779712677,1,CWA,3489,4
260,0,0.0426912792026996,0,CWA,3489,4
261,1,0.9269776344299316,1,CWA,3489,4
262,0,0.0430292598903179,0,CWA,3489,4
263,1,0.9580373764038086,1,CWA,3489,4
278,0,0.0236037075519561,0,CWA,3489,4
279,1,0.9934455156326294,1,CWA,3489,4
282,0,0.0242480169981718,0,CWA,3489,4
283,1,0.2782340049743652,0,CWA,3489,4
294,0,0.0054931491613388,0,CWA,3489,4
295,1,0.0219650622457265,0,CWA,3489,4
344,0,0.1092317998409271,0,CWA,3489,4
345,1,0.6006916165351868,1,CWA,3489,4
348,0,0.3203261792659759,0,CWA,3489,4
349,1,0.9116964936256408,1,CWA,3489,4
358,0,0.0050524687394499,0,CWA,3489,4
359,1,0.9904308915138244,1,CWA,3489,4
366,0,0.0127437906339764,0,CWA,3489,4
367,1,0.8382936120033264,1,CWA,3489,4
372,0,0.0152018070220947,0,CWA,3489,4
373,1,0.8080546855926514,1,CWA,3489,4
392,0,0.0032189097255468,0,CWA,3489,4
393,1,0.9534428715705872,1,CWA,3489,4
396,0,0.4265823662281036,0,CWA,3489,4
397,1,0.8977192044258118,1,CWA,3489,4
2,0,0.2908377349376678,0,CWA,3489,5
3,1,0.2021002024412155,0,CWA,3489,5
4,0,0.730849027633667,1,CWA,3489,5
5,1,0.4738180935382843,0,CWA,3489,5
12,0,0.1849652528762817,0,CWA,3489,5
13,1,0.4569572806358337,0,CWA,3489,5
28,0,0.1994717121124267,0,CWA,3489,5
29,1,0.4833011031150818,0,CWA,3489,5
38,0,0.2347609996795654,0,CWA,3489,5
39,1,0.2520888745784759,0,CWA,3489,5
52,0,0.6387263536453247,1,CWA,3489,5
53,1,0.5125548243522644,1,CWA,3489,5
56,0,0.3646905720233917,0,CWA,3489,5
57,1,0.8098020553588867,1,CWA,3489,5
78,0,0.2568684220314026,0,CWA,3489,5
79,1,0.863844096660614,1,CWA,3489,5
82,0,0.5177527666091919,1,CWA,3489,5
83,1,0.293170690536499,0,CWA,3489,5
92,0,0.2153481990098953,0,CWA,3489,5
93,1,0.8793134093284607,1,CWA,3489,5
134,0,0.5513320565223694,1,CWA,3489,5
135,1,0.431942731142044,0,CWA,3489,5
136,0,0.6748318076133728,1,CWA,3489,5
137,1,0.9288146495819092,1,CWA,3489,5
138,0,0.8698909282684326,1,CWA,3489,5
139,1,0.8307702541351318,1,CWA,3489,5
158,0,0.236632689833641,0,CWA,3489,5
159,1,0.9201674461364746,1,CWA,3489,5
162,0,0.5983893871307373,1,CWA,3489,5
163,1,0.8460041284561157,1,CWA,3489,5
176,0,0.2689766585826874,0,CWA,3489,5
177,1,0.7308133840560913,1,CWA,3489,5
178,0,0.2796444296836853,0,CWA,3489,5
179,1,0.5372893810272217,1,CWA,3489,5
182,0,0.592972457408905,1,CWA,3489,5
183,1,0.6885734796524048,1,CWA,3489,5
194,0,0.2708103954792022,0,CWA,3489,5
195,1,0.2152225971221923,0,CWA,3489,5
224,0,0.6688379049301147,1,CWA,3489,5
225,1,0.5481522083282471,1,CWA,3489,5
266,0,0.1638238579034805,0,CWA,3489,5
267,1,0.5683032870292664,1,CWA,3489,5
270,0,0.1866206675767898,0,CWA,3489,5
271,1,0.7142514586448669,1,CWA,3489,5
272,0,0.2514770030975342,0,CWA,3489,5
273,1,0.5296733379364014,1,CWA,3489,5
276,0,0.2904877960681915,0,CWA,3489,5
277,1,0.7044466137886047,1,CWA,3489,5
280,0,0.4730333983898163,0,CWA,3489,5
281,1,0.4684214890003204,0,CWA,3489,5
292,0,0.4484228193759918,0,CWA,3489,5
293,1,0.6542415618896484,1,CWA,3489,5
304,0,0.2237856388092041,0,CWA,3489,5
305,1,0.2696752846240997,0,CWA,3489,5
320,0,0.2058880478143692,0,CWA,3489,5
321,1,0.6116910576820374,1,CWA,3489,5
326,0,0.5324781537055969,1,CWA,3489,5
327,1,0.6372978091239929,1,CWA,3489,5
328,0,0.1809103488922119,0,CWA,3489,5
329,1,0.4179768562316894,0,CWA,3489,5
330,0,0.3557823598384857,0,CWA,3489,5
331,1,0.6060928702354431,1,CWA,3489,5
346,0,0.317931205034256,0,CWA,3489,5
347,1,0.7795147895812988,1,CWA,3489,5
350,0,0.349528968334198,0,CWA,3489,5
351,1,0.7743813395500183,1,CWA,3489,5
354,0,0.2628466784954071,0,CWA,3489,5
355,1,0.8669540882110596,1,CWA,3489,5
360,0,0.2378419041633606,0,CWA,3489,5
361,1,0.2398688197135925,0,CWA,3489,5
362,0,0.2423538118600845,0,CWA,3489,5
363,1,0.282796174287796,0,CWA,3489,5
368,0,0.1372872143983841,0,CWA,3489,5
369,1,0.4806758463382721,0,CWA,3489,5
382,0,0.2134421318769455,0,CWA,3489,5
383,1,0.6610233783721924,1,CWA,3489,5
388,0,0.2493693083524704,0,CWA,3489,5
389,1,0.5559011697769165,1,CWA,3489,5
394,0,0.188541442155838,0,CWA,3489,5
395,1,0.502733588218689,1,CWA,3489,5
400,0,0.4665693938732147,0,CWA,3489,5
401,1,0.4835025072097778,0,CWA,3489,5
2,0,0.179768905043602,0,CWA,4065,1
3,1,0.1383496075868606,0,CWA,4065,1
6,0,0.2271573841571808,0,CWA,4065,1
7,1,0.9149343967437744,1,CWA,4065,1
10,0,0.299035906791687,0,CWA,4065,1
11,1,0.7212063670158386,1,CWA,4065,1
16,0,0.5998795032501221,1,CWA,4065,1
17,1,0.6922897696495056,1,CWA,4065,1
28,0,0.0943822860717773,0,CWA,4065,1
29,1,0.2788257896900177,0,CWA,4065,1
30,0,0.3453312218189239,0,CWA,4065,1
31,1,0.7008082270622253,1,CWA,4065,1
32,0,0.1340426951646804,0,CWA,4065,1
33,1,0.7566355466842651,1,CWA,4065,1
48,0,0.6659730672836304,1,CWA,4065,1
49,1,0.1613115519285202,0,CWA,4065,1
54,0,0.137576475739479,0,CWA,4065,1
55,1,0.8034713268280029,1,CWA,4065,1
72,0,0.2174843996763229,0,CWA,4065,1
73,1,0.2165930867195129,0,CWA,4065,1
92,0,0.2549608945846557,0,CWA,4065,1
93,1,0.7947558760643005,1,CWA,4065,1
98,0,0.5430317521095276,1,CWA,4065,1
99,1,0.4615408182144165,0,CWA,4065,1
122,0,0.1414252966642379,0,CWA,4065,1
123,1,0.2487019151449203,0,CWA,4065,1
124,0,0.7851155400276184,1,CWA,4065,1
125,1,0.597935676574707,1,CWA,4065,1
132,0,0.1525865346193313,0,CWA,4065,1
133,1,0.194051057100296,0,CWA,4065,1
162,0,0.3031264543533325,0,CWA,4065,1
163,1,0.8882189393043518,1,CWA,4065,1
172,0,0.8186752796173096,1,CWA,4065,1
173,1,0.7991706132888794,1,CWA,4065,1
182,0,0.8072404861450195,1,CWA,4065,1
183,1,0.7672988176345825,1,CWA,4065,1
186,0,0.0459391996264457,0,CWA,4065,1
187,1,0.1818641275167465,0,CWA,4065,1
198,0,0.2192391157150268,0,CWA,4065,1
199,1,0.6909730434417725,1,CWA,4065,1
202,0,0.1203620359301567,0,CWA,4065,1
203,1,0.1571428030729293,0,CWA,4065,1
206,0,0.0790443792939186,0,CWA,4065,1
207,1,0.0775326788425445,0,CWA,4065,1
214,0,0.406625747680664,0,CWA,4065,1
215,1,0.9206640124320984,1,CWA,4065,1
218,0,0.0581009909510612,0,CWA,4065,1
219,1,0.0725246369838714,0,CWA,4065,1
226,0,0.4499869346618652,0,CWA,4065,1
227,1,0.5970072746276855,1,CWA,4065,1
246,0,0.6599134206771851,1,CWA,4065,1
247,1,0.7291810512542725,1,CWA,4065,1
254,0,0.535696804523468,1,CWA,4065,1
255,1,0.7726091146469116,1,CWA,4065,1
258,0,0.1567097902297973,0,CWA,4065,1
259,1,0.6411230564117432,1,CWA,4065,1
278,0,0.3401699364185333,0,CWA,4065,1
279,1,0.8184437155723572,1,CWA,4065,1
300,0,0.3019465506076813,0,CWA,4065,1
301,1,0.8935598731040955,1,CWA,4065,1
310,0,0.2523151934146881,0,CWA,4065,1
311,1,0.8246551156044006,1,CWA,4065,1
312,0,0.5366346836090088,1,CWA,4065,1
313,1,0.8094329237937927,1,CWA,4065,1
320,0,0.3661503195762634,0,CWA,4065,1
321,1,0.6148099899291992,1,CWA,4065,1
332,0,0.0678209587931633,0,CWA,4065,1
333,1,0.3851960599422455,0,CWA,4065,1
346,0,0.3287166059017181,0,CWA,4065,1
347,1,0.8294746279716492,1,CWA,4065,1
358,0,0.0849334225058555,0,CWA,4065,1
359,1,0.8764435648918152,1,CWA,4065,1
360,0,0.1219319105148315,0,CWA,4065,1
361,1,0.1641429215669632,0,CWA,4065,1
370,0,0.1433636248111724,0,CWA,4065,1
371,1,0.7921740412712097,1,CWA,4065,1
380,0,0.5887293219566345,1,CWA,4065,1
381,1,0.7490869760513306,1,CWA,4065,1
386,0,0.2185114920139312,0,CWA,4065,1
387,1,0.520955502986908,1,CWA,4065,1
396,0,0.0612088963389396,0,CWA,4065,1
397,1,0.3219757080078125,0,CWA,4065,1
22,0,0.9844332933425904,1,CWA,4065,2
23,1,0.956934690475464,1,CWA,4065,2
24,0,0.0755773112177848,0,CWA,4065,2
25,1,0.9936392903327942,1,CWA,4065,2
26,0,0.537297785282135,1,CWA,4065,2
27,1,0.772328794002533,1,CWA,4065,2
42,0,0.0759521648287773,0,CWA,4065,2
43,1,0.0121671957895159,0,CWA,4065,2
44,0,0.0130628943443298,0,CWA,4065,2
45,1,0.0330750867724418,0,CWA,4065,2
52,0,0.7407680749893188,1,CWA,4065,2
53,1,0.920882523059845,1,CWA,4065,2
56,0,0.9311656951904296,1,CWA,4065,2
57,1,0.958285391330719,1,CWA,4065,2
60,0,0.8929519057273865,1,CWA,4065,2
61,1,0.9776541590690612,1,CWA,4065,2
68,0,0.5244101881980896,1,CWA,4065,2
69,1,0.9747713208198548,1,CWA,4065,2
70,0,0.9924260377883912,1,CWA,4065,2
71,1,0.3316426873207092,0,CWA,4065,2
82,0,0.2279019355773925,0,CWA,4065,2
83,1,0.7751033306121826,1,CWA,4065,2
88,0,0.8226833939552307,1,CWA,4065,2
89,1,0.2123325020074844,0,CWA,4065,2
106,0,0.0266700163483619,0,CWA,4065,2
107,1,0.1579846292734146,0,CWA,4065,2
136,0,0.9568960070610046,1,CWA,4065,2
137,1,0.9970489144325256,1,CWA,4065,2
152,0,0.0240283459424972,0,CWA,4065,2
153,1,0.9948780536651612,1,CWA,4065,2
158,0,0.1649650782346725,0,CWA,4065,2
159,1,0.9948780536651612,1,CWA,4065,2
180,0,0.4963508248329162,0,CWA,4065,2
181,1,0.9954388737678528,1,CWA,4065,2
192,0,0.9847403168678284,1,CWA,4065,2
193,1,0.6215519309043884,1,CWA,4065,2
208,0,0.0045648631639778,0,CWA,4065,2
209,1,0.9981333613395692,1,CWA,4065,2
216,0,0.1130094081163406,0,CWA,4065,2
217,1,0.9965713024139404,1,CWA,4065,2
220,0,0.4787964820861816,0,CWA,4065,2
221,1,0.5585541129112244,1,CWA,4065,2
222,0,0.4281456470489502,0,CWA,4065,2
223,1,0.6478615999221802,1,CWA,4065,2
232,0,0.1225940659642219,0,CWA,4065,2
233,1,0.2961878180503845,0,CWA,4065,2
242,0,0.7878727316856384,1,CWA,4065,2
243,1,0.9917688369750975,1,CWA,4065,2
270,0,0.0712197721004486,0,CWA,4065,2
271,1,0.9880179166793824,1,CWA,4065,2
276,0,0.0953759774565696,0,CWA,4065,2
277,1,0.9647570848464966,1,CWA,4065,2
280,0,0.2923882901668548,0,CWA,4065,2
281,1,0.1391753405332565,0,CWA,4065,2
284,0,0.1928953379392624,0,CWA,4065,2
285,1,0.9983868598937988,1,CWA,4065,2
286,0,0.3435981869697571,0,CWA,4065,2
287,1,0.9181727170944214,1,CWA,4065,2
298,0,0.0138359433040022,0,CWA,4065,2
299,1,0.1164204403758049,0,CWA,4065,2
302,0,0.1197053790092468,0,CWA,4065,2
303,1,0.9958038926124572,1,CWA,4065,2
314,0,0.2988221347332001,0,CWA,4065,2
315,1,0.0645772889256477,0,CWA,4065,2
326,0,0.8107558488845825,1,CWA,4065,2
327,1,0.7963218688964844,1,CWA,4065,2
328,0,0.0070081674493849,0,CWA,4065,2
329,1,0.7690659761428833,1,CWA,4065,2
366,0,0.0176472403109073,0,CWA,4065,2
367,1,0.0753633603453636,0,CWA,4065,2
368,0,0.098391905426979,0,CWA,4065,2
369,1,0.917934238910675,1,CWA,4065,2
372,0,0.1460688263177871,0,CWA,4065,2
373,1,0.9654306769371032,1,CWA,4065,2
384,0,0.0574670061469078,0,CWA,4065,2
385,1,0.9287073612213136,1,CWA,4065,2
388,0,0.0492618940770626,0,CWA,4065,2
389,1,0.984806478023529,1,CWA,4065,2
392,0,0.0041836579330265,0,CWA,4065,2
393,1,0.9752849340438844,1,CWA,4065,2
8,0,0.8678994178771973,1,CWA,4065,3
9,1,0.4383912980556488,0,CWA,4065,3
34,0,0.5211515426635742,1,CWA,4065,3
35,1,0.6779274344444275,1,CWA,4065,3
38,0,0.2081839591264724,0,CWA,4065,3
39,1,0.4834930300712585,0,CWA,4065,3
62,0,0.1620510667562484,0,CWA,4065,3
63,1,0.8505465388298035,1,CWA,4065,3
74,0,0.7327595353126526,1,CWA,4065,3
75,1,0.9698136448860168,1,CWA,4065,3
76,0,0.3734824657440185,0,CWA,4065,3
77,1,0.915574312210083,1,CWA,4065,3
78,0,0.1692450046539306,0,CWA,4065,3
79,1,0.9746050834655762,1,CWA,4065,3
80,0,0.1690818220376968,0,CWA,4065,3
81,1,0.3007135093212127,0,CWA,4065,3
84,0,0.9473370313644408,1,CWA,4065,3
85,1,0.8595700860023499,1,CWA,4065,3
108,0,0.1360038816928863,0,CWA,4065,3
109,1,0.9586276412010192,1,CWA,4065,3
112,0,0.3908942341804504,0,CWA,4065,3
113,1,0.9314318895339966,1,CWA,4065,3
118,0,0.0897216945886612,0,CWA,4065,3
119,1,0.9754930138587952,1,CWA,4065,3
128,0,0.6163426041603088,1,CWA,4065,3
129,1,0.8052687048912048,1,CWA,4065,3
130,0,0.1903408914804458,0,CWA,4065,3
131,1,0.2299704700708389,0,CWA,4065,3
142,0,0.2874241471290588,0,CWA,4065,3
143,1,0.8453213572502136,1,CWA,4065,3
148,0,0.0409194678068161,0,CWA,4065,3
149,1,0.4892999827861786,0,CWA,4065,3
154,0,0.1699883639812469,0,CWA,4065,3
155,1,0.2148240655660629,0,CWA,4065,3
160,0,0.1894521564245224,0,CWA,4065,3
161,1,0.2810101211071014,0,CWA,4065,3
164,0,0.0981271862983703,0,CWA,4065,3
165,1,0.7069299817085266,1,CWA,4065,3
168,0,0.4370368719100952,0,CWA,4065,3
169,1,0.445618212223053,0,CWA,4065,3
170,0,0.2023967206478119,0,CWA,4065,3
171,1,0.5530110001564026,1,CWA,4065,3
176,0,0.2587368786334991,0,CWA,4065,3
177,1,0.8246399760246277,1,CWA,4065,3
190,0,0.2539401650428772,0,CWA,4065,3
191,1,0.2433910220861435,0,CWA,4065,3
228,0,0.6955547332763672,1,CWA,4065,3
229,1,0.8174795508384705,1,CWA,4065,3
230,0,0.6374571323394775,1,CWA,4065,3
231,1,0.2889992892742157,0,CWA,4065,3
236,0,0.3422569930553436,0,CWA,4065,3
237,1,0.4311152100563049,0,CWA,4065,3
260,0,0.2214100807905197,0,CWA,4065,3
261,1,0.9230013489723206,1,CWA,4065,3
264,0,0.3451547622680664,0,CWA,4065,3
265,1,0.4549608528614044,0,CWA,4065,3
266,0,0.1917833238840103,0,CWA,4065,3
267,1,0.6745219230651855,1,CWA,4065,3
282,0,0.1573680341243744,0,CWA,4065,3
283,1,0.1800136119127273,0,CWA,4065,3
290,0,0.2060272246599197,0,CWA,4065,3
291,1,0.708214282989502,1,CWA,4065,3
296,0,0.3088437020778656,0,CWA,4065,3
297,1,0.9714383482933044,1,CWA,4065,3
304,0,0.1607544273138046,0,CWA,4065,3
305,1,0.2126998454332351,0,CWA,4065,3
322,0,0.2637228965759277,0,CWA,4065,3
323,1,0.673203706741333,1,CWA,4065,3
324,0,0.2707078754901886,0,CWA,4065,3
325,1,0.4852298498153686,0,CWA,4065,3
336,0,0.1772693544626236,0,CWA,4065,3
337,1,0.9065423607826232,1,CWA,4065,3
354,0,0.2333840280771255,0,CWA,4065,3
355,1,0.9627935290336608,1,CWA,4065,3
356,0,0.1741417795419693,0,CWA,4065,3
357,1,0.7174193859100342,1,CWA,4065,3
364,0,0.1596233546733856,0,CWA,4065,3
365,1,0.8799020648002625,1,CWA,4065,3
378,0,0.1833992302417755,0,CWA,4065,3
379,1,0.3105294704437256,0,CWA,4065,3
394,0,0.15131376683712,0,CWA,4065,3
395,1,0.8678994178771973,1,CWA,4065,3
0,0,0.691443681716919,1,CWA,4065,4
1,1,0.2984583377838135,0,CWA,4065,4
4,0,0.9322124719619752,1,CWA,4065,4
5,1,0.3899281919002533,0,CWA,4065,4
20,0,0.7882649302482605,1,CWA,4065,4
21,1,0.20003242790699,0,CWA,4065,4
36,0,0.2295809239149093,0,CWA,4065,4
37,1,0.3116036355495453,0,CWA,4065,4
40,0,0.5776510238647461,1,CWA,4065,4
41,1,0.9467254877090454,1,CWA,4065,4
50,0,0.8884975910186768,1,CWA,4065,4
51,1,0.2895479202270508,0,CWA,4065,4
58,0,0.1287152767181396,0,CWA,4065,4
59,1,0.9035524725914,1,CWA,4065,4
64,0,0.0410541556775569,0,CWA,4065,4
65,1,0.7911281585693359,1,CWA,4065,4
86,0,0.5955959558486938,1,CWA,4065,4
87,1,0.4909462332725525,0,CWA,4065,4
94,0,0.6087411046028137,1,CWA,4065,4
95,1,0.7300025224685669,1,CWA,4065,4
96,0,0.4726035892963409,0,CWA,4065,4
97,1,0.5285732746124268,1,CWA,4065,4
100,0,0.6449859142303467,1,CWA,4065,4
101,1,0.8819791078567505,1,CWA,4065,4
114,0,0.7994511127471924,1,CWA,4065,4
115,1,0.8803496360778809,1,CWA,4065,4
144,0,0.2696114480495453,0,CWA,4065,4
145,1,0.4291679263114929,0,CWA,4065,4
150,0,0.0444621331989765,0,CWA,4065,4
151,1,0.6600973606109619,1,CWA,4065,4
156,0,0.0519983954727649,0,CWA,4065,4
157,1,0.5107417106628418,1,CWA,4065,4
174,0,0.2887420058250427,0,CWA,4065,4
175,1,0.6323838233947754,1,CWA,4065,4
178,0,0.1652937829494476,0,CWA,4065,4
179,1,0.8370590209960938,1,CWA,4065,4
188,0,0.12040526419878,0,CWA,4065,4
189,1,0.7244763374328613,1,CWA,4065,4
196,0,0.1738427728414535,0,CWA,4065,4
197,1,0.9492083787918092,1,CWA,4065,4
204,0,0.5686081051826477,1,CWA,4065,4
205,1,0.5890165567398071,1,CWA,4065,4
224,0,0.5711583495140076,1,CWA,4065,4
225,1,0.1501484513282776,0,CWA,4065,4
238,0,0.2628330886363983,0,CWA,4065,4
239,1,0.9075723886489868,1,CWA,4065,4
240,0,0.4006625711917877,0,CWA,4065,4
241,1,0.5638630986213684,1,CWA,4065,4
248,0,0.0279712043702602,0,CWA,4065,4
249,1,0.3262600302696228,0,CWA,4065,4
268,0,0.5173947215080261,1,CWA,4065,4
269,1,0.5708087086677551,1,CWA,4065,4
272,0,0.2522938251495361,0,CWA,4065,4
273,1,0.6629841923713684,1,CWA,4065,4
274,0,0.3250175416469574,0,CWA,4065,4
275,1,0.8171631693840027,1,CWA,4065,4
288,0,0.4699308574199676,0,CWA,4065,4
289,1,0.908235728740692,1,CWA,4065,4
306,0,0.3379397690296173,0,CWA,4065,4
307,1,0.9322789907455444,1,CWA,4065,4
308,0,0.5575373768806458,1,CWA,4065,4
309,1,0.8556787967681885,1,CWA,4065,4
316,0,0.4623485505580902,0,CWA,4065,4
317,1,0.8648311495780945,1,CWA,4065,4
330,0,0.0250364765524864,0,CWA,4065,4
331,1,0.5837097764015198,1,CWA,4065,4
338,0,0.3000474274158478,0,CWA,4065,4
339,1,0.2013391256332397,0,CWA,4065,4
340,0,0.1662560254335403,0,CWA,4065,4
341,1,0.5752680897712708,1,CWA,4065,4
362,0,0.218119204044342,0,CWA,4065,4
363,1,0.5155948400497437,1,CWA,4065,4
374,0,0.2225963175296783,0,CWA,4065,4
375,1,0.169462963938713,0,CWA,4065,4
382,0,0.3721988797187805,0,CWA,4065,4
383,1,0.6098300218582153,1,CWA,4065,4
398,0,0.2855146527290344,0,CWA,4065,4
399,1,0.363995611667633,0,CWA,4065,4
12,0,0.0480583719909191,0,CWA,4065,5
13,1,0.6834173798561096,1,CWA,4065,5
14,0,0.9077023267745972,1,CWA,4065,5
15,1,0.9672836661338806,1,CWA,4065,5
18,0,0.2519119381904602,0,CWA,4065,5
19,1,0.7109275460243225,1,CWA,4065,5
46,0,0.2224496155977249,0,CWA,4065,5
47,1,0.9438707828521729,1,CWA,4065,5
66,0,0.1126587465405464,0,CWA,4065,5
67,1,0.8597733378410339,1,CWA,4065,5
90,0,0.2256219089031219,0,CWA,4065,5
91,1,0.7253925204277039,1,CWA,4065,5
102,0,0.0138922566547989,0,CWA,4065,5
103,1,0.9775993824005128,1,CWA,4065,5
104,0,0.3343126177787781,0,CWA,4065,5
105,1,0.9665288329124452,1,CWA,4065,5
110,0,0.3128364980220794,0,CWA,4065,5
111,1,0.1579324454069137,0,CWA,4065,5
116,0,0.7096807956695557,1,CWA,4065,5
117,1,0.8319860696792603,1,CWA,4065,5
120,0,0.1437965929508209,0,CWA,4065,5
121,1,0.9853156805038452,1,CWA,4065,5
126,0,0.0118306903168559,0,CWA,4065,5
127,1,0.8438703417778015,1,CWA,4065,5
134,0,0.1579138934612274,0,CWA,4065,5
135,1,0.6901567578315735,1,CWA,4065,5
138,0,0.9400209784507751,1,CWA,4065,5
139,1,0.9575206637382508,1,CWA,4065,5
140,0,0.3051990270614624,0,CWA,4065,5
141,1,0.9707276225090028,1,CWA,4065,5
146,0,0.0492841079831123,0,CWA,4065,5
147,1,0.981780767440796,1,CWA,4065,5
166,0,0.0294378604739904,0,CWA,4065,5
167,1,0.9390957355499268,1,CWA,4065,5
184,0,0.0113725811243057,0,CWA,4065,5
185,1,0.3559780418872833,0,CWA,4065,5
194,0,0.9056943655014038,1,CWA,4065,5
195,1,0.511481761932373,1,CWA,4065,5
200,0,0.0715717896819114,0,CWA,4065,5
201,1,0.984444499015808,1,CWA,4065,5
210,0,0.2017204165458679,0,CWA,4065,5
211,1,0.0320203863084316,0,CWA,4065,5
212,0,0.8404238224029541,1,CWA,4065,5
213,1,0.5772159695625305,1,CWA,4065,5
234,0,0.6546114087104797,1,CWA,4065,5
235,1,0.9329122304916382,1,CWA,4065,5
244,0,0.8140247464179993,1,CWA,4065,5
245,1,0.8866966366767883,1,CWA,4065,5
250,0,0.2235898375511169,0,CWA,4065,5
251,1,0.8934774398803711,1,CWA,4065,5
252,0,0.4535903930664062,0,CWA,4065,5
253,1,0.8355785608291626,1,CWA,4065,5
256,0,0.8399612903594971,1,CWA,4065,5
257,1,0.7496140003204346,1,CWA,4065,5
262,0,0.0681158676743507,0,CWA,4065,5
263,1,0.977549135684967,1,CWA,4065,5
292,0,0.1898309886455536,0,CWA,4065,5
293,1,0.7890979647636414,1,CWA,4065,5
294,0,0.0114584323018789,0,CWA,4065,5
295,1,0.0084148272871971,0,CWA,4065,5
318,0,0.1312664598226547,0,CWA,4065,5
319,1,0.9628024697303772,1,CWA,4065,5
334,0,0.0147037310525774,0,CWA,4065,5
335,1,0.1018038988113403,0,CWA,4065,5
342,0,0.3364164233207702,0,CWA,4065,5
343,1,0.9838302731513976,1,CWA,4065,5
344,0,0.127664029598236,0,CWA,4065,5
345,1,0.8873217105865479,1,CWA,4065,5
348,0,0.9571175575256348,1,CWA,4065,5
349,1,0.9858923554420472,1,CWA,4065,5
350,0,0.8199677467346191,1,CWA,4065,5
351,1,0.8842934370040894,1,CWA,4065,5
352,0,0.7063971161842346,1,CWA,4065,5
353,1,0.9721303582191468,1,CWA,4065,5
376,0,0.1925751566886901,0,CWA,4065,5
377,1,0.4432736337184906,0,CWA,4065,5
390,0,0.2557081878185272,0,CWA,4065,5
391,1,0.1955412328243255,0,CWA,4065,5
400,0,0.0840775594115257,0,CWA,4065,5
401,1,0.0448741652071476,0,CWA,4065,5
402,0,0.0998629853129386,0,CWA,4065,5
403,1,0.9384626746177672,1,CWA,4065,5
0,0,0.6190231442451477,1,CWA,5018,1
1,1,0.3609080612659454,0,CWA,5018,1
8,0,0.9263962507247924,1,CWA,5018,1
9,1,0.78336501121521,1,CWA,5018,1
36,0,0.1340216696262359,0,CWA,5018,1
37,1,0.2422346770763397,0,CWA,5018,1
40,0,0.1265508383512497,0,CWA,5018,1
41,1,0.8583210706710815,1,CWA,5018,1
58,0,0.2738262414932251,0,CWA,5018,1
59,1,0.9497029185295104,1,CWA,5018,1
62,0,0.1258126497268676,0,CWA,5018,1
63,1,0.8329055309295654,1,CWA,5018,1
86,0,0.7708190679550171,1,CWA,5018,1
87,1,0.8014546036720276,1,CWA,5018,1
92,0,0.2494369000196457,0,CWA,5018,1
93,1,0.9562152624130248,1,CWA,5018,1
94,0,0.4003240466117859,0,CWA,5018,1
95,1,0.2334921807050705,0,CWA,5018,1
104,0,0.7475910782814026,1,CWA,5018,1
105,1,0.7422822117805481,1,CWA,5018,1
114,0,0.7011498808860779,1,CWA,5018,1
115,1,0.9151158332824708,1,CWA,5018,1
122,0,0.1134228855371475,0,CWA,5018,1
123,1,0.100715197622776,0,CWA,5018,1
128,0,0.1392072737216949,0,CWA,5018,1
129,1,0.648053765296936,1,CWA,5018,1
138,0,0.7575129270553589,1,CWA,5018,1
139,1,0.6526559591293335,1,CWA,5018,1
140,0,0.0784060806035995,0,CWA,5018,1
141,1,0.8594509363174438,1,CWA,5018,1
148,0,0.0455079525709152,0,CWA,5018,1
149,1,0.1881405711174011,0,CWA,5018,1
152,0,0.1225449293851852,0,CWA,5018,1
153,1,0.9896257519721984,1,CWA,5018,1
164,0,0.0276827104389667,0,CWA,5018,1
165,1,0.8781172037124634,1,CWA,5018,1
168,0,0.558462917804718,1,CWA,5018,1
169,1,0.6338054537773132,1,CWA,5018,1
174,0,0.0921135768294334,0,CWA,5018,1
175,1,0.6557971835136414,1,CWA,5018,1
176,0,0.4995643198490143,0,CWA,5018,1
177,1,0.931325912475586,1,CWA,5018,1
180,0,0.5349957942962646,1,CWA,5018,1
181,1,0.8195663094520569,1,CWA,5018,1
192,0,0.66281658411026,1,CWA,5018,1
193,1,0.9116506576538086,1,CWA,5018,1
200,0,0.056352786719799,0,CWA,5018,1
201,1,0.9775201678276062,1,CWA,5018,1
202,0,0.0304391402751207,0,CWA,5018,1
203,1,0.0428187064826488,0,CWA,5018,1
206,0,0.0336512587964534,0,CWA,5018,1
207,1,0.0543150752782821,0,CWA,5018,1
218,0,0.050885934382677,0,CWA,5018,1
219,1,0.063933677971363,0,CWA,5018,1
234,0,0.1997854858636856,0,CWA,5018,1
235,1,0.9096087217330932,1,CWA,5018,1
248,0,0.0258654672652483,0,CWA,5018,1
249,1,0.5510320663452148,1,CWA,5018,1
256,0,0.777337908744812,1,CWA,5018,1
257,1,0.8300325870513916,1,CWA,5018,1
270,0,0.2752277255058288,0,CWA,5018,1
271,1,0.956895351409912,1,CWA,5018,1
276,0,0.0662510246038436,0,CWA,5018,1
277,1,0.8077846765518188,1,CWA,5018,1
284,0,0.0491414032876491,0,CWA,5018,1
285,1,0.8178630471229553,1,CWA,5018,1
296,0,0.3308770954608917,0,CWA,5018,1
297,1,0.9814921021461488,1,CWA,5018,1
312,0,0.5609652996063232,1,CWA,5018,1
313,1,0.9242199063301086,1,CWA,5018,1
320,0,0.1977358162403106,0,CWA,5018,1
321,1,0.8841390609741211,1,CWA,5018,1
324,0,0.1160141602158546,0,CWA,5018,1
325,1,0.5672105550765991,1,CWA,5018,1
332,0,0.0440167002379894,0,CWA,5018,1
333,1,0.5957228541374207,1,CWA,5018,1
340,0,0.1206127107143402,0,CWA,5018,1
341,1,0.6119000911712646,1,CWA,5018,1
346,0,0.5421911478042603,1,CWA,5018,1
347,1,0.7507442235946655,1,CWA,5018,1
382,0,0.1498335152864456,0,CWA,5018,1
383,1,0.6482938528060913,1,CWA,5018,1
4,0,0.5239143967628479,1,CWA,5018,2
5,1,0.6197443604469299,1,CWA,5018,2
18,0,0.4462635219097137,0,CWA,5018,2
19,1,0.7529312372207642,1,CWA,5018,2
24,0,0.2369621992111206,0,CWA,5018,2
25,1,0.7688665986061096,1,CWA,5018,2
26,0,0.180395558476448,0,CWA,5018,2
27,1,0.4302419126033783,0,CWA,5018,2
34,0,0.7738601565361023,1,CWA,5018,2
35,1,0.9006876945495605,1,CWA,5018,2
44,0,0.1073652803897857,0,CWA,5018,2
45,1,0.1079879328608512,0,CWA,5018,2
48,0,0.4791612029075622,0,CWA,5018,2
49,1,0.1594232022762298,0,CWA,5018,2
68,0,0.3340230584144592,0,CWA,5018,2
69,1,0.910886526107788,1,CWA,5018,2
72,0,0.1597774624824524,0,CWA,5018,2
73,1,0.7298257350921631,1,CWA,5018,2
82,0,0.6648048758506775,1,CWA,5018,2
83,1,0.4618839621543884,0,CWA,5018,2
84,0,0.9536834359169006,1,CWA,5018,2
85,1,0.7185975909233093,1,CWA,5018,2
98,0,0.4895554482936859,0,CWA,5018,2
99,1,0.5407910943031311,1,CWA,5018,2
106,0,0.1642096191644668,0,CWA,5018,2
107,1,0.5212917923927307,1,CWA,5018,2
108,0,0.0809008032083511,0,CWA,5018,2
109,1,0.9456301927566528,1,CWA,5018,2
120,0,0.1929921209812164,0,CWA,5018,2
121,1,0.9287570714950562,1,CWA,5018,2
126,0,0.0678944438695907,0,CWA,5018,2
127,1,0.8892182111740112,1,CWA,5018,2
156,0,0.0638861507177352,0,CWA,5018,2
157,1,0.692736029624939,1,CWA,5018,2
158,0,0.6231512427330017,1,CWA,5018,2
159,1,0.9166692495346068,1,CWA,5018,2
170,0,0.2226558178663253,0,CWA,5018,2
171,1,0.8406771421432495,1,CWA,5018,2
186,0,0.0213274043053388,0,CWA,5018,2
187,1,0.3494633436203003,0,CWA,5018,2
198,0,0.6946566700935364,1,CWA,5018,2
199,1,0.9074463248252868,1,CWA,5018,2
208,0,0.0487140454351902,0,CWA,5018,2
209,1,0.9679827094078064,1,CWA,5018,2
210,0,0.1116167083382606,0,CWA,5018,2
211,1,0.1021084412932396,0,CWA,5018,2
214,0,0.6397092938423157,1,CWA,5018,2
215,1,0.9733127951622008,1,CWA,5018,2
220,0,0.8160624504089355,1,CWA,5018,2
221,1,0.3205711245536804,0,CWA,5018,2
224,0,0.3791301250457763,0,CWA,5018,2
225,1,0.2290205359458923,0,CWA,5018,2
230,0,0.5773398876190186,1,CWA,5018,2
231,1,0.776552140712738,1,CWA,5018,2
246,0,0.6173349618911743,1,CWA,5018,2
247,1,0.8094514608383179,1,CWA,5018,2
254,0,0.0258706957101821,0,CWA,5018,2
255,1,0.8875331282615662,1,CWA,5018,2
258,0,0.724018394947052,1,CWA,5018,2
259,1,0.2986547350883484,0,CWA,5018,2
264,0,0.0477220118045806,0,CWA,5018,2
265,1,0.5582247972488403,1,CWA,5018,2
268,0,0.4800161123275757,0,CWA,5018,2
269,1,0.3668721616268158,0,CWA,5018,2
290,0,0.1144540235400199,0,CWA,5018,2
291,1,0.1736703664064407,0,CWA,5018,2
334,0,0.1503219008445739,0,CWA,5018,2
335,1,0.6632398962974548,1,CWA,5018,2
342,0,0.1307698190212249,0,CWA,5018,2
343,1,0.919829249382019,1,CWA,5018,2
360,0,0.2336331307888031,0,CWA,5018,2
361,1,0.6026968955993652,1,CWA,5018,2
368,0,0.1273529529571533,0,CWA,5018,2
369,1,0.8912556767463684,1,CWA,5018,2
370,0,0.5349105596542358,1,CWA,5018,2
371,1,0.9084417819976808,1,CWA,5018,2
372,0,0.3874952793121338,0,CWA,5018,2
373,1,0.9670752286911012,1,CWA,5018,2
394,0,0.1123391389846801,0,CWA,5018,2
395,1,0.7013252973556519,1,CWA,5018,2
402,0,0.2699002623558044,0,CWA,5018,2
403,1,0.9803428053855896,1,CWA,5018,2
22,0,0.965736448764801,1,CWA,5018,3
23,1,0.9585005640983582,1,CWA,5018,3
32,0,0.0220437292009592,0,CWA,5018,3
33,1,0.967509925365448,1,CWA,5018,3
42,0,0.1424235254526138,0,CWA,5018,3
43,1,0.0287938062101602,0,CWA,5018,3
46,0,0.0172239616513252,0,CWA,5018,3
47,1,0.9511076807975768,1,CWA,5018,3
52,0,0.6472605466842651,1,CWA,5018,3
53,1,0.1670039743185043,0,CWA,5018,3
64,0,0.0166555326431989,0,CWA,5018,3
65,1,0.9670742750167848,1,CWA,5018,3
66,0,0.088940791785717,0,CWA,5018,3
67,1,0.3901364803314209,0,CWA,5018,3
80,0,0.7252084612846375,1,CWA,5018,3
81,1,0.0271886028349399,0,CWA,5018,3
96,0,0.0608357191085815,0,CWA,5018,3
97,1,0.0724483206868171,0,CWA,5018,3
112,0,0.0268938839435577,0,CWA,5018,3
113,1,0.9633342623710632,1,CWA,5018,3
116,0,0.7857444286346436,1,CWA,5018,3
117,1,0.309408575296402,0,CWA,5018,3
124,0,0.9561629891395568,1,CWA,5018,3
125,1,0.1361262649297714,0,CWA,5018,3
132,0,0.0105379577726125,0,CWA,5018,3
133,1,0.5290987491607666,1,CWA,5018,3
136,0,0.8231164813041687,1,CWA,5018,3
137,1,0.998445451259613,1,CWA,5018,3
142,0,0.1279163658618927,0,CWA,5018,3
143,1,0.8732703328132629,1,CWA,5018,3
144,0,0.8712778091430664,1,CWA,5018,3
145,1,0.3966760337352752,0,CWA,5018,3
146,0,0.0115725835785269,0,CWA,5018,3
147,1,0.998995006084442,1,CWA,5018,3
154,0,0.0264550503343343,0,CWA,5018,3
155,1,0.0221078041940927,0,CWA,5018,3
190,0,0.0374463014304637,0,CWA,5018,3
191,1,0.0291199218481779,0,CWA,5018,3
204,0,0.1682430654764175,0,CWA,5018,3
205,1,0.1084351614117622,0,CWA,5018,3
226,0,0.0300641153007745,0,CWA,5018,3
227,1,0.0526808500289917,0,CWA,5018,3
228,0,0.9365244507789612,1,CWA,5018,3
229,1,0.9443771839141846,1,CWA,5018,3
232,0,0.1340583264827728,0,CWA,5018,3
233,1,0.1482460498809814,0,CWA,5018,3
240,0,0.0204261839389801,0,CWA,5018,3
241,1,0.015299579128623,0,CWA,5018,3
242,0,0.215828076004982,0,CWA,5018,3
243,1,0.5440571904182434,1,CWA,5018,3
260,0,0.0953564345836639,0,CWA,5018,3
261,1,0.9498719573020936,1,CWA,5018,3
262,0,0.0075008519925177,0,CWA,5018,3
263,1,0.9641509652137756,1,CWA,5018,3
266,0,0.0461359992623329,0,CWA,5018,3
267,1,0.6050872206687927,1,CWA,5018,3
278,0,0.0460902117192745,0,CWA,5018,3
279,1,0.9701139330863952,1,CWA,5018,3
292,0,0.0187037829309701,0,CWA,5018,3
293,1,0.9823482632637024,1,CWA,5018,3
298,0,0.1142405644059181,0,CWA,5018,3
299,1,0.7866361737251282,1,CWA,5018,3
304,0,0.0426104702055454,0,CWA,5018,3
305,1,0.1961598545312881,0,CWA,5018,3
306,0,0.4288403987884521,0,CWA,5018,3
307,1,0.9942671656608582,1,CWA,5018,3
314,0,0.5010168552398682,1,CWA,5018,3
315,1,0.0844571888446807,0,CWA,5018,3
316,0,0.7805849313735962,1,CWA,5018,3
317,1,0.9905934929847716,1,CWA,5018,3
322,0,0.0263691954314708,0,CWA,5018,3
323,1,0.9792015552520752,1,CWA,5018,3
336,0,0.0878500267863273,0,CWA,5018,3
337,1,0.988179087638855,1,CWA,5018,3
350,0,0.3744337260723114,0,CWA,5018,3
351,1,0.9609254002571106,1,CWA,5018,3
362,0,0.0437155030667781,0,CWA,5018,3
363,1,0.1749318242073059,0,CWA,5018,3
364,0,0.0212166048586368,0,CWA,5018,3
365,1,0.984259307384491,1,CWA,5018,3
380,0,0.5845379829406738,1,CWA,5018,3
381,1,0.653282642364502,1,CWA,5018,3
2,0,0.2190791666507721,0,CWA,5018,4
3,1,0.1988265365362167,0,CWA,5018,4
16,0,0.4743158519268036,0,CWA,5018,4
17,1,0.6218187212944031,1,CWA,5018,4
20,0,0.860736608505249,1,CWA,5018,4
21,1,0.3121407032012939,0,CWA,5018,4
50,0,0.655778169631958,1,CWA,5018,4
51,1,0.3971509337425232,0,CWA,5018,4
54,0,0.1710228323936462,0,CWA,5018,4
55,1,0.9232808947563172,1,CWA,5018,4
60,0,0.4032562375068664,0,CWA,5018,4
61,1,0.9477584362030028,1,CWA,5018,4
70,0,0.8735501766204834,1,CWA,5018,4
71,1,0.3732064962387085,0,CWA,5018,4
76,0,0.5855845808982849,1,CWA,5018,4
77,1,0.915549099445343,1,CWA,5018,4
90,0,0.1871015429496765,0,CWA,5018,4
91,1,0.7127993106842041,1,CWA,5018,4
102,0,0.0852676704525947,0,CWA,5018,4
103,1,0.9194650650024414,1,CWA,5018,4
118,0,0.2636046409606933,0,CWA,5018,4
119,1,0.968435525894165,1,CWA,5018,4
130,0,0.2442799657583236,0,CWA,5018,4
131,1,0.2402960658073425,0,CWA,5018,4
134,0,0.4487646222114563,0,CWA,5018,4
135,1,0.166658878326416,0,CWA,5018,4
160,0,0.2697072029113769,0,CWA,5018,4
161,1,0.2817515730857849,0,CWA,5018,4
162,0,0.3800477385520935,0,CWA,5018,4
163,1,0.9687733054161072,1,CWA,5018,4
172,0,0.7565178275108337,1,CWA,5018,4
173,1,0.7462435960769653,1,CWA,5018,4
188,0,0.2632715404033661,0,CWA,5018,4
189,1,0.7021194100379944,1,CWA,5018,4
194,0,0.3481027483940124,0,CWA,5018,4
195,1,0.2558542788028717,0,CWA,5018,4
196,0,0.3794065117835998,0,CWA,5018,4
197,1,0.964064121246338,1,CWA,5018,4
212,0,0.8705905079841614,1,CWA,5018,4
213,1,0.4975044131278991,0,CWA,5018,4
222,0,0.368304431438446,0,CWA,5018,4
223,1,0.4364127814769745,0,CWA,5018,4
238,0,0.1216463148593902,0,CWA,5018,4
239,1,0.7472671866416931,1,CWA,5018,4
244,0,0.6069855093955994,1,CWA,5018,4
245,1,0.6255050301551819,1,CWA,5018,4
250,0,0.1309594511985778,0,CWA,5018,4
251,1,0.5803396105766296,1,CWA,5018,4
252,0,0.1254377663135528,0,CWA,5018,4
253,1,0.4924032986164093,0,CWA,5018,4
272,0,0.2603159248828888,0,CWA,5018,4
273,1,0.2681173086166382,0,CWA,5018,4
274,0,0.2363327741622924,0,CWA,5018,4
275,1,0.7909030318260193,1,CWA,5018,4
280,0,0.1701558530330658,0,CWA,5018,4
281,1,0.2867355346679687,0,CWA,5018,4
300,0,0.1176930144429206,0,CWA,5018,4
301,1,0.9127426743507384,1,CWA,5018,4
302,0,0.2305688858032226,0,CWA,5018,4
303,1,0.8983145952224731,1,CWA,5018,4
308,0,0.2018464654684066,0,CWA,5018,4
309,1,0.6694217920303345,1,CWA,5018,4
318,0,0.0986712723970413,0,CWA,5018,4
319,1,0.942922592163086,1,CWA,5018,4
328,0,0.0560920014977455,0,CWA,5018,4
329,1,0.3853728175163269,0,CWA,5018,4
330,0,0.2569539546966553,0,CWA,5018,4
331,1,0.4733486473560333,0,CWA,5018,4
344,0,0.3156087398529053,0,CWA,5018,4
345,1,0.8258176445960999,1,CWA,5018,4
366,0,0.1817727535963058,0,CWA,5018,4
367,1,0.2212992012500763,0,CWA,5018,4
376,0,0.1267333179712295,0,CWA,5018,4
377,1,0.3613999187946319,0,CWA,5018,4
384,0,0.0503234528005123,0,CWA,5018,4
385,1,0.8246491551399231,1,CWA,5018,4
392,0,0.123795635998249,0,CWA,5018,4
393,1,0.5556561946868896,1,CWA,5018,4
398,0,0.3093630671501159,0,CWA,5018,4
399,1,0.2728737592697143,0,CWA,5018,4
6,0,0.2491452246904373,0,CWA,5018,5
7,1,0.9479454159736632,1,CWA,5018,5
10,0,0.6926867365837097,1,CWA,5018,5
11,1,0.7903128266334534,1,CWA,5018,5
12,0,0.1626299768686294,0,CWA,5018,5
13,1,0.4737973213195801,0,CWA,5018,5
14,0,0.7119074463844299,1,CWA,5018,5
15,1,0.9295489192008972,1,CWA,5018,5
28,0,0.1586941033601761,0,CWA,5018,5
29,1,0.5495319962501526,1,CWA,5018,5
30,0,0.1264422386884689,0,CWA,5018,5
31,1,0.8033735156059265,1,CWA,5018,5
38,0,0.1413058787584304,0,CWA,5018,5
39,1,0.3305055201053619,0,CWA,5018,5
56,0,0.14956034719944,0,CWA,5018,5
57,1,0.9541929364204408,1,CWA,5018,5
74,0,0.6588103175163269,1,CWA,5018,5
75,1,0.8926877975463867,1,CWA,5018,5
78,0,0.0478753000497818,0,CWA,5018,5
79,1,0.8131700158119202,1,CWA,5018,5
88,0,0.8642311096191406,1,CWA,5018,5
89,1,0.6971473097801208,1,CWA,5018,5
100,0,0.1910397708415985,0,CWA,5018,5
101,1,0.913773775100708,1,CWA,5018,5
110,0,0.1054202914237976,0,CWA,5018,5
111,1,0.1011094450950622,0,CWA,5018,5
150,0,0.0159370303153991,0,CWA,5018,5
151,1,0.3569743633270263,0,CWA,5018,5
166,0,0.143528327345848,0,CWA,5018,5
167,1,0.8038668632507324,1,CWA,5018,5
178,0,0.1783338338136673,0,CWA,5018,5
179,1,0.9175615906715392,1,CWA,5018,5
182,0,0.6621660590171814,1,CWA,5018,5
183,1,0.8502482771873474,1,CWA,5018,5
184,0,0.0138009442016482,0,CWA,5018,5
185,1,0.3179403841495514,0,CWA,5018,5
216,0,0.0446679182350635,0,CWA,5018,5
217,1,0.9825631380081176,1,CWA,5018,5
236,0,0.2137667685747146,0,CWA,5018,5
237,1,0.4344383180141449,0,CWA,5018,5
282,0,0.1363948732614517,0,CWA,5018,5
283,1,0.3192984163761139,0,CWA,5018,5
286,0,0.1310351341962814,0,CWA,5018,5
287,1,0.3552226126194,0,CWA,5018,5
288,0,0.3698151111602783,0,CWA,5018,5
289,1,0.9142470359802246,1,CWA,5018,5
294,0,0.0204777065664529,0,CWA,5018,5
295,1,0.0243184380233287,0,CWA,5018,5
310,0,0.1279101520776748,0,CWA,5018,5
311,1,0.9074609279632568,1,CWA,5018,5
326,0,0.2714194357395172,0,CWA,5018,5
327,1,0.6180391311645508,1,CWA,5018,5
338,0,0.2365478426218032,0,CWA,5018,5
339,1,0.0435315854847431,0,CWA,5018,5
348,0,0.5591970682144165,1,CWA,5018,5
349,1,0.9563992023468018,1,CWA,5018,5
352,0,0.22707499563694,0,CWA,5018,5
353,1,0.8117944598197937,1,CWA,5018,5
354,0,0.228032648563385,0,CWA,5018,5
355,1,0.956587016582489,1,CWA,5018,5
356,0,0.1004705801606178,0,CWA,5018,5
357,1,0.9677169322967528,1,CWA,5018,5
358,0,0.1339873373508453,0,CWA,5018,5
359,1,0.8882251381874084,1,CWA,5018,5
374,0,0.2220275849103927,0,CWA,5018,5
375,1,0.2002200633287429,0,CWA,5018,5
378,0,0.0733003243803978,0,CWA,5018,5
379,1,0.7240591049194336,1,CWA,5018,5
386,0,0.2284261286258697,0,CWA,5018,5
387,1,0.2150594294071197,0,CWA,5018,5
388,0,0.1833102256059646,0,CWA,5018,5
389,1,0.4527376294136047,0,CWA,5018,5
390,0,0.2474635988473892,0,CWA,5018,5
391,1,0.4394740760326385,0,CWA,5018,5
396,0,0.2861720323562622,0,CWA,5018,5
397,1,0.1820979565382003,0,CWA,5018,5
400,0,0.1384014040231704,0,CWA,5018,5
401,1,0.0829635262489318,0,CWA,5018,5
6,0,0.3077492415904999,0,CWA,5168,1
7,1,0.9527535438537598,1,CWA,5168,1
24,0,0.0730849057435989,0,CWA,5168,1
25,1,0.8096641302108765,1,CWA,5168,1
26,0,0.1742968261241912,0,CWA,5168,1
27,1,0.3305593132972717,0,CWA,5168,1
28,0,0.1744370758533477,0,CWA,5168,1
29,1,0.3773556351661682,0,CWA,5168,1
34,0,0.3203615248203277,0,CWA,5168,1
35,1,0.8171618580818176,1,CWA,5168,1
56,0,0.1851763576269149,0,CWA,5168,1
57,1,0.9326339960098268,1,CWA,5168,1
82,0,0.8717799782752991,1,CWA,5168,1
83,1,0.8660698533058167,1,CWA,5168,1
84,0,0.9607884287834167,1,CWA,5168,1
85,1,0.8533048629760742,1,CWA,5168,1
110,0,0.858628511428833,1,CWA,5168,1
111,1,0.1497356444597244,0,CWA,5168,1
112,0,0.4847822487354278,0,CWA,5168,1
113,1,0.96540367603302,1,CWA,5168,1
128,0,0.8813236951828003,1,CWA,5168,1
129,1,0.8852701187133789,1,CWA,5168,1
132,0,0.0351571440696716,0,CWA,5168,1
133,1,0.0621052011847496,0,CWA,5168,1
144,0,0.6749750375747681,1,CWA,5168,1
145,1,0.0467099770903587,0,CWA,5168,1
146,0,0.0430497154593467,0,CWA,5168,1
147,1,0.970622181892395,1,CWA,5168,1
148,0,0.1191027909517288,0,CWA,5168,1
149,1,0.5489687323570251,1,CWA,5168,1
194,0,0.0947211161255836,0,CWA,5168,1
195,1,0.2041005194187164,0,CWA,5168,1
196,0,0.1260307282209396,0,CWA,5168,1
197,1,0.9663782715797424,1,CWA,5168,1
202,0,0.0566987060010433,0,CWA,5168,1
203,1,0.1326764076948166,0,CWA,5168,1
208,0,0.152370274066925,0,CWA,5168,1
209,1,0.9401870369911194,1,CWA,5168,1
222,0,0.8873130679130554,1,CWA,5168,1
223,1,0.499922513961792,0,CWA,5168,1
224,0,0.3461536467075348,0,CWA,5168,1
225,1,0.0908844023942947,0,CWA,5168,1
226,0,0.1585323214530944,0,CWA,5168,1
227,1,0.5589821934700012,1,CWA,5168,1
240,0,0.2202466279268264,0,CWA,5168,1
241,1,0.2787809669971466,0,CWA,5168,1
244,0,0.8366478681564331,1,CWA,5168,1
245,1,0.8237817883491516,1,CWA,5168,1
262,0,0.0649531632661819,0,CWA,5168,1
263,1,0.9801825284957886,1,CWA,5168,1
264,0,0.5768957138061523,1,CWA,5168,1
265,1,0.7603296041488647,1,CWA,5168,1
282,0,0.431294709444046,0,CWA,5168,1
283,1,0.2412889152765274,0,CWA,5168,1
286,0,0.1818072199821472,0,CWA,5168,1
287,1,0.3053272366523742,0,CWA,5168,1
290,0,0.1169105097651481,0,CWA,5168,1
291,1,0.7479997873306274,1,CWA,5168,1
304,0,0.1346855908632278,0,CWA,5168,1
305,1,0.5569983720779419,1,CWA,5168,1
316,0,0.8472919464111328,1,CWA,5168,1
317,1,0.961702525615692,1,CWA,5168,1
322,0,0.1500812619924545,0,CWA,5168,1
323,1,0.7253450751304626,1,CWA,5168,1
326,0,0.5416789650917053,1,CWA,5168,1
327,1,0.5251911282539368,1,CWA,5168,1
336,0,0.2324371337890625,0,CWA,5168,1
337,1,0.9585684537887572,1,CWA,5168,1
344,0,0.5821691751480103,1,CWA,5168,1
345,1,0.5865424275398254,1,CWA,5168,1
352,0,0.1582230627536773,0,CWA,5168,1
353,1,0.9808244705200196,1,CWA,5168,1
362,0,0.5680225491523743,1,CWA,5168,1
363,1,0.8121750950813293,1,CWA,5168,1
390,0,0.3005766868591308,0,CWA,5168,1
391,1,0.7856199741363525,1,CWA,5168,1
396,0,0.4009827971458435,0,CWA,5168,1
397,1,0.9113815426826476,1,CWA,5168,1
400,0,0.4741096496582031,0,CWA,5168,1
401,1,0.3915981948375702,0,CWA,5168,1
402,0,0.1761023849248886,0,CWA,5168,1
403,1,0.9476416110992432,1,CWA,5168,1
2,0,0.0788469016551971,0,CWA,5168,2
3,1,0.0663882791996002,0,CWA,5168,2
4,0,0.4836593866348266,0,CWA,5168,2
5,1,0.4915208220481872,0,CWA,5168,2
8,0,0.9252603054046632,1,CWA,5168,2
9,1,0.6430525779724121,1,CWA,5168,2
12,0,0.0221632644534111,0,CWA,5168,2
13,1,0.9551416635513306,1,CWA,5168,2
14,0,0.6245893836021423,1,CWA,5168,2
15,1,0.9303851127624512,1,CWA,5168,2
36,0,0.1499174833297729,0,CWA,5168,2
37,1,0.3075451254844665,0,CWA,5168,2
38,0,0.1499174833297729,0,CWA,5168,2
39,1,0.3075451254844665,0,CWA,5168,2
40,0,0.6519042253494263,1,CWA,5168,2
41,1,0.7658690214157104,1,CWA,5168,2
44,0,0.028518684208393,0,CWA,5168,2
45,1,0.0254884585738182,0,CWA,5168,2
58,0,0.2069487124681472,0,CWA,5168,2
59,1,0.7707271575927734,1,CWA,5168,2
76,0,0.8576210141181946,1,CWA,5168,2
77,1,0.8299493789672852,1,CWA,5168,2
90,0,0.2836860418319702,0,CWA,5168,2
91,1,0.8763605356216431,1,CWA,5168,2
94,0,0.705241858959198,1,CWA,5168,2
95,1,0.7253966331481934,1,CWA,5168,2
114,0,0.7163221836090088,1,CWA,5168,2
115,1,0.9360385537147522,1,CWA,5168,2
116,0,0.7565724849700928,1,CWA,5168,2
117,1,0.7037429809570312,1,CWA,5168,2
130,0,0.1092935875058174,0,CWA,5168,2
131,1,0.1162257045507431,0,CWA,5168,2
134,0,0.4532884657382965,0,CWA,5168,2
135,1,0.586651623249054,1,CWA,5168,2
136,0,0.6232935786247253,1,CWA,5168,2
137,1,0.9646316766738892,1,CWA,5168,2
150,0,0.0220209714025259,0,CWA,5168,2
151,1,0.8018914461135864,1,CWA,5168,2
172,0,0.8987308144569397,1,CWA,5168,2
173,1,0.9009501338005066,1,CWA,5168,2
186,0,0.0136487763375043,0,CWA,5168,2
187,1,0.553704023361206,1,CWA,5168,2
200,0,0.0497902743518352,0,CWA,5168,2
201,1,0.9443752765655518,1,CWA,5168,2
206,0,0.0281591080129146,0,CWA,5168,2
207,1,0.0191985797137022,0,CWA,5168,2
228,0,0.8973122835159302,1,CWA,5168,2
229,1,0.8062416315078735,1,CWA,5168,2
234,0,0.2840802669525146,0,CWA,5168,2
235,1,0.5593177676200867,1,CWA,5168,2
254,0,0.1842724978923797,0,CWA,5168,2
255,1,0.9130478501319884,1,CWA,5168,2
272,0,0.1591875702142715,0,CWA,5168,2
273,1,0.5249566435813904,1,CWA,5168,2
294,0,0.0415504947304725,0,CWA,5168,2
295,1,0.1614090353250503,0,CWA,5168,2
302,0,0.0455358996987342,0,CWA,5168,2
303,1,0.9811612963676452,1,CWA,5168,2
310,0,0.0451928712427616,0,CWA,5168,2
311,1,0.9452210664749146,1,CWA,5168,2
314,0,0.7603206038475037,1,CWA,5168,2
315,1,0.482383131980896,0,CWA,5168,2
318,0,0.0449725128710269,0,CWA,5168,2
319,1,0.9593971371650696,1,CWA,5168,2
330,0,0.0856049731373786,0,CWA,5168,2
331,1,0.5170969367027283,1,CWA,5168,2
332,0,0.0415005311369895,0,CWA,5168,2
333,1,0.7256641387939453,1,CWA,5168,2
358,0,0.0161467138677835,0,CWA,5168,2
359,1,0.9822351932525636,1,CWA,5168,2
360,0,0.1325640082359314,0,CWA,5168,2
361,1,0.2406115531921386,0,CWA,5168,2
364,0,0.0568238534033298,0,CWA,5168,2
365,1,0.9673759341239928,1,CWA,5168,2
372,0,0.1968424916267395,0,CWA,5168,2
373,1,0.8996573686599731,1,CWA,5168,2
378,0,0.0453945808112621,0,CWA,5168,2
379,1,0.557256817817688,1,CWA,5168,2
388,0,0.0366843491792678,0,CWA,5168,2
389,1,0.7958593368530273,1,CWA,5168,2
10,0,0.4599194526672363,0,CWA,5168,3
11,1,0.6836554408073425,1,CWA,5168,3
18,0,0.1493492126464843,0,CWA,5168,3
19,1,0.644122302532196,1,CWA,5168,3
22,0,0.7974081039428711,1,CWA,5168,3
23,1,0.7397573590278625,1,CWA,5168,3
32,0,0.1039832159876823,0,CWA,5168,3
33,1,0.6558454036712646,1,CWA,5168,3
52,0,0.6889913082122803,1,CWA,5168,3
53,1,0.5775930285453796,1,CWA,5168,3
64,0,0.1926578879356384,0,CWA,5168,3
65,1,0.8620991110801697,1,CWA,5168,3
68,0,0.6106418967247009,1,CWA,5168,3
69,1,0.9137312173843384,1,CWA,5168,3
78,0,0.2049082517623901,0,CWA,5168,3
79,1,0.8713902235031128,1,CWA,5168,3
80,0,0.2794996500015259,0,CWA,5168,3
81,1,0.1995740830898285,0,CWA,5168,3
86,0,0.4730965793132782,0,CWA,5168,3
87,1,0.431127667427063,0,CWA,5168,3
100,0,0.3826348483562469,0,CWA,5168,3
101,1,0.9395771622657776,1,CWA,5168,3
102,0,0.082436665892601,0,CWA,5168,3
103,1,0.9433931708335876,1,CWA,5168,3
106,0,0.1109654605388641,0,CWA,5168,3
107,1,0.4732917547225952,0,CWA,5168,3
154,0,0.0675480291247367,0,CWA,5168,3
155,1,0.1950390934944152,0,CWA,5168,3
156,0,0.0421502031385898,0,CWA,5168,3
157,1,0.2510973513126373,0,CWA,5168,3
158,0,0.1950390934944152,0,CWA,5168,3
159,1,0.956768035888672,1,CWA,5168,3
162,0,0.3810330927371979,0,CWA,5168,3
163,1,0.954911470413208,1,CWA,5168,3
166,0,0.3267978131771087,0,CWA,5168,3
167,1,0.5310830473899841,1,CWA,5168,3
168,0,0.4512152671813965,0,CWA,5168,3
169,1,0.4994840621948242,0,CWA,5168,3
170,0,0.2771516144275665,0,CWA,5168,3
171,1,0.5412982106208801,1,CWA,5168,3
178,0,0.2182853668928146,0,CWA,5168,3
179,1,0.5737168788909912,1,CWA,5168,3
192,0,0.7312832474708557,1,CWA,5168,3
193,1,0.838293194770813,1,CWA,5168,3
198,0,0.209219604730606,0,CWA,5168,3
199,1,0.7719695568084717,1,CWA,5168,3
214,0,0.5054253339767456,1,CWA,5168,3
215,1,0.9273449778556824,1,CWA,5168,3
216,0,0.141756385564804,0,CWA,5168,3
217,1,0.9568055272102356,1,CWA,5168,3
220,0,0.8753930330276489,1,CWA,5168,3
221,1,0.5180807113647461,1,CWA,5168,3
238,0,0.2044002413749694,0,CWA,5168,3
239,1,0.512972354888916,1,CWA,5168,3
250,0,0.1999813169240951,0,CWA,5168,3
251,1,0.391127198934555,0,CWA,5168,3
252,0,0.2097062021493911,0,CWA,5168,3
253,1,0.5433596968650818,1,CWA,5168,3
256,0,0.5879048109054565,1,CWA,5168,3
257,1,0.8450438976287842,1,CWA,5168,3
258,0,0.1662265658378601,0,CWA,5168,3
259,1,0.6896067261695862,1,CWA,5168,3
268,0,0.6715334057807922,1,CWA,5168,3
269,1,0.6123523712158203,1,CWA,5168,3
278,0,0.4233830571174621,0,CWA,5168,3
279,1,0.7908417582511902,1,CWA,5168,3
280,0,0.459706574678421,0,CWA,5168,3
281,1,0.5117918848991394,1,CWA,5168,3
296,0,0.3264135420322418,0,CWA,5168,3
297,1,0.9678155183792114,1,CWA,5168,3
320,0,0.3950622081756592,0,CWA,5168,3
321,1,0.6830912828445435,1,CWA,5168,3
340,0,0.1416704803705215,0,CWA,5168,3
341,1,0.3666203618049621,0,CWA,5168,3
366,0,0.1879608482122421,0,CWA,5168,3
367,1,0.4029006659984588,0,CWA,5168,3
374,0,0.1773184239864349,0,CWA,5168,3
375,1,0.2428862154483795,0,CWA,5168,3
382,0,0.282785564661026,0,CWA,5168,3
383,1,0.5679842233657837,1,CWA,5168,3
392,0,0.1915166974067688,0,CWA,5168,3
393,1,0.4188668131828308,0,CWA,5168,3
0,0,0.5480422973632812,1,CWA,5168,4
1,1,0.553602933883667,1,CWA,5168,4
30,0,0.2874071300029754,0,CWA,5168,4
31,1,0.601009726524353,1,CWA,5168,4
50,0,0.607854425907135,1,CWA,5168,4
51,1,0.2669019699096679,0,CWA,5168,4
62,0,0.1670861095190048,0,CWA,5168,4
63,1,0.7377616167068481,1,CWA,5168,4
66,0,0.2817617654800415,0,CWA,5168,4
67,1,0.5893985629081726,1,CWA,5168,4
96,0,0.286786675453186,0,CWA,5168,4
97,1,0.5537365674972534,1,CWA,5168,4
118,0,0.3421392440795898,0,CWA,5168,4
119,1,0.923582911491394,1,CWA,5168,4
122,0,0.2085243314504623,0,CWA,5168,4
123,1,0.2575262486934662,0,CWA,5168,4
124,0,0.7883053421974182,1,CWA,5168,4
125,1,0.7346143126487732,1,CWA,5168,4
138,0,0.7726563811302185,1,CWA,5168,4
139,1,0.7539351582527161,1,CWA,5168,4
140,0,0.2146085351705551,0,CWA,5168,4
141,1,0.8019413948059082,1,CWA,5168,4
152,0,0.2026404738426208,0,CWA,5168,4
153,1,0.9333615303039552,1,CWA,5168,4
164,0,0.1209754049777984,0,CWA,5168,4
165,1,0.4708724617958069,0,CWA,5168,4
174,0,0.3479332327842712,0,CWA,5168,4
175,1,0.5157861113548279,1,CWA,5168,4
176,0,0.370295912027359,0,CWA,5168,4
177,1,0.6092097759246826,1,CWA,5168,4
182,0,0.6327421069145203,1,CWA,5168,4
183,1,0.555467963218689,1,CWA,5168,4
184,0,0.2153227925300598,0,CWA,5168,4
185,1,0.4331174194812774,0,CWA,5168,4
190,0,0.2941596210002899,0,CWA,5168,4
191,1,0.4232751429080963,0,CWA,5168,4
210,0,0.170088306069374,0,CWA,5168,4
211,1,0.1684144735336303,0,CWA,5168,4
212,0,0.6925644278526306,1,CWA,5168,4
213,1,0.514285683631897,1,CWA,5168,4
236,0,0.4167569875717163,0,CWA,5168,4
237,1,0.5671399235725403,1,CWA,5168,4
242,0,0.6077199578285217,1,CWA,5168,4
243,1,0.6658325791358948,1,CWA,5168,4
248,0,0.1232271268963813,0,CWA,5168,4
249,1,0.3206075727939605,0,CWA,5168,4
260,0,0.3004186153411865,0,CWA,5168,4
261,1,0.7224133610725403,1,CWA,5168,4
270,0,0.2798665761947632,0,CWA,5168,4
271,1,0.71677565574646,1,CWA,5168,4
284,0,0.3044453561306,0,CWA,5168,4
285,1,0.699795663356781,1,CWA,5168,4
298,0,0.2946160733699798,0,CWA,5168,4
299,1,0.5162624716758728,1,CWA,5168,4
306,0,0.3406852781772613,0,CWA,5168,4
307,1,0.9233717322349548,1,CWA,5168,4
308,0,0.3436315953731537,0,CWA,5168,4
309,1,0.6513435244560242,1,CWA,5168,4
328,0,0.2139011174440384,0,CWA,5168,4
329,1,0.4978556632995605,0,CWA,5168,4
334,0,0.2014773488044738,0,CWA,5168,4
335,1,0.3320794701576233,0,CWA,5168,4
348,0,0.4042442440986633,0,CWA,5168,4
349,1,0.9079646468162536,1,CWA,5168,4
354,0,0.37738236784935,0,CWA,5168,4
355,1,0.8446006774902344,1,CWA,5168,4
368,0,0.1826279014348983,0,CWA,5168,4
369,1,0.4455811977386474,0,CWA,5168,4
370,0,0.2317378968000412,0,CWA,5168,4
371,1,0.7720643877983093,1,CWA,5168,4
376,0,0.4519693851470947,0,CWA,5168,4
377,1,0.3766417503356933,0,CWA,5168,4
380,0,0.6259111762046814,1,CWA,5168,4
381,1,0.6488551497459412,1,CWA,5168,4
386,0,0.2544548809528351,0,CWA,5168,4
387,1,0.3129370808601379,0,CWA,5168,4
394,0,0.2881534099578857,0,CWA,5168,4
395,1,0.4175792634487152,0,CWA,5168,4
16,0,0.6490063071250916,1,CWA,5168,5
17,1,0.7255834341049194,1,CWA,5168,5
20,0,0.6084357500076294,1,CWA,5168,5
21,1,0.3430031239986419,0,CWA,5168,5
42,0,0.3121661841869354,0,CWA,5168,5
43,1,0.2928133606910705,0,CWA,5168,5
46,0,0.4176578223705292,0,CWA,5168,5
47,1,0.554571807384491,1,CWA,5168,5
48,0,0.4433066248893738,0,CWA,5168,5
49,1,0.2476140111684799,0,CWA,5168,5
54,0,0.2736138105392456,0,CWA,5168,5
55,1,0.8075856566429138,1,CWA,5168,5
60,0,0.6110659837722778,1,CWA,5168,5
61,1,0.8953061699867249,1,CWA,5168,5
70,0,0.8579350709915161,1,CWA,5168,5
71,1,0.5027651786804199,1,CWA,5168,5
72,0,0.2987035512924194,0,CWA,5168,5
73,1,0.3408724665641784,0,CWA,5168,5
74,0,0.8331484198570251,1,CWA,5168,5
75,1,0.8839533925056458,1,CWA,5168,5
88,0,0.6068603992462158,1,CWA,5168,5
89,1,0.597419023513794,1,CWA,5168,5
92,0,0.3304882645606994,0,CWA,5168,5
93,1,0.8870660066604614,1,CWA,5168,5
98,0,0.5815536379814148,1,CWA,5168,5
99,1,0.6635183691978455,1,CWA,5168,5
104,0,0.6583641171455383,1,CWA,5168,5
105,1,0.6342445015907288,1,CWA,5168,5
108,0,0.2231343388557434,0,CWA,5168,5
109,1,0.8429086208343506,1,CWA,5168,5
120,0,0.320024698972702,0,CWA,5168,5
121,1,0.7210213541984558,1,CWA,5168,5
126,0,0.2424455434083938,0,CWA,5168,5
127,1,0.483909398317337,0,CWA,5168,5
142,0,0.4891358911991119,0,CWA,5168,5
143,1,0.8718703389167786,1,CWA,5168,5
160,0,0.22637240588665,0,CWA,5168,5
161,1,0.6183832883834839,1,CWA,5168,5
180,0,0.5898020267486572,1,CWA,5168,5
181,1,0.7173506021499634,1,CWA,5168,5
188,0,0.4508782625198364,0,CWA,5168,5
189,1,0.8429604768753052,1,CWA,5168,5
204,0,0.6970927715301514,1,CWA,5168,5
205,1,0.7153497934341431,1,CWA,5168,5
218,0,0.115676425397396,0,CWA,5168,5
219,1,0.1308797895908355,0,CWA,5168,5
230,0,0.3518508374691009,0,CWA,5168,5
231,1,0.2741121351718902,0,CWA,5168,5
232,0,0.1642483621835708,0,CWA,5168,5
233,1,0.4842442572116852,0,CWA,5168,5
246,0,0.7487474083900452,1,CWA,5168,5
247,1,0.7170477509498596,1,CWA,5168,5
266,0,0.2275999635457992,0,CWA,5168,5
267,1,0.4695197939872741,0,CWA,5168,5
274,0,0.1688223034143448,0,CWA,5168,5
275,1,0.7263526916503906,1,CWA,5168,5
276,0,0.1840280890464782,0,CWA,5168,5
277,1,0.7848473787307739,1,CWA,5168,5
288,0,0.4820342063903808,0,CWA,5168,5
289,1,0.912265121936798,1,CWA,5168,5
292,0,0.2298016101121902,0,CWA,5168,5
293,1,0.8664183020591736,1,CWA,5168,5
300,0,0.183224156498909,0,CWA,5168,5
301,1,0.7918524742126465,1,CWA,5168,5
312,0,0.3729462325572967,0,CWA,5168,5
313,1,0.8538328409194946,1,CWA,5168,5
324,0,0.2071473002433776,0,CWA,5168,5
325,1,0.4843538701534271,0,CWA,5168,5
338,0,0.1921095997095108,0,CWA,5168,5
339,1,0.2271136194467544,0,CWA,5168,5
342,0,0.1761473417282104,0,CWA,5168,5
343,1,0.8041462302207947,1,CWA,5168,5
346,0,0.4197402596473694,0,CWA,5168,5
347,1,0.8864713907241821,1,CWA,5168,5
350,0,0.4548438191413879,0,CWA,5168,5
351,1,0.9336379170417786,1,CWA,5168,5
356,0,0.2075315117835998,0,CWA,5168,5
357,1,0.8369774222373962,1,CWA,5168,5
384,0,0.3010371923446655,0,CWA,5168,5
385,1,0.8695582151412964,1,CWA,5168,5
398,0,0.3256281614303589,0,CWA,5168,5
399,1,0.3451303839683532,0,CWA,5168,5
2,0,0.1669713109731674,0,CWA,5319,1
3,1,0.1971013396978378,0,CWA,5319,1
4,0,0.7658983469009399,1,CWA,5319,1
5,1,0.5307921171188354,1,CWA,5319,1
12,0,0.181912750005722,0,CWA,5319,1
13,1,0.6565973162651062,1,CWA,5319,1
18,0,0.1797185391187667,0,CWA,5319,1
19,1,0.853000819683075,1,CWA,5319,1
20,0,0.9485966563224792,1,CWA,5319,1
21,1,0.713507354259491,1,CWA,5319,1
26,0,0.5471433401107788,1,CWA,5319,1
27,1,0.5626600980758667,1,CWA,5319,1
30,0,0.5644082427024841,1,CWA,5319,1
31,1,0.8571937680244446,1,CWA,5319,1
38,0,0.3182921111583709,0,CWA,5319,1
39,1,0.2242727875709533,0,CWA,5319,1
62,0,0.091969646513462,0,CWA,5319,1
63,1,0.8044660687446594,1,CWA,5319,1
84,0,0.9511179327964784,1,CWA,5319,1
85,1,0.9355362057685852,1,CWA,5319,1
92,0,0.3685123920440674,0,CWA,5319,1
93,1,0.8895223140716553,1,CWA,5319,1
98,0,0.665112316608429,1,CWA,5319,1
99,1,0.71092289686203,1,CWA,5319,1
128,0,0.4657529890537262,0,CWA,5319,1
129,1,0.787222683429718,1,CWA,5319,1
144,0,0.7214128971099854,1,CWA,5319,1
145,1,0.6406136751174927,1,CWA,5319,1
154,0,0.3075048625469208,0,CWA,5319,1
155,1,0.2441696673631668,0,CWA,5319,1
162,0,0.3644045889377594,0,CWA,5319,1
163,1,0.8463388085365295,1,CWA,5319,1
164,0,0.221735805273056,0,CWA,5319,1
165,1,0.5812500715255737,1,CWA,5319,1
166,0,0.450168251991272,0,CWA,5319,1
167,1,0.7756727933883667,1,CWA,5319,1
170,0,0.2352777570486068,0,CWA,5319,1
171,1,0.6636782884597778,1,CWA,5319,1
182,0,0.6162514090538025,1,CWA,5319,1
183,1,0.8209059238433838,1,CWA,5319,1
208,0,0.1201217323541641,0,CWA,5319,1
209,1,0.8659819960594177,1,CWA,5319,1
210,0,0.122549220919609,0,CWA,5319,1
211,1,0.1325692385435104,0,CWA,5319,1
216,0,0.2045885771512985,0,CWA,5319,1
217,1,0.9291945695877076,1,CWA,5319,1
220,0,0.7722395658493042,1,CWA,5319,1
221,1,0.7109746932983398,1,CWA,5319,1
224,0,0.6616260409355164,1,CWA,5319,1
225,1,0.6161696910858154,1,CWA,5319,1
238,0,0.3189254105091095,0,CWA,5319,1
239,1,0.8509453535079956,1,CWA,5319,1
240,0,0.4733755588531494,0,CWA,5319,1
241,1,0.535814642906189,1,CWA,5319,1
246,0,0.7984780669212341,1,CWA,5319,1
247,1,0.6342482566833496,1,CWA,5319,1
262,0,0.281825989484787,0,CWA,5319,1
263,1,0.9244812726974488,1,CWA,5319,1
264,0,0.6523848176002502,1,CWA,5319,1
265,1,0.6570867300033569,1,CWA,5319,1
266,0,0.2021787464618683,0,CWA,5319,1
267,1,0.7937941551208496,1,CWA,5319,1
270,0,0.2659765183925628,0,CWA,5319,1
271,1,0.8664480447769165,1,CWA,5319,1
272,0,0.4488505721092224,0,CWA,5319,1
273,1,0.7382006049156189,1,CWA,5319,1
290,0,0.2079419940710067,0,CWA,5319,1
291,1,0.6535552740097046,1,CWA,5319,1
306,0,0.5178558826446533,1,CWA,5319,1
307,1,0.9250640869140624,1,CWA,5319,1
310,0,0.1976311802864074,0,CWA,5319,1
311,1,0.8843088746070862,1,CWA,5319,1
314,0,0.305722564458847,0,CWA,5319,1
315,1,0.4909806251525879,0,CWA,5319,1
326,0,0.5889344811439514,1,CWA,5319,1
327,1,0.8110127449035645,1,CWA,5319,1
332,0,0.1712334007024765,0,CWA,5319,1
333,1,0.5083011984825134,1,CWA,5319,1
346,0,0.4494576752185821,0,CWA,5319,1
347,1,0.8524808287620544,1,CWA,5319,1
348,0,0.7180567979812622,1,CWA,5319,1
349,1,0.8748522996902466,1,CWA,5319,1
400,0,0.7725871801376343,1,CWA,5319,1
401,1,0.572015106678009,1,CWA,5319,1
0,0,0.5940139293670654,1,CWA,5319,2
1,1,0.6213738918304443,1,CWA,5319,2
24,0,0.1377440989017486,0,CWA,5319,2
25,1,0.6072804927825928,1,CWA,5319,2
32,0,0.1573900878429412,0,CWA,5319,2
33,1,0.4626811444759369,0,CWA,5319,2
40,0,0.3195688128471374,0,CWA,5319,2
41,1,0.7496054172515869,1,CWA,5319,2
54,0,0.2472004294395446,0,CWA,5319,2
55,1,0.7752147316932678,1,CWA,5319,2
64,0,0.3147853314876556,0,CWA,5319,2
65,1,0.5424418449401855,1,CWA,5319,2
68,0,0.5850875377655029,1,CWA,5319,2
69,1,0.8708651661872864,1,CWA,5319,2
80,0,0.2290399372577667,0,CWA,5319,2
81,1,0.1620132327079773,0,CWA,5319,2
82,0,0.3161799013614654,0,CWA,5319,2
83,1,0.6558497548103333,1,CWA,5319,2
88,0,0.7304761409759521,1,CWA,5319,2
89,1,0.603678822517395,1,CWA,5319,2
104,0,0.5811213850975037,1,CWA,5319,2
105,1,0.7690355777740479,1,CWA,5319,2
106,0,0.1750468909740448,0,CWA,5319,2
107,1,0.5362997055053711,1,CWA,5319,2
112,0,0.1564498990774154,0,CWA,5319,2
113,1,0.8166137337684631,1,CWA,5319,2
116,0,0.489309012889862,0,CWA,5319,2
117,1,0.6843641400337219,1,CWA,5319,2
124,0,0.8702667951583862,1,CWA,5319,2
125,1,0.7439995408058167,1,CWA,5319,2
142,0,0.2279418408870697,0,CWA,5319,2
143,1,0.888303816318512,1,CWA,5319,2
146,0,0.4300802946090698,0,CWA,5319,2
147,1,0.8835181593894958,1,CWA,5319,2
160,0,0.2748279571533203,0,CWA,5319,2
161,1,0.4834945499897003,0,CWA,5319,2
168,0,0.5901119709014893,1,CWA,5319,2
169,1,0.6601696610450745,1,CWA,5319,2
172,0,0.5921913981437683,1,CWA,5319,2
173,1,0.7101295590400696,1,CWA,5319,2
174,0,0.2616269290447235,0,CWA,5319,2
175,1,0.45961993932724,0,CWA,5319,2
178,0,0.291677325963974,0,CWA,5319,2
179,1,0.5879886150360107,1,CWA,5319,2
188,0,0.3402883112430572,0,CWA,5319,2
189,1,0.8269319534301758,1,CWA,5319,2
190,0,0.2721127271652221,0,CWA,5319,2
191,1,0.4441609680652618,0,CWA,5319,2
194,0,0.2955431640148163,0,CWA,5319,2
195,1,0.2379514425992965,0,CWA,5319,2
218,0,0.0929836183786392,0,CWA,5319,2
219,1,0.0884431153535842,0,CWA,5319,2
230,0,0.266173779964447,0,CWA,5319,2
231,1,0.312726616859436,0,CWA,5319,2
258,0,0.1896093636751175,0,CWA,5319,2
259,1,0.6716919541358948,1,CWA,5319,2
278,0,0.4146485030651092,0,CWA,5319,2
279,1,0.8531445860862732,1,CWA,5319,2
300,0,0.2341828048229217,0,CWA,5319,2
301,1,0.3319012522697449,0,CWA,5319,2
328,0,0.1843388974666595,0,CWA,5319,2
329,1,0.3110456168651581,0,CWA,5319,2
330,0,0.2157757431268692,0,CWA,5319,2
331,1,0.368215948343277,0,CWA,5319,2
340,0,0.1621299982070922,0,CWA,5319,2
341,1,0.273440957069397,0,CWA,5319,2
342,0,0.1824431866407394,0,CWA,5319,2
343,1,0.3890947699546814,0,CWA,5319,2
366,0,0.1049934402108192,0,CWA,5319,2
367,1,0.2952528297901153,0,CWA,5319,2
368,0,0.1492109149694442,0,CWA,5319,2
369,1,0.3747850060462951,0,CWA,5319,2
382,0,0.1460510641336441,0,CWA,5319,2
383,1,0.674700915813446,1,CWA,5319,2
390,0,0.1329231113195419,0,CWA,5319,2
391,1,0.4000136256217956,0,CWA,5319,2
392,0,0.1309989392757415,0,CWA,5319,2
393,1,0.2605003416538238,0,CWA,5319,2
394,0,0.1628960371017456,0,CWA,5319,2
395,1,0.3436128497123718,0,CWA,5319,2
8,0,0.7160797715187073,1,CWA,5319,3
9,1,0.4542166888713836,0,CWA,5319,3
14,0,0.666476845741272,1,CWA,5319,3
15,1,0.6950518488883972,1,CWA,5319,3
36,0,0.3243902623653412,0,CWA,5319,3
37,1,0.187373861670494,0,CWA,5319,3
48,0,0.7114143371582031,1,CWA,5319,3
49,1,0.3386382460594177,0,CWA,5319,3
60,0,0.412346601486206,0,CWA,5319,3
61,1,0.8115289211273193,1,CWA,5319,3
70,0,0.776878833770752,1,CWA,5319,3
71,1,0.6047863364219666,1,CWA,5319,3
72,0,0.2209401130676269,0,CWA,5319,3
73,1,0.1889156401157379,0,CWA,5319,3
76,0,0.5568557977676392,1,CWA,5319,3
77,1,0.7936597466468811,1,CWA,5319,3
78,0,0.3523443043231964,0,CWA,5319,3
79,1,0.7516124844551086,1,CWA,5319,3
94,0,0.4948266446590423,0,CWA,5319,3
95,1,0.4917424023151397,0,CWA,5319,3
100,0,0.4145864844322204,0,CWA,5319,3
101,1,0.7856152057647705,1,CWA,5319,3
102,0,0.2458208203315735,0,CWA,5319,3
103,1,0.8449222445487976,1,CWA,5319,3
108,0,0.1381093859672546,0,CWA,5319,3
109,1,0.7687042355537415,1,CWA,5319,3
114,0,0.6800753474235535,1,CWA,5319,3
115,1,0.759234607219696,1,CWA,5319,3
118,0,0.4094753861427307,0,CWA,5319,3
119,1,0.8302409648895264,1,CWA,5319,3
148,0,0.220714271068573,0,CWA,5319,3
149,1,0.2643026113510132,0,CWA,5319,3
150,0,0.1496217101812362,0,CWA,5319,3
151,1,0.3581784665584564,0,CWA,5319,3
180,0,0.5362346172332764,1,CWA,5319,3
181,1,0.4693698585033417,0,CWA,5319,3
186,0,0.1427138298749923,0,CWA,5319,3
187,1,0.3454731106758117,0,CWA,5319,3
196,0,0.3426237106323242,0,CWA,5319,3
197,1,0.8843070864677429,1,CWA,5319,3
198,0,0.258312314748764,0,CWA,5319,3
199,1,0.546808660030365,1,CWA,5319,3
212,0,0.7519634366035461,1,CWA,5319,3
213,1,0.584222674369812,1,CWA,5319,3
226,0,0.3908238112926483,0,CWA,5319,3
227,1,0.4185524582862854,0,CWA,5319,3
232,0,0.1215991824865341,0,CWA,5319,3
233,1,0.3798640966415405,0,CWA,5319,3
248,0,0.113336481153965,0,CWA,5319,3
249,1,0.3578823208808899,0,CWA,5319,3
254,0,0.4606952965259552,0,CWA,5319,3
255,1,0.6052103638648987,1,CWA,5319,3
284,0,0.3777608275413513,0,CWA,5319,3
285,1,0.7921918034553528,1,CWA,5319,3
288,0,0.6443777680397034,1,CWA,5319,3
289,1,0.8286150693893433,1,CWA,5319,3
292,0,0.5323238372802734,1,CWA,5319,3
293,1,0.7509349584579468,1,CWA,5319,3
296,0,0.3311987221240997,0,CWA,5319,3
297,1,0.8182448148727417,1,CWA,5319,3
302,0,0.4734948873519897,0,CWA,5319,3
303,1,0.8010830879211426,1,CWA,5319,3
304,0,0.2136293202638626,0,CWA,5319,3
305,1,0.4500266909599304,0,CWA,5319,3
312,0,0.4323894679546356,0,CWA,5319,3
313,1,0.7993137836456299,1,CWA,5319,3
336,0,0.236395314335823,0,CWA,5319,3
337,1,0.613304078578949,1,CWA,5319,3
338,0,0.3817852437496185,0,CWA,5319,3
339,1,0.2871483862400055,0,CWA,5319,3
350,0,0.490020602941513,0,CWA,5319,3
351,1,0.7657579183578491,1,CWA,5319,3
358,0,0.184778094291687,0,CWA,5319,3
359,1,0.6511231064796448,1,CWA,5319,3
364,0,0.1747805476188659,0,CWA,5319,3
365,1,0.6588876247406006,1,CWA,5319,3
370,0,0.1896497905254364,0,CWA,5319,3
371,1,0.787356972694397,1,CWA,5319,3
372,0,0.2928600907325744,0,CWA,5319,3
373,1,0.7750003337860107,1,CWA,5319,3
384,0,0.2854012250900268,0,CWA,5319,3
385,1,0.7579478621482849,1,CWA,5319,3
22,0,0.9014644622802734,1,CWA,5319,4
23,1,0.8867455720901489,1,CWA,5319,4
28,0,0.1143184602260589,0,CWA,5319,4
29,1,0.5474818348884583,1,CWA,5319,4
34,0,0.5622075796127319,1,CWA,5319,4
35,1,0.559698224067688,1,CWA,5319,4
42,0,0.4346173107624054,0,CWA,5319,4
43,1,0.2463884502649307,0,CWA,5319,4
44,0,0.1888875812292099,0,CWA,5319,4
45,1,0.1046437844634056,0,CWA,5319,4
46,0,0.5622075796127319,1,CWA,5319,4
47,1,0.559698224067688,1,CWA,5319,4
52,0,0.8074259161949158,1,CWA,5319,4
53,1,0.3981609344482422,0,CWA,5319,4
58,0,0.1259687542915344,0,CWA,5319,4
59,1,0.9219010472297668,1,CWA,5319,4
86,0,0.5139901041984558,1,CWA,5319,4
87,1,0.6281890273094177,1,CWA,5319,4
90,0,0.4861547648906708,0,CWA,5319,4
91,1,0.7257653474807739,1,CWA,5319,4
96,0,0.3626764118671417,0,CWA,5319,4
97,1,0.605108916759491,1,CWA,5319,4
110,0,0.4815296232700348,0,CWA,5319,4
111,1,0.3696090877056122,0,CWA,5319,4
120,0,0.2631479203701019,0,CWA,5319,4
121,1,0.8650873303413391,1,CWA,5319,4
134,0,0.0412261933088302,0,CWA,5319,4
135,1,0.7022708058357239,1,CWA,5319,4
138,0,0.7980697154998779,1,CWA,5319,4
139,1,0.7241153717041016,1,CWA,5319,4
152,0,0.1802350133657455,0,CWA,5319,4
153,1,0.9736104011535645,1,CWA,5319,4
156,0,0.067119225859642,0,CWA,5319,4
157,1,0.590754508972168,1,CWA,5319,4
158,0,0.3786204755306244,0,CWA,5319,4
159,1,0.9736104011535645,1,CWA,5319,4
200,0,0.0990416854619979,0,CWA,5319,4
201,1,0.9665001034736632,1,CWA,5319,4
222,0,0.4865598976612091,0,CWA,5319,4
223,1,0.5934438705444336,1,CWA,5319,4
234,0,0.1804133355617523,0,CWA,5319,4
235,1,0.920605480670929,1,CWA,5319,4
236,0,0.5554039478302002,1,CWA,5319,4
237,1,0.6659563779830933,1,CWA,5319,4
242,0,0.6519973278045654,1,CWA,5319,4
243,1,0.6278930306434631,1,CWA,5319,4
250,0,0.1286161690950393,0,CWA,5319,4
251,1,0.5561782717704773,1,CWA,5319,4
252,0,0.2538188099861145,0,CWA,5319,4
253,1,0.7959263324737549,1,CWA,5319,4
260,0,0.2282029688358307,0,CWA,5319,4
261,1,0.93360698223114,1,CWA,5319,4
268,0,0.6192991137504578,1,CWA,5319,4
269,1,0.6083182096481323,1,CWA,5319,4
274,0,0.2154309749603271,0,CWA,5319,4
275,1,0.8659414649009705,1,CWA,5319,4
276,0,0.0839795693755149,0,CWA,5319,4
277,1,0.854751467704773,1,CWA,5319,4
286,0,0.4017104804515838,0,CWA,5319,4
287,1,0.1614591777324676,0,CWA,5319,4
316,0,0.4111297726631164,0,CWA,5319,4
317,1,0.9485356211662292,1,CWA,5319,4
320,0,0.4040104150772095,0,CWA,5319,4
321,1,0.6702706217765808,1,CWA,5319,4
344,0,0.5172494053840637,1,CWA,5319,4
345,1,0.6877502202987671,1,CWA,5319,4
352,0,0.4652434289455414,0,CWA,5319,4
353,1,0.8619478344917297,1,CWA,5319,4
362,0,0.3498944640159607,0,CWA,5319,4
363,1,0.6823084950447083,1,CWA,5319,4
374,0,0.3290452659130096,0,CWA,5319,4
375,1,0.4181441962718963,0,CWA,5319,4
376,0,0.367927074432373,0,CWA,5319,4
377,1,0.275291234254837,0,CWA,5319,4
380,0,0.58128422498703,1,CWA,5319,4
381,1,0.7381758689880371,1,CWA,5319,4
388,0,0.1666276305913925,0,CWA,5319,4
389,1,0.8127110600471497,1,CWA,5319,4
398,0,0.4437487125396728,0,CWA,5319,4
399,1,0.8721300959587097,1,CWA,5319,4
6,0,0.4235116243362427,0,CWA,5319,5
7,1,0.9698345065116882,1,CWA,5319,5
10,0,0.417878657579422,0,CWA,5319,5
11,1,0.9694469571113586,1,CWA,5319,5
16,0,0.5522069334983826,1,CWA,5319,5
17,1,0.6387929320335388,1,CWA,5319,5
50,0,0.924197793006897,1,CWA,5319,5
51,1,0.6623372435569763,1,CWA,5319,5
56,0,0.6739874482154846,1,CWA,5319,5
57,1,0.9040722846984864,1,CWA,5319,5
66,0,0.0702883452177047,0,CWA,5319,5
67,1,0.8526646494865417,1,CWA,5319,5
74,0,0.894910454750061,1,CWA,5319,5
75,1,0.9183290600776672,1,CWA,5319,5
122,0,0.0746366009116172,0,CWA,5319,5
123,1,0.0936864465475082,0,CWA,5319,5
126,0,0.1017640307545661,0,CWA,5319,5
127,1,0.4583500921726227,0,CWA,5319,5
130,0,0.0757421180605888,0,CWA,5319,5
131,1,0.1154348775744438,0,CWA,5319,5
132,0,0.0291331578046083,0,CWA,5319,5
133,1,0.0459268800914287,0,CWA,5319,5
136,0,0.8044681549072266,1,CWA,5319,5
137,1,0.9541999101638794,1,CWA,5319,5
140,0,0.0323629416525363,0,CWA,5319,5
141,1,0.8559203147888184,1,CWA,5319,5
176,0,0.2419158220291137,0,CWA,5319,5
177,1,0.6875401139259338,1,CWA,5319,5
184,0,0.1555881351232528,0,CWA,5319,5
185,1,0.5447255373001099,1,CWA,5319,5
192,0,0.7396382093429565,1,CWA,5319,5
193,1,0.7808545231819153,1,CWA,5319,5
202,0,0.0198758412152528,0,CWA,5319,5
203,1,0.0263519696891307,0,CWA,5319,5
204,0,0.6829254031181335,1,CWA,5319,5
205,1,0.8617812395095825,1,CWA,5319,5
206,0,0.0230620373040437,0,CWA,5319,5
207,1,0.0520973317325115,0,CWA,5319,5
214,0,0.3225363492965698,0,CWA,5319,5
215,1,0.974668562412262,1,CWA,5319,5
228,0,0.8857095837593079,1,CWA,5319,5
229,1,0.8948856592178345,1,CWA,5319,5
244,0,0.9059297442436218,1,CWA,5319,5
245,1,0.8379000425338745,1,CWA,5319,5
256,0,0.7021889090538025,1,CWA,5319,5
257,1,0.7368584871292114,1,CWA,5319,5
280,0,0.1326227337121963,0,CWA,5319,5
281,1,0.1092064157128334,0,CWA,5319,5
282,0,0.0952612906694412,0,CWA,5319,5
283,1,0.5027214884757996,1,CWA,5319,5
294,0,0.0208634976297616,0,CWA,5319,5
295,1,0.0627250745892524,0,CWA,5319,5
298,0,0.0163387563079595,0,CWA,5319,5
299,1,0.6097403764724731,1,CWA,5319,5
308,0,0.5971096158027649,1,CWA,5319,5
309,1,0.7845862507820129,1,CWA,5319,5
318,0,0.0466937571763992,0,CWA,5319,5
319,1,0.9608993530273438,1,CWA,5319,5
322,0,0.0472740717232227,0,CWA,5319,5
323,1,0.9074331521987916,1,CWA,5319,5
324,0,0.1013001427054405,0,CWA,5319,5
325,1,0.7976299524307251,1,CWA,5319,5
334,0,0.0249255653470754,0,CWA,5319,5
335,1,0.0404468886554241,0,CWA,5319,5
354,0,0.084544725716114,0,CWA,5319,5
355,1,0.9613524079322816,1,CWA,5319,5
356,0,0.0407865829765796,0,CWA,5319,5
357,1,0.9515052437782288,1,CWA,5319,5
360,0,0.1342761367559433,0,CWA,5319,5
361,1,0.1702712029218673,0,CWA,5319,5
378,0,0.0419015288352966,0,CWA,5319,5
379,1,0.8128163814544678,1,CWA,5319,5
386,0,0.5923917293548584,1,CWA,5319,5
387,1,0.7689618468284607,1,CWA,5319,5
396,0,0.163088247179985,0,CWA,5319,5
397,1,0.535622775554657,1,CWA,5319,5
402,0,0.0417278669774532,0,CWA,5319,5
403,1,0.9201620817184448,1,CWA,5319,5
16,0,0.7226851582527161,1,CWA,6469,1
17,1,0.7023162841796875,1,CWA,6469,1
22,0,0.964242160320282,1,CWA,6469,1
23,1,0.9328151345252992,1,CWA,6469,1
24,0,0.316316694021225,0,CWA,6469,1
25,1,0.9549202919006348,1,CWA,6469,1
40,0,0.410631388425827,0,CWA,6469,1
41,1,0.979391634464264,1,CWA,6469,1
56,0,0.2636423408985138,0,CWA,6469,1
57,1,0.9104123711586,1,CWA,6469,1
62,0,0.2024963647127151,0,CWA,6469,1
63,1,0.8616762757301331,1,CWA,6469,1
68,0,0.7275123596191406,1,CWA,6469,1
69,1,0.8804515600204468,1,CWA,6469,1
74,0,0.8702219724655151,1,CWA,6469,1
75,1,0.8969791531562805,1,CWA,6469,1
80,0,0.2228507101535797,0,CWA,6469,1
81,1,0.4593710601329803,0,CWA,6469,1
86,0,0.7409132122993469,1,CWA,6469,1
87,1,0.3900097012519836,0,CWA,6469,1
90,0,0.4671024978160858,0,CWA,6469,1
91,1,0.5887355804443359,1,CWA,6469,1
96,0,0.7528988718986511,1,CWA,6469,1
97,1,0.7693078517913818,1,CWA,6469,1
100,0,0.5589576363563538,1,CWA,6469,1
101,1,0.961255669593811,1,CWA,6469,1
136,0,0.7432790994644165,1,CWA,6469,1
137,1,0.9407784342765808,1,CWA,6469,1
140,0,0.2033682763576507,0,CWA,6469,1
141,1,0.8506075143814087,1,CWA,6469,1
142,0,0.2111976742744445,0,CWA,6469,1
143,1,0.6835266947746277,1,CWA,6469,1
150,0,0.1448959559202194,0,CWA,6469,1
151,1,0.8502092361450195,1,CWA,6469,1
152,0,0.3352710604667663,0,CWA,6469,1
153,1,0.8983393311500549,1,CWA,6469,1
170,0,0.706465482711792,1,CWA,6469,1
171,1,0.7419875860214233,1,CWA,6469,1
178,0,0.0964878499507904,0,CWA,6469,1
179,1,0.7049332857131958,1,CWA,6469,1
188,0,0.2280967384576797,0,CWA,6469,1
189,1,0.8441780209541321,1,CWA,6469,1
194,0,0.2930592894554138,0,CWA,6469,1
195,1,0.1574524641036987,0,CWA,6469,1
212,0,0.8581399321556091,1,CWA,6469,1
213,1,0.3280156254768371,0,CWA,6469,1
218,0,0.4593828320503235,0,CWA,6469,1
219,1,0.3333874046802521,0,CWA,6469,1
228,0,0.8556439280509949,1,CWA,6469,1
229,1,0.7377429604530334,1,CWA,6469,1
232,0,0.5924081802368164,1,CWA,6469,1
233,1,0.234164610505104,0,CWA,6469,1
236,0,0.3110416531562805,0,CWA,6469,1
237,1,0.5004728436470032,1,CWA,6469,1
250,0,0.6260416507720947,1,CWA,6469,1
251,1,0.6107795834541321,1,CWA,6469,1
252,0,0.1246810406446456,0,CWA,6469,1
253,1,0.86783766746521,1,CWA,6469,1
274,0,0.5235804319381714,1,CWA,6469,1
275,1,0.8320082426071167,1,CWA,6469,1
276,0,0.1712276637554168,0,CWA,6469,1
277,1,0.7952316999435425,1,CWA,6469,1
288,0,0.6380152702331543,1,CWA,6469,1
289,1,0.9332453012466432,1,CWA,6469,1
318,0,0.1859345734119415,0,CWA,6469,1
319,1,0.9205443859100342,1,CWA,6469,1
324,0,0.2314959615468979,0,CWA,6469,1
325,1,0.5245325565338135,1,CWA,6469,1
326,0,0.8488062620162964,1,CWA,6469,1
327,1,0.928083062171936,1,CWA,6469,1
336,0,0.0450184196233749,0,CWA,6469,1
337,1,0.9620636105537416,1,CWA,6469,1
354,0,0.770395040512085,1,CWA,6469,1
355,1,0.991144597530365,1,CWA,6469,1
364,0,0.195572093129158,0,CWA,6469,1
365,1,0.9214814901351928,1,CWA,6469,1
370,0,0.639455258846283,1,CWA,6469,1
371,1,0.8825215101242065,1,CWA,6469,1
372,0,0.3141578137874603,0,CWA,6469,1
373,1,0.9802709817886353,1,CWA,6469,1
374,0,0.0979683846235275,0,CWA,6469,1
375,1,0.0821837782859802,0,CWA,6469,1
0,0,0.7241954803466797,1,CWA,6469,2
1,1,0.6703699231147766,1,CWA,6469,2
6,0,0.3058924674987793,0,CWA,6469,2
7,1,0.535016655921936,1,CWA,6469,2
34,0,0.4954121112823486,0,CWA,6469,2
35,1,0.523864209651947,1,CWA,6469,2
36,0,0.4257313907146454,0,CWA,6469,2
37,1,0.466416448354721,0,CWA,6469,2
42,0,0.3077496886253357,0,CWA,6469,2
43,1,0.3054860830307007,0,CWA,6469,2
60,0,0.4494879245758056,0,CWA,6469,2
61,1,0.7350113391876221,1,CWA,6469,2
78,0,0.586347758769989,1,CWA,6469,2
79,1,0.6096725463867188,1,CWA,6469,2
82,0,0.4249021112918854,0,CWA,6469,2
83,1,0.4428582191467285,0,CWA,6469,2
92,0,0.6106727719306946,1,CWA,6469,2
93,1,0.6170997023582458,1,CWA,6469,2
94,0,0.385027676820755,0,CWA,6469,2
95,1,0.4548591077327728,0,CWA,6469,2
98,0,0.6088825464248657,1,CWA,6469,2
99,1,0.606309711933136,1,CWA,6469,2
104,0,0.464821308851242,0,CWA,6469,2
105,1,0.5131292343139648,1,CWA,6469,2
114,0,0.709162712097168,1,CWA,6469,2
115,1,0.6015610098838806,1,CWA,6469,2
116,0,0.4581256210803985,0,CWA,6469,2
117,1,0.7428556084632874,1,CWA,6469,2
118,0,0.4801815152168274,0,CWA,6469,2
119,1,0.5921142101287842,1,CWA,6469,2
124,0,0.5333120822906494,1,CWA,6469,2
125,1,0.7655794024467468,1,CWA,6469,2
146,0,0.4113443195819855,0,CWA,6469,2
147,1,0.412294328212738,0,CWA,6469,2
172,0,0.5825037360191345,1,CWA,6469,2
173,1,0.6579182744026184,1,CWA,6469,2
192,0,0.4974918365478515,0,CWA,6469,2
193,1,0.6556880474090576,1,CWA,6469,2
202,0,0.3705095052719116,0,CWA,6469,2
203,1,0.3637291491031647,0,CWA,6469,2
206,0,0.3459049761295318,0,CWA,6469,2
207,1,0.3379165530204773,0,CWA,6469,2
214,0,0.4900411069393158,0,CWA,6469,2
215,1,0.7314195036888123,1,CWA,6469,2
220,0,0.6472750306129456,1,CWA,6469,2
221,1,0.700899600982666,1,CWA,6469,2
238,0,0.3168004751205444,0,CWA,6469,2
239,1,0.4478544592857361,0,CWA,6469,2
240,0,0.6403719782829285,1,CWA,6469,2
241,1,0.6585833430290222,1,CWA,6469,2
244,0,0.8008591532707214,1,CWA,6469,2
245,1,0.776813805103302,1,CWA,6469,2
246,0,0.703006386756897,1,CWA,6469,2
247,1,0.6262788772583008,1,CWA,6469,2
258,0,0.3728159666061401,0,CWA,6469,2
259,1,0.7093146443367004,1,CWA,6469,2
260,0,0.4529038965702057,0,CWA,6469,2
261,1,0.6781136989593506,1,CWA,6469,2
262,0,0.4799853563308716,0,CWA,6469,2
263,1,0.7309083938598633,1,CWA,6469,2
272,0,0.4606128633022308,0,CWA,6469,2
273,1,0.7018494606018066,1,CWA,6469,2
284,0,0.3593959212303161,0,CWA,6469,2
285,1,0.4283849000930786,0,CWA,6469,2
286,0,0.5794702172279358,1,CWA,6469,2
287,1,0.5054417848587036,1,CWA,6469,2
308,0,0.6347165107727051,1,CWA,6469,2
309,1,0.5564509630203247,1,CWA,6469,2
320,0,0.3845084309577942,0,CWA,6469,2
321,1,0.7321680784225464,1,CWA,6469,2
332,0,0.4341465830802917,0,CWA,6469,2
333,1,0.4330884516239166,0,CWA,6469,2
346,0,0.47427499294281,0,CWA,6469,2
347,1,0.6500586867332458,1,CWA,6469,2
376,0,0.5878267288208008,1,CWA,6469,2
377,1,0.5879412293434143,1,CWA,6469,2
380,0,0.6752040386199951,1,CWA,6469,2
381,1,0.7452341318130493,1,CWA,6469,2
388,0,0.2908047437667846,0,CWA,6469,2
389,1,0.3346816599369049,0,CWA,6469,2
396,0,0.3525819182395935,0,CWA,6469,2
397,1,0.3692919611930847,0,CWA,6469,2
28,0,0.0790913626551628,0,CWA,6469,3
29,1,0.4006005823612213,0,CWA,6469,3
32,0,0.0587758719921112,0,CWA,6469,3
33,1,0.7089005708694458,1,CWA,6469,3
38,0,0.091129794716835,0,CWA,6469,3
39,1,0.6019138097763062,1,CWA,6469,3
46,0,0.3103114068508148,0,CWA,6469,3
47,1,0.8114985823631287,1,CWA,6469,3
50,0,0.4938103854656219,0,CWA,6469,3
51,1,0.1894662529230117,0,CWA,6469,3
52,0,0.8004361987113953,1,CWA,6469,3
53,1,0.3452233672142029,0,CWA,6469,3
54,0,0.1011248305439949,0,CWA,6469,3
55,1,0.9748602509498596,1,CWA,6469,3
64,0,0.0320641100406646,0,CWA,6469,3
65,1,0.9697132110595704,1,CWA,6469,3
66,0,0.120032325387001,0,CWA,6469,3
67,1,0.6223325133323669,1,CWA,6469,3
72,0,0.0187543388456106,0,CWA,6469,3
73,1,0.1163482815027237,0,CWA,6469,3
84,0,0.9609051942825316,1,CWA,6469,3
85,1,0.857669472694397,1,CWA,6469,3
106,0,0.0588710270822048,0,CWA,6469,3
107,1,0.6204098463058472,1,CWA,6469,3
122,0,0.0683777704834938,0,CWA,6469,3
123,1,0.0640628337860107,0,CWA,6469,3
132,0,0.0388549119234085,0,CWA,6469,3
133,1,0.0882979854941368,0,CWA,6469,3
144,0,0.5713727474212646,1,CWA,6469,3
145,1,0.1512172371149063,0,CWA,6469,3
148,0,0.1132287606596946,0,CWA,6469,3
149,1,0.471537709236145,0,CWA,6469,3
160,0,0.0738685205578804,0,CWA,6469,3
161,1,0.3696199953556061,0,CWA,6469,3
166,0,0.0976208671927452,0,CWA,6469,3
167,1,0.5635274052619934,1,CWA,6469,3
176,0,0.2263848632574081,0,CWA,6469,3
177,1,0.9333125948905944,1,CWA,6469,3
182,0,0.0720975771546363,0,CWA,6469,3
183,1,0.6942631602287292,1,CWA,6469,3
186,0,0.012759524397552,0,CWA,6469,3
187,1,0.7293816804885864,1,CWA,6469,3
208,0,0.0436894595623016,0,CWA,6469,3
209,1,0.9875215888023376,1,CWA,6469,3
224,0,0.0463047213852405,0,CWA,6469,3
225,1,0.1176811009645462,0,CWA,6469,3
254,0,0.2642017304897308,0,CWA,6469,3
255,1,0.926527738571167,1,CWA,6469,3
264,0,0.3803582191467285,0,CWA,6469,3
265,1,0.7881376147270203,1,CWA,6469,3
266,0,0.1061036959290504,0,CWA,6469,3
267,1,0.5167148113250732,1,CWA,6469,3
268,0,0.6085737943649292,1,CWA,6469,3
269,1,0.4951979219913482,0,CWA,6469,3
280,0,0.2411138713359832,0,CWA,6469,3
281,1,0.1889714002609253,0,CWA,6469,3
282,0,0.0533160530030727,0,CWA,6469,3
283,1,0.0967140644788742,0,CWA,6469,3
290,0,0.1510716527700424,0,CWA,6469,3
291,1,0.8878029584884644,1,CWA,6469,3
296,0,0.1570170223712921,0,CWA,6469,3
297,1,0.9896973967552184,1,CWA,6469,3
300,0,0.1030471920967102,0,CWA,6469,3
301,1,0.9188210368156432,1,CWA,6469,3
302,0,0.1134129986166954,0,CWA,6469,3
303,1,0.950503408908844,1,CWA,6469,3
310,0,0.081920176744461,0,CWA,6469,3
311,1,0.7304438948631287,1,CWA,6469,3
314,0,0.5494959950447083,1,CWA,6469,3
315,1,0.1550826281309127,0,CWA,6469,3
328,0,0.0742570832371711,0,CWA,6469,3
329,1,0.7001103758811951,1,CWA,6469,3
352,0,0.2984089851379394,0,CWA,6469,3
353,1,0.9397321939468384,1,CWA,6469,3
362,0,0.1470079869031906,0,CWA,6469,3
363,1,0.1115344762802124,0,CWA,6469,3
368,0,0.0507623180747032,0,CWA,6469,3
369,1,0.4337414503097534,0,CWA,6469,3
378,0,0.1841968744993209,0,CWA,6469,3
379,1,0.4454735815525055,0,CWA,6469,3
394,0,0.0721096098423004,0,CWA,6469,3
395,1,0.6773741841316223,1,CWA,6469,3
2,0,0.0268723126500844,0,CWA,6469,4
3,1,0.0500240623950958,0,CWA,6469,4
8,0,0.61605304479599,1,CWA,6469,4
9,1,0.5782214403152466,1,CWA,6469,4
10,0,0.6507922410964966,1,CWA,6469,4
11,1,0.7412241697311401,1,CWA,6469,4
14,0,0.5309346914291382,1,CWA,6469,4
15,1,0.7556182742118835,1,CWA,6469,4
18,0,0.1209629997611045,0,CWA,6469,4
19,1,0.8600084185600281,1,CWA,6469,4
26,0,0.111030176281929,0,CWA,6469,4
27,1,0.1200419887900352,0,CWA,6469,4
48,0,0.8323726058006287,1,CWA,6469,4
49,1,0.095838725566864,0,CWA,6469,4
70,0,0.7074370980262756,1,CWA,6469,4
71,1,0.3970240950584411,0,CWA,6469,4
76,0,0.5867010951042175,1,CWA,6469,4
77,1,0.7623834013938904,1,CWA,6469,4
108,0,0.0648074075579643,0,CWA,6469,4
109,1,0.8249706029891968,1,CWA,6469,4
112,0,0.176915556192398,0,CWA,6469,4
113,1,0.835789680480957,1,CWA,6469,4
126,0,0.0240149088203907,0,CWA,6469,4
127,1,0.4547495245933532,0,CWA,6469,4
138,0,0.7836306095123291,1,CWA,6469,4
139,1,0.7648658156394958,1,CWA,6469,4
154,0,0.060446873307228,0,CWA,6469,4
155,1,0.1638619154691696,0,CWA,6469,4
158,0,0.1638619154691696,0,CWA,6469,4
159,1,0.9354427456855774,1,CWA,6469,4
180,0,0.6405749320983887,1,CWA,6469,4
181,1,0.5415368676185608,1,CWA,6469,4
190,0,0.0948390215635299,0,CWA,6469,4
191,1,0.4196772575378418,0,CWA,6469,4
200,0,0.1215827539563179,0,CWA,6469,4
201,1,0.8723753690719604,1,CWA,6469,4
210,0,0.0472718961536884,0,CWA,6469,4
211,1,0.0233781989663839,0,CWA,6469,4
216,0,0.0820424705743789,0,CWA,6469,4
217,1,0.8979315161705017,1,CWA,6469,4
222,0,0.2339036464691162,0,CWA,6469,4
223,1,0.6690183281898499,1,CWA,6469,4
226,0,0.3039064705371856,0,CWA,6469,4
227,1,0.4714575707912445,0,CWA,6469,4
230,0,0.2143918126821518,0,CWA,6469,4
231,1,0.2279196679592132,0,CWA,6469,4
256,0,0.522590160369873,1,CWA,6469,4
257,1,0.7115918397903442,1,CWA,6469,4
270,0,0.0815258994698524,0,CWA,6469,4
271,1,0.8196618556976318,1,CWA,6469,4
294,0,0.0173264443874359,0,CWA,6469,4
295,1,0.0531573481857776,0,CWA,6469,4
298,0,0.0490571968257427,0,CWA,6469,4
299,1,0.3887982368469238,0,CWA,6469,4
306,0,0.2132954001426696,0,CWA,6469,4
307,1,0.942683219909668,1,CWA,6469,4
312,0,0.0910635218024253,0,CWA,6469,4
313,1,0.7514376640319824,1,CWA,6469,4
316,0,0.174799382686615,0,CWA,6469,4
317,1,0.7572518587112427,1,CWA,6469,4
330,0,0.0188593603670597,0,CWA,6469,4
331,1,0.1909731924533844,0,CWA,6469,4
334,0,0.0153434835374355,0,CWA,6469,4
335,1,0.1363484263420105,0,CWA,6469,4
342,0,0.0596447251737117,0,CWA,6469,4
343,1,0.820381760597229,1,CWA,6469,4
344,0,0.1498296856880188,0,CWA,6469,4
345,1,0.8029357194900513,1,CWA,6469,4
356,0,0.0459922291338443,0,CWA,6469,4
357,1,0.6817416548728943,1,CWA,6469,4
358,0,0.0342037975788116,0,CWA,6469,4
359,1,0.8316419124603271,1,CWA,6469,4
390,0,0.0737658962607383,0,CWA,6469,4
391,1,0.3378787636756897,0,CWA,6469,4
392,0,0.0563591085374355,0,CWA,6469,4
393,1,0.4740641117095947,0,CWA,6469,4
398,0,0.1533171832561493,0,CWA,6469,4
399,1,0.2548411190509796,0,CWA,6469,4
4,0,0.9370335340499878,1,CWA,6469,5
5,1,0.5065088272094727,1,CWA,6469,5
12,0,0.0649845898151397,0,CWA,6469,5
13,1,0.4312700033187866,0,CWA,6469,5
20,0,0.9591188430786132,1,CWA,6469,5
21,1,0.8296967148780823,1,CWA,6469,5
30,0,0.3215640783309936,0,CWA,6469,5
31,1,0.8760339617729187,1,CWA,6469,5
44,0,0.0643712729215622,0,CWA,6469,5
45,1,0.0559354908764362,0,CWA,6469,5
58,0,0.1778119504451751,0,CWA,6469,5
59,1,0.8523277640342712,1,CWA,6469,5
88,0,0.774535059928894,1,CWA,6469,5
89,1,0.3865966200828552,0,CWA,6469,5
102,0,0.3295133709907532,0,CWA,6469,5
103,1,0.9253662824630736,1,CWA,6469,5
110,0,0.3462297320365906,0,CWA,6469,5
111,1,0.3010046780109405,0,CWA,6469,5
120,0,0.3967779576778412,0,CWA,6469,5
121,1,0.6900070905685425,1,CWA,6469,5
128,0,0.4170871078968048,0,CWA,6469,5
129,1,0.7098158597946167,1,CWA,6469,5
130,0,0.1519935131072998,0,CWA,6469,5
131,1,0.1323892772197723,0,CWA,6469,5
134,0,0.6689857244491577,1,CWA,6469,5
135,1,0.1974043101072311,0,CWA,6469,5
156,0,0.0837875828146934,0,CWA,6469,5
157,1,0.2334041893482208,0,CWA,6469,5
162,0,0.5696059465408325,1,CWA,6469,5
163,1,0.9072851538658142,1,CWA,6469,5
164,0,0.0329944975674152,0,CWA,6469,5
165,1,0.3716467320919037,0,CWA,6469,5
168,0,0.2268510311841964,0,CWA,6469,5
169,1,0.3948210477828979,0,CWA,6469,5
174,0,0.1741427183151245,0,CWA,6469,5
175,1,0.548309862613678,1,CWA,6469,5
184,0,0.1440658271312713,0,CWA,6469,5
185,1,0.4467785060405731,0,CWA,6469,5
196,0,0.238917127251625,0,CWA,6469,5
197,1,0.966543197631836,1,CWA,6469,5
198,0,0.1787560284137725,0,CWA,6469,5
199,1,0.5396617650985718,1,CWA,6469,5
204,0,0.8266502618789673,1,CWA,6469,5
205,1,0.7511353492736816,1,CWA,6469,5
234,0,0.0429085493087768,0,CWA,6469,5
235,1,0.6503908038139343,1,CWA,6469,5
242,0,0.7631145119667053,1,CWA,6469,5
243,1,0.770052969455719,1,CWA,6469,5
248,0,0.04343868419528,0,CWA,6469,5
249,1,0.2261634320020675,0,CWA,6469,5
278,0,0.1042577400803566,0,CWA,6469,5
279,1,0.947053849697113,1,CWA,6469,5
292,0,0.3691053986549377,0,CWA,6469,5
293,1,0.9134864211082458,1,CWA,6469,5
304,0,0.0654041022062301,0,CWA,6469,5
305,1,0.5160691142082214,1,CWA,6469,5
322,0,0.3175368905067444,0,CWA,6469,5
323,1,0.753605306148529,1,CWA,6469,5
338,0,0.1361032724380493,0,CWA,6469,5
339,1,0.0735276788473129,0,CWA,6469,5
340,0,0.0785247460007667,0,CWA,6469,5
341,1,0.5490650534629822,1,CWA,6469,5
348,0,0.5189964771270752,1,CWA,6469,5
349,1,0.9470587372779846,1,CWA,6469,5
350,0,0.4485207498073578,0,CWA,6469,5
351,1,0.8985381126403809,1,CWA,6469,5
360,0,0.1185292527079582,0,CWA,6469,5
361,1,0.1703529506921768,0,CWA,6469,5
366,0,0.0888382941484451,0,CWA,6469,5
367,1,0.1572258621454239,0,CWA,6469,5
382,0,0.132848858833313,0,CWA,6469,5
383,1,0.7603875994682312,1,CWA,6469,5
384,0,0.1014807149767875,0,CWA,6469,5
385,1,0.8036862015724182,1,CWA,6469,5
386,0,0.3047946393489837,0,CWA,6469,5
387,1,0.409523457288742,0,CWA,6469,5
400,0,0.8577671647071838,1,CWA,6469,5
401,1,0.7826823592185974,1,CWA,6469,5
402,0,0.2242603749036789,0,CWA,6469,5
403,1,0.9832927584648132,1,CWA,6469,5
6,0,0.1439944058656692,0,CWA,9919,1
7,1,0.96783047914505,1,CWA,9919,1
12,0,0.1005276069045066,0,CWA,9919,1
13,1,0.4502086043357849,0,CWA,9919,1
54,0,0.1372770369052887,0,CWA,9919,1
55,1,0.8397552967071533,1,CWA,9919,1
70,0,0.9012919664382936,1,CWA,9919,1
71,1,0.6954914927482605,1,CWA,9919,1
72,0,0.0696698352694511,0,CWA,9919,1
73,1,0.5939944982528687,1,CWA,9919,1
76,0,0.2826147377490997,0,CWA,9919,1
77,1,0.7339862585067749,1,CWA,9919,1
78,0,0.0830330774188041,0,CWA,9919,1
79,1,0.8260462880134583,1,CWA,9919,1
80,0,0.05261667445302,0,CWA,9919,1
81,1,0.2963966429233551,0,CWA,9919,1
86,0,0.2526757419109344,0,CWA,9919,1
87,1,0.1890919804573059,0,CWA,9919,1
96,0,0.1807025671005249,0,CWA,9919,1
97,1,0.5995608568191528,1,CWA,9919,1
98,0,0.1347986906766891,0,CWA,9919,1
99,1,0.353665292263031,0,CWA,9919,1
100,0,0.2711829543113708,0,CWA,9919,1
101,1,0.8605568408966064,1,CWA,9919,1
114,0,0.7177185416221619,1,CWA,9919,1
115,1,0.9405142068862916,1,CWA,9919,1
128,0,0.0662868991494178,0,CWA,9919,1
129,1,0.8851189017295837,1,CWA,9919,1
138,0,0.8709053993225098,1,CWA,9919,1
139,1,0.8030446767807007,1,CWA,9919,1
146,0,0.1100030466914177,0,CWA,9919,1
147,1,0.9840506911277772,1,CWA,9919,1
152,0,0.1368705481290817,0,CWA,9919,1
153,1,0.9267691373825072,1,CWA,9919,1
210,0,0.0706638172268867,0,CWA,9919,1
211,1,0.0548991523683071,0,CWA,9919,1
226,0,0.1908435374498367,0,CWA,9919,1
227,1,0.5856719017028809,1,CWA,9919,1
228,0,0.8283005356788635,1,CWA,9919,1
229,1,0.8561403751373291,1,CWA,9919,1
234,0,0.5772069692611694,1,CWA,9919,1
235,1,0.8228343725204468,1,CWA,9919,1
236,0,0.1134830340743064,0,CWA,9919,1
237,1,0.234712615609169,0,CWA,9919,1
242,0,0.4279923141002655,0,CWA,9919,1
243,1,0.8417320251464844,1,CWA,9919,1
258,0,0.0905490070581436,0,CWA,9919,1
259,1,0.6474780440330505,1,CWA,9919,1
264,0,0.2767732441425323,0,CWA,9919,1
265,1,0.4203047156333923,0,CWA,9919,1
290,0,0.2356193363666534,0,CWA,9919,1
291,1,0.3864847421646118,0,CWA,9919,1
296,0,0.1745827198028564,0,CWA,9919,1
297,1,0.9600589275360109,1,CWA,9919,1
302,0,0.2989530265331268,0,CWA,9919,1
303,1,0.8869302272796631,1,CWA,9919,1
306,0,0.6015262007713318,1,CWA,9919,1
307,1,0.95774108171463,1,CWA,9919,1
308,0,0.1422041058540344,0,CWA,9919,1
309,1,0.8053750991821289,1,CWA,9919,1
312,0,0.2853091657161712,0,CWA,9919,1
313,1,0.9277833700180054,1,CWA,9919,1
342,0,0.0924952551722526,0,CWA,9919,1
343,1,0.8574416637420654,1,CWA,9919,1
348,0,0.8194997310638428,1,CWA,9919,1
349,1,0.9465937614440918,1,CWA,9919,1
352,0,0.2100489884614944,0,CWA,9919,1
353,1,0.93727308511734,1,CWA,9919,1
354,0,0.1424356251955032,0,CWA,9919,1
355,1,0.9238839149475098,1,CWA,9919,1
360,0,0.1284535378217697,0,CWA,9919,1
361,1,0.0997723415493965,0,CWA,9919,1
366,0,0.0992603451013565,0,CWA,9919,1
367,1,0.138083666563034,0,CWA,9919,1
372,0,0.1727557033300399,0,CWA,9919,1
373,1,0.8883153796195984,1,CWA,9919,1
374,0,0.1063093841075897,0,CWA,9919,1
375,1,0.1056012213230133,0,CWA,9919,1
382,0,0.1368175148963928,0,CWA,9919,1
383,1,0.3343907296657562,0,CWA,9919,1
392,0,0.2553261220455169,0,CWA,9919,1
393,1,0.7195858359336853,1,CWA,9919,1
10,0,0.5155196785926819,1,CWA,9919,2
11,1,0.8993417024612427,1,CWA,9919,2
14,0,0.6507538557052612,1,CWA,9919,2
15,1,0.9035835862159728,1,CWA,9919,2
16,0,0.7055271863937378,1,CWA,9919,2
17,1,0.810865044593811,1,CWA,9919,2
22,0,0.9615434408187866,1,CWA,9919,2
23,1,0.9776384234428406,1,CWA,9919,2
24,0,0.114112414419651,0,CWA,9919,2
25,1,0.9722020030021667,1,CWA,9919,2
26,0,0.0866478607058525,0,CWA,9919,2
27,1,0.3427563607692718,0,CWA,9919,2
32,0,0.1045168712735176,0,CWA,9919,2
33,1,0.9745551347732544,1,CWA,9919,2
38,0,0.2324646860361099,0,CWA,9919,2
39,1,0.3915799856185913,0,CWA,9919,2
40,0,0.1186530590057373,0,CWA,9919,2
41,1,0.952181875705719,1,CWA,9919,2
44,0,0.0613387934863567,0,CWA,9919,2
45,1,0.0637181624770164,0,CWA,9919,2
48,0,0.9011811017990112,1,CWA,9919,2
49,1,0.0666791275143623,0,CWA,9919,2
50,0,0.7767371535301208,1,CWA,9919,2
51,1,0.1421881914138794,0,CWA,9919,2
60,0,0.5685024857521057,1,CWA,9919,2
61,1,0.9482744336128236,1,CWA,9919,2
84,0,0.9308868646621704,1,CWA,9919,2
85,1,0.8521060943603516,1,CWA,9919,2
88,0,0.5776219964027405,1,CWA,9919,2
89,1,0.5620054006576538,1,CWA,9919,2
112,0,0.2387057244777679,0,CWA,9919,2
113,1,0.975835382938385,1,CWA,9919,2
116,0,0.3262491226196289,0,CWA,9919,2
117,1,0.823826789855957,1,CWA,9919,2
136,0,0.8008670806884766,1,CWA,9919,2
137,1,0.9686121940612792,1,CWA,9919,2
140,0,0.2195125073194503,0,CWA,9919,2
141,1,0.9710413813591005,1,CWA,9919,2
162,0,0.1087308228015899,0,CWA,9919,2
163,1,0.9711430072784424,1,CWA,9919,2
172,0,0.8546971678733826,1,CWA,9919,2
173,1,0.8503908514976501,1,CWA,9919,2
176,0,0.5810516476631165,1,CWA,9919,2
177,1,0.8854830861091614,1,CWA,9919,2
178,0,0.0958243906497955,0,CWA,9919,2
179,1,0.8717952370643616,1,CWA,9919,2
182,0,0.8070524334907532,1,CWA,9919,2
183,1,0.8506767153739929,1,CWA,9919,2
194,0,0.171392023563385,0,CWA,9919,2
195,1,0.1220303997397422,0,CWA,9919,2
214,0,0.1749171167612075,0,CWA,9919,2
215,1,0.9773813486099244,1,CWA,9919,2
220,0,0.8523600697517395,1,CWA,9919,2
221,1,0.8086524605751038,1,CWA,9919,2
238,0,0.05901850014925,0,CWA,9919,2
239,1,0.8813967704772949,1,CWA,9919,2
248,0,0.0740265324711799,0,CWA,9919,2
249,1,0.2394393980503082,0,CWA,9919,2
254,0,0.6963794231414795,1,CWA,9919,2
255,1,0.912654459476471,1,CWA,9919,2
256,0,0.8065523505210876,1,CWA,9919,2
257,1,0.9061683416366576,1,CWA,9919,2
262,0,0.1540189534425735,0,CWA,9919,2
263,1,0.9623265266418456,1,CWA,9919,2
272,0,0.1952996104955673,0,CWA,9919,2
273,1,0.7655405402183533,1,CWA,9919,2
284,0,0.0795430094003677,0,CWA,9919,2
285,1,0.9367902278900146,1,CWA,9919,2
294,0,0.0424261391162872,0,CWA,9919,2
295,1,0.3855652511119842,0,CWA,9919,2
334,0,0.0869925022125244,0,CWA,9919,2
335,1,0.2785100936889648,0,CWA,9919,2
338,0,0.0870416015386581,0,CWA,9919,2
339,1,0.0961194932460784,0,CWA,9919,2
376,0,0.4250895380973816,0,CWA,9919,2
377,1,0.4204110503196716,0,CWA,9919,2
378,0,0.1173794791102409,0,CWA,9919,2
379,1,0.7093291282653809,1,CWA,9919,2
402,0,0.0825681015849113,0,CWA,9919,2
403,1,0.982826828956604,1,CWA,9919,2
2,0,0.1798014491796493,0,CWA,9919,3
3,1,0.0543362759053707,0,CWA,9919,3
8,0,0.826931893825531,1,CWA,9919,3
9,1,0.5544289946556091,1,CWA,9919,3
20,0,0.8866250514984131,1,CWA,9919,3
21,1,0.3916603624820709,0,CWA,9919,3
28,0,0.0715898051857948,0,CWA,9919,3
29,1,0.2405446022748947,0,CWA,9919,3
30,0,0.0781752690672874,0,CWA,9919,3
31,1,0.7845946550369263,1,CWA,9919,3
34,0,0.53348308801651,1,CWA,9919,3
35,1,0.546794593334198,1,CWA,9919,3
46,0,0.53348308801651,1,CWA,9919,3
47,1,0.546794593334198,1,CWA,9919,3
56,0,0.3081458508968353,0,CWA,9919,3
57,1,0.8872160315513611,1,CWA,9919,3
62,0,0.0670957490801811,0,CWA,9919,3
63,1,0.8259044885635376,1,CWA,9919,3
64,0,0.1422875225543975,0,CWA,9919,3
65,1,0.5762729048728943,1,CWA,9919,3
68,0,0.5485614538192749,1,CWA,9919,3
69,1,0.8487744927406311,1,CWA,9919,3
92,0,0.3444318175315857,0,CWA,9919,3
93,1,0.8094865679740906,1,CWA,9919,3
106,0,0.1586111485958099,0,CWA,9919,3
107,1,0.4197607934474945,0,CWA,9919,3
122,0,0.1834774911403656,0,CWA,9919,3
123,1,0.2226178646087646,0,CWA,9919,3
142,0,0.1323689371347427,0,CWA,9919,3
143,1,0.4825411438941955,0,CWA,9919,3
150,0,0.0533319376409053,0,CWA,9919,3
151,1,0.6670003533363342,1,CWA,9919,3
158,0,0.2399215102195739,0,CWA,9919,3
159,1,0.9286799430847168,1,CWA,9919,3
174,0,0.1858143806457519,0,CWA,9919,3
175,1,0.6141566038131714,1,CWA,9919,3
180,0,0.3744713366031647,0,CWA,9919,3
181,1,0.7087405920028687,1,CWA,9919,3
188,0,0.3880651593208313,0,CWA,9919,3
189,1,0.7478027939796448,1,CWA,9919,3
192,0,0.6865100860595703,1,CWA,9919,3
193,1,0.5959376096725464,1,CWA,9919,3
198,0,0.2331868261098861,0,CWA,9919,3
199,1,0.6200315952301025,1,CWA,9919,3
218,0,0.0598806887865066,0,CWA,9919,3
219,1,0.0615428388118743,0,CWA,9919,3
246,0,0.5868796706199646,1,CWA,9919,3
247,1,0.5644721388816833,1,CWA,9919,3
282,0,0.1024178117513656,0,CWA,9919,3
283,1,0.4599751830101013,0,CWA,9919,3
286,0,0.2662362456321716,0,CWA,9919,3
287,1,0.3146654963493347,0,CWA,9919,3
288,0,0.4879476130008697,0,CWA,9919,3
289,1,0.8708227872848511,1,CWA,9919,3
292,0,0.1541032791137695,0,CWA,9919,3
293,1,0.8341931700706482,1,CWA,9919,3
298,0,0.0443574637174606,0,CWA,9919,3
299,1,0.4258266687393188,0,CWA,9919,3
310,0,0.0842759236693382,0,CWA,9919,3
311,1,0.8965961933135986,1,CWA,9919,3
314,0,0.1763154864311218,0,CWA,9919,3
315,1,0.3292551636695862,0,CWA,9919,3
326,0,0.4006575644016266,0,CWA,9919,3
327,1,0.653075098991394,1,CWA,9919,3
330,0,0.0440059900283813,0,CWA,9919,3
331,1,0.5203808546066284,1,CWA,9919,3
332,0,0.112624853849411,0,CWA,9919,3
333,1,0.3633989095687866,0,CWA,9919,3
346,0,0.38703453540802,0,CWA,9919,3
347,1,0.8056346774101257,1,CWA,9919,3
350,0,0.5060204267501831,1,CWA,9919,3
351,1,0.7553589344024658,1,CWA,9919,3
370,0,0.1571019142866134,0,CWA,9919,3
371,1,0.8341480493545532,1,CWA,9919,3
384,0,0.1929417699575424,0,CWA,9919,3
385,1,0.8376021981239319,1,CWA,9919,3
386,0,0.1141949817538261,0,CWA,9919,3
387,1,0.6238662600517273,1,CWA,9919,3
388,0,0.0675248503684997,0,CWA,9919,3
389,1,0.8437876105308533,1,CWA,9919,3
398,0,0.181931272149086,0,CWA,9919,3
399,1,0.2303342074155807,0,CWA,9919,3
400,0,0.5708315968513489,1,CWA,9919,3
401,1,0.2170348763465881,0,CWA,9919,3
36,0,0.0987754687666893,0,CWA,9919,4
37,1,0.5374169945716858,1,CWA,9919,4
58,0,0.2231157571077346,0,CWA,9919,4
59,1,0.9011338353157043,1,CWA,9919,4
66,0,0.1112310737371444,0,CWA,9919,4
67,1,0.7739242911338806,1,CWA,9919,4
74,0,0.7305305600166321,1,CWA,9919,4
75,1,0.8306909799575806,1,CWA,9919,4
82,0,0.1011923104524612,0,CWA,9919,4
83,1,0.1657653003931045,0,CWA,9919,4
90,0,0.2526879906654358,0,CWA,9919,4
91,1,0.3143588900566101,0,CWA,9919,4
94,0,0.2614214718341827,0,CWA,9919,4
95,1,0.1274854093790054,0,CWA,9919,4
110,0,0.651161253452301,1,CWA,9919,4
111,1,0.0823657810688018,0,CWA,9919,4
118,0,0.2821010649204254,0,CWA,9919,4
119,1,0.9813969135284424,1,CWA,9919,4
120,0,0.4046091139316559,0,CWA,9919,4
121,1,0.6993012428283691,1,CWA,9919,4
124,0,0.941222846508026,1,CWA,9919,4
125,1,0.8686652183532715,1,CWA,9919,4
130,0,0.1047011837363243,0,CWA,9919,4
131,1,0.454585313796997,0,CWA,9919,4
144,0,0.175871729850769,0,CWA,9919,4
145,1,0.108448289334774,0,CWA,9919,4
148,0,0.0969055444002151,0,CWA,9919,4
149,1,0.1433206349611282,0,CWA,9919,4
160,0,0.0818183049559593,0,CWA,9919,4
161,1,0.6225245594978333,1,CWA,9919,4
166,0,0.1225189790129661,0,CWA,9919,4
167,1,0.6930404305458069,1,CWA,9919,4
170,0,0.0887124836444854,0,CWA,9919,4
171,1,0.6897599697113037,1,CWA,9919,4
184,0,0.1055105105042457,0,CWA,9919,4
185,1,0.557233452796936,1,CWA,9919,4
190,0,0.1901289224624633,0,CWA,9919,4
191,1,0.4867894053459167,0,CWA,9919,4
196,0,0.1534645110368728,0,CWA,9919,4
197,1,0.9808695316314696,1,CWA,9919,4
202,0,0.05364590883255,0,CWA,9919,4
203,1,0.1099335402250289,0,CWA,9919,4
204,0,0.6005595922470093,1,CWA,9919,4
205,1,0.5620683431625366,1,CWA,9919,4
208,0,0.0921764001250267,0,CWA,9919,4
209,1,0.9235509634017944,1,CWA,9919,4
212,0,0.8155803084373474,1,CWA,9919,4
213,1,0.3791911005973816,0,CWA,9919,4
216,0,0.1275832653045654,0,CWA,9919,4
217,1,0.978472113609314,1,CWA,9919,4
222,0,0.282253623008728,0,CWA,9919,4
223,1,0.813957154750824,1,CWA,9919,4
232,0,0.1828849464654922,0,CWA,9919,4
233,1,0.6944760084152222,1,CWA,9919,4
260,0,0.1759540289640426,0,CWA,9919,4
261,1,0.9061419367790222,1,CWA,9919,4
266,0,0.1452274024486541,0,CWA,9919,4
267,1,0.681896984577179,1,CWA,9919,4
268,0,0.5866395831108093,1,CWA,9919,4
269,1,0.5065365433692932,1,CWA,9919,4
274,0,0.2002199739217758,0,CWA,9919,4
275,1,0.9031516313552856,1,CWA,9919,4
280,0,0.2462011277675628,0,CWA,9919,4
281,1,0.2522964775562286,0,CWA,9919,4
300,0,0.1764025241136551,0,CWA,9919,4
301,1,0.8111873269081116,1,CWA,9919,4
316,0,0.2440491616725921,0,CWA,9919,4
317,1,0.972998023033142,1,CWA,9919,4
322,0,0.1076512038707733,0,CWA,9919,4
323,1,0.7673223614692688,1,CWA,9919,4
328,0,0.0847934857010841,0,CWA,9919,4
329,1,0.4797943830490112,0,CWA,9919,4
336,0,0.0795893669128418,0,CWA,9919,4
337,1,0.910944402217865,1,CWA,9919,4
362,0,0.168143555521965,0,CWA,9919,4
363,1,0.2789950668811798,0,CWA,9919,4
364,0,0.0937935709953308,0,CWA,9919,4
365,1,0.8928417563438416,1,CWA,9919,4
0,0,0.4261062145233154,0,CWA,9919,5
1,1,0.7343241572380066,1,CWA,9919,5
4,0,0.8576969504356384,1,CWA,9919,5
5,1,0.3722192943096161,0,CWA,9919,5
18,0,0.191969484090805,0,CWA,9919,5
19,1,0.7200555205345154,1,CWA,9919,5
42,0,0.1877485513687133,0,CWA,9919,5
43,1,0.1737105250358581,0,CWA,9919,5
52,0,0.8859021067619324,1,CWA,9919,5
53,1,0.458218902349472,0,CWA,9919,5
102,0,0.1176464781165123,0,CWA,9919,5
103,1,0.958939254283905,1,CWA,9919,5
104,0,0.5691189765930176,1,CWA,9919,5
105,1,0.9326934814453124,1,CWA,9919,5
108,0,0.1456673741340637,0,CWA,9919,5
109,1,0.9435545206069946,1,CWA,9919,5
126,0,0.2035146057605743,0,CWA,9919,5
127,1,0.304717093706131,0,CWA,9919,5
132,0,0.095574177801609,0,CWA,9919,5
133,1,0.1952190101146698,0,CWA,9919,5
134,0,0.2817085385322571,0,CWA,9919,5
135,1,0.5054525136947632,1,CWA,9919,5
154,0,0.1811960488557815,0,CWA,9919,5
155,1,0.1702059507369995,0,CWA,9919,5
156,0,0.0659889876842498,0,CWA,9919,5
157,1,0.3311083316802978,0,CWA,9919,5
164,0,0.0675396472215652,0,CWA,9919,5
165,1,0.3755331933498382,0,CWA,9919,5
168,0,0.5307905077934265,1,CWA,9919,5
169,1,0.5205089449882507,1,CWA,9919,5
186,0,0.0285061746835708,0,CWA,9919,5
187,1,0.2815479636192322,0,CWA,9919,5
200,0,0.1411016583442688,0,CWA,9919,5
201,1,0.9100983738899232,1,CWA,9919,5
206,0,0.0638656839728355,0,CWA,9919,5
207,1,0.1457055658102035,0,CWA,9919,5
224,0,0.8042589426040649,1,CWA,9919,5
225,1,0.1341706961393356,0,CWA,9919,5
230,0,0.2914988994598388,0,CWA,9919,5
231,1,0.3916556537151336,0,CWA,9919,5
240,0,0.4789869785308838,0,CWA,9919,5
241,1,0.516428530216217,1,CWA,9919,5
244,0,0.5451210141181946,1,CWA,9919,5
245,1,0.6292608380317688,1,CWA,9919,5
250,0,0.2095149606466293,0,CWA,9919,5
251,1,0.6776415109634399,1,CWA,9919,5
252,0,0.1373825669288635,0,CWA,9919,5
253,1,0.7692168354988098,1,CWA,9919,5
270,0,0.2534542977809906,0,CWA,9919,5
271,1,0.988716721534729,1,CWA,9919,5
276,0,0.1619881093502044,0,CWA,9919,5
277,1,0.7561357617378235,1,CWA,9919,5
278,0,0.2608635723590851,0,CWA,9919,5
279,1,0.7409245371818542,1,CWA,9919,5
304,0,0.1409308761358261,0,CWA,9919,5
305,1,0.2008008062839508,0,CWA,9919,5
318,0,0.1522898823022842,0,CWA,9919,5
319,1,0.9212517738342284,1,CWA,9919,5
320,0,0.3421058058738708,0,CWA,9919,5
321,1,0.6454776525497437,1,CWA,9919,5
324,0,0.2662794291973114,0,CWA,9919,5
325,1,0.9412164092063904,1,CWA,9919,5
340,0,0.1180166453123092,0,CWA,9919,5
341,1,0.6438770294189453,1,CWA,9919,5
344,0,0.1879685223102569,0,CWA,9919,5
345,1,0.6528412699699402,1,CWA,9919,5
356,0,0.0883147269487381,0,CWA,9919,5
357,1,0.923321545124054,1,CWA,9919,5
358,0,0.0777870267629623,0,CWA,9919,5
359,1,0.974405825138092,1,CWA,9919,5
368,0,0.1183735281229019,0,CWA,9919,5
369,1,0.8214862942695618,1,CWA,9919,5
380,0,0.5350905060768127,1,CWA,9919,5
381,1,0.6332297325134277,1,CWA,9919,5
390,0,0.1992683559656143,0,CWA,9919,5
391,1,0.7729163765907288,1,CWA,9919,5
394,0,0.1336118578910827,0,CWA,9919,5
395,1,0.519548237323761,1,CWA,9919,5
396,0,0.0701544284820556,0,CWA,9919,5
397,1,0.4059612452983856,0,CWA,9919,5
18,0,0.1552865207195282,0,ERA5Land,1497,1
19,1,0.5661457777023315,1,ERA5Land,1497,1
28,0,0.1996137499809265,0,ERA5Land,1497,1
29,1,0.2116789668798446,0,ERA5Land,1497,1
34,0,0.5345627069473267,1,ERA5Land,1497,1
35,1,0.3624701201915741,0,ERA5Land,1497,1
54,0,0.1434803754091262,0,ERA5Land,1497,1
55,1,0.9013271927833556,1,ERA5Land,1497,1
70,0,0.8018081188201904,1,ERA5Land,1497,1
71,1,0.7063879370689392,1,ERA5Land,1497,1
88,0,0.444880872964859,0,ERA5Land,1497,1
89,1,0.3562034368515014,0,ERA5Land,1497,1
98,0,0.8202245831489563,1,ERA5Land,1497,1
99,1,0.8847967982292175,1,ERA5Land,1497,1
142,0,0.1816746145486831,0,ERA5Land,1497,1
143,1,0.6474400162696838,1,ERA5Land,1497,1
154,0,0.3235751092433929,0,ERA5Land,1497,1
155,1,0.3918258249759674,0,ERA5Land,1497,1
164,0,0.0691507756710052,0,ERA5Land,1497,1
165,1,0.3669922649860382,0,ERA5Land,1497,1
186,0,0.0949253886938095,0,ERA5Land,1497,1
187,1,0.5638335347175598,1,ERA5Land,1497,1
190,0,0.3212878704071045,0,ERA5Land,1497,1
191,1,0.327316403388977,0,ERA5Land,1497,1
192,0,0.790084183216095,1,ERA5Land,1497,1
193,1,0.8060827851295471,1,ERA5Land,1497,1
198,0,0.1368125230073928,0,ERA5Land,1497,1
199,1,0.8405479192733765,1,ERA5Land,1497,1
200,0,0.1013942435383796,0,ERA5Land,1497,1
201,1,0.9312664866447448,1,ERA5Land,1497,1
204,0,0.6697281002998352,1,ERA5Land,1497,1
205,1,0.7010292410850525,1,ERA5Land,1497,1
214,0,0.187633529305458,0,ERA5Land,1497,1
215,1,0.7654279470443726,1,ERA5Land,1497,1
218,0,0.0765212327241897,0,ERA5Land,1497,1
219,1,0.3042029738426208,0,ERA5Land,1497,1
228,0,0.3423136174678802,0,ERA5Land,1497,1
229,1,0.7037180662155151,1,ERA5Land,1497,1
232,0,0.3168677091598511,0,ERA5Land,1497,1
233,1,0.5347814559936523,1,ERA5Land,1497,1
248,0,0.0683333352208137,0,ERA5Land,1497,1
249,1,0.6164284944534302,1,ERA5Land,1497,1
250,0,0.1263174414634704,0,ERA5Land,1497,1
251,1,0.4900988936424255,0,ERA5Land,1497,1
252,0,0.1408828645944595,0,ERA5Land,1497,1
253,1,0.3419826328754425,0,ERA5Land,1497,1
260,0,0.1464525312185287,0,ERA5Land,1497,1
261,1,0.7845029234886169,1,ERA5Land,1497,1
266,0,0.2208722531795501,0,ERA5Land,1497,1
267,1,0.3971070349216461,0,ERA5Land,1497,1
268,0,0.5684540867805481,1,ERA5Land,1497,1
269,1,0.5280638337135315,1,ERA5Land,1497,1
274,0,0.2593758702278137,0,ERA5Land,1497,1
275,1,0.495777815580368,0,ERA5Land,1497,1
296,0,0.5094466805458069,1,ERA5Land,1497,1
297,1,0.8993939757347107,1,ERA5Land,1497,1
312,0,0.1349785029888153,0,ERA5Land,1497,1
313,1,0.912544846534729,1,ERA5Land,1497,1
328,0,0.1669433116912841,0,ERA5Land,1497,1
329,1,0.4071173071861267,0,ERA5Land,1497,1
332,0,0.1592395305633545,0,ERA5Land,1497,1
333,1,0.5012406706809998,1,ERA5Land,1497,1
334,0,0.2199465930461883,0,ERA5Land,1497,1
335,1,0.3691173493862152,0,ERA5Land,1497,1
336,0,0.3906633555889129,0,ERA5Land,1497,1
337,1,0.8299071192741394,1,ERA5Land,1497,1
344,0,0.28685462474823,0,ERA5Land,1497,1
345,1,0.8912009596824646,1,ERA5Land,1497,1
358,0,0.1879429817199707,0,ERA5Land,1497,1
359,1,0.6094732284545898,1,ERA5Land,1497,1
360,0,0.212820827960968,0,ERA5Land,1497,1
361,1,0.1815895736217498,0,ERA5Land,1497,1
376,0,0.2178509682416916,0,ERA5Land,1497,1
377,1,0.5876051187515259,1,ERA5Land,1497,1
380,0,0.4377757906913757,0,ERA5Land,1497,1
381,1,0.635861873626709,1,ERA5Land,1497,1
388,0,0.1079402342438697,0,ERA5Land,1497,1
389,1,0.4489982724189758,0,ERA5Land,1497,1
392,0,0.1831237524747848,0,ERA5Land,1497,1
393,1,0.6202418208122253,1,ERA5Land,1497,1
402,0,0.4159770011901855,0,ERA5Land,1497,1
403,1,0.7778007984161377,1,ERA5Land,1497,1
0,0,0.088848739862442,0,ERA5Land,1497,2
1,1,0.2266613095998764,0,ERA5Land,1497,2
4,0,0.7453537583351135,1,ERA5Land,1497,2
5,1,0.2051364928483963,0,ERA5Land,1497,2
20,0,0.8596979975700378,1,ERA5Land,1497,2
21,1,0.8016186356544495,1,ERA5Land,1497,2
30,0,0.3446109592914581,0,ERA5Land,1497,2
31,1,0.8120201230049133,1,ERA5Land,1497,2
32,0,0.3633479475975036,0,ERA5Land,1497,2
33,1,0.8089473843574524,1,ERA5Land,1497,2
36,0,0.2470985949039459,0,ERA5Land,1497,2
37,1,0.2506889700889587,0,ERA5Land,1497,2
40,0,0.6718024611473083,1,ERA5Land,1497,2
41,1,0.7624683380126953,1,ERA5Land,1497,2
44,0,0.1526614725589752,0,ERA5Land,1497,2
45,1,0.0871993228793144,0,ERA5Land,1497,2
46,0,0.6642433404922485,1,ERA5Land,1497,2
47,1,0.5887671113014221,1,ERA5Land,1497,2
56,0,0.2596727609634399,0,ERA5Land,1497,2
57,1,0.9525208473205566,1,ERA5Land,1497,2
74,0,0.2936798632144928,0,ERA5Land,1497,2
75,1,0.9432362914085388,1,ERA5Land,1497,2
82,0,0.8628888726234436,1,ERA5Land,1497,2
83,1,0.9221035838127136,1,ERA5Land,1497,2
84,0,0.9294670224189758,1,ERA5Land,1497,2
85,1,0.9151394367218018,1,ERA5Land,1497,2
100,0,0.0531116090714931,0,ERA5Land,1497,2
101,1,0.9367801547050476,1,ERA5Land,1497,2
136,0,0.5204979181289673,1,ERA5Land,1497,2
137,1,0.9562768936157228,1,ERA5Land,1497,2
140,0,0.0933246463537216,0,ERA5Land,1497,2
141,1,0.9238073825836182,1,ERA5Land,1497,2
144,0,0.7694821357727051,1,ERA5Land,1497,2
145,1,0.4460598528385162,0,ERA5Land,1497,2
184,0,0.0126364799216389,0,ERA5Land,1497,2
185,1,0.7972965836524963,1,ERA5Land,1497,2
188,0,0.1374378651380539,0,ERA5Land,1497,2
189,1,0.588421642780304,1,ERA5Land,1497,2
210,0,0.0306029058992862,0,ERA5Land,1497,2
211,1,0.8524394631385803,1,ERA5Land,1497,2
212,0,0.8366963267326355,1,ERA5Land,1497,2
213,1,0.2254178524017334,0,ERA5Land,1497,2
220,0,0.828806459903717,1,ERA5Land,1497,2
221,1,0.1095661297440528,0,ERA5Land,1497,2
240,0,0.209572434425354,0,ERA5Land,1497,2
241,1,0.6110361218452454,1,ERA5Land,1497,2
242,0,0.0758207514882087,0,ERA5Land,1497,2
243,1,0.607702374458313,1,ERA5Land,1497,2
246,0,0.0896921008825302,0,ERA5Land,1497,2
247,1,0.2761049270629883,0,ERA5Land,1497,2
262,0,0.1379180997610092,0,ERA5Land,1497,2
263,1,0.9044904708862304,1,ERA5Land,1497,2
276,0,0.2525434792041778,0,ERA5Land,1497,2
277,1,0.6616509556770325,1,ERA5Land,1497,2
292,0,0.0294101145118474,0,ERA5Land,1497,2
293,1,0.950069785118103,1,ERA5Land,1497,2
294,0,0.0137643758207559,0,ERA5Land,1497,2
295,1,0.3754346370697021,0,ERA5Land,1497,2
302,0,0.7090021967887878,1,ERA5Land,1497,2
303,1,0.7849627733230591,1,ERA5Land,1497,2
314,0,0.2200136631727218,0,ERA5Land,1497,2
315,1,0.0211667194962501,0,ERA5Land,1497,2
320,0,0.027250338345766,0,ERA5Land,1497,2
321,1,0.9189876914024352,1,ERA5Land,1497,2
322,0,0.4613787829875946,0,ERA5Land,1497,2
323,1,0.8193702697753906,1,ERA5Land,1497,2
324,0,0.5520118474960327,1,ERA5Land,1497,2
325,1,0.5131040215492249,1,ERA5Land,1497,2
340,0,0.1962610185146331,0,ERA5Land,1497,2
341,1,0.28410804271698,0,ERA5Land,1497,2
350,0,0.060003388673067,0,ERA5Land,1497,2
351,1,0.8529152870178223,1,ERA5Land,1497,2
356,0,0.6098378300666809,1,ERA5Land,1497,2
357,1,0.6061296463012695,1,ERA5Land,1497,2
386,0,0.1074740663170814,0,ERA5Land,1497,2
387,1,0.686473548412323,1,ERA5Land,1497,2
390,0,0.1453527361154556,0,ERA5Land,1497,2
391,1,0.6633209586143494,1,ERA5Land,1497,2
398,0,0.1712767034769058,0,ERA5Land,1497,2
399,1,0.489491730928421,0,ERA5Land,1497,2
400,0,0.0973444208502769,0,ERA5Land,1497,2
401,1,0.6943157911300659,1,ERA5Land,1497,2
2,0,0.0442374944686889,0,ERA5Land,1497,3
3,1,0.0598178468644619,0,ERA5Land,1497,3
26,0,0.0431660301983356,0,ERA5Land,1497,3
27,1,0.1233759298920631,0,ERA5Land,1497,3
38,0,0.1516472697257995,0,ERA5Land,1497,3
39,1,0.1881988048553466,0,ERA5Land,1497,3
50,0,0.9764264822006226,1,ERA5Land,1497,3
51,1,0.9165794849395752,1,ERA5Land,1497,3
58,0,0.0190486945211887,0,ERA5Land,1497,3
59,1,0.9187527894973756,1,ERA5Land,1497,3
62,0,0.0642202347517013,0,ERA5Land,1497,3
63,1,0.4160366356372833,0,ERA5Land,1497,3
64,0,0.0037990945857018,0,ERA5Land,1497,3
65,1,0.9360228776931764,1,ERA5Land,1497,3
76,0,0.7407800555229187,1,ERA5Land,1497,3
77,1,0.9901227355003356,1,ERA5Land,1497,3
78,0,0.0495042204856872,0,ERA5Land,1497,3
79,1,0.8432428240776062,1,ERA5Land,1497,3
86,0,0.2120075523853302,0,ERA5Land,1497,3
87,1,0.6974533796310425,1,ERA5Land,1497,3
94,0,0.8488988876342773,1,ERA5Land,1497,3
95,1,0.825533390045166,1,ERA5Land,1497,3
108,0,0.0222140569239854,0,ERA5Land,1497,3
109,1,0.7931615114212036,1,ERA5Land,1497,3
110,0,0.0875797122716903,0,ERA5Land,1497,3
111,1,0.1388015151023864,0,ERA5Land,1497,3
118,0,0.0267134848982095,0,ERA5Land,1497,3
119,1,0.9970865845680236,1,ERA5Land,1497,3
120,0,0.028629221022129,0,ERA5Land,1497,3
121,1,0.9942998886108398,1,ERA5Land,1497,3
124,0,0.9289512634277344,1,ERA5Land,1497,3
125,1,0.8621227741241455,1,ERA5Land,1497,3
128,0,0.0042358571663498,0,ERA5Land,1497,3
129,1,0.993486762046814,1,ERA5Land,1497,3
146,0,0.0150252170860767,0,ERA5Land,1497,3
147,1,0.9913320541381836,1,ERA5Land,1497,3
152,0,0.0404506549239158,0,ERA5Land,1497,3
153,1,0.9932147264480592,1,ERA5Land,1497,3
156,0,0.0064826412126421,0,ERA5Land,1497,3
157,1,0.9912075400352478,1,ERA5Land,1497,3
172,0,0.9801067113876344,1,ERA5Land,1497,3
173,1,0.8241422176361084,1,ERA5Land,1497,3
178,0,0.0293814968317747,0,ERA5Land,1497,3
179,1,0.9363093376159668,1,ERA5Land,1497,3
182,0,0.7041834592819214,1,ERA5Land,1497,3
183,1,0.9744637608528136,1,ERA5Land,1497,3
202,0,0.0071334792301058,0,ERA5Land,1497,3
203,1,0.6347905397415161,1,ERA5Land,1497,3
208,0,0.0060975509695708,0,ERA5Land,1497,3
209,1,0.9945289492607116,1,ERA5Land,1497,3
224,0,0.8247783780097961,1,ERA5Land,1497,3
225,1,0.7474018335342407,1,ERA5Land,1497,3
226,0,0.5610454082489014,1,ERA5Land,1497,3
227,1,0.8886576890945435,1,ERA5Land,1497,3
234,0,0.0534028150141239,0,ERA5Land,1497,3
235,1,0.8890983462333679,1,ERA5Land,1497,3
236,0,0.0570530146360397,0,ERA5Land,1497,3
237,1,0.1109813898801803,0,ERA5Land,1497,3
238,0,0.1364808082580566,0,ERA5Land,1497,3
239,1,0.7218883037567139,1,ERA5Land,1497,3
264,0,0.2174326032400131,0,ERA5Land,1497,3
265,1,0.9713687300682068,1,ERA5Land,1497,3
278,0,0.0465219169855117,0,ERA5Land,1497,3
279,1,0.9894592761993408,1,ERA5Land,1497,3
280,0,0.4284011125564575,0,ERA5Land,1497,3
281,1,0.3351888954639435,0,ERA5Land,1497,3
290,0,0.2018859088420868,0,ERA5Land,1497,3
291,1,0.1279107481241226,0,ERA5Land,1497,3
306,0,0.0634606629610061,0,ERA5Land,1497,3
307,1,0.962748885154724,1,ERA5Land,1497,3
310,0,0.1363345980644226,0,ERA5Land,1497,3
311,1,0.988541066646576,1,ERA5Land,1497,3
330,0,0.0031113014556467,0,ERA5Land,1497,3
331,1,0.3489536345005035,0,ERA5Land,1497,3
342,0,0.0396390557289123,0,ERA5Land,1497,3
343,1,0.969613552093506,1,ERA5Land,1497,3
354,0,0.1056530475616455,0,ERA5Land,1497,3
355,1,0.985059380531311,1,ERA5Land,1497,3
374,0,0.0516418255865573,0,ERA5Land,1497,3
375,1,0.0319742113351821,0,ERA5Land,1497,3
384,0,0.0246675722301006,0,ERA5Land,1497,3
385,1,0.9190996885299684,1,ERA5Land,1497,3
8,0,0.8179100155830383,1,ERA5Land,1497,4
9,1,0.6780270338058472,1,ERA5Land,1497,4
14,0,0.4780288636684418,0,ERA5Land,1497,4
15,1,0.8133395314216614,1,ERA5Land,1497,4
16,0,0.5883787274360657,1,ERA5Land,1497,4
17,1,0.6502792239189148,1,ERA5Land,1497,4
22,0,0.911491632461548,1,ERA5Land,1497,4
23,1,0.9157915115356444,1,ERA5Land,1497,4
24,0,0.0768166929483413,0,ERA5Land,1497,4
25,1,0.9383516907691956,1,ERA5Land,1497,4
48,0,0.8891777992248535,1,ERA5Land,1497,4
49,1,0.5525234937667847,1,ERA5Land,1497,4
60,0,0.1866714060306549,0,ERA5Land,1497,4
61,1,0.948341190814972,1,ERA5Land,1497,4
66,0,0.5396761894226074,1,ERA5Land,1497,4
67,1,0.8374537229537964,1,ERA5Land,1497,4
68,0,0.8546057343482971,1,ERA5Land,1497,4
69,1,0.8859349489212036,1,ERA5Land,1497,4
72,0,0.044149000197649,0,ERA5Land,1497,4
73,1,0.1185758709907531,0,ERA5Land,1497,4
104,0,0.435257226228714,0,ERA5Land,1497,4
105,1,0.884084165096283,1,ERA5Land,1497,4
114,0,0.8915092349052429,1,ERA5Land,1497,4
115,1,0.9023879170417786,1,ERA5Land,1497,4
122,0,0.1543326377868652,0,ERA5Land,1497,4
123,1,0.1394675225019455,0,ERA5Land,1497,4
130,0,0.1702266037464141,0,ERA5Land,1497,4
131,1,0.904596745967865,1,ERA5Land,1497,4
148,0,0.3393512964248657,0,ERA5Land,1497,4
149,1,0.3225647509098053,0,ERA5Land,1497,4
150,0,0.0253903605043888,0,ERA5Land,1497,4
151,1,0.7899402976036072,1,ERA5Land,1497,4
158,0,0.4077809453010559,0,ERA5Land,1497,4
159,1,0.9772788882255554,1,ERA5Land,1497,4
162,0,0.0875004306435585,0,ERA5Land,1497,4
163,1,0.9665021896362304,1,ERA5Land,1497,4
166,0,0.5534536242485046,1,ERA5Land,1497,4
167,1,0.6264488697052002,1,ERA5Land,1497,4
176,0,0.5695742964744568,1,ERA5Land,1497,4
177,1,0.8267342448234558,1,ERA5Land,1497,4
180,0,0.743500828742981,1,ERA5Land,1497,4
181,1,0.88340163230896,1,ERA5Land,1497,4
194,0,0.5151664018630981,1,ERA5Land,1497,4
195,1,0.6559078097343445,1,ERA5Land,1497,4
222,0,0.738759458065033,1,ERA5Land,1497,4
223,1,0.9038273692131042,1,ERA5Land,1497,4
230,0,0.7752189636230469,1,ERA5Land,1497,4
231,1,0.1832116097211837,0,ERA5Land,1497,4
244,0,0.8112079501152039,1,ERA5Land,1497,4
245,1,0.8243964314460754,1,ERA5Land,1497,4
254,0,0.5865613222122192,1,ERA5Land,1497,4
255,1,0.5043066143989563,1,ERA5Land,1497,4
256,0,0.8239467144012451,1,ERA5Land,1497,4
257,1,0.7607336640357971,1,ERA5Land,1497,4
272,0,0.1204994395375251,0,ERA5Land,1497,4
273,1,0.6023297309875488,1,ERA5Land,1497,4
282,0,0.1641056984663009,0,ERA5Land,1497,4
283,1,0.8272069692611694,1,ERA5Land,1497,4
284,0,0.0440177246928215,0,ERA5Land,1497,4
285,1,0.7738684415817261,1,ERA5Land,1497,4
298,0,0.1933158636093139,0,ERA5Land,1497,4
299,1,0.6959875226020813,1,ERA5Land,1497,4
304,0,0.607009768486023,1,ERA5Land,1497,4
305,1,0.7790220975875854,1,ERA5Land,1497,4
316,0,0.1142848655581474,0,ERA5Land,1497,4
317,1,0.944890022277832,1,ERA5Land,1497,4
326,0,0.1679590046405792,0,ERA5Land,1497,4
327,1,0.8417591452598572,1,ERA5Land,1497,4
338,0,0.0769424438476562,0,ERA5Land,1497,4
339,1,0.19540835916996,0,ERA5Land,1497,4
352,0,0.0484074167907238,0,ERA5Land,1497,4
353,1,0.6632302403450012,1,ERA5Land,1497,4
366,0,0.2346643954515457,0,ERA5Land,1497,4
367,1,0.863900363445282,1,ERA5Land,1497,4
368,0,0.1144684851169586,0,ERA5Land,1497,4
369,1,0.7149245738983154,1,ERA5Land,1497,4
378,0,0.1825953871011734,0,ERA5Land,1497,4
379,1,0.5388827919960022,1,ERA5Land,1497,4
6,0,0.1211125254631042,0,ERA5Land,1497,5
7,1,0.9061461091041564,1,ERA5Land,1497,5
10,0,0.5924219489097595,1,ERA5Land,1497,5
11,1,0.7022651433944702,1,ERA5Land,1497,5
12,0,0.1604878455400467,0,ERA5Land,1497,5
13,1,0.6327024102210999,1,ERA5Land,1497,5
42,0,0.3867694139480591,0,ERA5Land,1497,5
43,1,0.4316631257534027,0,ERA5Land,1497,5
52,0,0.8710270524024963,1,ERA5Land,1497,5
53,1,0.5789311528205872,1,ERA5Land,1497,5
80,0,0.1808875650167465,0,ERA5Land,1497,5
81,1,0.2708469331264496,0,ERA5Land,1497,5
90,0,0.405983030796051,0,ERA5Land,1497,5
91,1,0.444983959197998,0,ERA5Land,1497,5
92,0,0.2181055247783661,0,ERA5Land,1497,5
93,1,0.7740687727928162,1,ERA5Land,1497,5
96,0,0.615242600440979,1,ERA5Land,1497,5
97,1,0.830062210559845,1,ERA5Land,1497,5
102,0,0.2383062243461609,0,ERA5Land,1497,5
103,1,0.955565333366394,1,ERA5Land,1497,5
106,0,0.2112437784671783,0,ERA5Land,1497,5
107,1,0.5320735573768616,1,ERA5Land,1497,5
112,0,0.1159256249666214,0,ERA5Land,1497,5
113,1,0.9345404505729676,1,ERA5Land,1497,5
116,0,0.5543379187583923,1,ERA5Land,1497,5
117,1,0.8316312432289124,1,ERA5Land,1497,5
126,0,0.3974922597408294,0,ERA5Land,1497,5
127,1,0.4787124097347259,0,ERA5Land,1497,5
132,0,0.1419734060764312,0,ERA5Land,1497,5
133,1,0.321809321641922,0,ERA5Land,1497,5
134,0,0.4636678993701935,0,ERA5Land,1497,5
135,1,0.7361998558044434,1,ERA5Land,1497,5
138,0,0.8400706648826599,1,ERA5Land,1497,5
139,1,0.8985625505447388,1,ERA5Land,1497,5
160,0,0.1496087312698364,0,ERA5Land,1497,5
161,1,0.8429616689682007,1,ERA5Land,1497,5
168,0,0.5419586300849915,1,ERA5Land,1497,5
169,1,0.5354267954826355,1,ERA5Land,1497,5
170,0,0.5649695992469788,1,ERA5Land,1497,5
171,1,0.7480089664459229,1,ERA5Land,1497,5
174,0,0.5938778519630432,1,ERA5Land,1497,5
175,1,0.7554598450660706,1,ERA5Land,1497,5
196,0,0.693435788154602,1,ERA5Land,1497,5
197,1,0.9807502627372742,1,ERA5Land,1497,5
206,0,0.0273395795375108,0,ERA5Land,1497,5
207,1,0.3947900533676147,0,ERA5Land,1497,5
216,0,0.1487191468477249,0,ERA5Land,1497,5
217,1,0.9708572030067444,1,ERA5Land,1497,5
258,0,0.1740471869707107,0,ERA5Land,1497,5
259,1,0.8107684850692749,1,ERA5Land,1497,5
270,0,0.2427398115396499,0,ERA5Land,1497,5
271,1,0.8693878054618835,1,ERA5Land,1497,5
286,0,0.316361665725708,0,ERA5Land,1497,5
287,1,0.5327221751213074,1,ERA5Land,1497,5
288,0,0.7258812785148621,1,ERA5Land,1497,5
289,1,0.9664795994758606,1,ERA5Land,1497,5
300,0,0.23285011947155,0,ERA5Land,1497,5
301,1,0.854815661907196,1,ERA5Land,1497,5
308,0,0.2507250308990478,0,ERA5Land,1497,5
309,1,0.7746368050575256,1,ERA5Land,1497,5
318,0,0.1389919221401214,0,ERA5Land,1497,5
319,1,0.9652782678604126,1,ERA5Land,1497,5
346,0,0.1413621455430984,0,ERA5Land,1497,5
347,1,0.9101476669311525,1,ERA5Land,1497,5
348,0,0.5041632056236267,1,ERA5Land,1497,5
349,1,0.9005143046379089,1,ERA5Land,1497,5
362,0,0.1739290803670883,0,ERA5Land,1497,5
363,1,0.3142492771148681,0,ERA5Land,1497,5
364,0,0.3037915527820587,0,ERA5Land,1497,5
365,1,0.8641006350517273,1,ERA5Land,1497,5
370,0,0.0875948145985603,0,ERA5Land,1497,5
371,1,0.8977900147438049,1,ERA5Land,1497,5
372,0,0.5211077928543091,1,ERA5Land,1497,5
373,1,0.7390706539154053,1,ERA5Land,1497,5
382,0,0.2145109325647354,0,ERA5Land,1497,5
383,1,0.5953742265701294,1,ERA5Land,1497,5
394,0,0.3241254687309265,0,ERA5Land,1497,5
395,1,0.6634806990623474,1,ERA5Land,1497,5
396,0,0.0694481879472732,0,ERA5Land,1497,5
397,1,0.5084728002548218,1,ERA5Land,1497,5
22,0,0.9202835559844972,1,ERA5Land,174,1
23,1,0.9178901314735411,1,ERA5Land,174,1
28,0,0.162579670548439,0,ERA5Land,174,1
29,1,0.399315744638443,0,ERA5Land,174,1
36,0,0.1277099549770355,0,ERA5Land,174,1
37,1,0.0511075668036937,0,ERA5Land,174,1
42,0,0.0257692001760005,0,ERA5Land,174,1
43,1,0.0214633233845233,0,ERA5Land,174,1
50,0,0.6718538403511047,1,ERA5Land,174,1
51,1,0.547318160533905,1,ERA5Land,174,1
60,0,0.0144579261541366,0,ERA5Land,174,1
61,1,0.957754611968994,1,ERA5Land,174,1
62,0,0.009389360435307,0,ERA5Land,174,1
63,1,0.3938515484333038,0,ERA5Land,174,1
64,0,0.0052548917010426,0,ERA5Land,174,1
65,1,0.9556737542152404,1,ERA5Land,174,1
70,0,0.8538568019866943,1,ERA5Land,174,1
71,1,0.793140172958374,1,ERA5Land,174,1
82,0,0.0786375626921653,0,ERA5Land,174,1
83,1,0.8653745055198669,1,ERA5Land,174,1
94,0,0.8799057006835938,1,ERA5Land,174,1
95,1,0.667337954044342,1,ERA5Land,174,1
100,0,0.036671008914709,0,ERA5Land,174,1
101,1,0.9579437375068665,1,ERA5Land,174,1
108,0,0.0037437928840517,0,ERA5Land,174,1
109,1,0.8712722063064575,1,ERA5Land,174,1
118,0,0.4532751441001892,0,ERA5Land,174,1
119,1,0.9928787350654602,1,ERA5Land,174,1
122,0,0.0147052090615034,0,ERA5Land,174,1
123,1,0.0070419562980532,0,ERA5Land,174,1
124,0,0.9223304986953736,1,ERA5Land,174,1
125,1,0.9354709982872008,1,ERA5Land,174,1
126,0,0.3793536722660064,0,ERA5Land,174,1
127,1,0.1373445093631744,0,ERA5Land,174,1
128,0,0.0037405556067824,0,ERA5Land,174,1
129,1,0.9636977314949036,1,ERA5Land,174,1
138,0,0.8306748270988464,1,ERA5Land,174,1
139,1,0.9420121908187866,1,ERA5Land,174,1
146,0,0.061085507273674,0,ERA5Land,174,1
147,1,0.9912499189376832,1,ERA5Land,174,1
158,0,0.3623209297657013,0,ERA5Land,174,1
159,1,0.9919258952140808,1,ERA5Land,174,1
190,0,0.4659541547298431,0,ERA5Land,174,1
191,1,0.0344933569431304,0,ERA5Land,174,1
196,0,0.5147945284843445,1,ERA5Land,174,1
197,1,0.9957633018493652,1,ERA5Land,174,1
202,0,0.004305753391236,0,ERA5Land,174,1
203,1,0.5762609243392944,1,ERA5Land,174,1
206,0,0.0041973902843892,0,ERA5Land,174,1
207,1,0.4437711536884308,0,ERA5Land,174,1
222,0,0.9173858165740968,1,ERA5Land,174,1
223,1,0.8432561755180359,1,ERA5Land,174,1
228,0,0.8842777609825134,1,ERA5Land,174,1
229,1,0.6283036470413208,1,ERA5Land,174,1
234,0,0.2229493409395218,0,ERA5Land,174,1
235,1,0.9287397861480712,1,ERA5Land,174,1
246,0,0.0878831669688224,0,ERA5Land,174,1
247,1,0.2414460331201553,0,ERA5Land,174,1
250,0,0.0103740002959966,0,ERA5Land,174,1
251,1,0.9215352535247804,1,ERA5Land,174,1
252,0,0.0024373691994696,0,ERA5Land,174,1
253,1,0.9575738906860352,1,ERA5Land,174,1
268,0,0.8633859753608704,1,ERA5Land,174,1
269,1,0.8284044861793518,1,ERA5Land,174,1
300,0,0.0096318963915109,0,ERA5Land,174,1
301,1,0.9494838118553162,1,ERA5Land,174,1
302,0,0.7849568128585815,1,ERA5Land,174,1
303,1,0.8972583413124084,1,ERA5Land,174,1
304,0,0.3392778038978576,0,ERA5Land,174,1
305,1,0.8997591137886047,1,ERA5Land,174,1
306,0,0.0295604914426803,0,ERA5Land,174,1
307,1,0.9804232120513916,1,ERA5Land,174,1
314,0,0.01573396474123,0,ERA5Land,174,1
315,1,0.00661176815629,0,ERA5Land,174,1
324,0,0.7145926356315613,1,ERA5Land,174,1
325,1,0.4528615474700928,0,ERA5Land,174,1
332,0,0.0033425271976739,0,ERA5Land,174,1
333,1,0.9538848996162416,1,ERA5Land,174,1
364,0,0.0243114791810512,0,ERA5Land,174,1
365,1,0.9779804944992064,1,ERA5Land,174,1
374,0,0.0085806166753172,0,ERA5Land,174,1
375,1,0.0066427672281861,0,ERA5Land,174,1
4,0,0.8230290412902832,1,ERA5Land,174,2
5,1,0.5265189409255981,1,ERA5Land,174,2
10,0,0.694672167301178,1,ERA5Land,174,2
11,1,0.6871267557144165,1,ERA5Land,174,2
14,0,0.199047639966011,0,ERA5Land,174,2
15,1,0.5719738602638245,1,ERA5Land,174,2
18,0,0.1694756150245666,0,ERA5Land,174,2
19,1,0.7950606942176819,1,ERA5Land,174,2
30,0,0.4569572806358337,0,ERA5Land,174,2
31,1,0.7608290910720825,1,ERA5Land,174,2
34,0,0.7111759185791016,1,ERA5Land,174,2
35,1,0.7019150853157043,1,ERA5Land,174,2
48,0,0.7494505047798157,1,ERA5Land,174,2
49,1,0.7192572355270386,1,ERA5Land,174,2
54,0,0.0718966946005821,0,ERA5Land,174,2
55,1,0.8313034772872925,1,ERA5Land,174,2
72,0,0.0104870228096842,0,ERA5Land,174,2
73,1,0.0246050525456666,0,ERA5Land,174,2
80,0,0.0133063849061727,0,ERA5Land,174,2
81,1,0.0577500462532043,0,ERA5Land,174,2
84,0,0.96338152885437,1,ERA5Land,174,2
85,1,0.936347723007202,1,ERA5Land,174,2
88,0,0.1152551844716072,0,ERA5Land,174,2
89,1,0.2118244618177414,0,ERA5Land,174,2
104,0,0.0430871620774269,0,ERA5Land,174,2
105,1,0.7394157648086548,1,ERA5Land,174,2
110,0,0.0422371886670589,0,ERA5Land,174,2
111,1,0.0571164637804031,0,ERA5Land,174,2
140,0,0.1424705982208252,0,ERA5Land,174,2
141,1,0.8738592863082886,1,ERA5Land,174,2
164,0,0.010387442074716,0,ERA5Land,174,2
165,1,0.6409890055656433,1,ERA5Land,174,2
168,0,0.1532987505197525,0,ERA5Land,174,2
169,1,0.3743551969528198,0,ERA5Land,174,2
170,0,0.7469825148582458,1,ERA5Land,174,2
171,1,0.7261865735054016,1,ERA5Land,174,2
184,0,0.0089720590040087,0,ERA5Land,174,2
185,1,0.7754641175270081,1,ERA5Land,174,2
192,0,0.5236341953277588,1,ERA5Land,174,2
193,1,0.7099826335906982,1,ERA5Land,174,2
204,0,0.7141934633255005,1,ERA5Land,174,2
205,1,0.5461657643318176,1,ERA5Land,174,2
212,0,0.7789099216461182,1,ERA5Land,174,2
213,1,0.5008916854858398,1,ERA5Land,174,2
216,0,0.0211577210575342,0,ERA5Land,174,2
217,1,0.966464102268219,1,ERA5Land,174,2
218,0,0.0148223573341965,0,ERA5Land,174,2
219,1,0.6780732274055481,1,ERA5Land,174,2
224,0,0.7057663202285767,1,ERA5Land,174,2
225,1,0.688899576663971,1,ERA5Land,174,2
232,0,0.2864755988121032,0,ERA5Land,174,2
233,1,0.5664067268371582,1,ERA5Land,174,2
238,0,0.5053349137306213,1,ERA5Land,174,2
239,1,0.7615479826927185,1,ERA5Land,174,2
254,0,0.4198729991912842,0,ERA5Land,174,2
255,1,0.8110308647155762,1,ERA5Land,174,2
270,0,0.2971023321151733,0,ERA5Land,174,2
271,1,0.8973110914230347,1,ERA5Land,174,2
272,0,0.1931969970464706,0,ERA5Land,174,2
273,1,0.3892162144184112,0,ERA5Land,174,2
280,0,0.4360244870185852,0,ERA5Land,174,2
281,1,0.8752923011779785,1,ERA5Land,174,2
284,0,0.0612562485039234,0,ERA5Land,174,2
285,1,0.821704089641571,1,ERA5Land,174,2
292,0,0.0294145327061414,0,ERA5Land,174,2
293,1,0.7201115489006042,1,ERA5Land,174,2
310,0,0.1272683441638946,0,ERA5Land,174,2
311,1,0.7951183319091797,1,ERA5Land,174,2
328,0,0.0454174503684043,0,ERA5Land,174,2
329,1,0.7191470861434937,1,ERA5Land,174,2
350,0,0.0897263213992118,0,ERA5Land,174,2
351,1,0.8334918022155762,1,ERA5Land,174,2
368,0,0.0657465606927871,0,ERA5Land,174,2
369,1,0.6270623207092285,1,ERA5Land,174,2
388,0,0.3806847333908081,0,ERA5Land,174,2
389,1,0.7927622199058533,1,ERA5Land,174,2
390,0,0.0927736088633537,0,ERA5Land,174,2
391,1,0.6737157702445984,1,ERA5Land,174,2
392,0,0.0706907212734222,0,ERA5Land,174,2
393,1,0.7092569470405579,1,ERA5Land,174,2
396,0,0.0405376330018043,0,ERA5Land,174,2
397,1,0.2549110651016235,0,ERA5Land,174,2
6,0,0.0349425971508026,0,ERA5Land,174,3
7,1,0.9083255529403688,1,ERA5Land,174,3
8,0,0.9329410195350648,1,ERA5Land,174,3
9,1,0.6346377730369568,1,ERA5Land,174,3
12,0,0.1887199878692627,0,ERA5Land,174,3
13,1,0.8115164041519165,1,ERA5Land,174,3
20,0,0.7031375765800476,1,ERA5Land,174,3
21,1,0.6807359457015991,1,ERA5Land,174,3
26,0,0.0764286518096923,0,ERA5Land,174,3
27,1,0.2267061471939087,0,ERA5Land,174,3
38,0,0.2027440220117569,0,ERA5Land,174,3
39,1,0.2655107378959656,0,ERA5Land,174,3
68,0,0.7947877049446106,1,ERA5Land,174,3
69,1,0.7655096054077148,1,ERA5Land,174,3
74,0,0.574546754360199,1,ERA5Land,174,3
75,1,0.7949638366699219,1,ERA5Land,174,3
92,0,0.0827982798218727,0,ERA5Land,174,3
93,1,0.9725296497344972,1,ERA5Land,174,3
96,0,0.7054612636566162,1,ERA5Land,174,3
97,1,0.9123237729072572,1,ERA5Land,174,3
112,0,0.0415081419050693,0,ERA5Land,174,3
113,1,0.9295830130577089,1,ERA5Land,174,3
132,0,0.0794091001152992,0,ERA5Land,174,3
133,1,0.0689653009176254,0,ERA5Land,174,3
142,0,0.0672198832035064,0,ERA5Land,174,3
143,1,0.920523166656494,1,ERA5Land,174,3
148,0,0.16652512550354,0,ERA5Land,174,3
149,1,0.0813460499048233,0,ERA5Land,174,3
150,0,0.0193512290716171,0,ERA5Land,174,3
151,1,0.425731748342514,0,ERA5Land,174,3
152,0,0.1197807639837265,0,ERA5Land,174,3
153,1,0.9698501229286194,1,ERA5Land,174,3
154,0,0.9226970672607422,1,ERA5Land,174,3
155,1,0.1991197764873504,0,ERA5Land,174,3
156,0,0.0404199063777923,0,ERA5Land,174,3
157,1,0.7724604606628418,1,ERA5Land,174,3
166,0,0.3135943114757538,0,ERA5Land,174,3
167,1,0.4983431994915008,0,ERA5Land,174,3
174,0,0.3260755538940429,0,ERA5Land,174,3
175,1,0.4035033881664276,0,ERA5Land,174,3
182,0,0.4582836925983429,0,ERA5Land,174,3
183,1,0.6736516356468201,1,ERA5Land,174,3
200,0,0.0625524297356605,0,ERA5Land,174,3
201,1,0.976283073425293,1,ERA5Land,174,3
240,0,0.3844432830810547,0,ERA5Land,174,3
241,1,0.4822409451007843,0,ERA5Land,174,3
248,0,0.0238626040518283,0,ERA5Land,174,3
249,1,0.6603907942771912,1,ERA5Land,174,3
260,0,0.1712759584188461,0,ERA5Land,174,3
261,1,0.8707671165466309,1,ERA5Land,174,3
262,0,0.1188539341092109,0,ERA5Land,174,3
263,1,0.8630335927009583,1,ERA5Land,174,3
264,0,0.276124507188797,0,ERA5Land,174,3
265,1,0.5520473122596741,1,ERA5Land,174,3
274,0,0.4497598707675934,0,ERA5Land,174,3
275,1,0.4267208874225616,0,ERA5Land,174,3
278,0,0.2682307362556457,0,ERA5Land,174,3
279,1,0.7418389916419983,1,ERA5Land,174,3
286,0,0.3939316272735595,0,ERA5Land,174,3
287,1,0.5827673077583313,1,ERA5Land,174,3
290,0,0.560782790184021,1,ERA5Land,174,3
291,1,0.3453601598739624,0,ERA5Land,174,3
296,0,0.3795530796051025,0,ERA5Land,174,3
297,1,0.9763447046279908,1,ERA5Land,174,3
312,0,0.1056325733661651,0,ERA5Land,174,3
313,1,0.9730098843574524,1,ERA5Land,174,3
316,0,0.212673008441925,0,ERA5Land,174,3
317,1,0.9129852652549744,1,ERA5Land,174,3
342,0,0.0683557093143463,0,ERA5Land,174,3
343,1,0.7049305438995361,1,ERA5Land,174,3
346,0,0.0997080355882644,0,ERA5Land,174,3
347,1,0.8688902258872986,1,ERA5Land,174,3
356,0,0.6406383514404297,1,ERA5Land,174,3
357,1,0.8941822648048401,1,ERA5Land,174,3
358,0,0.2469627112150192,0,ERA5Land,174,3
359,1,0.3760604858398437,0,ERA5Land,174,3
378,0,0.0737879872322082,0,ERA5Land,174,3
379,1,0.5611211657524109,1,ERA5Land,174,3
386,0,0.041437778621912,0,ERA5Land,174,3
387,1,0.882856011390686,1,ERA5Land,174,3
394,0,0.1132099330425262,0,ERA5Land,174,3
395,1,0.8636503219604492,1,ERA5Land,174,3
400,0,0.0525565445423126,0,ERA5Land,174,3
401,1,0.2312744110822677,0,ERA5Land,174,3
0,0,0.1530352979898452,0,ERA5Land,174,4
1,1,0.052339818328619,0,ERA5Land,174,4
2,0,0.1190643310546875,0,ERA5Land,174,4
3,1,0.1541071236133575,0,ERA5Land,174,4
40,0,0.6159709692001343,1,ERA5Land,174,4
41,1,0.6399996876716614,1,ERA5Land,174,4
44,0,0.1578191667795181,0,ERA5Land,174,4
45,1,0.1342989057302475,0,ERA5Land,174,4
52,0,0.8278093934059143,1,ERA5Land,174,4
53,1,0.6119611263275146,1,ERA5Land,174,4
78,0,0.1804792135953903,0,ERA5Land,174,4
79,1,0.8510429859161377,1,ERA5Land,174,4
86,0,0.3643843829631805,0,ERA5Land,174,4
87,1,0.2149870693683624,0,ERA5Land,174,4
102,0,0.1732596606016159,0,ERA5Land,174,4
103,1,0.9152848124504088,1,ERA5Land,174,4
106,0,0.1626429408788681,0,ERA5Land,174,4
107,1,0.7935643792152405,1,ERA5Land,174,4
116,0,0.5220245718955994,1,ERA5Land,174,4
117,1,0.5421062111854553,1,ERA5Land,174,4
160,0,0.21828293800354,0,ERA5Land,174,4
161,1,0.5399605631828308,1,ERA5Land,174,4
162,0,0.0701763331890106,0,ERA5Land,174,4
163,1,0.9806852340698242,1,ERA5Land,174,4
176,0,0.368032842874527,0,ERA5Land,174,4
177,1,0.5032399296760559,1,ERA5Land,174,4
180,0,0.4208571016788482,0,ERA5Land,174,4
181,1,0.5557038187980652,1,ERA5Land,174,4
188,0,0.4803732931613922,0,ERA5Land,174,4
189,1,0.6829884648323059,1,ERA5Land,174,4
194,0,0.3771877288818359,0,ERA5Land,174,4
195,1,0.1525629162788391,0,ERA5Land,174,4
226,0,0.0261419769376516,0,ERA5Land,174,4
227,1,0.0535504892468452,0,ERA5Land,174,4
236,0,0.1229678466916084,0,ERA5Land,174,4
237,1,0.299416571855545,0,ERA5Land,174,4
242,0,0.1583054661750793,0,ERA5Land,174,4
243,1,0.2246525734663009,0,ERA5Land,174,4
244,0,0.3431747555732727,0,ERA5Land,174,4
245,1,0.3998319208621979,0,ERA5Land,174,4
256,0,0.3256616592407226,0,ERA5Land,174,4
257,1,0.7638808488845825,1,ERA5Land,174,4
258,0,0.1429969668388366,0,ERA5Land,174,4
259,1,0.1602740585803985,0,ERA5Land,174,4
266,0,0.1699375063180923,0,ERA5Land,174,4
267,1,0.639362633228302,1,ERA5Land,174,4
276,0,0.4137502610683441,0,ERA5Land,174,4
277,1,0.4890868961811065,0,ERA5Land,174,4
282,0,0.4937447011470794,0,ERA5Land,174,4
283,1,0.8793407082557678,1,ERA5Land,174,4
294,0,0.0371777527034282,0,ERA5Land,174,4
295,1,0.6367338299751282,1,ERA5Land,174,4
298,0,0.0601978488266468,0,ERA5Land,174,4
299,1,0.1875216662883758,0,ERA5Land,174,4
308,0,0.3475750684738159,0,ERA5Land,174,4
309,1,0.899745523929596,1,ERA5Land,174,4
320,0,0.0927520394325256,0,ERA5Land,174,4
321,1,0.7834177017211914,1,ERA5Land,174,4
322,0,0.3297525346279144,0,ERA5Land,174,4
323,1,0.7719747424125671,1,ERA5Land,174,4
326,0,0.1250532567501068,0,ERA5Land,174,4
327,1,0.7435421347618103,1,ERA5Land,174,4
336,0,0.5648313164710999,1,ERA5Land,174,4
337,1,0.9035167098045348,1,ERA5Land,174,4
340,0,0.1075808256864547,0,ERA5Land,174,4
341,1,0.24312324821949,0,ERA5Land,174,4
352,0,0.1175626963376998,0,ERA5Land,174,4
353,1,0.8281967043876648,1,ERA5Land,174,4
354,0,0.1427010744810104,0,ERA5Land,174,4
355,1,0.8560580015182495,1,ERA5Land,174,4
362,0,0.1192656010389328,0,ERA5Land,174,4
363,1,0.4579269587993622,0,ERA5Land,174,4
366,0,0.0848768353462219,0,ERA5Land,174,4
367,1,0.6490857005119324,1,ERA5Land,174,4
372,0,0.2505428194999695,0,ERA5Land,174,4
373,1,0.7380815148353577,1,ERA5Land,174,4
380,0,0.112652912735939,0,ERA5Land,174,4
381,1,0.7399750351905823,1,ERA5Land,174,4
16,0,0.8797808885574341,1,ERA5Land,174,5
17,1,0.9827242493629456,1,ERA5Land,174,5
24,0,0.0408982783555984,0,ERA5Land,174,5
25,1,0.7024801969528198,1,ERA5Land,174,5
32,0,0.1370986849069595,0,ERA5Land,174,5
33,1,0.7565956711769104,1,ERA5Land,174,5
46,0,0.5269531607627869,1,ERA5Land,174,5
47,1,0.579649031162262,1,ERA5Land,174,5
56,0,0.015574162825942,0,ERA5Land,174,5
57,1,0.9329627752304076,1,ERA5Land,174,5
58,0,0.0128906229510903,0,ERA5Land,174,5
59,1,0.9645105600357056,1,ERA5Land,174,5
66,0,0.721343457698822,1,ERA5Land,174,5
67,1,0.6103575825691223,1,ERA5Land,174,5
76,0,0.9671187400817872,1,ERA5Land,174,5
77,1,0.9898658394813538,1,ERA5Land,174,5
90,0,0.0036732382141053,0,ERA5Land,174,5
91,1,0.9501071572303772,1,ERA5Land,174,5
98,0,0.6744273900985718,1,ERA5Land,174,5
99,1,0.9544959664344788,1,ERA5Land,174,5
114,0,0.9756399393081664,1,ERA5Land,174,5
115,1,0.9024101495742798,1,ERA5Land,174,5
120,0,0.0445617102086544,0,ERA5Land,174,5
121,1,0.9788287281990052,1,ERA5Land,174,5
130,0,0.0787204131484031,0,ERA5Land,174,5
131,1,0.9360826015472412,1,ERA5Land,174,5
134,0,0.8697063326835632,1,ERA5Land,174,5
135,1,0.9187297224998474,1,ERA5Land,174,5
136,0,0.9606716632843018,1,ERA5Land,174,5
137,1,0.9778339862823486,1,ERA5Land,174,5
144,0,0.7884351015090942,1,ERA5Land,174,5
145,1,0.872136652469635,1,ERA5Land,174,5
172,0,0.9919890761375428,1,ERA5Land,174,5
173,1,0.1913858503103256,0,ERA5Land,174,5
178,0,0.0228345338255167,0,ERA5Land,174,5
179,1,0.993252694606781,1,ERA5Land,174,5
186,0,0.0081108370795845,0,ERA5Land,174,5
187,1,0.7125290036201477,1,ERA5Land,174,5
198,0,0.1643319875001907,0,ERA5Land,174,5
199,1,0.9851995706558228,1,ERA5Land,174,5
208,0,0.0183066148310899,0,ERA5Land,174,5
209,1,0.9833354949951172,1,ERA5Land,174,5
210,0,0.0858993828296661,0,ERA5Land,174,5
211,1,0.916458010673523,1,ERA5Land,174,5
214,0,0.2246304303407669,0,ERA5Land,174,5
215,1,0.9381894469261168,1,ERA5Land,174,5
220,0,0.4925638139247894,0,ERA5Land,174,5
221,1,0.8752282857894897,1,ERA5Land,174,5
230,0,0.5807713270187378,1,ERA5Land,174,5
231,1,0.2377737909555435,0,ERA5Land,174,5
288,0,0.0223356168717145,0,ERA5Land,174,5
289,1,0.9679104685783386,1,ERA5Land,174,5
318,0,0.0298209749162197,0,ERA5Land,174,5
319,1,0.9898442029953004,1,ERA5Land,174,5
330,0,0.0048830560408532,0,ERA5Land,174,5
331,1,0.9169794917106628,1,ERA5Land,174,5
334,0,0.0044496254995465,0,ERA5Land,174,5
335,1,0.0047141970135271,0,ERA5Land,174,5
338,0,0.2406514436006546,0,ERA5Land,174,5
339,1,0.0191222205758094,0,ERA5Land,174,5
344,0,0.0135331926867365,0,ERA5Land,174,5
345,1,0.8582865595817566,1,ERA5Land,174,5
348,0,0.4784837663173675,0,ERA5Land,174,5
349,1,0.8766669631004333,1,ERA5Land,174,5
360,0,0.0540863424539566,0,ERA5Land,174,5
361,1,0.5935015678405762,1,ERA5Land,174,5
370,0,0.0464460775256156,0,ERA5Land,174,5
371,1,0.0416656211018562,0,ERA5Land,174,5
376,0,0.0022697125095874,0,ERA5Land,174,5
377,1,0.0992098450660705,0,ERA5Land,174,5
382,0,0.0638432055711746,0,ERA5Land,174,5
383,1,0.7443241477012634,1,ERA5Land,174,5
384,0,0.00311607029289,0,ERA5Land,174,5
385,1,0.9830375909805298,1,ERA5Land,174,5
398,0,0.0232662335038185,0,ERA5Land,174,5
399,1,0.488998681306839,0,ERA5Land,174,5
402,0,0.6819790005683899,1,ERA5Land,174,5
403,1,0.499699056148529,0,ERA5Land,174,5
0,0,0.357614517211914,0,ERA5Land,3299,1
1,1,0.1254318356513977,0,ERA5Land,3299,1
14,0,0.0155737893655896,0,ERA5Land,3299,1
15,1,0.9626787304878236,1,ERA5Land,3299,1
18,0,0.1686943024396896,0,ERA5Land,3299,1
19,1,0.6621036529541016,1,ERA5Land,3299,1
40,0,0.4127707183361053,0,ERA5Land,3299,1
41,1,0.5699036717414856,1,ERA5Land,3299,1
52,0,0.1469051092863083,0,ERA5Land,3299,1
53,1,0.4610611796379089,0,ERA5Land,3299,1
58,0,0.0189177263528108,0,ERA5Land,3299,1
59,1,0.9755514860153198,1,ERA5Land,3299,1
62,0,0.1385911554098129,0,ERA5Land,3299,1
63,1,0.8805551528930664,1,ERA5Land,3299,1
72,0,0.0051883026026189,0,ERA5Land,3299,1
73,1,0.0178189128637313,0,ERA5Land,3299,1
74,0,0.8576429486274719,1,ERA5Land,3299,1
75,1,0.9773681163787842,1,ERA5Land,3299,1
82,0,0.2713752090930938,0,ERA5Land,3299,1
83,1,0.8823961019515991,1,ERA5Land,3299,1
84,0,0.982831597328186,1,ERA5Land,3299,1
85,1,0.9675195217132568,1,ERA5Land,3299,1
98,0,0.0663197413086891,0,ERA5Land,3299,1
99,1,0.8600668907165527,1,ERA5Land,3299,1
102,0,0.0926598161458969,0,ERA5Land,3299,1
103,1,0.9838666915893556,1,ERA5Land,3299,1
106,0,0.0916701704263687,0,ERA5Land,3299,1
107,1,0.1529862880706787,0,ERA5Land,3299,1
118,0,0.0444288291037082,0,ERA5Land,3299,1
119,1,0.9860201478004456,1,ERA5Land,3299,1
146,0,0.053975373506546,0,ERA5Land,3299,1
147,1,0.974145531654358,1,ERA5Land,3299,1
182,0,0.1891867071390152,0,ERA5Land,3299,1
183,1,0.9548985362052916,1,ERA5Land,3299,1
192,0,0.7551960945129395,1,ERA5Land,3299,1
193,1,0.8363170623779297,1,ERA5Land,3299,1
196,0,0.932331383228302,1,ERA5Land,3299,1
197,1,0.9943728446960448,1,ERA5Land,3299,1
212,0,0.9124605059623718,1,ERA5Land,3299,1
213,1,0.8886483907699585,1,ERA5Land,3299,1
214,0,0.0382053442299366,0,ERA5Land,3299,1
215,1,0.988326609134674,1,ERA5Land,3299,1
228,0,0.5526186227798462,1,ERA5Land,3299,1
229,1,0.5101103782653809,1,ERA5Land,3299,1
232,0,0.3352222442626953,0,ERA5Land,3299,1
233,1,0.7653045058250427,1,ERA5Land,3299,1
242,0,0.159002348780632,0,ERA5Land,3299,1
243,1,0.951003074645996,1,ERA5Land,3299,1
254,0,0.3187294900417328,0,ERA5Land,3299,1
255,1,0.8930086493492126,1,ERA5Land,3299,1
256,0,0.7079347372055054,1,ERA5Land,3299,1
257,1,0.609356701374054,1,ERA5Land,3299,1
258,0,0.1058118641376495,0,ERA5Land,3299,1
259,1,0.0844274684786796,0,ERA5Land,3299,1
272,0,0.0627003461122512,0,ERA5Land,3299,1
273,1,0.2768831551074981,0,ERA5Land,3299,1
282,0,0.2175872176885604,0,ERA5Land,3299,1
283,1,0.8890781402587891,1,ERA5Land,3299,1
316,0,0.3847580850124359,0,ERA5Land,3299,1
317,1,0.9861169457435608,1,ERA5Land,3299,1
324,0,0.0983360633254051,0,ERA5Land,3299,1
325,1,0.8372949957847595,1,ERA5Land,3299,1
328,0,0.0918708369135856,0,ERA5Land,3299,1
329,1,0.5281567573547363,1,ERA5Land,3299,1
330,0,0.0057594846002757,0,ERA5Land,3299,1
331,1,0.3913842439651489,0,ERA5Land,3299,1
334,0,0.0077070710249245,0,ERA5Land,3299,1
335,1,0.3035291731357574,0,ERA5Land,3299,1
348,0,0.2020471841096878,0,ERA5Land,3299,1
349,1,0.9607532024383544,1,ERA5Land,3299,1
352,0,0.0184240881353616,0,ERA5Land,3299,1
353,1,0.2098538279533386,0,ERA5Land,3299,1
364,0,0.0274317990988492,0,ERA5Land,3299,1
365,1,0.981088638305664,1,ERA5Land,3299,1
378,0,0.0217818468809127,0,ERA5Land,3299,1
379,1,0.509787380695343,1,ERA5Land,3299,1
394,0,0.1395275294780731,0,ERA5Land,3299,1
395,1,0.4986610114574432,0,ERA5Land,3299,1
398,0,0.0568213760852813,0,ERA5Land,3299,1
399,1,0.4767801463603973,0,ERA5Land,3299,1
6,0,0.0375673845410347,0,ERA5Land,3299,2
7,1,0.6061491966247559,1,ERA5Land,3299,2
8,0,0.9512899518013,1,ERA5Land,3299,2
9,1,0.3772180378437042,0,ERA5Land,3299,2
22,0,0.9621638059616088,1,ERA5Land,3299,2
23,1,0.9421429634094238,1,ERA5Land,3299,2
48,0,0.9410989880561828,1,ERA5Land,3299,2
49,1,0.1622503697872162,0,ERA5Land,3299,2
56,0,0.0174106247723102,0,ERA5Land,3299,2
57,1,0.9121444821357728,1,ERA5Land,3299,2
86,0,0.2388884425163269,0,ERA5Land,3299,2
87,1,0.0314036048948764,0,ERA5Land,3299,2
92,0,0.0191209074109792,0,ERA5Land,3299,2
93,1,0.8570008277893066,1,ERA5Land,3299,2
108,0,0.0082343723624944,0,ERA5Land,3299,2
109,1,0.811125636100769,1,ERA5Land,3299,2
120,0,0.0128050744533538,0,ERA5Land,3299,2
121,1,0.9659576416015624,1,ERA5Land,3299,2
132,0,0.0062762489542365,0,ERA5Land,3299,2
133,1,0.1348867714405059,0,ERA5Land,3299,2
136,0,0.4759204387664795,0,ERA5Land,3299,2
137,1,0.9881832003593444,1,ERA5Land,3299,2
140,0,0.0589604116976261,0,ERA5Land,3299,2
141,1,0.631298303604126,1,ERA5Land,3299,2
142,0,0.2242889106273651,0,ERA5Land,3299,2
143,1,0.933159351348877,1,ERA5Land,3299,2
144,0,0.7692675590515137,1,ERA5Land,3299,2
145,1,0.9013423919677734,1,ERA5Land,3299,2
150,0,0.0019318672129884,0,ERA5Land,3299,2
151,1,0.0938166975975036,0,ERA5Land,3299,2
158,0,0.1819726824760437,0,ERA5Land,3299,2
159,1,0.9904078841209412,1,ERA5Land,3299,2
164,0,0.0023943742271512,0,ERA5Land,3299,2
165,1,0.1282150447368621,0,ERA5Land,3299,2
166,0,0.2429712563753128,0,ERA5Land,3299,2
167,1,0.4307467937469482,0,ERA5Land,3299,2
190,0,0.210265964269638,0,ERA5Land,3299,2
191,1,0.0649055689573288,0,ERA5Land,3299,2
200,0,0.0071654035709798,0,ERA5Land,3299,2
201,1,0.9625930786132812,1,ERA5Land,3299,2
206,0,0.001572961686179,0,ERA5Land,3299,2
207,1,0.8716320991516113,1,ERA5Land,3299,2
208,0,0.0028504896908998,0,ERA5Land,3299,2
209,1,0.9598800539970398,1,ERA5Land,3299,2
238,0,0.2749832570552826,0,ERA5Land,3299,2
239,1,0.2939971089363098,0,ERA5Land,3299,2
240,0,0.0537076815962791,0,ERA5Land,3299,2
241,1,0.3869872689247131,0,ERA5Land,3299,2
270,0,0.2417352348566055,0,ERA5Land,3299,2
271,1,0.9308910965919496,1,ERA5Land,3299,2
280,0,0.1193469911813736,0,ERA5Land,3299,2
281,1,0.2317910939455032,0,ERA5Land,3299,2
292,0,0.0461488962173461,0,ERA5Land,3299,2
293,1,0.7839940786361694,1,ERA5Land,3299,2
294,0,0.0059685269370675,0,ERA5Land,3299,2
295,1,0.3338794410228729,0,ERA5Land,3299,2
298,0,0.1454705446958542,0,ERA5Land,3299,2
299,1,0.7895752191543579,1,ERA5Land,3299,2
302,0,0.4301874935626983,0,ERA5Land,3299,2
303,1,0.779142439365387,1,ERA5Land,3299,2
304,0,0.2070954442024231,0,ERA5Land,3299,2
305,1,0.1900321692228317,0,ERA5Land,3299,2
308,0,0.4612276256084442,0,ERA5Land,3299,2
309,1,0.7788390517234802,1,ERA5Land,3299,2
322,0,0.0363180264830589,0,ERA5Land,3299,2
323,1,0.7073995471000671,1,ERA5Land,3299,2
332,0,0.0465526431798934,0,ERA5Land,3299,2
333,1,0.3347711861133575,0,ERA5Land,3299,2
340,0,0.1025164797902107,0,ERA5Land,3299,2
341,1,0.3183482587337494,0,ERA5Land,3299,2
342,0,0.0288042407482862,0,ERA5Land,3299,2
343,1,0.939354658126831,1,ERA5Land,3299,2
346,0,0.8034957647323608,1,ERA5Land,3299,2
347,1,0.5626168847084045,1,ERA5Land,3299,2
350,0,0.1455645710229873,0,ERA5Land,3299,2
351,1,0.5877807140350342,1,ERA5Land,3299,2
374,0,0.116513080894947,0,ERA5Land,3299,2
375,1,0.0534973554313182,0,ERA5Land,3299,2
376,0,0.7816986441612244,1,ERA5Land,3299,2
377,1,0.5614772439002991,1,ERA5Land,3299,2
386,0,0.0465294606983661,0,ERA5Land,3299,2
387,1,0.9097811579704284,1,ERA5Land,3299,2
400,0,0.049002781510353,0,ERA5Land,3299,2
401,1,0.2722834646701813,0,ERA5Land,3299,2
2,0,0.1722538024187088,0,ERA5Land,3299,3
3,1,0.0992100089788436,0,ERA5Land,3299,3
4,0,0.940180480480194,1,ERA5Land,3299,3
5,1,0.8252301216125488,1,ERA5Land,3299,3
20,0,0.8658027648925781,1,ERA5Land,3299,3
21,1,0.44978928565979,0,ERA5Land,3299,3
24,0,0.1561474800109863,0,ERA5Land,3299,3
25,1,0.9368847012519836,1,ERA5Land,3299,3
28,0,0.5375858545303345,1,ERA5Land,3299,3
29,1,0.6601083874702454,1,ERA5Land,3299,3
30,0,0.2459883987903595,0,ERA5Land,3299,3
31,1,0.8195019364356995,1,ERA5Land,3299,3
54,0,0.149246260523796,0,ERA5Land,3299,3
55,1,0.9853892922401428,1,ERA5Land,3299,3
76,0,0.6765623092651367,1,ERA5Land,3299,3
77,1,0.890984833240509,1,ERA5Land,3299,3
112,0,0.0408960804343223,0,ERA5Land,3299,3
113,1,0.7917373776435852,1,ERA5Land,3299,3
130,0,0.6125494241714478,1,ERA5Land,3299,3
131,1,0.978900909423828,1,ERA5Land,3299,3
134,0,0.7423257231712341,1,ERA5Land,3299,3
135,1,0.8878017663955688,1,ERA5Land,3299,3
138,0,0.9453592896461488,1,ERA5Land,3299,3
139,1,0.9876235723495485,1,ERA5Land,3299,3
160,0,0.3686885237693786,0,ERA5Land,3299,3
161,1,0.9938370585441588,1,ERA5Land,3299,3
162,0,0.0051164710894227,0,ERA5Land,3299,3
163,1,0.9844051003456116,1,ERA5Land,3299,3
172,0,0.963908314704895,1,ERA5Land,3299,3
173,1,0.6528059244155884,1,ERA5Land,3299,3
174,0,0.4385362863540649,0,ERA5Land,3299,3
175,1,0.9156978130340576,1,ERA5Land,3299,3
180,0,0.0268633291125297,0,ERA5Land,3299,3
181,1,0.8338398933410645,1,ERA5Land,3299,3
186,0,0.0018706768751144,0,ERA5Land,3299,3
187,1,0.8326024413108826,1,ERA5Land,3299,3
198,0,0.017122907564044,0,ERA5Land,3299,3
199,1,0.9678148627281188,1,ERA5Land,3299,3
218,0,0.0023925343994051,0,ERA5Land,3299,3
219,1,0.7359204292297363,1,ERA5Land,3299,3
224,0,0.8178578615188599,1,ERA5Land,3299,3
225,1,0.8814253807067871,1,ERA5Land,3299,3
260,0,0.0595278553664684,0,ERA5Land,3299,3
261,1,0.6581839919090271,1,ERA5Land,3299,3
262,0,0.0581927709281444,0,ERA5Land,3299,3
263,1,0.9828941226005554,1,ERA5Land,3299,3
264,0,0.0019527726108208,0,ERA5Land,3299,3
265,1,0.8658110499382019,1,ERA5Land,3299,3
266,0,0.5656142234802246,1,ERA5Land,3299,3
267,1,0.5376452803611755,1,ERA5Land,3299,3
274,0,0.6505471467971802,1,ERA5Land,3299,3
275,1,0.5925627946853638,1,ERA5Land,3299,3
276,0,0.005831136368215,0,ERA5Land,3299,3
277,1,0.6627784371376038,1,ERA5Land,3299,3
284,0,0.0331275798380374,0,ERA5Land,3299,3
285,1,0.96027410030365,1,ERA5Land,3299,3
286,0,0.0788648650050163,0,ERA5Land,3299,3
287,1,0.7439687848091125,1,ERA5Land,3299,3
290,0,0.5490423440933228,1,ERA5Land,3299,3
291,1,0.7539302706718445,1,ERA5Land,3299,3
296,0,0.6395322680473328,1,ERA5Land,3299,3
297,1,0.9929749965667723,1,ERA5Land,3299,3
306,0,0.0382162816822528,0,ERA5Land,3299,3
307,1,0.9469369053840636,1,ERA5Land,3299,3
314,0,0.0590485110878944,0,ERA5Land,3299,3
315,1,0.016097042709589,0,ERA5Land,3299,3
336,0,0.717575192451477,1,ERA5Land,3299,3
337,1,0.984725534915924,1,ERA5Land,3299,3
358,0,0.0241511594504117,0,ERA5Land,3299,3
359,1,0.9765705466270448,1,ERA5Land,3299,3
362,0,0.1463359743356704,0,ERA5Land,3299,3
363,1,0.4279588460922241,0,ERA5Land,3299,3
366,0,0.0235427543520927,0,ERA5Land,3299,3
367,1,0.9827137589454652,1,ERA5Land,3299,3
372,0,0.4853064715862274,0,ERA5Land,3299,3
373,1,0.4605711102485657,0,ERA5Land,3299,3
380,0,0.1780094057321548,0,ERA5Land,3299,3
381,1,0.9704871773719788,1,ERA5Land,3299,3
382,0,0.6191664338111877,1,ERA5Land,3299,3
383,1,0.955816388130188,1,ERA5Land,3299,3
396,0,0.0376181975007057,0,ERA5Land,3299,3
397,1,0.9611729383468628,1,ERA5Land,3299,3
16,0,0.4674826562404632,0,ERA5Land,3299,4
17,1,0.5821128487586975,1,ERA5Land,3299,4
26,0,0.155473843216896,0,ERA5Land,3299,4
27,1,0.2595362663269043,0,ERA5Land,3299,4
36,0,0.092817299067974,0,ERA5Land,3299,4
37,1,0.2032005041837692,0,ERA5Land,3299,4
42,0,0.1855078190565109,0,ERA5Land,3299,4
43,1,0.1863977164030075,0,ERA5Land,3299,4
46,0,0.673577070236206,1,ERA5Land,3299,4
47,1,0.4393593072891235,0,ERA5Land,3299,4
66,0,0.7099213600158691,1,ERA5Land,3299,4
67,1,0.8840692639350891,1,ERA5Land,3299,4
68,0,0.8333789110183716,1,ERA5Land,3299,4
69,1,0.9722262024879456,1,ERA5Land,3299,4
90,0,0.5578557252883911,1,ERA5Land,3299,4
91,1,0.8657833933830261,1,ERA5Land,3299,4
104,0,0.1900984197854995,0,ERA5Land,3299,4
105,1,0.9241593480110168,1,ERA5Land,3299,4
110,0,0.3183852434158325,0,ERA5Land,3299,4
111,1,0.6751629114151001,1,ERA5Land,3299,4
114,0,0.773903489112854,1,ERA5Land,3299,4
115,1,0.919585943222046,1,ERA5Land,3299,4
116,0,0.4113398492336273,0,ERA5Land,3299,4
117,1,0.8726354837417603,1,ERA5Land,3299,4
148,0,0.1284113973379135,0,ERA5Land,3299,4
149,1,0.4177856743335724,0,ERA5Land,3299,4
154,0,0.1505413353443145,0,ERA5Land,3299,4
155,1,0.325653612613678,0,ERA5Land,3299,4
168,0,0.146903857588768,0,ERA5Land,3299,4
169,1,0.4255757629871368,0,ERA5Land,3299,4
170,0,0.3146092295646667,0,ERA5Land,3299,4
171,1,0.416280061006546,0,ERA5Land,3299,4
176,0,0.1235686317086219,0,ERA5Land,3299,4
177,1,0.3669239580631256,0,ERA5Land,3299,4
184,0,0.0202071387320756,0,ERA5Land,3299,4
185,1,0.9274779558181764,1,ERA5Land,3299,4
188,0,0.1069702953100204,0,ERA5Land,3299,4
189,1,0.8770627379417419,1,ERA5Land,3299,4
194,0,0.2795684039592743,0,ERA5Land,3299,4
195,1,0.1407868862152099,0,ERA5Land,3299,4
202,0,0.0142910331487655,0,ERA5Land,3299,4
203,1,0.5834994912147522,1,ERA5Land,3299,4
204,0,0.8249784111976624,1,ERA5Land,3299,4
205,1,0.8019846677780151,1,ERA5Land,3299,4
210,0,0.0423390679061412,0,ERA5Land,3299,4
211,1,0.9627645611763,1,ERA5Land,3299,4
220,0,0.8841312527656555,1,ERA5Land,3299,4
221,1,0.2071962058544159,0,ERA5Land,3299,4
244,0,0.2597373425960541,0,ERA5Land,3299,4
245,1,0.3672163784503937,0,ERA5Land,3299,4
268,0,0.8891567587852478,1,ERA5Land,3299,4
269,1,0.625984787940979,1,ERA5Land,3299,4
278,0,0.0350059978663921,0,ERA5Land,3299,4
279,1,0.6551169753074646,1,ERA5Land,3299,4
300,0,0.0114461723715066,0,ERA5Land,3299,4
301,1,0.772936224937439,1,ERA5Land,3299,4
318,0,0.0972421765327453,0,ERA5Land,3299,4
319,1,0.9857950210571288,1,ERA5Land,3299,4
320,0,0.0366946496069431,0,ERA5Land,3299,4
321,1,0.9685340523719788,1,ERA5Land,3299,4
326,0,0.0364749506115913,0,ERA5Land,3299,4
327,1,0.2903120219707489,0,ERA5Land,3299,4
354,0,0.1497693061828613,0,ERA5Land,3299,4
355,1,0.749896228313446,1,ERA5Land,3299,4
356,0,0.7882680892944336,1,ERA5Land,3299,4
357,1,0.9133234024047852,1,ERA5Land,3299,4
368,0,0.2001408636569976,0,ERA5Land,3299,4
369,1,0.9239388704299928,1,ERA5Land,3299,4
370,0,0.0914633572101593,0,ERA5Land,3299,4
371,1,0.8866243362426758,1,ERA5Land,3299,4
384,0,0.0230527073144912,0,ERA5Land,3299,4
385,1,0.973520278930664,1,ERA5Land,3299,4
390,0,0.0774611607193946,0,ERA5Land,3299,4
391,1,0.4631426930427551,0,ERA5Land,3299,4
392,0,0.059828333556652,0,ERA5Land,3299,4
393,1,0.6934787631034851,1,ERA5Land,3299,4
402,0,0.2496203035116195,0,ERA5Land,3299,4
403,1,0.7132065892219543,1,ERA5Land,3299,4
10,0,0.3016377091407776,0,ERA5Land,3299,5
11,1,0.9803965091705322,1,ERA5Land,3299,5
12,0,0.027801014482975,0,ERA5Land,3299,5
13,1,0.9555212259292604,1,ERA5Land,3299,5
32,0,0.1283029168844223,0,ERA5Land,3299,5
33,1,0.9640557765960692,1,ERA5Land,3299,5
34,0,0.4745138585567474,0,ERA5Land,3299,5
35,1,0.5362268686294556,1,ERA5Land,3299,5
38,0,0.3712424635887146,0,ERA5Land,3299,5
39,1,0.0738372430205345,0,ERA5Land,3299,5
44,0,0.1057351902127265,0,ERA5Land,3299,5
45,1,0.0774232745170593,0,ERA5Land,3299,5
50,0,0.2824233174324035,0,ERA5Land,3299,5
51,1,0.4435855746269226,0,ERA5Land,3299,5
60,0,0.0228532142937183,0,ERA5Land,3299,5
61,1,0.9762402772903442,1,ERA5Land,3299,5
64,0,0.0051054270006716,0,ERA5Land,3299,5
65,1,0.8907217383384705,1,ERA5Land,3299,5
70,0,0.9691655039787292,1,ERA5Land,3299,5
71,1,0.6469059586524963,1,ERA5Land,3299,5
78,0,0.0092469416558742,0,ERA5Land,3299,5
79,1,0.959519624710083,1,ERA5Land,3299,5
80,0,0.0129060437902808,0,ERA5Land,3299,5
81,1,0.0536860339343547,0,ERA5Land,3299,5
88,0,0.5511096119880676,1,ERA5Land,3299,5
89,1,0.085627794265747,0,ERA5Land,3299,5
94,0,0.9260702133178712,1,ERA5Land,3299,5
95,1,0.8771679401397705,1,ERA5Land,3299,5
96,0,0.1573930531740188,0,ERA5Land,3299,5
97,1,0.955141305923462,1,ERA5Land,3299,5
100,0,0.0477386005222797,0,ERA5Land,3299,5
101,1,0.9866071939468384,1,ERA5Land,3299,5
122,0,0.0139577966183424,0,ERA5Land,3299,5
123,1,0.0120933260768651,0,ERA5Land,3299,5
124,0,0.861211895942688,1,ERA5Land,3299,5
125,1,0.943643033504486,1,ERA5Land,3299,5
126,0,0.0094435261562466,0,ERA5Land,3299,5
127,1,0.6824396848678589,1,ERA5Land,3299,5
128,0,0.0049595404416322,0,ERA5Land,3299,5
129,1,0.916146159172058,1,ERA5Land,3299,5
152,0,0.1327314525842666,0,ERA5Land,3299,5
153,1,0.987815797328949,1,ERA5Land,3299,5
156,0,0.0177607722580432,0,ERA5Land,3299,5
157,1,0.9506149888038636,1,ERA5Land,3299,5
178,0,0.0761067569255828,0,ERA5Land,3299,5
179,1,0.2701345086097717,0,ERA5Land,3299,5
216,0,0.0226219445466995,0,ERA5Land,3299,5
217,1,0.9891595244407654,1,ERA5Land,3299,5
222,0,0.8877825736999512,1,ERA5Land,3299,5
223,1,0.6155767440795898,1,ERA5Land,3299,5
226,0,0.0344276838004589,0,ERA5Land,3299,5
227,1,0.2244320809841156,0,ERA5Land,3299,5
230,0,0.4991820156574249,0,ERA5Land,3299,5
231,1,0.3728766739368438,0,ERA5Land,3299,5
234,0,0.0258934460580348,0,ERA5Land,3299,5
235,1,0.9762352705001832,1,ERA5Land,3299,5
236,0,0.0361473523080349,0,ERA5Land,3299,5
237,1,0.8871191143989563,1,ERA5Land,3299,5
246,0,0.310151606798172,0,ERA5Land,3299,5
247,1,0.1317031383514404,0,ERA5Land,3299,5
248,0,0.0043977736495435,0,ERA5Land,3299,5
249,1,0.9656995534896852,1,ERA5Land,3299,5
250,0,0.0810227319598198,0,ERA5Land,3299,5
251,1,0.9118212461471558,1,ERA5Land,3299,5
252,0,0.0496801659464836,0,ERA5Land,3299,5
253,1,0.9041600823402404,1,ERA5Land,3299,5
288,0,0.9673418998718262,1,ERA5Land,3299,5
289,1,0.9659799933433532,1,ERA5Land,3299,5
310,0,0.1496008783578872,0,ERA5Land,3299,5
311,1,0.9862012267112732,1,ERA5Land,3299,5
312,0,0.1379000842571258,0,ERA5Land,3299,5
313,1,0.9739127159118652,1,ERA5Land,3299,5
338,0,0.0800974294543266,0,ERA5Land,3299,5
339,1,0.0480401702225208,0,ERA5Land,3299,5
344,0,0.0200799312442541,0,ERA5Land,3299,5
345,1,0.9673287272453308,1,ERA5Land,3299,5
360,0,0.0527921058237552,0,ERA5Land,3299,5
361,1,0.066263310611248,0,ERA5Land,3299,5
388,0,0.0425357073545455,0,ERA5Land,3299,5
389,1,0.9170135259628296,1,ERA5Land,3299,5
10,0,0.7341118454933167,1,ERA5Land,3489,1
11,1,0.8536280393600464,1,ERA5Land,3489,1
14,0,0.5088680386543274,1,ERA5Land,3489,1
15,1,0.8514785170555115,1,ERA5Land,3489,1
22,0,0.8375169038772583,1,ERA5Land,3489,1
23,1,0.8999212384223938,1,ERA5Land,3489,1
24,0,0.1707189530134201,0,ERA5Land,3489,1
25,1,0.908945620059967,1,ERA5Land,3489,1
26,0,0.3794156312942505,0,ERA5Land,3489,1
27,1,0.3263912498950958,0,ERA5Land,3489,1
32,0,0.2411804497241974,0,ERA5Land,3489,1
33,1,0.910947561264038,1,ERA5Land,3489,1
40,0,0.3132838606834411,0,ERA5Land,3489,1
41,1,0.618861198425293,1,ERA5Land,3489,1
58,0,0.1938303709030151,0,ERA5Land,3489,1
59,1,0.8767352104187012,1,ERA5Land,3489,1
68,0,0.4211580753326416,0,ERA5Land,3489,1
69,1,0.6866878867149353,1,ERA5Land,3489,1
70,0,0.7853124141693115,1,ERA5Land,3489,1
71,1,0.4283551275730133,0,ERA5Land,3489,1
88,0,0.3186023831367492,0,ERA5Land,3489,1
89,1,0.3918519020080566,0,ERA5Land,3489,1
102,0,0.1169067695736885,0,ERA5Land,3489,1
103,1,0.6976585984230042,1,ERA5Land,3489,1
106,0,0.3034197092056274,0,ERA5Land,3489,1
107,1,0.742262065410614,1,ERA5Land,3489,1
108,0,0.047787919640541,0,ERA5Land,3489,1
109,1,0.3776779472827911,0,ERA5Land,3489,1
122,0,0.0788912922143936,0,ERA5Land,3489,1
123,1,0.1095906570553779,0,ERA5Land,3489,1
130,0,0.1915315091609954,0,ERA5Land,3489,1
131,1,0.6088381409645081,1,ERA5Land,3489,1
132,0,0.1000339686870575,0,ERA5Land,3489,1
133,1,0.3621286749839782,0,ERA5Land,3489,1
198,0,0.1641199141740799,0,ERA5Land,3489,1
199,1,0.8798096179962158,1,ERA5Land,3489,1
200,0,0.1343665271997451,0,ERA5Land,3489,1
201,1,0.8776793479919434,1,ERA5Land,3489,1
202,0,0.0281730219721794,0,ERA5Land,3489,1
203,1,0.6486158967018127,1,ERA5Land,3489,1
218,0,0.0210569519549608,0,ERA5Land,3489,1
219,1,0.6266098022460938,1,ERA5Land,3489,1
228,0,0.8338871598243713,1,ERA5Land,3489,1
229,1,0.6950229406356812,1,ERA5Land,3489,1
242,0,0.696722686290741,1,ERA5Land,3489,1
243,1,0.6330205798149109,1,ERA5Land,3489,1
244,0,0.8162696957588196,1,ERA5Land,3489,1
245,1,0.8286330699920654,1,ERA5Land,3489,1
254,0,0.5358677506446838,1,ERA5Land,3489,1
255,1,0.5817059278488159,1,ERA5Land,3489,1
258,0,0.1351451575756073,0,ERA5Land,3489,1
259,1,0.5865413546562195,1,ERA5Land,3489,1
264,0,0.5994953513145447,1,ERA5Land,3489,1
265,1,0.8077589869499207,1,ERA5Land,3489,1
284,0,0.0850526914000511,0,ERA5Land,3489,1
285,1,0.923995316028595,1,ERA5Land,3489,1
286,0,0.3235188126564026,0,ERA5Land,3489,1
287,1,0.7467113733291626,1,ERA5Land,3489,1
288,0,0.6054854989051819,1,ERA5Land,3489,1
289,1,0.862744152545929,1,ERA5Land,3489,1
290,0,0.4015723466873169,0,ERA5Land,3489,1
291,1,0.3361029624938965,0,ERA5Land,3489,1
298,0,0.138466790318489,0,ERA5Land,3489,1
299,1,0.4503947794437408,0,ERA5Land,3489,1
302,0,0.8859235644340515,1,ERA5Land,3489,1
303,1,0.3689208924770355,0,ERA5Land,3489,1
310,0,0.2269673198461532,0,ERA5Land,3489,1
311,1,0.9250544309616088,1,ERA5Land,3489,1
338,0,0.16628098487854,0,ERA5Land,3489,1
339,1,0.2863528132438659,0,ERA5Land,3489,1
342,0,0.109738677740097,0,ERA5Land,3489,1
343,1,0.7803667187690735,1,ERA5Land,3489,1
370,0,0.1643239557743072,0,ERA5Land,3489,1
371,1,0.6629924178123474,1,ERA5Land,3489,1
380,0,0.376522034406662,0,ERA5Land,3489,1
381,1,0.8087726831436157,1,ERA5Land,3489,1
384,0,0.0721650570631027,0,ERA5Land,3489,1
385,1,0.6990124583244324,1,ERA5Land,3489,1
386,0,0.1135875806212425,0,ERA5Land,3489,1
387,1,0.8068056106567383,1,ERA5Land,3489,1
398,0,0.1604981273412704,0,ERA5Land,3489,1
399,1,0.232786476612091,0,ERA5Land,3489,1
16,0,0.797159731388092,1,ERA5Land,3489,2
17,1,0.9490302205085754,1,ERA5Land,3489,2
20,0,0.8075375556945801,1,ERA5Land,3489,2
21,1,0.4667019248008728,0,ERA5Land,3489,2
50,0,0.52742600440979,1,ERA5Land,3489,2
51,1,0.4391184449195862,0,ERA5Land,3489,2
54,0,0.0707627385854721,0,ERA5Land,3489,2
55,1,0.9939542412757874,1,ERA5Land,3489,2
66,0,0.9183794260025024,1,ERA5Land,3489,2
67,1,0.795231282711029,1,ERA5Land,3489,2
76,0,0.3713937401771545,0,ERA5Land,3489,2
77,1,0.9483225345611572,1,ERA5Land,3489,2
84,0,0.9893630146980286,1,ERA5Land,3489,2
85,1,0.974948525428772,1,ERA5Land,3489,2
86,0,0.183189108967781,0,ERA5Land,3489,2
87,1,0.6994879841804504,1,ERA5Land,3489,2
98,0,0.9145424962043762,1,ERA5Land,3489,2
99,1,0.9876091480255128,1,ERA5Land,3489,2
110,0,0.2028654217720031,0,ERA5Land,3489,2
111,1,0.5448794960975647,1,ERA5Land,3489,2
114,0,0.9857519268989564,1,ERA5Land,3489,2
115,1,0.8877484798431396,1,ERA5Land,3489,2
140,0,0.1911329329013824,0,ERA5Land,3489,2
141,1,0.924862265586853,1,ERA5Land,3489,2
144,0,0.4482386112213135,0,ERA5Land,3489,2
145,1,0.3094298839569092,0,ERA5Land,3489,2
148,0,0.0731317475438118,0,ERA5Land,3489,2
149,1,0.124222993850708,0,ERA5Land,3489,2
154,0,0.3418431878089905,0,ERA5Land,3489,2
155,1,0.5764954686164856,1,ERA5Land,3489,2
164,0,0.0088189244270324,0,ERA5Land,3489,2
165,1,0.9101458787918092,1,ERA5Land,3489,2
168,0,0.1012850329279899,0,ERA5Land,3489,2
169,1,0.3219947218894958,0,ERA5Land,3489,2
172,0,0.9746654033660888,1,ERA5Land,3489,2
173,1,0.8321394324302673,1,ERA5Land,3489,2
184,0,0.0121863698586821,0,ERA5Land,3489,2
185,1,0.906446635723114,1,ERA5Land,3489,2
204,0,0.9424262046813964,1,ERA5Land,3489,2
205,1,0.8701997399330139,1,ERA5Land,3489,2
206,0,0.0148183824494481,0,ERA5Land,3489,2
207,1,0.8618988990783691,1,ERA5Land,3489,2
210,0,0.0345237143337726,0,ERA5Land,3489,2
211,1,0.9572359323501588,1,ERA5Land,3489,2
212,0,0.6159730553627014,1,ERA5Land,3489,2
213,1,0.1105662956833839,0,ERA5Land,3489,2
216,0,0.0250799059867858,0,ERA5Land,3489,2
217,1,0.984801471233368,1,ERA5Land,3489,2
220,0,0.7477312684059143,1,ERA5Land,3489,2
221,1,0.1014865040779113,0,ERA5Land,3489,2
222,0,0.9722744822502136,1,ERA5Land,3489,2
223,1,0.639718770980835,1,ERA5Land,3489,2
236,0,0.0388759411871433,0,ERA5Land,3489,2
237,1,0.4567129909992218,0,ERA5Land,3489,2
238,0,0.0593746602535247,0,ERA5Land,3489,2
239,1,0.2403993606567382,0,ERA5Land,3489,2
250,0,0.0500380806624889,0,ERA5Land,3489,2
251,1,0.77840256690979,1,ERA5Land,3489,2
252,0,0.046022105962038,0,ERA5Land,3489,2
253,1,0.4350920617580414,0,ERA5Land,3489,2
268,0,0.9133418202400208,1,ERA5Land,3489,2
269,1,0.203555017709732,0,ERA5Land,3489,2
300,0,0.0025803248863667,0,ERA5Land,3489,2
301,1,0.9735504388809204,1,ERA5Land,3489,2
308,0,0.3156203329563141,0,ERA5Land,3489,2
309,1,0.9654375910758972,1,ERA5Land,3489,2
314,0,0.1560882478952407,0,ERA5Land,3489,2
315,1,0.0199426896870136,0,ERA5Land,3489,2
318,0,0.0634098425507545,0,ERA5Land,3489,2
319,1,0.9906127452850342,1,ERA5Land,3489,2
324,0,0.6686450839042664,1,ERA5Land,3489,2
325,1,0.5062083601951599,1,ERA5Land,3489,2
332,0,0.0597972832620143,0,ERA5Land,3489,2
333,1,0.9086299538612366,1,ERA5Land,3489,2
334,0,0.0443785116076469,0,ERA5Land,3489,2
335,1,0.8519331216812134,1,ERA5Land,3489,2
340,0,0.3638235628604889,0,ERA5Land,3489,2
341,1,0.0706024467945098,0,ERA5Land,3489,2
374,0,0.1130119413137435,0,ERA5Land,3489,2
375,1,0.0177698004990816,0,ERA5Land,3489,2
376,0,0.0592222809791564,0,ERA5Land,3489,2
377,1,0.1056215837597847,0,ERA5Land,3489,2
0,0,0.4275164902210235,0,ERA5Land,3489,3
1,1,0.3972406089305877,0,ERA5Land,3489,3
30,0,0.0711117088794708,0,ERA5Land,3489,3
31,1,0.8236294388771057,1,ERA5Land,3489,3
34,0,0.6967134475708008,1,ERA5Land,3489,3
35,1,0.5704103708267212,1,ERA5Land,3489,3
42,0,0.2022235840559005,0,ERA5Land,3489,3
43,1,0.201962724328041,0,ERA5Land,3489,3
46,0,0.7349503040313721,1,ERA5Land,3489,3
47,1,0.5146978497505188,1,ERA5Land,3489,3
48,0,0.7762978076934814,1,ERA5Land,3489,3
49,1,0.6000550985336304,1,ERA5Land,3489,3
64,0,0.0208856202661991,0,ERA5Land,3489,3
65,1,0.8696136474609375,1,ERA5Land,3489,3
74,0,0.6338393688201904,1,ERA5Land,3489,3
75,1,0.9393253922462464,1,ERA5Land,3489,3
80,0,0.1365118771791458,0,ERA5Land,3489,3
81,1,0.169424682855606,0,ERA5Land,3489,3
94,0,0.8177040815353394,1,ERA5Land,3489,3
95,1,0.7443666458129883,1,ERA5Land,3489,3
96,0,0.5297357439994812,1,ERA5Land,3489,3
97,1,0.8383338451385498,1,ERA5Land,3489,3
118,0,0.0991962403059005,0,ERA5Land,3489,3
119,1,0.948078155517578,1,ERA5Land,3489,3
120,0,0.1347400695085525,0,ERA5Land,3489,3
121,1,0.9543147683143616,1,ERA5Land,3489,3
124,0,0.8382411599159241,1,ERA5Land,3489,3
125,1,0.8636066913604736,1,ERA5Land,3489,3
126,0,0.1373780518770218,0,ERA5Land,3489,3
127,1,0.3076909780502319,0,ERA5Land,3489,3
128,0,0.0169791169464588,0,ERA5Land,3489,3
129,1,0.7141537070274353,1,ERA5Land,3489,3
146,0,0.0590700395405292,0,ERA5Land,3489,3
147,1,0.9492377638816832,1,ERA5Land,3489,3
160,0,0.0651767775416374,0,ERA5Land,3489,3
161,1,0.6466494202613831,1,ERA5Land,3489,3
166,0,0.2899907231330871,0,ERA5Land,3489,3
167,1,0.2339832931756973,0,ERA5Land,3489,3
186,0,0.016660938039422,0,ERA5Land,3489,3
187,1,0.835223376750946,1,ERA5Land,3489,3
192,0,0.7012177109718323,1,ERA5Land,3489,3
193,1,0.8866923451423645,1,ERA5Land,3489,3
196,0,0.6008971929550171,1,ERA5Land,3489,3
197,1,0.9564754366874696,1,ERA5Land,3489,3
208,0,0.0323710106313228,0,ERA5Land,3489,3
209,1,0.9573388695716858,1,ERA5Land,3489,3
226,0,0.1609672307968139,0,ERA5Land,3489,3
227,1,0.2947805225849151,0,ERA5Land,3489,3
234,0,0.1164475977420806,0,ERA5Land,3489,3
235,1,0.7208254933357239,1,ERA5Land,3489,3
240,0,0.5223566889762878,1,ERA5Land,3489,3
241,1,0.6767305731773376,1,ERA5Land,3489,3
248,0,0.0158247482031583,0,ERA5Land,3489,3
249,1,0.8012443780899048,1,ERA5Land,3489,3
274,0,0.2802619338035583,0,ERA5Land,3489,3
275,1,0.4575215280056,0,ERA5Land,3489,3
296,0,0.5510684251785278,1,ERA5Land,3489,3
297,1,0.9221974611282348,1,ERA5Land,3489,3
306,0,0.0381005443632602,0,ERA5Land,3489,3
307,1,0.950819492340088,1,ERA5Land,3489,3
312,0,0.0959389060735702,0,ERA5Land,3489,3
313,1,0.9149962663650512,1,ERA5Land,3489,3
316,0,0.2752239406108856,0,ERA5Land,3489,3
317,1,0.8987619280815125,1,ERA5Land,3489,3
322,0,0.2672531008720398,0,ERA5Land,3489,3
323,1,0.8658835291862488,1,ERA5Land,3489,3
336,0,0.3397286832332611,0,ERA5Land,3489,3
337,1,0.924771010875702,1,ERA5Land,3489,3
352,0,0.0251466240733861,0,ERA5Land,3489,3
353,1,0.8173413276672363,1,ERA5Land,3489,3
356,0,0.6583365201950073,1,ERA5Land,3489,3
357,1,0.7535018920898438,1,ERA5Land,3489,3
364,0,0.0947676748037338,0,ERA5Land,3489,3
365,1,0.8133240342140198,1,ERA5Land,3489,3
378,0,0.1585379540920257,0,ERA5Land,3489,3
379,1,0.390831857919693,0,ERA5Land,3489,3
390,0,0.1151120439171791,0,ERA5Land,3489,3
391,1,0.5808801651000977,1,ERA5Land,3489,3
402,0,0.2457820177078247,0,ERA5Land,3489,3
403,1,0.8871804475784302,1,ERA5Land,3489,3
6,0,0.0175664704293012,0,ERA5Land,3489,4
7,1,0.8796048164367676,1,ERA5Land,3489,4
8,0,0.9608665704727172,1,ERA5Land,3489,4
9,1,0.8231087923049927,1,ERA5Land,3489,4
18,0,0.1050226464867591,0,ERA5Land,3489,4
19,1,0.6559960246086121,1,ERA5Land,3489,4
36,0,0.1221628189086914,0,ERA5Land,3489,4
37,1,0.1744856834411621,0,ERA5Land,3489,4
44,0,0.2794177234172821,0,ERA5Land,3489,4
45,1,0.3119677007198334,0,ERA5Land,3489,4
60,0,0.1162457838654518,0,ERA5Land,3489,4
61,1,0.9325011968612672,1,ERA5Land,3489,4
62,0,0.687379777431488,1,ERA5Land,3489,4
63,1,0.2236140668392181,0,ERA5Land,3489,4
72,0,0.0120880976319313,0,ERA5Land,3489,4
73,1,0.065996877849102,0,ERA5Land,3489,4
90,0,0.4876174628734588,0,ERA5Land,3489,4
91,1,0.927716851234436,1,ERA5Land,3489,4
100,0,0.0941654741764068,0,ERA5Land,3489,4
101,1,0.9801995158195496,1,ERA5Land,3489,4
104,0,0.0771566331386566,0,ERA5Land,3489,4
105,1,0.8647873997688293,1,ERA5Land,3489,4
112,0,0.0228300280869007,0,ERA5Land,3489,4
113,1,0.9156335592269896,1,ERA5Land,3489,4
116,0,0.5739372968673706,1,ERA5Land,3489,4
117,1,0.9329670667648317,1,ERA5Land,3489,4
142,0,0.1930181235074997,0,ERA5Land,3489,4
143,1,0.8881839513778687,1,ERA5Land,3489,4
150,0,0.0056306547485291,0,ERA5Land,3489,4
151,1,0.7911612391471863,1,ERA5Land,3489,4
152,0,0.2598548233509063,0,ERA5Land,3489,4
153,1,0.9845653176307678,1,ERA5Land,3489,4
156,0,0.0317186340689659,0,ERA5Land,3489,4
157,1,0.9263530969619752,1,ERA5Land,3489,4
170,0,0.8168865442276001,1,ERA5Land,3489,4
171,1,0.6265565156936646,1,ERA5Land,3489,4
174,0,0.8963488340377808,1,ERA5Land,3489,4
175,1,0.7175511717796326,1,ERA5Land,3489,4
180,0,0.464280754327774,0,ERA5Land,3489,4
181,1,0.8702027797698975,1,ERA5Land,3489,4
188,0,0.2236096262931823,0,ERA5Land,3489,4
189,1,0.0793743431568145,0,ERA5Land,3489,4
190,0,0.5256755352020264,1,ERA5Land,3489,4
191,1,0.1476140767335891,0,ERA5Land,3489,4
214,0,0.0666014328598976,0,ERA5Land,3489,4
215,1,0.9705631136894226,1,ERA5Land,3489,4
230,0,0.573612630367279,1,ERA5Land,3489,4
231,1,0.2272025793790817,0,ERA5Land,3489,4
232,0,0.2989881038665771,0,ERA5Land,3489,4
233,1,0.4695336818695068,0,ERA5Land,3489,4
246,0,0.2823761999607086,0,ERA5Land,3489,4
247,1,0.7743132710456848,1,ERA5Land,3489,4
256,0,0.4572944641113281,0,ERA5Land,3489,4
257,1,0.8652550578117371,1,ERA5Land,3489,4
260,0,0.8080809116363525,1,ERA5Land,3489,4
261,1,0.6444423198699951,1,ERA5Land,3489,4
262,0,0.0596040673553943,0,ERA5Land,3489,4
263,1,0.9900089502334596,1,ERA5Land,3489,4
278,0,0.4117442965507507,0,ERA5Land,3489,4
279,1,0.9642797708511353,1,ERA5Land,3489,4
282,0,0.027064437046647,0,ERA5Land,3489,4
283,1,0.2604282200336456,0,ERA5Land,3489,4
294,0,0.004457994364202,0,ERA5Land,3489,4
295,1,0.0690241679549217,0,ERA5Land,3489,4
344,0,0.0507457070052623,0,ERA5Land,3489,4
345,1,0.8133979439735413,1,ERA5Land,3489,4
348,0,0.3171432018280029,0,ERA5Land,3489,4
349,1,0.942854642868042,1,ERA5Land,3489,4
358,0,0.1583380699157714,0,ERA5Land,3489,4
359,1,0.9034971594810486,1,ERA5Land,3489,4
366,0,0.1654069721698761,0,ERA5Land,3489,4
367,1,0.9511603116989136,1,ERA5Land,3489,4
372,0,0.3972744047641754,0,ERA5Land,3489,4
373,1,0.5309635400772095,1,ERA5Land,3489,4
392,0,0.1010471209883689,0,ERA5Land,3489,4
393,1,0.9261016249656676,1,ERA5Land,3489,4
396,0,0.0091000013053417,0,ERA5Land,3489,4
397,1,0.8952714800834656,1,ERA5Land,3489,4
2,0,0.1034718304872512,0,ERA5Land,3489,5
3,1,0.1014640033245086,0,ERA5Land,3489,5
4,0,0.753200352191925,1,ERA5Land,3489,5
5,1,0.6693392992019653,1,ERA5Land,3489,5
12,0,0.0870718657970428,0,ERA5Land,3489,5
13,1,0.7410081624984741,1,ERA5Land,3489,5
28,0,0.2319212406873703,0,ERA5Land,3489,5
29,1,0.4259624779224396,0,ERA5Land,3489,5
38,0,0.2625281512737274,0,ERA5Land,3489,5
39,1,0.3337416052818298,0,ERA5Land,3489,5
52,0,0.9081913232803344,1,ERA5Land,3489,5
53,1,0.5020085573196411,1,ERA5Land,3489,5
56,0,0.4103080928325653,0,ERA5Land,3489,5
57,1,0.9718964099884032,1,ERA5Land,3489,5
78,0,0.0619263797998428,0,ERA5Land,3489,5
79,1,0.9204775094985962,1,ERA5Land,3489,5
82,0,0.7998666763305664,1,ERA5Land,3489,5
83,1,0.8861033916473389,1,ERA5Land,3489,5
92,0,0.0732907131314277,0,ERA5Land,3489,5
93,1,0.9419985413551332,1,ERA5Land,3489,5
134,0,0.5998092889785767,1,ERA5Land,3489,5
135,1,0.8466135859489441,1,ERA5Land,3489,5
136,0,0.8949494957923889,1,ERA5Land,3489,5
137,1,0.9798853993415833,1,ERA5Land,3489,5
138,0,0.9497562646865844,1,ERA5Land,3489,5
139,1,0.9786253571510316,1,ERA5Land,3489,5
158,0,0.5445236563682556,1,ERA5Land,3489,5
159,1,0.9729787111282348,1,ERA5Land,3489,5
162,0,0.087861381471157,0,ERA5Land,3489,5
163,1,0.9748489260673524,1,ERA5Land,3489,5
176,0,0.4705966711044311,0,ERA5Land,3489,5
177,1,0.8788904547691345,1,ERA5Land,3489,5
178,0,0.0449005626142025,0,ERA5Land,3489,5
179,1,0.5226351618766785,1,ERA5Land,3489,5
182,0,0.628273606300354,1,ERA5Land,3489,5
183,1,0.7702006697654724,1,ERA5Land,3489,5
194,0,0.3110418319702148,0,ERA5Land,3489,5
195,1,0.5758064985275269,1,ERA5Land,3489,5
224,0,0.4707684516906738,0,ERA5Land,3489,5
225,1,0.4849137961864471,0,ERA5Land,3489,5
266,0,0.2596537172794342,0,ERA5Land,3489,5
267,1,0.4545542001724243,0,ERA5Land,3489,5
270,0,0.1327596604824066,0,ERA5Land,3489,5
271,1,0.9738088846206664,1,ERA5Land,3489,5
272,0,0.1172318309545517,0,ERA5Land,3489,5
273,1,0.5309658050537109,1,ERA5Land,3489,5
276,0,0.0454928837716579,0,ERA5Land,3489,5
277,1,0.8007468581199646,1,ERA5Land,3489,5
280,0,0.4157711863517761,0,ERA5Land,3489,5
281,1,0.4979731738567352,0,ERA5Land,3489,5
292,0,0.0340571664273738,0,ERA5Land,3489,5
293,1,0.876386821269989,1,ERA5Land,3489,5
304,0,0.3147876858711242,0,ERA5Land,3489,5
305,1,0.5462232828140259,1,ERA5Land,3489,5
320,0,0.0432172156870365,0,ERA5Land,3489,5
321,1,0.9602282643318176,1,ERA5Land,3489,5
326,0,0.016613544896245,0,ERA5Land,3489,5
327,1,0.7080287337303162,1,ERA5Land,3489,5
328,0,0.290413498878479,0,ERA5Land,3489,5
329,1,0.576503574848175,1,ERA5Land,3489,5
330,0,0.0367726422846317,0,ERA5Land,3489,5
331,1,0.3776960372924804,0,ERA5Land,3489,5
346,0,0.0680253952741622,0,ERA5Land,3489,5
347,1,0.860034704208374,1,ERA5Land,3489,5
350,0,0.0513737127184867,0,ERA5Land,3489,5
351,1,0.8800926208496094,1,ERA5Land,3489,5
354,0,0.1459504514932632,0,ERA5Land,3489,5
355,1,0.9524028301239014,1,ERA5Land,3489,5
360,0,0.1434860378503799,0,ERA5Land,3489,5
361,1,0.127496600151062,0,ERA5Land,3489,5
362,0,0.1076692938804626,0,ERA5Land,3489,5
363,1,0.5760117769241333,1,ERA5Land,3489,5
368,0,0.131349116563797,0,ERA5Land,3489,5
369,1,0.7300360202789307,1,ERA5Land,3489,5
382,0,0.3123778700828552,0,ERA5Land,3489,5
383,1,0.4966092407703399,0,ERA5Land,3489,5
388,0,0.0382312498986721,0,ERA5Land,3489,5
389,1,0.8177361488342285,1,ERA5Land,3489,5
394,0,0.2545978128910064,0,ERA5Land,3489,5
395,1,0.6739665269851685,1,ERA5Land,3489,5
400,0,0.1230307966470718,0,ERA5Land,3489,5
401,1,0.2946166396141052,0,ERA5Land,3489,5
2,0,0.2763784825801849,0,ERA5Land,4065,1
3,1,0.1663060486316681,0,ERA5Land,4065,1
6,0,0.0167344994843006,0,ERA5Land,4065,1
7,1,0.7885924577713013,1,ERA5Land,4065,1
10,0,0.8085652589797974,1,ERA5Land,4065,1
11,1,0.8549713492393494,1,ERA5Land,4065,1
16,0,0.6424297094345093,1,ERA5Land,4065,1
17,1,0.7164844870567322,1,ERA5Land,4065,1
28,0,0.3209632337093353,0,ERA5Land,4065,1
29,1,0.3828036785125732,0,ERA5Land,4065,1
30,0,0.260119080543518,0,ERA5Land,4065,1
31,1,0.8537440299987793,1,ERA5Land,4065,1
32,0,0.3513888716697693,0,ERA5Land,4065,1
33,1,0.8423945903778076,1,ERA5Land,4065,1
48,0,0.7936807870864868,1,ERA5Land,4065,1
49,1,0.5717900395393372,1,ERA5Land,4065,1
54,0,0.1006707549095153,0,ERA5Land,4065,1
55,1,0.956130027770996,1,ERA5Land,4065,1
72,0,0.0198735278099775,0,ERA5Land,4065,1
73,1,0.2817198932170868,0,ERA5Land,4065,1
92,0,0.0427234359085559,0,ERA5Land,4065,1
93,1,0.9535082578659058,1,ERA5Land,4065,1
98,0,0.6878922581672668,1,ERA5Land,4065,1
99,1,0.866614818572998,1,ERA5Land,4065,1
122,0,0.014779663644731,0,ERA5Land,4065,1
123,1,0.0835007801651954,0,ERA5Land,4065,1
124,0,0.9044296145439148,1,ERA5Land,4065,1
125,1,0.9216574430465698,1,ERA5Land,4065,1
132,0,0.011752157472074,0,ERA5Land,4065,1
133,1,0.040231067687273,0,ERA5Land,4065,1
162,0,0.0303902402520179,0,ERA5Land,4065,1
163,1,0.9820725917816162,1,ERA5Land,4065,1
172,0,0.935652792453766,1,ERA5Land,4065,1
173,1,0.918217957019806,1,ERA5Land,4065,1
182,0,0.8777505159378052,1,ERA5Land,4065,1
183,1,0.9790070056915284,1,ERA5Land,4065,1
186,0,0.0038549513556063,0,ERA5Land,4065,1
187,1,0.8689484000205994,1,ERA5Land,4065,1
198,0,0.0967974066734314,0,ERA5Land,4065,1
199,1,0.8632572293281555,1,ERA5Land,4065,1
202,0,0.0057577700354158,0,ERA5Land,4065,1
203,1,0.1774919927120208,0,ERA5Land,4065,1
206,0,0.0042041875422,0,ERA5Land,4065,1
207,1,0.3920278251171112,0,ERA5Land,4065,1
214,0,0.0488909147679805,0,ERA5Land,4065,1
215,1,0.9157190918922424,1,ERA5Land,4065,1
218,0,0.005549166817218,0,ERA5Land,4065,1
219,1,0.2308966964483261,0,ERA5Land,4065,1
226,0,0.5517469644546509,1,ERA5Land,4065,1
227,1,0.5815337896347046,1,ERA5Land,4065,1
246,0,0.60043865442276,1,ERA5Land,4065,1
247,1,0.6182399392127991,1,ERA5Land,4065,1
254,0,0.6030861139297485,1,ERA5Land,4065,1
255,1,0.6363402605056763,1,ERA5Land,4065,1
258,0,0.0574078261852264,0,ERA5Land,4065,1
259,1,0.7684891819953918,1,ERA5Land,4065,1
278,0,0.6931744813919067,1,ERA5Land,4065,1
279,1,0.8128265142440796,1,ERA5Land,4065,1
300,0,0.0370982959866523,0,ERA5Land,4065,1
301,1,0.8996102213859558,1,ERA5Land,4065,1
310,0,0.2739719152450561,0,ERA5Land,4065,1
311,1,0.9485376477241516,1,ERA5Land,4065,1
312,0,0.1476823836565017,0,ERA5Land,4065,1
313,1,0.9449698328971864,1,ERA5Land,4065,1
320,0,0.0198447275906801,0,ERA5Land,4065,1
321,1,0.9203601479530334,1,ERA5Land,4065,1
332,0,0.0713351145386695,0,ERA5Land,4065,1
333,1,0.898557722568512,1,ERA5Land,4065,1
346,0,0.0713866502046585,0,ERA5Land,4065,1
347,1,0.8771442770957947,1,ERA5Land,4065,1
358,0,0.2186346650123596,0,ERA5Land,4065,1
359,1,0.8603171110153198,1,ERA5Land,4065,1
360,0,0.3695926368236542,0,ERA5Land,4065,1
361,1,0.1893371492624282,0,ERA5Land,4065,1
370,0,0.0578358881175518,0,ERA5Land,4065,1
371,1,0.9228147864341736,1,ERA5Land,4065,1
380,0,0.416993647813797,0,ERA5Land,4065,1
381,1,0.8613707423210144,1,ERA5Land,4065,1
386,0,0.1359741985797882,0,ERA5Land,4065,1
387,1,0.5637201070785522,1,ERA5Land,4065,1
396,0,0.0121372174471616,0,ERA5Land,4065,1
397,1,0.1476684957742691,0,ERA5Land,4065,1
22,0,0.8768753409385681,1,ERA5Land,4065,2
23,1,0.8992897272109985,1,ERA5Land,4065,2
24,0,0.0169259384274482,0,ERA5Land,4065,2
25,1,0.9343290328979492,1,ERA5Land,4065,2
26,0,0.0716777518391609,0,ERA5Land,4065,2
27,1,0.1367608457803726,0,ERA5Land,4065,2
42,0,0.0531445667147636,0,ERA5Land,4065,2
43,1,0.0418785065412521,0,ERA5Land,4065,2
44,0,0.0769231468439102,0,ERA5Land,4065,2
45,1,0.1538024097681045,0,ERA5Land,4065,2
52,0,0.6228210926055908,1,ERA5Land,4065,2
53,1,0.64970862865448,1,ERA5Land,4065,2
56,0,0.6230911016464233,1,ERA5Land,4065,2
57,1,0.9744700193405152,1,ERA5Land,4065,2
60,0,0.0843558460474014,0,ERA5Land,4065,2
61,1,0.9373317360877992,1,ERA5Land,4065,2
68,0,0.7785925269126892,1,ERA5Land,4065,2
69,1,0.8700539469718933,1,ERA5Land,4065,2
70,0,0.918289065361023,1,ERA5Land,4065,2
71,1,0.8473644256591797,1,ERA5Land,4065,2
82,0,0.8349034190177917,1,ERA5Land,4065,2
83,1,0.91764634847641,1,ERA5Land,4065,2
88,0,0.5792898535728455,1,ERA5Land,4065,2
89,1,0.4883414804935455,0,ERA5Land,4065,2
106,0,0.2307496964931488,0,ERA5Land,4065,2
107,1,0.9476557374000548,1,ERA5Land,4065,2
136,0,0.8813966512680054,1,ERA5Land,4065,2
137,1,0.9852767586708068,1,ERA5Land,4065,2
152,0,0.0592564605176448,0,ERA5Land,4065,2
153,1,0.9819043278694152,1,ERA5Land,4065,2
158,0,0.5051047205924988,1,ERA5Land,4065,2
159,1,0.9828181266784668,1,ERA5Land,4065,2
180,0,0.5449398159980774,1,ERA5Land,4065,2
181,1,0.8703247904777527,1,ERA5Land,4065,2
192,0,0.8522767424583435,1,ERA5Land,4065,2
193,1,0.930493175983429,1,ERA5Land,4065,2
208,0,0.0124761508777737,0,ERA5Land,4065,2
209,1,0.9775270223617554,1,ERA5Land,4065,2
216,0,0.0156302172690629,0,ERA5Land,4065,2
217,1,0.9842895865440368,1,ERA5Land,4065,2
220,0,0.8333280682563782,1,ERA5Land,4065,2
221,1,0.6673663258552551,1,ERA5Land,4065,2
222,0,0.7989202737808228,1,ERA5Land,4065,2
223,1,0.8222709894180298,1,ERA5Land,4065,2
232,0,0.2223140448331833,0,ERA5Land,4065,2
233,1,0.4802879095077514,0,ERA5Land,4065,2
242,0,0.2323199361562729,0,ERA5Land,4065,2
243,1,0.8787553906440735,1,ERA5Land,4065,2
270,0,0.9394552111625672,1,ERA5Land,4065,2
271,1,0.980970561504364,1,ERA5Land,4065,2
276,0,0.5084550976753235,1,ERA5Land,4065,2
277,1,0.3416514694690704,0,ERA5Land,4065,2
280,0,0.1805231869220733,0,ERA5Land,4065,2
281,1,0.9786940813064576,1,ERA5Land,4065,2
284,0,0.0339433550834655,0,ERA5Land,4065,2
285,1,0.9111884832382202,1,ERA5Land,4065,2
286,0,0.7708355784416199,1,ERA5Land,4065,2
287,1,0.6834582686424255,1,ERA5Land,4065,2
298,0,0.0654129981994628,0,ERA5Land,4065,2
299,1,0.7191996574401855,1,ERA5Land,4065,2
302,0,0.5919497609138489,1,ERA5Land,4065,2
303,1,0.6820685267448425,1,ERA5Land,4065,2
314,0,0.0704843327403068,0,ERA5Land,4065,2
315,1,0.04533601552248,0,ERA5Land,4065,2
326,0,0.0419374667108058,0,ERA5Land,4065,2
327,1,0.6114198565483093,1,ERA5Land,4065,2
328,0,0.0255926400423049,0,ERA5Land,4065,2
329,1,0.8449569940567017,1,ERA5Land,4065,2
366,0,0.1336142569780349,0,ERA5Land,4065,2
367,1,0.8157350420951843,1,ERA5Land,4065,2
368,0,0.0931615829467773,0,ERA5Land,4065,2
369,1,0.8783782720565796,1,ERA5Land,4065,2
372,0,0.1568696647882461,0,ERA5Land,4065,2
373,1,0.7923248410224915,1,ERA5Land,4065,2
384,0,0.0799404978752136,0,ERA5Land,4065,2
385,1,0.94035667181015,1,ERA5Land,4065,2
388,0,0.0286744274199008,0,ERA5Land,4065,2
389,1,0.6314593553543091,1,ERA5Land,4065,2
392,0,0.0273299161344766,0,ERA5Land,4065,2
393,1,0.7274674773216248,1,ERA5Land,4065,2
8,0,0.972981870174408,1,ERA5Land,4065,3
9,1,0.7878891229629517,1,ERA5Land,4065,3
34,0,0.9610153436660768,1,ERA5Land,4065,3
35,1,0.5610548257827759,1,ERA5Land,4065,3
38,0,0.0918816998600959,0,ERA5Land,4065,3
39,1,0.3166104555130005,0,ERA5Land,4065,3
62,0,0.4473952949047088,0,ERA5Land,4065,3
63,1,0.517565131187439,1,ERA5Land,4065,3
74,0,0.2579607367515564,0,ERA5Land,4065,3
75,1,0.9885044693946838,1,ERA5Land,4065,3
76,0,0.3572590351104736,0,ERA5Land,4065,3
77,1,0.9796259999275208,1,ERA5Land,4065,3
78,0,0.028129044920206,0,ERA5Land,4065,3
79,1,0.9787171483039856,1,ERA5Land,4065,3
80,0,0.0172162614762783,0,ERA5Land,4065,3
81,1,0.102650873363018,0,ERA5Land,4065,3
84,0,0.9763361811637878,1,ERA5Land,4065,3
85,1,0.9593963027000428,1,ERA5Land,4065,3
108,0,0.0095361405983567,0,ERA5Land,4065,3
109,1,0.9557387828826904,1,ERA5Land,4065,3
112,0,0.0143893882632255,0,ERA5Land,4065,3
113,1,0.9720030426979064,1,ERA5Land,4065,3
118,0,0.0475993603467941,0,ERA5Land,4065,3
119,1,0.9958425164222716,1,ERA5Land,4065,3
128,0,0.0124505804851651,0,ERA5Land,4065,3
129,1,0.9368712902069092,1,ERA5Land,4065,3
130,0,0.394897848367691,0,ERA5Land,4065,3
131,1,0.9515083432197572,1,ERA5Land,4065,3
142,0,0.2737208306789398,0,ERA5Land,4065,3
143,1,0.9300528764724731,1,ERA5Land,4065,3
148,0,0.0307355858385562,0,ERA5Land,4065,3
149,1,0.6003237962722778,1,ERA5Land,4065,3
154,0,0.5671878457069397,1,ERA5Land,4065,3
155,1,0.3425664603710174,0,ERA5Land,4065,3
160,0,0.3167593777179718,0,ERA5Land,4065,3
161,1,0.8671141266822815,1,ERA5Land,4065,3
164,0,0.0114940544590353,0,ERA5Land,4065,3
165,1,0.9017086029052734,1,ERA5Land,4065,3
168,0,0.0615221709012985,0,ERA5Land,4065,3
169,1,0.0652210265398025,0,ERA5Land,4065,3
170,0,0.6266701817512512,1,ERA5Land,4065,3
171,1,0.8033292889595032,1,ERA5Land,4065,3
176,0,0.3452247977256775,0,ERA5Land,4065,3
177,1,0.6431861519813538,1,ERA5Land,4065,3
190,0,0.5269108414649963,1,ERA5Land,4065,3
191,1,0.0542314797639846,0,ERA5Land,4065,3
228,0,0.9549620151519777,1,ERA5Land,4065,3
229,1,0.8614423274993896,1,ERA5Land,4065,3
230,0,0.9546822905540466,1,ERA5Land,4065,3
231,1,0.3154499232769012,0,ERA5Land,4065,3
236,0,0.0399699546396732,0,ERA5Land,4065,3
237,1,0.0878405347466468,0,ERA5Land,4065,3
260,0,0.1891860663890838,0,ERA5Land,4065,3
261,1,0.87718665599823,1,ERA5Land,4065,3
264,0,0.0214319285005331,0,ERA5Land,4065,3
265,1,0.7107152938842773,1,ERA5Land,4065,3
266,0,0.0851000100374221,0,ERA5Land,4065,3
267,1,0.8255876898765564,1,ERA5Land,4065,3
282,0,0.1384870707988739,0,ERA5Land,4065,3
283,1,0.3452443182468414,0,ERA5Land,4065,3
290,0,0.1293142735958099,0,ERA5Land,4065,3
291,1,0.1125988364219665,0,ERA5Land,4065,3
296,0,0.5070003867149353,1,ERA5Land,4065,3
297,1,0.9959222078323364,1,ERA5Land,4065,3
304,0,0.1367655992507934,0,ERA5Land,4065,3
305,1,0.8292058706283569,1,ERA5Land,4065,3
322,0,0.0912063270807266,0,ERA5Land,4065,3
323,1,0.9486075639724731,1,ERA5Land,4065,3
324,0,0.3166798651218414,0,ERA5Land,4065,3
325,1,0.791896402835846,1,ERA5Land,4065,3
336,0,0.2815074026584625,0,ERA5Land,4065,3
337,1,0.978728413581848,1,ERA5Land,4065,3
354,0,0.2259617149829864,0,ERA5Land,4065,3
355,1,0.8715495467185974,1,ERA5Land,4065,3
356,0,0.6806880235671997,1,ERA5Land,4065,3
357,1,0.9382506012916564,1,ERA5Land,4065,3
364,0,0.079349398612976,0,ERA5Land,4065,3
365,1,0.9823253750801086,1,ERA5Land,4065,3
378,0,0.0706974267959594,0,ERA5Land,4065,3
379,1,0.8175244927406311,1,ERA5Land,4065,3
394,0,0.0541092045605182,0,ERA5Land,4065,3
395,1,0.9062708616256714,1,ERA5Land,4065,3
0,0,0.8622169494628906,1,ERA5Land,4065,4
1,1,0.8288394808769226,1,ERA5Land,4065,4
4,0,0.8324920535087585,1,ERA5Land,4065,4
5,1,0.9282862544059752,1,ERA5Land,4065,4
20,0,0.8295220136642456,1,ERA5Land,4065,4
21,1,0.7442967295646667,1,ERA5Land,4065,4
36,0,0.088692270219326,0,ERA5Land,4065,4
37,1,0.3325208723545074,0,ERA5Land,4065,4
40,0,0.5380308032035828,1,ERA5Land,4065,4
41,1,0.748894989490509,1,ERA5Land,4065,4
50,0,0.745900571346283,1,ERA5Land,4065,4
51,1,0.6333998441696167,1,ERA5Land,4065,4
58,0,0.0140503821894526,0,ERA5Land,4065,4
59,1,0.9744263887405396,1,ERA5Land,4065,4
64,0,0.0027325088158249,0,ERA5Land,4065,4
65,1,0.9274887442588806,1,ERA5Land,4065,4
86,0,0.0934615507721901,0,ERA5Land,4065,4
87,1,0.6201670169830322,1,ERA5Land,4065,4
94,0,0.9001665711402893,1,ERA5Land,4065,4
95,1,0.6987627744674683,1,ERA5Land,4065,4
96,0,0.4564049541950226,0,ERA5Land,4065,4
97,1,0.929902970790863,1,ERA5Land,4065,4
100,0,0.114613264799118,0,ERA5Land,4065,4
101,1,0.9860749840736388,1,ERA5Land,4065,4
114,0,0.9587287306785583,1,ERA5Land,4065,4
115,1,0.9738919734954834,1,ERA5Land,4065,4
144,0,0.6130085587501526,1,ERA5Land,4065,4
145,1,0.7044351100921631,1,ERA5Land,4065,4
150,0,0.0013598578516393,0,ERA5Land,4065,4
151,1,0.6858576536178589,1,ERA5Land,4065,4
156,0,0.0096410438418388,0,ERA5Land,4065,4
157,1,0.8281665444374084,1,ERA5Land,4065,4
174,0,0.131547212600708,0,ERA5Land,4065,4
175,1,0.7361441850662231,1,ERA5Land,4065,4
178,0,0.0104989940300583,0,ERA5Land,4065,4
179,1,0.1107945591211319,0,ERA5Land,4065,4
188,0,0.0384840071201324,0,ERA5Land,4065,4
189,1,0.7247236371040344,1,ERA5Land,4065,4
196,0,0.8971675634384155,1,ERA5Land,4065,4
197,1,0.994376301765442,1,ERA5Land,4065,4
204,0,0.6527662873268127,1,ERA5Land,4065,4
205,1,0.8551427125930786,1,ERA5Land,4065,4
224,0,0.3238275945186615,0,ERA5Land,4065,4
225,1,0.6037954688072205,1,ERA5Land,4065,4
238,0,0.2494043856859207,0,ERA5Land,4065,4
239,1,0.6196897625923157,1,ERA5Land,4065,4
240,0,0.444027304649353,0,ERA5Land,4065,4
241,1,0.7376696467399597,1,ERA5Land,4065,4
248,0,0.0018215819727629,0,ERA5Land,4065,4
249,1,0.7728062868118286,1,ERA5Land,4065,4
268,0,0.6685922741889954,1,ERA5Land,4065,4
269,1,0.5464529395103455,1,ERA5Land,4065,4
272,0,0.0356350839138031,0,ERA5Land,4065,4
273,1,0.4579300880432129,0,ERA5Land,4065,4
274,0,0.3366715610027313,0,ERA5Land,4065,4
275,1,0.7831074595451355,1,ERA5Land,4065,4
288,0,0.8359063863754272,1,ERA5Land,4065,4
289,1,0.9889987111091614,1,ERA5Land,4065,4
306,0,0.0113169969990849,0,ERA5Land,4065,4
307,1,0.9759164452552797,1,ERA5Land,4065,4
308,0,0.0655269399285316,0,ERA5Land,4065,4
309,1,0.9488643407821656,1,ERA5Land,4065,4
316,0,0.3295788168907165,0,ERA5Land,4065,4
317,1,0.9924117922782898,1,ERA5Land,4065,4
330,0,0.0032252792734652,0,ERA5Land,4065,4
331,1,0.2463769763708114,0,ERA5Land,4065,4
338,0,0.0267669092863798,0,ERA5Land,4065,4
339,1,0.0204251147806644,0,ERA5Land,4065,4
340,0,0.229473203420639,0,ERA5Land,4065,4
341,1,0.2287846803665161,0,ERA5Land,4065,4
362,0,0.0180612709373235,0,ERA5Land,4065,4
363,1,0.276482880115509,0,ERA5Land,4065,4
374,0,0.0194899253547191,0,ERA5Land,4065,4
375,1,0.0213514938950538,0,ERA5Land,4065,4
382,0,0.2156981527805328,0,ERA5Land,4065,4
383,1,0.6736505031585693,1,ERA5Land,4065,4
398,0,0.2306080609560012,0,ERA5Land,4065,4
399,1,0.809646487236023,1,ERA5Land,4065,4
12,0,0.0274548809975385,0,ERA5Land,4065,5
13,1,0.7661696076393127,1,ERA5Land,4065,5
14,0,0.6465077996253967,1,ERA5Land,4065,5
15,1,0.9527075290679932,1,ERA5Land,4065,5
18,0,0.0869000852108001,0,ERA5Land,4065,5
19,1,0.8892935514450073,1,ERA5Land,4065,5
46,0,0.4665317237377167,0,ERA5Land,4065,5
47,1,0.6099613308906555,1,ERA5Land,4065,5
66,0,0.9770728349685668,1,ERA5Land,4065,5
67,1,0.99001944065094,1,ERA5Land,4065,5
90,0,0.1219436377286911,0,ERA5Land,4065,5
91,1,0.9391361474990844,1,ERA5Land,4065,5
102,0,0.2347794622182846,0,ERA5Land,4065,5
103,1,0.9707128405570984,1,ERA5Land,4065,5
104,0,0.1164015382528305,0,ERA5Land,4065,5
105,1,0.9626461267471312,1,ERA5Land,4065,5
110,0,0.1632072180509567,0,ERA5Land,4065,5
111,1,0.4033060669898987,0,ERA5Land,4065,5
116,0,0.7095313668251038,1,ERA5Land,4065,5
117,1,0.9687472581863404,1,ERA5Land,4065,5
120,0,0.0052341297268867,0,ERA5Land,4065,5
121,1,0.9861167073249816,1,ERA5Land,4065,5
126,0,0.0050962488166987,0,ERA5Land,4065,5
127,1,0.890268087387085,1,ERA5Land,4065,5
134,0,0.9322412610054016,1,ERA5Land,4065,5
135,1,0.9504813551902772,1,ERA5Land,4065,5
138,0,0.9825984239578248,1,ERA5Land,4065,5
139,1,0.9913679957389832,1,ERA5Land,4065,5
140,0,0.0692686140537262,0,ERA5Land,4065,5
141,1,0.962061643600464,1,ERA5Land,4065,5
146,0,0.0124674122780561,0,ERA5Land,4065,5
147,1,0.9838443398475648,1,ERA5Land,4065,5
166,0,0.4531939029693603,0,ERA5Land,4065,5
167,1,0.8287073969841003,1,ERA5Land,4065,5
184,0,0.0032319575548171,0,ERA5Land,4065,5
185,1,0.974568247795105,1,ERA5Land,4065,5
194,0,0.1113427728414535,0,ERA5Land,4065,5
195,1,0.263781875371933,0,ERA5Land,4065,5
200,0,0.008075906895101,0,ERA5Land,4065,5
201,1,0.9903119802474976,1,ERA5Land,4065,5
210,0,0.1903604865074157,0,ERA5Land,4065,5
211,1,0.9869264960289,1,ERA5Land,4065,5
212,0,0.6893551349639893,1,ERA5Land,4065,5
213,1,0.9632241129875184,1,ERA5Land,4065,5
234,0,0.3780486583709717,0,ERA5Land,4065,5
235,1,0.8207614421844482,1,ERA5Land,4065,5
244,0,0.0965960323810577,0,ERA5Land,4065,5
245,1,0.9643808603286744,1,ERA5Land,4065,5
250,0,0.0255917776376009,0,ERA5Land,4065,5
251,1,0.3695171475410461,0,ERA5Land,4065,5
252,0,0.0299839694052934,0,ERA5Land,4065,5
253,1,0.9861013293266296,1,ERA5Land,4065,5
256,0,0.0214032623916864,0,ERA5Land,4065,5
257,1,0.929920494556427,1,ERA5Land,4065,5
262,0,0.0236785933375358,0,ERA5Land,4065,5
263,1,0.9942809343338012,1,ERA5Land,4065,5
292,0,0.0286464057862758,0,ERA5Land,4065,5
293,1,0.8181254267692566,1,ERA5Land,4065,5
294,0,0.0116598112508654,0,ERA5Land,4065,5
295,1,0.1655012220144271,0,ERA5Land,4065,5
318,0,0.0105405775830149,0,ERA5Land,4065,5
319,1,0.9942877888679504,1,ERA5Land,4065,5
334,0,0.0181889124214649,0,ERA5Land,4065,5
335,1,0.0932435542345047,0,ERA5Land,4065,5
342,0,0.010155526921153,0,ERA5Land,4065,5
343,1,0.9865388870239258,1,ERA5Land,4065,5
344,0,0.2112164348363876,0,ERA5Land,4065,5
345,1,0.8757547736167908,1,ERA5Land,4065,5
348,0,0.0548175275325775,0,ERA5Land,4065,5
349,1,0.978477954864502,1,ERA5Land,4065,5
350,0,0.3160325586795807,0,ERA5Land,4065,5
351,1,0.94391930103302,1,ERA5Land,4065,5
352,0,0.010315652936697,0,ERA5Land,4065,5
353,1,0.8781673908233643,1,ERA5Land,4065,5
376,0,0.3835012018680572,0,ERA5Land,4065,5
377,1,0.1059143915772438,0,ERA5Land,4065,5
390,0,0.0376499332487583,0,ERA5Land,4065,5
391,1,0.0908669531345367,0,ERA5Land,4065,5
400,0,0.0283274929970502,0,ERA5Land,4065,5
401,1,0.0262956172227859,0,ERA5Land,4065,5
402,0,0.8034355640411377,1,ERA5Land,4065,5
403,1,0.9689970016479492,1,ERA5Land,4065,5
0,0,0.673017144203186,1,ERA5Land,5018,1
1,1,0.0227400586009025,0,ERA5Land,5018,1
8,0,0.98608660697937,1,ERA5Land,5018,1
9,1,0.946471393108368,1,ERA5Land,5018,1
36,0,0.3041305541992187,0,ERA5Land,5018,1
37,1,0.6563479900360107,1,ERA5Land,5018,1
40,0,0.9474733471870422,1,ERA5Land,5018,1
41,1,0.9223608374595642,1,ERA5Land,5018,1
58,0,0.0103936986997723,0,ERA5Land,5018,1
59,1,0.9829146265983582,1,ERA5Land,5018,1
62,0,0.119963526725769,0,ERA5Land,5018,1
63,1,0.5187721848487854,1,ERA5Land,5018,1
86,0,0.6365346908569336,1,ERA5Land,5018,1
87,1,0.7009490132331848,1,ERA5Land,5018,1
92,0,0.0052998159080743,0,ERA5Land,5018,1
93,1,0.9661970734596252,1,ERA5Land,5018,1
94,0,0.9563743472099304,1,ERA5Land,5018,1
95,1,0.8478705286979675,1,ERA5Land,5018,1
104,0,0.0521120429039001,0,ERA5Land,5018,1
105,1,0.8955496549606323,1,ERA5Land,5018,1
114,0,0.5963029265403748,1,ERA5Land,5018,1
115,1,0.9634428024291992,1,ERA5Land,5018,1
122,0,0.0084939571097493,0,ERA5Land,5018,1
123,1,0.0161135215312242,0,ERA5Land,5018,1
128,0,0.0041347746737301,0,ERA5Land,5018,1
129,1,0.9549378752708436,1,ERA5Land,5018,1
138,0,0.6738930940628052,1,ERA5Land,5018,1
139,1,0.926582098007202,1,ERA5Land,5018,1
140,0,0.0580785274505615,0,ERA5Land,5018,1
141,1,0.9463486671447754,1,ERA5Land,5018,1
148,0,0.0459409952163696,0,ERA5Land,5018,1
149,1,0.9326798319816588,1,ERA5Land,5018,1
152,0,0.0777864530682563,0,ERA5Land,5018,1
153,1,0.992341160774231,1,ERA5Land,5018,1
164,0,0.0049483613111078,0,ERA5Land,5018,1
165,1,0.6141478419303894,1,ERA5Land,5018,1
168,0,0.0760049447417259,0,ERA5Land,5018,1
169,1,0.232835903763771,0,ERA5Land,5018,1
174,0,0.1022228896617889,0,ERA5Land,5018,1
175,1,0.956928551197052,1,ERA5Land,5018,1
176,0,0.7967580556869507,1,ERA5Land,5018,1
177,1,0.9704954028129578,1,ERA5Land,5018,1
180,0,0.16964091360569,0,ERA5Land,5018,1
181,1,0.9873628616333008,1,ERA5Land,5018,1
192,0,0.9102214574813844,1,ERA5Land,5018,1
193,1,0.7917712330818176,1,ERA5Land,5018,1
200,0,0.0191261116415262,0,ERA5Land,5018,1
201,1,0.9783881306648254,1,ERA5Land,5018,1
202,0,0.0026480047963559,0,ERA5Land,5018,1
203,1,0.2114852964878082,0,ERA5Land,5018,1
206,0,0.0028479222673922,0,ERA5Land,5018,1
207,1,0.7058744430541992,1,ERA5Land,5018,1
218,0,0.0030564158223569,0,ERA5Land,5018,1
219,1,0.6989988684654236,1,ERA5Land,5018,1
234,0,0.1441638171672821,0,ERA5Land,5018,1
235,1,0.9894230961799622,1,ERA5Land,5018,1
248,0,0.006212274543941,0,ERA5Land,5018,1
249,1,0.6872938275337219,1,ERA5Land,5018,1
256,0,0.8525829315185547,1,ERA5Land,5018,1
257,1,0.9807505011558532,1,ERA5Land,5018,1
270,0,0.1411020010709762,0,ERA5Land,5018,1
271,1,0.9926929473876952,1,ERA5Land,5018,1
276,0,0.8490064144134521,1,ERA5Land,5018,1
277,1,0.5002259016036987,1,ERA5Land,5018,1
284,0,0.027855459600687,0,ERA5Land,5018,1
285,1,0.938731849193573,1,ERA5Land,5018,1
296,0,0.9624558091163636,1,ERA5Land,5018,1
297,1,0.9940021634101868,1,ERA5Land,5018,1
312,0,0.0149650909006595,0,ERA5Land,5018,1
313,1,0.9822866320610046,1,ERA5Land,5018,1
320,0,0.1488751024007797,0,ERA5Land,5018,1
321,1,0.9608060121536256,1,ERA5Land,5018,1
324,0,0.1958085745573043,0,ERA5Land,5018,1
325,1,0.907059907913208,1,ERA5Land,5018,1
332,0,0.0225351825356483,0,ERA5Land,5018,1
333,1,0.9861552119255066,1,ERA5Land,5018,1
340,0,0.4890716671943664,0,ERA5Land,5018,1
341,1,0.9058903455734252,1,ERA5Land,5018,1
346,0,0.6815986037254333,1,ERA5Land,5018,1
347,1,0.5581070184707642,1,ERA5Land,5018,1
382,0,0.8424186110496521,1,ERA5Land,5018,1
383,1,0.9845224618911744,1,ERA5Land,5018,1
4,0,0.5676892399787903,1,ERA5Land,5018,2
5,1,0.3402720391750335,0,ERA5Land,5018,2
18,0,0.1999667733907699,0,ERA5Land,5018,2
19,1,0.8902720808982849,1,ERA5Land,5018,2
24,0,0.0823936834931373,0,ERA5Land,5018,2
25,1,0.747055172920227,1,ERA5Land,5018,2
26,0,0.0439840480685234,0,ERA5Land,5018,2
27,1,0.3581847548484802,0,ERA5Land,5018,2
34,0,0.5063598155975342,1,ERA5Land,5018,2
35,1,0.4247453212738037,0,ERA5Land,5018,2
44,0,0.1103270053863525,0,ERA5Land,5018,2
45,1,0.0918115526437759,0,ERA5Land,5018,2
48,0,0.8377041220664978,1,ERA5Land,5018,2
49,1,0.4068652987480163,0,ERA5Land,5018,2
68,0,0.256021112203598,0,ERA5Land,5018,2
69,1,0.7071083188056946,1,ERA5Land,5018,2
72,0,0.0098092891275882,0,ERA5Land,5018,2
73,1,0.0264644417911767,0,ERA5Land,5018,2
82,0,0.5793070197105408,1,ERA5Land,5018,2
83,1,0.9157572984695436,1,ERA5Land,5018,2
84,0,0.8665953874588013,1,ERA5Land,5018,2
85,1,0.7820956110954285,1,ERA5Land,5018,2
98,0,0.744062066078186,1,ERA5Land,5018,2
99,1,0.9303910732269288,1,ERA5Land,5018,2
106,0,0.0741311609745025,0,ERA5Land,5018,2
107,1,0.7944044470787048,1,ERA5Land,5018,2
108,0,0.0423914082348346,0,ERA5Land,5018,2
109,1,0.9525623321533204,1,ERA5Land,5018,2
120,0,0.0118958037346601,0,ERA5Land,5018,2
121,1,0.993680477142334,1,ERA5Land,5018,2
126,0,0.0145699083805084,0,ERA5Land,5018,2
127,1,0.4066221415996551,0,ERA5Land,5018,2
156,0,0.0437178462743759,0,ERA5Land,5018,2
157,1,0.7356259822845459,1,ERA5Land,5018,2
158,0,0.5060023069381714,1,ERA5Land,5018,2
159,1,0.9958482980728148,1,ERA5Land,5018,2
170,0,0.359957605600357,0,ERA5Land,5018,2
171,1,0.6602310538291931,1,ERA5Land,5018,2
186,0,0.00428545800969,0,ERA5Land,5018,2
187,1,0.9157816767692566,1,ERA5Land,5018,2
198,0,0.0749095305800437,0,ERA5Land,5018,2
199,1,0.8950722217559814,1,ERA5Land,5018,2
208,0,0.0070467051118612,0,ERA5Land,5018,2
209,1,0.9806205630302428,1,ERA5Land,5018,2
210,0,0.0466550067067146,0,ERA5Land,5018,2
211,1,0.949922740459442,1,ERA5Land,5018,2
214,0,0.2801751494407654,0,ERA5Land,5018,2
215,1,0.9664662480354308,1,ERA5Land,5018,2
220,0,0.494211882352829,0,ERA5Land,5018,2
221,1,0.1962827146053314,0,ERA5Land,5018,2
224,0,0.2433832287788391,0,ERA5Land,5018,2
225,1,0.691262423992157,1,ERA5Land,5018,2
230,0,0.5286214351654053,1,ERA5Land,5018,2
231,1,0.3137537539005279,0,ERA5Land,5018,2
246,0,0.0494176521897316,0,ERA5Land,5018,2
247,1,0.2250253409147262,0,ERA5Land,5018,2
254,0,0.1726693660020828,0,ERA5Land,5018,2
255,1,0.7103935480117798,1,ERA5Land,5018,2
258,0,0.1650900691747665,0,ERA5Land,5018,2
259,1,0.3453005850315094,0,ERA5Land,5018,2
264,0,0.0458449497818946,0,ERA5Land,5018,2
265,1,0.9642192125320436,1,ERA5Land,5018,2
268,0,0.921079158782959,1,ERA5Land,5018,2
269,1,0.4084723889827728,0,ERA5Land,5018,2
290,0,0.3799452781677246,0,ERA5Land,5018,2
291,1,0.6926780939102173,1,ERA5Land,5018,2
334,0,0.0351916402578353,0,ERA5Land,5018,2
335,1,0.165907084941864,0,ERA5Land,5018,2
342,0,0.0694401338696479,0,ERA5Land,5018,2
343,1,0.9873126149177552,1,ERA5Land,5018,2
360,0,0.1368515789508819,0,ERA5Land,5018,2
361,1,0.636414647102356,1,ERA5Land,5018,2
368,0,0.1653038412332534,0,ERA5Land,5018,2
369,1,0.673941433429718,1,ERA5Land,5018,2
370,0,0.0957171320915222,0,ERA5Land,5018,2
371,1,0.205680251121521,0,ERA5Land,5018,2
372,0,0.5864260196685791,1,ERA5Land,5018,2
373,1,0.8539617657661438,1,ERA5Land,5018,2
394,0,0.0916911140084266,0,ERA5Land,5018,2
395,1,0.8055740594863892,1,ERA5Land,5018,2
402,0,0.2939975559711456,0,ERA5Land,5018,2
403,1,0.9172446727752686,1,ERA5Land,5018,2
22,0,0.8799160718917847,1,ERA5Land,5018,3
23,1,0.8064978122711182,1,ERA5Land,5018,3
32,0,0.1364544630050659,0,ERA5Land,5018,3
33,1,0.819808840751648,1,ERA5Land,5018,3
42,0,0.0958809852600097,0,ERA5Land,5018,3
43,1,0.1017361432313919,0,ERA5Land,5018,3
46,0,0.7444467544555664,1,ERA5Land,5018,3
47,1,0.514334499835968,1,ERA5Land,5018,3
52,0,0.8489174842834473,1,ERA5Land,5018,3
53,1,0.6457828283309937,1,ERA5Land,5018,3
64,0,0.0054843439720571,0,ERA5Land,5018,3
65,1,0.920337736606598,1,ERA5Land,5018,3
66,0,0.7399614453315735,1,ERA5Land,5018,3
67,1,0.7970395684242249,1,ERA5Land,5018,3
80,0,0.0917107388377189,0,ERA5Land,5018,3
81,1,0.0306339692324399,0,ERA5Land,5018,3
96,0,0.0925501435995101,0,ERA5Land,5018,3
97,1,0.7175493240356445,1,ERA5Land,5018,3
112,0,0.0112329460680484,0,ERA5Land,5018,3
113,1,0.9279063940048218,1,ERA5Land,5018,3
116,0,0.4584198892116546,0,ERA5Land,5018,3
117,1,0.922617495059967,1,ERA5Land,5018,3
124,0,0.9326866269111632,1,ERA5Land,5018,3
125,1,0.8798882961273193,1,ERA5Land,5018,3
132,0,0.0210635345429182,0,ERA5Land,5018,3
133,1,0.1357220560312271,0,ERA5Land,5018,3
136,0,0.7690073847770691,1,ERA5Land,5018,3
137,1,0.9828996062278748,1,ERA5Land,5018,3
142,0,0.082483634352684,0,ERA5Land,5018,3
143,1,0.9203203916549684,1,ERA5Land,5018,3
144,0,0.9070873856544496,1,ERA5Land,5018,3
145,1,0.545372486114502,1,ERA5Land,5018,3
146,0,0.0211580824106931,0,ERA5Land,5018,3
147,1,0.9835725426673888,1,ERA5Land,5018,3
154,0,0.7365723252296448,1,ERA5Land,5018,3
155,1,0.4731546938419342,0,ERA5Land,5018,3
190,0,0.1801394075155258,0,ERA5Land,5018,3
191,1,0.2501112222671509,0,ERA5Land,5018,3
204,0,0.5613068342208862,1,ERA5Land,5018,3
205,1,0.684098482131958,1,ERA5Land,5018,3
226,0,0.308237761259079,0,ERA5Land,5018,3
227,1,0.8428130149841309,1,ERA5Land,5018,3
228,0,0.7493441104888916,1,ERA5Land,5018,3
229,1,0.7401207685470581,1,ERA5Land,5018,3
232,0,0.1822397410869598,0,ERA5Land,5018,3
233,1,0.5860111713409424,1,ERA5Land,5018,3
240,0,0.5481744408607483,1,ERA5Land,5018,3
241,1,0.6291823983192444,1,ERA5Land,5018,3
242,0,0.6942117214202881,1,ERA5Land,5018,3
243,1,0.7007790207862854,1,ERA5Land,5018,3
260,0,0.1434577405452728,0,ERA5Land,5018,3
261,1,0.6805574297904968,1,ERA5Land,5018,3
262,0,0.1272780895233154,0,ERA5Land,5018,3
263,1,0.9575474858283995,1,ERA5Land,5018,3
266,0,0.254401683807373,0,ERA5Land,5018,3
267,1,0.7302441596984863,1,ERA5Land,5018,3
278,0,0.2638024389743805,0,ERA5Land,5018,3
279,1,0.8891035318374634,1,ERA5Land,5018,3
292,0,0.0048078745603561,0,ERA5Land,5018,3
293,1,0.948384702205658,1,ERA5Land,5018,3
298,0,0.0105105079710483,0,ERA5Land,5018,3
299,1,0.7252458333969116,1,ERA5Land,5018,3
304,0,0.2841052711009979,0,ERA5Land,5018,3
305,1,0.7583629488945007,1,ERA5Land,5018,3
306,0,0.0108606545254588,0,ERA5Land,5018,3
307,1,0.9727028608322144,1,ERA5Land,5018,3
314,0,0.2621526718139648,0,ERA5Land,5018,3
315,1,0.0842269733548164,0,ERA5Land,5018,3
316,0,0.2078805863857269,0,ERA5Land,5018,3
317,1,0.9597521424293518,1,ERA5Land,5018,3
322,0,0.3435842096805572,0,ERA5Land,5018,3
323,1,0.8846068382263184,1,ERA5Land,5018,3
336,0,0.3684610724449157,0,ERA5Land,5018,3
337,1,0.9126300811767578,1,ERA5Land,5018,3
350,0,0.0162810795009136,0,ERA5Land,5018,3
351,1,0.8700937628746033,1,ERA5Land,5018,3
362,0,0.033966276794672,0,ERA5Land,5018,3
363,1,0.3859610557556152,0,ERA5Land,5018,3
364,0,0.0411334112286567,0,ERA5Land,5018,3
365,1,0.953800618648529,1,ERA5Land,5018,3
380,0,0.1072110682725906,0,ERA5Land,5018,3
381,1,0.7818092107772827,1,ERA5Land,5018,3
2,0,0.117385946214199,0,ERA5Land,5018,4
3,1,0.1083117127418518,0,ERA5Land,5018,4
16,0,0.609093964099884,1,ERA5Land,5018,4
17,1,0.724554717540741,1,ERA5Land,5018,4
20,0,0.7406141757965088,1,ERA5Land,5018,4
21,1,0.8113738298416138,1,ERA5Land,5018,4
50,0,0.636598527431488,1,ERA5Land,5018,4
51,1,0.6555444002151489,1,ERA5Land,5018,4
54,0,0.09347415715456,0,ERA5Land,5018,4
55,1,0.9710431694984436,1,ERA5Land,5018,4
60,0,0.0996746942400932,0,ERA5Land,5018,4
61,1,0.9609622955322266,1,ERA5Land,5018,4
70,0,0.9294750690460204,1,ERA5Land,5018,4
71,1,0.684707760810852,1,ERA5Land,5018,4
76,0,0.7564157247543335,1,ERA5Land,5018,4
77,1,0.8397445678710938,1,ERA5Land,5018,4
90,0,0.3423135876655578,0,ERA5Land,5018,4
91,1,0.9014905095100404,1,ERA5Land,5018,4
102,0,0.1365955621004104,0,ERA5Land,5018,4
103,1,0.9409600496292114,1,ERA5Land,5018,4
118,0,0.0574808605015277,0,ERA5Land,5018,4
119,1,0.9801071882247924,1,ERA5Land,5018,4
130,0,0.4034033417701721,0,ERA5Land,5018,4
131,1,0.8039743304252625,1,ERA5Land,5018,4
134,0,0.4436501562595367,0,ERA5Land,5018,4
135,1,0.432140976190567,0,ERA5Land,5018,4
160,0,0.1877693384885788,0,ERA5Land,5018,4
161,1,0.7960843443870544,1,ERA5Land,5018,4
162,0,0.0454138554632663,0,ERA5Land,5018,4
163,1,0.981486976146698,1,ERA5Land,5018,4
172,0,0.7698140144348145,1,ERA5Land,5018,4
173,1,0.5436108708381653,1,ERA5Land,5018,4
188,0,0.2656451165676117,0,ERA5Land,5018,4
189,1,0.7659536600112915,1,ERA5Land,5018,4
194,0,0.1888692080974578,0,ERA5Land,5018,4
195,1,0.3155966401100158,0,ERA5Land,5018,4
196,0,0.3383872807025909,0,ERA5Land,5018,4
197,1,0.9664371609687804,1,ERA5Land,5018,4
212,0,0.8153497576713562,1,ERA5Land,5018,4
213,1,0.5988880395889282,1,ERA5Land,5018,4
222,0,0.7725107669830322,1,ERA5Land,5018,4
223,1,0.3749409019947052,0,ERA5Land,5018,4
238,0,0.1035180240869522,0,ERA5Land,5018,4
239,1,0.5348058342933655,1,ERA5Land,5018,4
244,0,0.2063108384609222,0,ERA5Land,5018,4
245,1,0.8397120237350464,1,ERA5Land,5018,4
250,0,0.0627639591693878,0,ERA5Land,5018,4
251,1,0.7474343776702881,1,ERA5Land,5018,4
252,0,0.0773399323225021,0,ERA5Land,5018,4
253,1,0.7449446320533752,1,ERA5Land,5018,4
272,0,0.1589643806219101,0,ERA5Land,5018,4
273,1,0.3632626533508301,0,ERA5Land,5018,4
274,0,0.2259835302829742,0,ERA5Land,5018,4
275,1,0.5827169418334961,1,ERA5Land,5018,4
280,0,0.340812623500824,0,ERA5Land,5018,4
281,1,0.7057504653930664,1,ERA5Land,5018,4
300,0,0.0294758137315511,0,ERA5Land,5018,4
301,1,0.8620808720588684,1,ERA5Land,5018,4
302,0,0.8885754346847534,1,ERA5Land,5018,4
303,1,0.5681300759315491,1,ERA5Land,5018,4
308,0,0.6309314966201782,1,ERA5Land,5018,4
309,1,0.9490076303482056,1,ERA5Land,5018,4
318,0,0.1275586634874344,0,ERA5Land,5018,4
319,1,0.9626823663711548,1,ERA5Land,5018,4
328,0,0.0618775226175785,0,ERA5Land,5018,4
329,1,0.6342164874076843,1,ERA5Land,5018,4
330,0,0.0196058079600334,0,ERA5Land,5018,4
331,1,0.3527032136917114,0,ERA5Land,5018,4
344,0,0.3075836300849914,0,ERA5Land,5018,4
345,1,0.9289422035217284,1,ERA5Land,5018,4
366,0,0.1229002103209495,0,ERA5Land,5018,4
367,1,0.8140653371810913,1,ERA5Land,5018,4
376,0,0.1475344598293304,0,ERA5Land,5018,4
377,1,0.6658868193626404,1,ERA5Land,5018,4
384,0,0.0775611624121666,0,ERA5Land,5018,4
385,1,0.907654106616974,1,ERA5Land,5018,4
392,0,0.0543357282876968,0,ERA5Land,5018,4
393,1,0.6485776305198669,1,ERA5Land,5018,4
398,0,0.4137785136699676,0,ERA5Land,5018,4
399,1,0.2919155657291412,0,ERA5Land,5018,4
6,0,0.0162006895989179,0,ERA5Land,5018,5
7,1,0.8686059713363647,1,ERA5Land,5018,5
10,0,0.7149338722229004,1,ERA5Land,5018,5
11,1,0.7996788620948792,1,ERA5Land,5018,5
12,0,0.099633514881134,0,ERA5Land,5018,5
13,1,0.8181679248809814,1,ERA5Land,5018,5
14,0,0.0907147005200386,0,ERA5Land,5018,5
15,1,0.5744674205780029,1,ERA5Land,5018,5
28,0,0.0838759168982505,0,ERA5Land,5018,5
29,1,0.2403455078601837,0,ERA5Land,5018,5
30,0,0.0274796541780233,0,ERA5Land,5018,5
31,1,0.7796998023986816,1,ERA5Land,5018,5
38,0,0.3159323632717132,0,ERA5Land,5018,5
39,1,0.2542752623558044,0,ERA5Land,5018,5
56,0,0.1469793319702148,0,ERA5Land,5018,5
57,1,0.9230944514274596,1,ERA5Land,5018,5
74,0,0.4992664456367492,0,ERA5Land,5018,5
75,1,0.9505574703216552,1,ERA5Land,5018,5
78,0,0.0099563328549265,0,ERA5Land,5018,5
79,1,0.908961534500122,1,ERA5Land,5018,5
88,0,0.5366164445877075,1,ERA5Land,5018,5
89,1,0.3512477278709411,0,ERA5Land,5018,5
100,0,0.0704651996493339,0,ERA5Land,5018,5
101,1,0.9669429063796996,1,ERA5Land,5018,5
110,0,0.0481731072068214,0,ERA5Land,5018,5
111,1,0.0961329713463783,0,ERA5Land,5018,5
150,0,0.0041703730821609,0,ERA5Land,5018,5
151,1,0.8751225471496582,1,ERA5Land,5018,5
166,0,0.3611968755722046,0,ERA5Land,5018,5
167,1,0.2638255953788757,0,ERA5Land,5018,5
178,0,0.1292328834533691,0,ERA5Land,5018,5
179,1,0.9410651922225952,1,ERA5Land,5018,5
182,0,0.6951908469200134,1,ERA5Land,5018,5
183,1,0.9121689200401306,1,ERA5Land,5018,5
184,0,0.0059066633693873,0,ERA5Land,5018,5
185,1,0.8137040138244629,1,ERA5Land,5018,5
216,0,0.0244633927941322,0,ERA5Land,5018,5
217,1,0.9806721806526184,1,ERA5Land,5018,5
236,0,0.3181279003620147,0,ERA5Land,5018,5
237,1,0.6988863348960876,1,ERA5Land,5018,5
282,0,0.1019893735647201,0,ERA5Land,5018,5
283,1,0.531951367855072,1,ERA5Land,5018,5
286,0,0.2086592316627502,0,ERA5Land,5018,5
287,1,0.7300686836242676,1,ERA5Land,5018,5
288,0,0.4457885324954986,0,ERA5Land,5018,5
289,1,0.9514023661613464,1,ERA5Land,5018,5
294,0,0.0057174377143383,0,ERA5Land,5018,5
295,1,0.0227772388607263,0,ERA5Land,5018,5
310,0,0.6541680097579956,1,ERA5Land,5018,5
311,1,0.9299539923667908,1,ERA5Land,5018,5
326,0,0.0794263035058975,0,ERA5Land,5018,5
327,1,0.6833764910697937,1,ERA5Land,5018,5
338,0,0.0380933471024036,0,ERA5Land,5018,5
339,1,0.0515497140586376,0,ERA5Land,5018,5
348,0,0.1539737433195114,0,ERA5Land,5018,5
349,1,0.9072449207305908,1,ERA5Land,5018,5
352,0,0.0157382693141698,0,ERA5Land,5018,5
353,1,0.6850194334983826,1,ERA5Land,5018,5
354,0,0.4190832376480102,0,ERA5Land,5018,5
355,1,0.7422724962234497,1,ERA5Land,5018,5
356,0,0.5615946054458618,1,ERA5Land,5018,5
357,1,0.9570502638816832,1,ERA5Land,5018,5
358,0,0.2227333337068557,0,ERA5Land,5018,5
359,1,0.8966315984725952,1,ERA5Land,5018,5
374,0,0.0504744015634059,0,ERA5Land,5018,5
375,1,0.0357099063694477,0,ERA5Land,5018,5
378,0,0.0864565372467041,0,ERA5Land,5018,5
379,1,0.7770532369613647,1,ERA5Land,5018,5
386,0,0.0188288744539022,0,ERA5Land,5018,5
387,1,0.6923544406890869,1,ERA5Land,5018,5
388,0,0.0200252644717693,0,ERA5Land,5018,5
389,1,0.7686928510665894,1,ERA5Land,5018,5
390,0,0.084357850253582,0,ERA5Land,5018,5
391,1,0.5867493152618408,1,ERA5Land,5018,5
396,0,0.015053117647767,0,ERA5Land,5018,5
397,1,0.6426640748977661,1,ERA5Land,5018,5
400,0,0.0648567453026771,0,ERA5Land,5018,5
401,1,0.3355846703052521,0,ERA5Land,5018,5
6,0,0.0628018081188201,0,ERA5Land,5168,1
7,1,0.904860019683838,1,ERA5Land,5168,1
24,0,0.0973964408040046,0,ERA5Land,5168,1
25,1,0.9590339660644532,1,ERA5Land,5168,1
26,0,0.0967543721199035,0,ERA5Land,5168,1
27,1,0.1441247463226318,0,ERA5Land,5168,1
28,0,0.1024733409285545,0,ERA5Land,5168,1
29,1,0.1925884932279586,0,ERA5Land,5168,1
34,0,0.8932555317878723,1,ERA5Land,5168,1
35,1,0.4212703704833984,0,ERA5Land,5168,1
56,0,0.3024148046970367,0,ERA5Land,5168,1
57,1,0.9439103603363036,1,ERA5Land,5168,1
82,0,0.5641680359840393,1,ERA5Land,5168,1
83,1,0.8529737591743469,1,ERA5Land,5168,1
84,0,0.9503405094146729,1,ERA5Land,5168,1
85,1,0.910030961036682,1,ERA5Land,5168,1
110,0,0.2372425943613052,0,ERA5Land,5168,1
111,1,0.6647471785545349,1,ERA5Land,5168,1
112,0,0.04760717228055,0,ERA5Land,5168,1
113,1,0.8799606561660767,1,ERA5Land,5168,1
128,0,0.0230667851865291,0,ERA5Land,5168,1
129,1,0.7708237171173096,1,ERA5Land,5168,1
132,0,0.0488978549838066,0,ERA5Land,5168,1
133,1,0.1483982801437378,0,ERA5Land,5168,1
144,0,0.683724045753479,1,ERA5Land,5168,1
145,1,0.2825719118118286,0,ERA5Land,5168,1
146,0,0.0560906007885932,0,ERA5Land,5168,1
147,1,0.9666223526000975,1,ERA5Land,5168,1
148,0,0.0911074727773666,0,ERA5Land,5168,1
149,1,0.1704534292221069,0,ERA5Land,5168,1
194,0,0.2109908908605575,0,ERA5Land,5168,1
195,1,0.2736341953277588,0,ERA5Land,5168,1
196,0,0.3144601583480835,0,ERA5Land,5168,1
197,1,0.9645367860794068,1,ERA5Land,5168,1
202,0,0.0206858068704605,0,ERA5Land,5168,1
203,1,0.4104014933109283,0,ERA5Land,5168,1
208,0,0.0290983691811561,0,ERA5Land,5168,1
209,1,0.9646325707435608,1,ERA5Land,5168,1
222,0,0.608595073223114,1,ERA5Land,5168,1
223,1,0.7886302471160889,1,ERA5Land,5168,1
224,0,0.6581253409385681,1,ERA5Land,5168,1
225,1,0.6715707778930664,1,ERA5Land,5168,1
226,0,0.2526877820491791,0,ERA5Land,5168,1
227,1,0.35927215218544,0,ERA5Land,5168,1
240,0,0.4382926225662231,0,ERA5Land,5168,1
241,1,0.5101823210716248,1,ERA5Land,5168,1
244,0,0.7112666964530945,1,ERA5Land,5168,1
245,1,0.7786749005317688,1,ERA5Land,5168,1
262,0,0.0698587596416473,0,ERA5Land,5168,1
263,1,0.8803412318229675,1,ERA5Land,5168,1
264,0,0.5814948081970215,1,ERA5Land,5168,1
265,1,0.7491555213928223,1,ERA5Land,5168,1
282,0,0.1538757681846618,0,ERA5Land,5168,1
283,1,0.6173973083496094,1,ERA5Land,5168,1
286,0,0.1714637130498886,0,ERA5Land,5168,1
287,1,0.5429362058639526,1,ERA5Land,5168,1
290,0,0.2617727816104889,0,ERA5Land,5168,1
291,1,0.2632920145988464,0,ERA5Land,5168,1
304,0,0.2499563544988632,0,ERA5Land,5168,1
305,1,0.6127185225486755,1,ERA5Land,5168,1
316,0,0.2096437066793441,0,ERA5Land,5168,1
317,1,0.7799637317657471,1,ERA5Land,5168,1
322,0,0.1577269732952118,0,ERA5Land,5168,1
323,1,0.924682915210724,1,ERA5Land,5168,1
326,0,0.0505037643015384,0,ERA5Land,5168,1
327,1,0.7344294786453247,1,ERA5Land,5168,1
336,0,0.1393281072378158,0,ERA5Land,5168,1
337,1,0.8542771935462952,1,ERA5Land,5168,1
344,0,0.1012286618351936,0,ERA5Land,5168,1
345,1,0.782820999622345,1,ERA5Land,5168,1
352,0,0.054344817996025,0,ERA5Land,5168,1
353,1,0.8983674049377441,1,ERA5Land,5168,1
362,0,0.2125342786312103,0,ERA5Land,5168,1
363,1,0.2889825105667114,0,ERA5Land,5168,1
390,0,0.1718472093343734,0,ERA5Land,5168,1
391,1,0.5930865406990051,1,ERA5Land,5168,1
396,0,0.0532910376787185,0,ERA5Land,5168,1
397,1,0.5528210401535034,1,ERA5Land,5168,1
400,0,0.129662424325943,0,ERA5Land,5168,1
401,1,0.2047379165887832,0,ERA5Land,5168,1
402,0,0.3591496348381042,0,ERA5Land,5168,1
403,1,0.932587742805481,1,ERA5Land,5168,1
2,0,0.1258569359779358,0,ERA5Land,5168,2
3,1,0.2093925029039383,0,ERA5Land,5168,2
4,0,0.0992831364274025,0,ERA5Land,5168,2
5,1,0.99418044090271,1,ERA5Land,5168,2
8,0,0.8040861487388611,1,ERA5Land,5168,2
9,1,0.966941237449646,1,ERA5Land,5168,2
12,0,0.0192556753754615,0,ERA5Land,5168,2
13,1,0.9605780243873596,1,ERA5Land,5168,2
14,0,0.0659454762935638,0,ERA5Land,5168,2
15,1,0.9880025386810304,1,ERA5Land,5168,2
36,0,0.1703081130981445,0,ERA5Land,5168,2
37,1,0.3838327527046203,0,ERA5Land,5168,2
38,0,0.3048003911972046,0,ERA5Land,5168,2
39,1,0.269084095954895,0,ERA5Land,5168,2
40,0,0.5060105323791504,1,ERA5Land,5168,2
41,1,0.5520682334899902,1,ERA5Land,5168,2
44,0,0.444740742444992,0,ERA5Land,5168,2
45,1,0.3801230192184448,0,ERA5Land,5168,2
58,0,0.0178335476666688,0,ERA5Land,5168,2
59,1,0.9946678876876832,1,ERA5Land,5168,2
76,0,0.9495272636413574,1,ERA5Land,5168,2
77,1,0.9905295968055724,1,ERA5Land,5168,2
90,0,0.2339326292276382,0,ERA5Land,5168,2
91,1,0.6336787343025208,1,ERA5Land,5168,2
94,0,0.9858520030975342,1,ERA5Land,5168,2
95,1,0.9584778547286988,1,ERA5Land,5168,2
114,0,0.9890215992927552,1,ERA5Land,5168,2
115,1,0.8879016637802124,1,ERA5Land,5168,2
116,0,0.7997523546218872,1,ERA5Land,5168,2
117,1,0.9920440912246704,1,ERA5Land,5168,2
130,0,0.2513240873813629,0,ERA5Land,5168,2
131,1,0.9905712604522704,1,ERA5Land,5168,2
134,0,0.9556007385253906,1,ERA5Land,5168,2
135,1,0.9682660698890686,1,ERA5Land,5168,2
136,0,0.6188827753067017,1,ERA5Land,5168,2
137,1,0.9954942464828492,1,ERA5Land,5168,2
150,0,0.0042437342926859,0,ERA5Land,5168,2
151,1,0.97154039144516,1,ERA5Land,5168,2
172,0,0.9503007531166076,1,ERA5Land,5168,2
173,1,0.950036883354187,1,ERA5Land,5168,2
186,0,0.0067248428240418,0,ERA5Land,5168,2
187,1,0.9028393626213074,1,ERA5Land,5168,2
200,0,0.072269357740879,0,ERA5Land,5168,2
201,1,0.9946976900100708,1,ERA5Land,5168,2
206,0,0.0075123156420886,0,ERA5Land,5168,2
207,1,0.1871952414512634,0,ERA5Land,5168,2
228,0,0.8338876366615295,1,ERA5Land,5168,2
229,1,0.6628512740135193,1,ERA5Land,5168,2
234,0,0.0825991556048393,0,ERA5Land,5168,2
235,1,0.9581889510154724,1,ERA5Land,5168,2
254,0,0.8764598965644836,1,ERA5Land,5168,2
255,1,0.918980836868286,1,ERA5Land,5168,2
272,0,0.0659115314483642,0,ERA5Land,5168,2
273,1,0.0150174843147397,0,ERA5Land,5168,2
294,0,0.0094185043126344,0,ERA5Land,5168,2
295,1,0.4024207293987274,0,ERA5Land,5168,2
302,0,0.7971225380897522,1,ERA5Land,5168,2
303,1,0.9305792450904846,1,ERA5Land,5168,2
310,0,0.4909346997737884,0,ERA5Land,5168,2
311,1,0.98153555393219,1,ERA5Land,5168,2
314,0,0.299552321434021,0,ERA5Land,5168,2
315,1,0.1640996038913726,0,ERA5Land,5168,2
318,0,0.1080430895090103,0,ERA5Land,5168,2
319,1,0.9967137575149536,1,ERA5Land,5168,2
330,0,0.0039122621528804,0,ERA5Land,5168,2
331,1,0.7112740278244019,1,ERA5Land,5168,2
332,0,0.0133749227970838,0,ERA5Land,5168,2
333,1,0.9133726358413696,1,ERA5Land,5168,2
358,0,0.0173116587102413,0,ERA5Land,5168,2
359,1,0.5419974327087402,1,ERA5Land,5168,2
360,0,0.1900417357683181,0,ERA5Land,5168,2
361,1,0.3177514970302582,0,ERA5Land,5168,2
364,0,0.192708671092987,0,ERA5Land,5168,2
365,1,0.9957289099693298,1,ERA5Land,5168,2
372,0,0.5275440216064453,1,ERA5Land,5168,2
373,1,0.9277243614196776,1,ERA5Land,5168,2
378,0,0.0609844401478767,0,ERA5Land,5168,2
379,1,0.904092252254486,1,ERA5Land,5168,2
388,0,0.0271746832877397,0,ERA5Land,5168,2
389,1,0.9437568187713624,1,ERA5Land,5168,2
10,0,0.6818205714225769,1,ERA5Land,5168,3
11,1,0.6972115635871887,1,ERA5Land,5168,3
18,0,0.0389377512037754,0,ERA5Land,5168,3
19,1,0.8019165992736816,1,ERA5Land,5168,3
22,0,0.86204594373703,1,ERA5Land,5168,3
23,1,0.7944031357765198,1,ERA5Land,5168,3
32,0,0.0998893529176712,0,ERA5Land,5168,3
33,1,0.8192765712738037,1,ERA5Land,5168,3
52,0,0.8195815086364746,1,ERA5Land,5168,3
53,1,0.6224232912063599,1,ERA5Land,5168,3
64,0,0.0154691794887185,0,ERA5Land,5168,3
65,1,0.8142480254173279,1,ERA5Land,5168,3
68,0,0.7970249652862549,1,ERA5Land,5168,3
69,1,0.9027528762817384,1,ERA5Land,5168,3
78,0,0.0829819217324256,0,ERA5Land,5168,3
79,1,0.8340169191360474,1,ERA5Land,5168,3
80,0,0.1445401459932327,0,ERA5Land,5168,3
81,1,0.1288277357816696,0,ERA5Land,5168,3
86,0,0.518085241317749,1,ERA5Land,5168,3
87,1,0.2117967754602432,0,ERA5Land,5168,3
100,0,0.0947689265012741,0,ERA5Land,5168,3
101,1,0.8760395050048828,1,ERA5Land,5168,3
102,0,0.1206062734127044,0,ERA5Land,5168,3
103,1,0.8853078484535217,1,ERA5Land,5168,3
106,0,0.0517744086682796,0,ERA5Land,5168,3
107,1,0.4762066602706909,0,ERA5Land,5168,3
154,0,0.6504086852073669,1,ERA5Land,5168,3
155,1,0.5606489777565002,1,ERA5Land,5168,3
156,0,0.0328612327575683,0,ERA5Land,5168,3
157,1,0.6377556324005127,1,ERA5Land,5168,3
158,0,0.5603262782096863,1,ERA5Land,5168,3
159,1,0.8448781967163086,1,ERA5Land,5168,3
162,0,0.0476327799260616,0,ERA5Land,5168,3
163,1,0.8699635863304138,1,ERA5Land,5168,3
166,0,0.287868320941925,0,ERA5Land,5168,3
167,1,0.3184412121772766,0,ERA5Land,5168,3
168,0,0.2210172265768051,0,ERA5Land,5168,3
169,1,0.2277288734912872,0,ERA5Land,5168,3
170,0,0.6053394675254822,1,ERA5Land,5168,3
171,1,0.6080920696258545,1,ERA5Land,5168,3
178,0,0.0281468499451875,0,ERA5Land,5168,3
179,1,0.7157790064811707,1,ERA5Land,5168,3
192,0,0.7985621690750122,1,ERA5Land,5168,3
193,1,0.6816036105155945,1,ERA5Land,5168,3
198,0,0.1244674175977706,0,ERA5Land,5168,3
199,1,0.7282146215438843,1,ERA5Land,5168,3
214,0,0.080572560429573,0,ERA5Land,5168,3
215,1,0.8346953988075256,1,ERA5Land,5168,3
216,0,0.0377198792994022,0,ERA5Land,5168,3
217,1,0.8725473284721375,1,ERA5Land,5168,3
220,0,0.8386754393577576,1,ERA5Land,5168,3
221,1,0.4297943711280823,0,ERA5Land,5168,3
238,0,0.2675010859966278,0,ERA5Land,5168,3
239,1,0.6564279794692993,1,ERA5Land,5168,3
250,0,0.0363213308155536,0,ERA5Land,5168,3
251,1,0.7119263410568237,1,ERA5Land,5168,3
252,0,0.0472723320126533,0,ERA5Land,5168,3
253,1,0.4148018062114715,0,ERA5Land,5168,3
256,0,0.1765896379947662,0,ERA5Land,5168,3
257,1,0.6892262101173401,1,ERA5Land,5168,3
258,0,0.053740955889225,0,ERA5Land,5168,3
259,1,0.7190151810646057,1,ERA5Land,5168,3
268,0,0.7301996350288391,1,ERA5Land,5168,3
269,1,0.583599328994751,1,ERA5Land,5168,3
278,0,0.1687986552715301,0,ERA5Land,5168,3
279,1,0.638016939163208,1,ERA5Land,5168,3
280,0,0.2797828614711761,0,ERA5Land,5168,3
281,1,0.5149967074394226,1,ERA5Land,5168,3
296,0,0.5789814591407776,1,ERA5Land,5168,3
297,1,0.8369888067245483,1,ERA5Land,5168,3
320,0,0.0555526167154312,0,ERA5Land,5168,3
321,1,0.9055407643318176,1,ERA5Land,5168,3
340,0,0.2493688911199569,0,ERA5Land,5168,3
341,1,0.1658027619123459,0,ERA5Land,5168,3
366,0,0.2420083582401275,0,ERA5Land,5168,3
367,1,0.7279945611953735,1,ERA5Land,5168,3
374,0,0.0517033338546752,0,ERA5Land,5168,3
375,1,0.0510076358914375,0,ERA5Land,5168,3
382,0,0.2351299822330474,0,ERA5Land,5168,3
383,1,0.4260678589344024,0,ERA5Land,5168,3
392,0,0.0553858578205108,0,ERA5Land,5168,3
393,1,0.7655729651451111,1,ERA5Land,5168,3
0,0,0.6294001936912537,1,ERA5Land,5168,4
1,1,0.549487829208374,1,ERA5Land,5168,4
30,0,0.2854610085487366,0,ERA5Land,5168,4
31,1,0.7714493870735168,1,ERA5Land,5168,4
50,0,0.7977487444877625,1,ERA5Land,5168,4
51,1,0.6203526258468628,1,ERA5Land,5168,4
62,0,0.2618559598922729,0,ERA5Land,5168,4
63,1,0.7647793889045715,1,ERA5Land,5168,4
66,0,0.5311011672019958,1,ERA5Land,5168,4
67,1,0.6767343282699585,1,ERA5Land,5168,4
96,0,0.7528650760650635,1,ERA5Land,5168,4
97,1,0.669154167175293,1,ERA5Land,5168,4
118,0,0.076294407248497,0,ERA5Land,5168,4
119,1,0.9350205659866332,1,ERA5Land,5168,4
122,0,0.0489223599433898,0,ERA5Land,5168,4
123,1,0.331892192363739,0,ERA5Land,5168,4
124,0,0.8969742655754089,1,ERA5Land,5168,4
125,1,0.8210629224777222,1,ERA5Land,5168,4
138,0,0.7892104387283325,1,ERA5Land,5168,4
139,1,0.871516227722168,1,ERA5Land,5168,4
140,0,0.1609117239713668,0,ERA5Land,5168,4
141,1,0.8817222118377686,1,ERA5Land,5168,4
152,0,0.235213965177536,0,ERA5Land,5168,4
153,1,0.8929137587547302,1,ERA5Land,5168,4
164,0,0.0216038394719362,0,ERA5Land,5168,4
165,1,0.6605796813964844,1,ERA5Land,5168,4
174,0,0.5798585414886475,1,ERA5Land,5168,4
175,1,0.6420055031776428,1,ERA5Land,5168,4
176,0,0.4752216041088104,0,ERA5Land,5168,4
177,1,0.7038596272468567,1,ERA5Land,5168,4
182,0,0.6419306397438049,1,ERA5Land,5168,4
183,1,0.696461021900177,1,ERA5Land,5168,4
184,0,0.021089319139719,0,ERA5Land,5168,4
185,1,0.8109304308891296,1,ERA5Land,5168,4
190,0,0.4351177811622619,0,ERA5Land,5168,4
191,1,0.2849024832248688,0,ERA5Land,5168,4
210,0,0.1498781889677047,0,ERA5Land,5168,4
211,1,0.8587925434112549,1,ERA5Land,5168,4
212,0,0.744489848613739,1,ERA5Land,5168,4
213,1,0.437205046415329,0,ERA5Land,5168,4
236,0,0.4639164507389068,0,ERA5Land,5168,4
237,1,0.5124852061271667,1,ERA5Land,5168,4
242,0,0.6020511984825134,1,ERA5Land,5168,4
243,1,0.6237134337425232,1,ERA5Land,5168,4
248,0,0.0219998620450496,0,ERA5Land,5168,4
249,1,0.7477704286575317,1,ERA5Land,5168,4
260,0,0.1240109428763389,0,ERA5Land,5168,4
261,1,0.8386380672454834,1,ERA5Land,5168,4
270,0,0.3548126816749573,0,ERA5Land,5168,4
271,1,0.8037096858024597,1,ERA5Land,5168,4
284,0,0.1127532124519348,0,ERA5Land,5168,4
285,1,0.884495735168457,1,ERA5Land,5168,4
298,0,0.2631965279579162,0,ERA5Land,5168,4
299,1,0.5929731726646423,1,ERA5Land,5168,4
306,0,0.1480704247951507,0,ERA5Land,5168,4
307,1,0.9112600684165956,1,ERA5Land,5168,4
308,0,0.5098845362663269,1,ERA5Land,5168,4
309,1,0.9056090712547302,1,ERA5Land,5168,4
328,0,0.1043329313397407,0,ERA5Land,5168,4
329,1,0.7423226237297058,1,ERA5Land,5168,4
334,0,0.0888090655207634,0,ERA5Land,5168,4
335,1,0.6644971370697021,1,ERA5Land,5168,4
348,0,0.4253432750701904,0,ERA5Land,5168,4
349,1,0.853679895401001,1,ERA5Land,5168,4
354,0,0.2993241548538208,0,ERA5Land,5168,4
355,1,0.8424390554428101,1,ERA5Land,5168,4
368,0,0.3946788311004638,0,ERA5Land,5168,4
369,1,0.7043471932411194,1,ERA5Land,5168,4
370,0,0.1366082429885864,0,ERA5Land,5168,4
371,1,0.7257980108261108,1,ERA5Land,5168,4
376,0,0.3821353912353515,0,ERA5Land,5168,4
377,1,0.4499178826808929,0,ERA5Land,5168,4
380,0,0.6081447005271912,1,ERA5Land,5168,4
381,1,0.6079350113868713,1,ERA5Land,5168,4
386,0,0.1140986308455467,0,ERA5Land,5168,4
387,1,0.6542933583259583,1,ERA5Land,5168,4
394,0,0.4209852814674377,0,ERA5Land,5168,4
395,1,0.7166520953178406,1,ERA5Land,5168,4
16,0,0.5806041955947876,1,ERA5Land,5168,5
17,1,0.7741456031799316,1,ERA5Land,5168,5
20,0,0.8849384188652039,1,ERA5Land,5168,5
21,1,0.5915708541870117,1,ERA5Land,5168,5
42,0,0.136125847697258,0,ERA5Land,5168,5
43,1,0.1366484016180038,0,ERA5Land,5168,5
46,0,0.7675366401672363,1,ERA5Land,5168,5
47,1,0.5254794955253601,1,ERA5Land,5168,5
48,0,0.4900771379470825,0,ERA5Land,5168,5
49,1,0.3605220913887024,0,ERA5Land,5168,5
54,0,0.228903591632843,0,ERA5Land,5168,5
55,1,0.8356638550758362,1,ERA5Land,5168,5
60,0,0.1148663684725761,0,ERA5Land,5168,5
61,1,0.8623008728027344,1,ERA5Land,5168,5
70,0,0.6776764988899231,1,ERA5Land,5168,5
71,1,0.6223755478858948,1,ERA5Land,5168,5
72,0,0.0293280072510242,0,ERA5Land,5168,5
73,1,0.1679349094629287,0,ERA5Land,5168,5
74,0,0.6734351515769958,1,ERA5Land,5168,5
75,1,0.8992053270339966,1,ERA5Land,5168,5
88,0,0.5239847898483276,1,ERA5Land,5168,5
89,1,0.4521359205245971,0,ERA5Land,5168,5
92,0,0.0107064871117472,0,ERA5Land,5168,5
93,1,0.8822581171989441,1,ERA5Land,5168,5
98,0,0.5959779620170593,1,ERA5Land,5168,5
99,1,0.8088299036026001,1,ERA5Land,5168,5
104,0,0.2908842265605926,0,ERA5Land,5168,5
105,1,0.8235020637512207,1,ERA5Land,5168,5
108,0,0.0098476009443402,0,ERA5Land,5168,5
109,1,0.8057401180267334,1,ERA5Land,5168,5
120,0,0.0497066937386989,0,ERA5Land,5168,5
121,1,0.9464026093482972,1,ERA5Land,5168,5
126,0,0.0326846428215503,0,ERA5Land,5168,5
127,1,0.3913758099079132,0,ERA5Land,5168,5
142,0,0.3448508679866791,0,ERA5Land,5168,5
143,1,0.9333624243736268,1,ERA5Land,5168,5
160,0,0.264662355184555,0,ERA5Land,5168,5
161,1,0.6938599944114685,1,ERA5Land,5168,5
180,0,0.7189254760742188,1,ERA5Land,5168,5
181,1,0.6597612500190735,1,ERA5Land,5168,5
188,0,0.3313530087471008,0,ERA5Land,5168,5
189,1,0.500909686088562,1,ERA5Land,5168,5
204,0,0.3903205990791321,0,ERA5Land,5168,5
205,1,0.7243234515190125,1,ERA5Land,5168,5
218,0,0.0102158887311816,0,ERA5Land,5168,5
219,1,0.6239530444145203,1,ERA5Land,5168,5
230,0,0.8422930836677551,1,ERA5Land,5168,5
231,1,0.2220437973737716,0,ERA5Land,5168,5
232,0,0.1834091246128082,0,ERA5Land,5168,5
233,1,0.394123762845993,0,ERA5Land,5168,5
246,0,0.4175577759742737,0,ERA5Land,5168,5
247,1,0.4170931875705719,0,ERA5Land,5168,5
266,0,0.1836669147014618,0,ERA5Land,5168,5
267,1,0.5858839750289917,1,ERA5Land,5168,5
274,0,0.2656981647014618,0,ERA5Land,5168,5
275,1,0.518994927406311,1,ERA5Land,5168,5
276,0,0.1190119534730911,0,ERA5Land,5168,5
277,1,0.2161969095468521,0,ERA5Land,5168,5
288,0,0.41691854596138,0,ERA5Land,5168,5
289,1,0.8822184801101685,1,ERA5Land,5168,5
292,0,0.120698757469654,0,ERA5Land,5168,5
293,1,0.8974239230155945,1,ERA5Land,5168,5
300,0,0.0176289826631546,0,ERA5Land,5168,5
301,1,0.7525982856750488,1,ERA5Land,5168,5
312,0,0.1347148567438125,0,ERA5Land,5168,5
313,1,0.840238094329834,1,ERA5Land,5168,5
324,0,0.7335637211799622,1,ERA5Land,5168,5
325,1,0.5116678476333618,1,ERA5Land,5168,5
338,0,0.1143601760268211,0,ERA5Land,5168,5
339,1,0.2000948339700698,0,ERA5Land,5168,5
342,0,0.1288451254367828,0,ERA5Land,5168,5
343,1,0.6638268828392029,1,ERA5Land,5168,5
346,0,0.1251842975616455,0,ERA5Land,5168,5
347,1,0.8621994853019714,1,ERA5Land,5168,5
350,0,0.116052009165287,0,ERA5Land,5168,5
351,1,0.8808985352516174,1,ERA5Land,5168,5
356,0,0.8133190870285034,1,ERA5Land,5168,5
357,1,0.7230606079101562,1,ERA5Land,5168,5
384,0,0.0515426993370056,0,ERA5Land,5168,5
385,1,0.8559777140617371,1,ERA5Land,5168,5
398,0,0.1373643726110458,0,ERA5Land,5168,5
399,1,0.2948342561721802,0,ERA5Land,5168,5
2,0,0.0539387911558151,0,ERA5Land,5319,1
3,1,0.0825179815292358,0,ERA5Land,5319,1
4,0,0.4136522114276886,0,ERA5Land,5319,1
5,1,0.447022944688797,0,ERA5Land,5319,1
12,0,0.0166129674762487,0,ERA5Land,5319,1
13,1,0.7436004877090454,1,ERA5Land,5319,1
18,0,0.2674928605556488,0,ERA5Land,5319,1
19,1,0.6690918803215027,1,ERA5Land,5319,1
20,0,0.7815384864807129,1,ERA5Land,5319,1
21,1,0.547086238861084,1,ERA5Land,5319,1
26,0,0.3365241587162018,0,ERA5Land,5319,1
27,1,0.4709454178810119,0,ERA5Land,5319,1
30,0,0.3132821023464203,0,ERA5Land,5319,1
31,1,0.8286585211753845,1,ERA5Land,5319,1
38,0,0.1682256609201431,0,ERA5Land,5319,1
39,1,0.4518704116344452,0,ERA5Land,5319,1
62,0,0.0613130927085876,0,ERA5Land,5319,1
63,1,0.7795078158378601,1,ERA5Land,5319,1
84,0,0.9902806282043456,1,ERA5Land,5319,1
85,1,0.990744411945343,1,ERA5Land,5319,1
92,0,0.0057507292367517,0,ERA5Land,5319,1
93,1,0.9923049807548524,1,ERA5Land,5319,1
98,0,0.9414781332015992,1,ERA5Land,5319,1
99,1,0.9801111817359924,1,ERA5Land,5319,1
128,0,0.0047133448533713,0,ERA5Land,5319,1
129,1,0.862190306186676,1,ERA5Land,5319,1
144,0,0.4699724614620209,0,ERA5Land,5319,1
145,1,0.6209595799446106,1,ERA5Land,5319,1
154,0,0.3078930377960205,0,ERA5Land,5319,1
155,1,0.395155668258667,0,ERA5Land,5319,1
162,0,0.0916764065623283,0,ERA5Land,5319,1
163,1,0.9939124584197998,1,ERA5Land,5319,1
164,0,0.0062568383291363,0,ERA5Land,5319,1
165,1,0.826966404914856,1,ERA5Land,5319,1
166,0,0.2374545931816101,0,ERA5Land,5319,1
167,1,0.4458499848842621,0,ERA5Land,5319,1
170,0,0.7647849321365356,1,ERA5Land,5319,1
171,1,0.833848774433136,1,ERA5Land,5319,1
182,0,0.9642269015312196,1,ERA5Land,5319,1
183,1,0.9870346188545228,1,ERA5Land,5319,1
208,0,0.0286461021751165,0,ERA5Land,5319,1
209,1,0.994073212146759,1,ERA5Land,5319,1
210,0,0.0920490771532058,0,ERA5Land,5319,1
211,1,0.9853768944740297,1,ERA5Land,5319,1
216,0,0.0446758866310119,0,ERA5Land,5319,1
217,1,0.9945549964904784,1,ERA5Land,5319,1
220,0,0.6055731177330017,1,ERA5Land,5319,1
221,1,0.8163794875144958,1,ERA5Land,5319,1
224,0,0.5045544505119324,1,ERA5Land,5319,1
225,1,0.5617929697036743,1,ERA5Land,5319,1
238,0,0.3512020111083984,0,ERA5Land,5319,1
239,1,0.5116235017776489,1,ERA5Land,5319,1
240,0,0.6327663660049438,1,ERA5Land,5319,1
241,1,0.7775418758392334,1,ERA5Land,5319,1
246,0,0.0962961390614509,0,ERA5Land,5319,1
247,1,0.3674092292785644,0,ERA5Land,5319,1
262,0,0.1268541067838668,0,ERA5Land,5319,1
263,1,0.9816599488258362,1,ERA5Land,5319,1
264,0,0.276317685842514,0,ERA5Land,5319,1
265,1,0.8740123510360718,1,ERA5Land,5319,1
266,0,0.3606432974338531,0,ERA5Land,5319,1
267,1,0.5470646023750305,1,ERA5Land,5319,1
270,0,0.0669087171554565,0,ERA5Land,5319,1
271,1,0.9758407473564148,1,ERA5Land,5319,1
272,0,0.2063590735197067,0,ERA5Land,5319,1
273,1,0.3288551568984985,0,ERA5Land,5319,1
290,0,0.2096454352140426,0,ERA5Land,5319,1
291,1,0.2878820896148681,0,ERA5Land,5319,1
306,0,0.0626599043607711,0,ERA5Land,5319,1
307,1,0.9736490845680236,1,ERA5Land,5319,1
310,0,0.3258437216281891,0,ERA5Land,5319,1
311,1,0.9674509167671204,1,ERA5Land,5319,1
314,0,0.4216886162757873,0,ERA5Land,5319,1
315,1,0.0281337033957242,0,ERA5Land,5319,1
326,0,0.0375808142125606,0,ERA5Land,5319,1
327,1,0.7204982042312622,1,ERA5Land,5319,1
332,0,0.0166701972484588,0,ERA5Land,5319,1
333,1,0.5719053149223328,1,ERA5Land,5319,1
346,0,0.1645379662513733,0,ERA5Land,5319,1
347,1,0.9803909063339232,1,ERA5Land,5319,1
348,0,0.1562369763851165,0,ERA5Land,5319,1
349,1,0.9854715466499328,1,ERA5Land,5319,1
400,0,0.0555652007460594,0,ERA5Land,5319,1
401,1,0.2580448985099792,0,ERA5Land,5319,1
0,0,0.2715136110782623,0,ERA5Land,5319,2
1,1,0.4443225860595703,0,ERA5Land,5319,2
24,0,0.1022789105772972,0,ERA5Land,5319,2
25,1,0.8587183356285095,1,ERA5Land,5319,2
32,0,0.255545049905777,0,ERA5Land,5319,2
33,1,0.80021733045578,1,ERA5Land,5319,2
40,0,0.5851033329963684,1,ERA5Land,5319,2
41,1,0.7457311749458313,1,ERA5Land,5319,2
54,0,0.1384247094392776,0,ERA5Land,5319,2
55,1,0.9652203917503356,1,ERA5Land,5319,2
64,0,0.048020876944065,0,ERA5Land,5319,2
65,1,0.8372724652290344,1,ERA5Land,5319,2
68,0,0.3177006840705871,0,ERA5Land,5319,2
69,1,0.842927098274231,1,ERA5Land,5319,2
80,0,0.1231390610337257,0,ERA5Land,5319,2
81,1,0.1414803713560104,0,ERA5Land,5319,2
82,0,0.1864125728607177,0,ERA5Land,5319,2
83,1,0.4423488080501556,0,ERA5Land,5319,2
88,0,0.705830454826355,1,ERA5Land,5319,2
89,1,0.3101477324962616,0,ERA5Land,5319,2
104,0,0.1541510224342346,0,ERA5Land,5319,2
105,1,0.6884136199951172,1,ERA5Land,5319,2
106,0,0.1222596317529678,0,ERA5Land,5319,2
107,1,0.4233745634555816,0,ERA5Land,5319,2
112,0,0.0549211278557777,0,ERA5Land,5319,2
113,1,0.9185644388198853,1,ERA5Land,5319,2
116,0,0.487000048160553,0,ERA5Land,5319,2
117,1,0.5590894818305969,1,ERA5Land,5319,2
124,0,0.924389898777008,1,ERA5Land,5319,2
125,1,0.639290452003479,1,ERA5Land,5319,2
142,0,0.1417627334594726,0,ERA5Land,5319,2
143,1,0.9498245120048524,1,ERA5Land,5319,2
146,0,0.086580716073513,0,ERA5Land,5319,2
147,1,0.9860333800315856,1,ERA5Land,5319,2
160,0,0.116187185049057,0,ERA5Land,5319,2
161,1,0.6141363978385925,1,ERA5Land,5319,2
168,0,0.4469518065452575,0,ERA5Land,5319,2
169,1,0.4637472033500671,0,ERA5Land,5319,2
172,0,0.699550986289978,1,ERA5Land,5319,2
173,1,0.4706839323043823,0,ERA5Land,5319,2
174,0,0.4767384529113769,0,ERA5Land,5319,2
175,1,0.4873040020465851,0,ERA5Land,5319,2
178,0,0.382807195186615,0,ERA5Land,5319,2
179,1,0.6095796823501587,1,ERA5Land,5319,2
188,0,0.1163753643631935,0,ERA5Land,5319,2
189,1,0.504427433013916,1,ERA5Land,5319,2
190,0,0.167977288365364,0,ERA5Land,5319,2
191,1,0.2473362237215042,0,ERA5Land,5319,2
194,0,0.2384320497512817,0,ERA5Land,5319,2
195,1,0.2417108565568924,0,ERA5Land,5319,2
218,0,0.0307749025523662,0,ERA5Land,5319,2
219,1,0.2815281748771667,0,ERA5Land,5319,2
230,0,0.5652850270271301,1,ERA5Land,5319,2
231,1,0.3242808282375335,0,ERA5Land,5319,2
258,0,0.0979341715574264,0,ERA5Land,5319,2
259,1,0.4537922739982605,0,ERA5Land,5319,2
278,0,0.2095042914152145,0,ERA5Land,5319,2
279,1,0.9196890592575072,1,ERA5Land,5319,2
300,0,0.2628367245197296,0,ERA5Land,5319,2
301,1,0.5692849159240723,1,ERA5Land,5319,2
328,0,0.2479228377342224,0,ERA5Land,5319,2
329,1,0.8325928449630737,1,ERA5Land,5319,2
330,0,0.0636513084173202,0,ERA5Land,5319,2
331,1,0.7862712144851685,1,ERA5Land,5319,2
340,0,0.3604398071765899,0,ERA5Land,5319,2
341,1,0.4623531401157379,0,ERA5Land,5319,2
342,0,0.3303433954715729,0,ERA5Land,5319,2
343,1,0.5658932328224182,1,ERA5Land,5319,2
366,0,0.1090464890003204,0,ERA5Land,5319,2
367,1,0.7310287952423096,1,ERA5Land,5319,2
368,0,0.1105839908123016,0,ERA5Land,5319,2
369,1,0.8266903758049011,1,ERA5Land,5319,2
382,0,0.3671562969684601,0,ERA5Land,5319,2
383,1,0.6034074425697327,1,ERA5Land,5319,2
390,0,0.2549891769886017,0,ERA5Land,5319,2
391,1,0.5962674021720886,1,ERA5Land,5319,2
392,0,0.2461039274930954,0,ERA5Land,5319,2
393,1,0.665330708026886,1,ERA5Land,5319,2
394,0,0.3983096480369568,0,ERA5Land,5319,2
395,1,0.6077747344970703,1,ERA5Land,5319,2
8,0,0.9909091591835022,1,ERA5Land,5319,3
9,1,0.8973001837730408,1,ERA5Land,5319,3
14,0,0.1762566715478897,0,ERA5Land,5319,3
15,1,0.890583872795105,1,ERA5Land,5319,3
36,0,0.052208837121725,0,ERA5Land,5319,3
37,1,0.0964290276169776,0,ERA5Land,5319,3
48,0,0.6784544587135315,1,ERA5Land,5319,3
49,1,0.5735841989517212,1,ERA5Land,5319,3
60,0,0.0075411540456116,0,ERA5Land,5319,3
61,1,0.986527144908905,1,ERA5Land,5319,3
70,0,0.951839804649353,1,ERA5Land,5319,3
71,1,0.3898881077766418,0,ERA5Land,5319,3
72,0,0.0159133207052946,0,ERA5Land,5319,3
73,1,0.0387747623026371,0,ERA5Land,5319,3
76,0,0.9018658995628356,1,ERA5Land,5319,3
77,1,0.991506040096283,1,ERA5Land,5319,3
78,0,0.0273812487721443,0,ERA5Land,5319,3
79,1,0.9919083714485168,1,ERA5Land,5319,3
94,0,0.955019235610962,1,ERA5Land,5319,3
95,1,0.1758424341678619,0,ERA5Land,5319,3
100,0,0.6580333709716797,1,ERA5Land,5319,3
101,1,0.9958947896957396,1,ERA5Land,5319,3
102,0,0.673425018787384,1,ERA5Land,5319,3
103,1,0.9948028326034546,1,ERA5Land,5319,3
108,0,0.0046039023436605,0,ERA5Land,5319,3
109,1,0.988928198814392,1,ERA5Land,5319,3
114,0,0.8666245937347412,1,ERA5Land,5319,3
115,1,0.8843212723731995,1,ERA5Land,5319,3
118,0,0.0462920889258384,0,ERA5Land,5319,3
119,1,0.9963579773902892,1,ERA5Land,5319,3
148,0,0.0148829668760299,0,ERA5Land,5319,3
149,1,0.8408929705619812,1,ERA5Land,5319,3
150,0,0.0031497695017606,0,ERA5Land,5319,3
151,1,0.7421862483024597,1,ERA5Land,5319,3
180,0,0.2345579415559768,0,ERA5Land,5319,3
181,1,0.708244264125824,1,ERA5Land,5319,3
186,0,0.0049053174443542,0,ERA5Land,5319,3
187,1,0.9777463674545288,1,ERA5Land,5319,3
196,0,0.9606569409370422,1,ERA5Land,5319,3
197,1,0.9978100657463074,1,ERA5Land,5319,3
198,0,0.0357231684029102,0,ERA5Land,5319,3
199,1,0.9671481847763062,1,ERA5Land,5319,3
212,0,0.4569294452667236,0,ERA5Land,5319,3
213,1,0.8812596201896667,1,ERA5Land,5319,3
226,0,0.4819812476634979,0,ERA5Land,5319,3
227,1,0.7051899433135986,1,ERA5Land,5319,3
232,0,0.2720747590065002,0,ERA5Land,5319,3
233,1,0.7497894763946533,1,ERA5Land,5319,3
248,0,0.0037193789612501,0,ERA5Land,5319,3
249,1,0.9779694080352784,1,ERA5Land,5319,3
254,0,0.1469302773475647,0,ERA5Land,5319,3
255,1,0.8709008097648621,1,ERA5Land,5319,3
284,0,0.0263784900307655,0,ERA5Land,5319,3
285,1,0.8648282885551453,1,ERA5Land,5319,3
288,0,0.9437860250473022,1,ERA5Land,5319,3
289,1,0.9897312521934508,1,ERA5Land,5319,3
292,0,0.0143796671181917,0,ERA5Land,5319,3
293,1,0.1411548852920532,0,ERA5Land,5319,3
296,0,0.610526978969574,1,ERA5Land,5319,3
297,1,0.9914994835853576,1,ERA5Land,5319,3
302,0,0.8987244963645935,1,ERA5Land,5319,3
303,1,0.9713627696037292,1,ERA5Land,5319,3
304,0,0.317736953496933,0,ERA5Land,5319,3
305,1,0.9141523241996764,1,ERA5Land,5319,3
312,0,0.0086143910884857,0,ERA5Land,5319,3
313,1,0.9817371368408204,1,ERA5Land,5319,3
336,0,0.9603628516197203,1,ERA5Land,5319,3
337,1,0.9942384958267212,1,ERA5Land,5319,3
338,0,0.0303088594228029,0,ERA5Land,5319,3
339,1,0.2104765623807907,0,ERA5Land,5319,3
350,0,0.0311438031494617,0,ERA5Land,5319,3
351,1,0.8987756967544556,1,ERA5Land,5319,3
358,0,0.0372105501592159,0,ERA5Land,5319,3
359,1,0.5280464291572571,1,ERA5Land,5319,3
364,0,0.0662633851170539,0,ERA5Land,5319,3
365,1,0.9849998950958252,1,ERA5Land,5319,3
370,0,0.1198120638728141,0,ERA5Land,5319,3
371,1,0.8879414200782776,1,ERA5Land,5319,3
372,0,0.0378811992704868,0,ERA5Land,5319,3
373,1,0.6511672735214233,1,ERA5Land,5319,3
384,0,0.052971675992012,0,ERA5Land,5319,3
385,1,0.9511657953262328,1,ERA5Land,5319,3
22,0,0.9237362742424012,1,ERA5Land,5319,4
23,1,0.8589439988136292,1,ERA5Land,5319,4
28,0,0.1461271345615387,0,ERA5Land,5319,4
29,1,0.2149183750152588,0,ERA5Land,5319,4
34,0,0.8152477145195007,1,ERA5Land,5319,4
35,1,0.3978728652000427,0,ERA5Land,5319,4
42,0,0.2442200779914856,0,ERA5Land,5319,4
43,1,0.2362353652715683,0,ERA5Land,5319,4
44,0,0.2522895336151123,0,ERA5Land,5319,4
45,1,0.2476965487003326,0,ERA5Land,5319,4
46,0,0.8150313496589661,1,ERA5Land,5319,4
47,1,0.4031787812709808,0,ERA5Land,5319,4
52,0,0.9190383553504944,1,ERA5Land,5319,4
53,1,0.5180505514144897,1,ERA5Land,5319,4
58,0,0.0829378068447113,0,ERA5Land,5319,4
59,1,0.9154794812202454,1,ERA5Land,5319,4
86,0,0.4456222951412201,0,ERA5Land,5319,4
87,1,0.560517430305481,1,ERA5Land,5319,4
90,0,0.2531316876411438,0,ERA5Land,5319,4
91,1,0.649084746837616,1,ERA5Land,5319,4
96,0,0.3272033929824829,0,ERA5Land,5319,4
97,1,0.7988109588623047,1,ERA5Land,5319,4
110,0,0.1645696610212326,0,ERA5Land,5319,4
111,1,0.3584200143814087,0,ERA5Land,5319,4
120,0,0.1988721936941146,0,ERA5Land,5319,4
121,1,0.9470956325531006,1,ERA5Land,5319,4
134,0,0.4449071288108825,0,ERA5Land,5319,4
135,1,0.6255872845649719,1,ERA5Land,5319,4
138,0,0.8368670344352722,1,ERA5Land,5319,4
139,1,0.8554801344871521,1,ERA5Land,5319,4
152,0,0.1406503170728683,0,ERA5Land,5319,4
153,1,0.912443220615387,1,ERA5Land,5319,4
156,0,0.0693834722042083,0,ERA5Land,5319,4
157,1,0.6331587433815002,1,ERA5Land,5319,4
158,0,0.5227697491645813,1,ERA5Land,5319,4
159,1,0.9406235814094543,1,ERA5Land,5319,4
200,0,0.0765661895275116,0,ERA5Land,5319,4
201,1,0.9365012645721436,1,ERA5Land,5319,4
222,0,0.4591536223888397,0,ERA5Land,5319,4
223,1,0.8679735064506531,1,ERA5Land,5319,4
234,0,0.0901006162166595,0,ERA5Land,5319,4
235,1,0.6563096046447754,1,ERA5Land,5319,4
236,0,0.3473856449127197,0,ERA5Land,5319,4
237,1,0.4212991595268249,0,ERA5Land,5319,4
242,0,0.7274792790412903,1,ERA5Land,5319,4
243,1,0.7337048053741455,1,ERA5Land,5319,4
250,0,0.0624090433120727,0,ERA5Land,5319,4
251,1,0.7746491432189941,1,ERA5Land,5319,4
252,0,0.0499695353209972,0,ERA5Land,5319,4
253,1,0.4541741907596588,0,ERA5Land,5319,4
260,0,0.1126434206962585,0,ERA5Land,5319,4
261,1,0.7652075290679932,1,ERA5Land,5319,4
268,0,0.7532292604446411,1,ERA5Land,5319,4
269,1,0.5621829628944397,1,ERA5Land,5319,4
274,0,0.1697447597980499,0,ERA5Land,5319,4
275,1,0.5671392679214478,1,ERA5Land,5319,4
276,0,0.3523706793785095,0,ERA5Land,5319,4
277,1,0.5829818844795227,1,ERA5Land,5319,4
286,0,0.196363478899002,0,ERA5Land,5319,4
287,1,0.4157899618148803,0,ERA5Land,5319,4
316,0,0.2440762519836425,0,ERA5Land,5319,4
317,1,0.933233916759491,1,ERA5Land,5319,4
320,0,0.0877024233341217,0,ERA5Land,5319,4
321,1,0.8973002433776855,1,ERA5Land,5319,4
344,0,0.1428799331188202,0,ERA5Land,5319,4
345,1,0.8402700424194336,1,ERA5Land,5319,4
352,0,0.0565650388598442,0,ERA5Land,5319,4
353,1,0.8091359734535217,1,ERA5Land,5319,4
362,0,0.1269619166851043,0,ERA5Land,5319,4
363,1,0.153805986046791,0,ERA5Land,5319,4
374,0,0.0766770541667938,0,ERA5Land,5319,4
375,1,0.0872521921992302,0,ERA5Land,5319,4
376,0,0.1740615516901016,0,ERA5Land,5319,4
377,1,0.5943281650543213,1,ERA5Land,5319,4
380,0,0.315533697605133,0,ERA5Land,5319,4
381,1,0.7087938189506531,1,ERA5Land,5319,4
388,0,0.0705898851156234,0,ERA5Land,5319,4
389,1,0.7114384770393372,1,ERA5Land,5319,4
398,0,0.1566741466522216,0,ERA5Land,5319,4
399,1,0.468898057937622,0,ERA5Land,5319,4
6,0,0.0207925550639629,0,ERA5Land,5319,5
7,1,0.7803835868835449,1,ERA5Land,5319,5
10,0,0.6116887927055359,1,ERA5Land,5319,5
11,1,0.6399971842765808,1,ERA5Land,5319,5
16,0,0.600007176399231,1,ERA5Land,5319,5
17,1,0.8389042615890503,1,ERA5Land,5319,5
50,0,0.7308350205421448,1,ERA5Land,5319,5
51,1,0.5650420188903809,1,ERA5Land,5319,5
56,0,0.2370983511209488,0,ERA5Land,5319,5
57,1,0.8963913917541504,1,ERA5Land,5319,5
66,0,0.7888018488883972,1,ERA5Land,5319,5
67,1,0.7516500353813171,1,ERA5Land,5319,5
74,0,0.6797575354576111,1,ERA5Land,5319,5
75,1,0.9757156372070312,1,ERA5Land,5319,5
122,0,0.0310132037848234,0,ERA5Land,5319,5
123,1,0.0338554494082927,0,ERA5Land,5319,5
126,0,0.0875900164246559,0,ERA5Land,5319,5
127,1,0.3206022083759308,0,ERA5Land,5319,5
130,0,0.0519495531916618,0,ERA5Land,5319,5
131,1,0.9123523235321044,1,ERA5Land,5319,5
132,0,0.0314734876155853,0,ERA5Land,5319,5
133,1,0.1244786009192466,0,ERA5Land,5319,5
136,0,0.4749418795108795,0,ERA5Land,5319,5
137,1,0.9789510369300842,1,ERA5Land,5319,5
140,0,0.0235523637384176,0,ERA5Land,5319,5
141,1,0.8760759830474854,1,ERA5Land,5319,5
176,0,0.2749215066432953,0,ERA5Land,5319,5
177,1,0.7591481804847717,1,ERA5Land,5319,5
184,0,0.0161984786391258,0,ERA5Land,5319,5
185,1,0.7173097729682922,1,ERA5Land,5319,5
192,0,0.4310187697410583,0,ERA5Land,5319,5
193,1,0.4380874931812286,0,ERA5Land,5319,5
202,0,0.0152547657489776,0,ERA5Land,5319,5
203,1,0.1444640755653381,0,ERA5Land,5319,5
204,0,0.5178431272506714,1,ERA5Land,5319,5
205,1,0.6640542149543762,1,ERA5Land,5319,5
206,0,0.0129070030525326,0,ERA5Land,5319,5
207,1,0.3373426795005798,0,ERA5Land,5319,5
214,0,0.031416930258274,0,ERA5Land,5319,5
215,1,0.9303171038627625,1,ERA5Land,5319,5
228,0,0.6787299513816833,1,ERA5Land,5319,5
229,1,0.7248235940933228,1,ERA5Land,5319,5
244,0,0.5807017087936401,1,ERA5Land,5319,5
245,1,0.7745794057846069,1,ERA5Land,5319,5
256,0,0.4497245252132416,0,ERA5Land,5319,5
257,1,0.7391859889030457,1,ERA5Land,5319,5
280,0,0.1563804745674133,0,ERA5Land,5319,5
281,1,0.4018724858760834,0,ERA5Land,5319,5
282,0,0.0535581372678279,0,ERA5Land,5319,5
283,1,0.5726854205131531,1,ERA5Land,5319,5
294,0,0.019192561507225,0,ERA5Land,5319,5
295,1,0.227151408791542,0,ERA5Land,5319,5
298,0,0.0443460568785667,0,ERA5Land,5319,5
299,1,0.8635095953941345,1,ERA5Land,5319,5
308,0,0.0843610167503357,0,ERA5Land,5319,5
309,1,0.908338725566864,1,ERA5Land,5319,5
318,0,0.0567617118358612,0,ERA5Land,5319,5
319,1,0.97686505317688,1,ERA5Land,5319,5
322,0,0.1978304982185363,0,ERA5Land,5319,5
323,1,0.7232114672660828,1,ERA5Land,5319,5
324,0,0.3581777811050415,0,ERA5Land,5319,5
325,1,0.2924439013004303,0,ERA5Land,5319,5
334,0,0.0256191343069076,0,ERA5Land,5319,5
335,1,0.3594337105751037,0,ERA5Land,5319,5
354,0,0.1133780032396316,0,ERA5Land,5319,5
355,1,0.7827004194259644,1,ERA5Land,5319,5
356,0,0.3683651685714721,0,ERA5Land,5319,5
357,1,0.9522461891174316,1,ERA5Land,5319,5
360,0,0.252934455871582,0,ERA5Land,5319,5
361,1,0.5812637805938721,1,ERA5Land,5319,5
378,0,0.2228155583143234,0,ERA5Land,5319,5
379,1,0.4720426797866821,0,ERA5Land,5319,5
386,0,0.0525752231478691,0,ERA5Land,5319,5
387,1,0.911386251449585,1,ERA5Land,5319,5
396,0,0.0332069098949432,0,ERA5Land,5319,5
397,1,0.755652904510498,1,ERA5Land,5319,5
402,0,0.5692184567451477,1,ERA5Land,5319,5
403,1,0.7588995695114136,1,ERA5Land,5319,5
16,0,0.607947587966919,1,ERA5Land,6469,1
17,1,0.86423659324646,1,ERA5Land,6469,1
22,0,0.9854074120521544,1,ERA5Land,6469,1
23,1,0.9821599125862122,1,ERA5Land,6469,1
24,0,0.045991912484169,0,ERA5Land,6469,1
25,1,0.9875050783157348,1,ERA5Land,6469,1
40,0,0.7176810503005981,1,ERA5Land,6469,1
41,1,0.9917576909065248,1,ERA5Land,6469,1
56,0,0.2277366667985916,0,ERA5Land,6469,1
57,1,0.9641238451004028,1,ERA5Land,6469,1
62,0,0.1689149439334869,0,ERA5Land,6469,1
63,1,0.8380225896835327,1,ERA5Land,6469,1
68,0,0.8709385395050049,1,ERA5Land,6469,1
69,1,0.9061163663864136,1,ERA5Land,6469,1
74,0,0.4979985952377319,0,ERA5Land,6469,1
75,1,0.922901213169098,1,ERA5Land,6469,1
80,0,0.0175326466560363,0,ERA5Land,6469,1
81,1,0.7132182717323303,1,ERA5Land,6469,1
86,0,0.2084819227457046,0,ERA5Land,6469,1
87,1,0.0640521645545959,0,ERA5Land,6469,1
90,0,0.2938945591449737,0,ERA5Land,6469,1
91,1,0.958759069442749,1,ERA5Land,6469,1
96,0,0.9179953932762146,1,ERA5Land,6469,1
97,1,0.4904930293560028,0,ERA5Land,6469,1
100,0,0.2037634402513504,0,ERA5Land,6469,1
101,1,0.9828696846961976,1,ERA5Land,6469,1
136,0,0.9287275671958924,1,ERA5Land,6469,1
137,1,0.9958317875862122,1,ERA5Land,6469,1
140,0,0.0739820897579193,0,ERA5Land,6469,1
141,1,0.9839804172515868,1,ERA5Land,6469,1
142,0,0.2615016400814056,0,ERA5Land,6469,1
143,1,0.5747814178466797,1,ERA5Land,6469,1
150,0,0.0065702903084456,0,ERA5Land,6469,1
151,1,0.959364116191864,1,ERA5Land,6469,1
152,0,0.2006064504384994,0,ERA5Land,6469,1
153,1,0.9941786527633668,1,ERA5Land,6469,1
170,0,0.8890436887741089,1,ERA5Land,6469,1
171,1,0.9315207600593568,1,ERA5Land,6469,1
178,0,0.0535451956093311,0,ERA5Land,6469,1
179,1,0.9818716645240784,1,ERA5Land,6469,1
188,0,0.3403248190879822,0,ERA5Land,6469,1
189,1,0.9033808708190918,1,ERA5Land,6469,1
194,0,0.1326143443584442,0,ERA5Land,6469,1
195,1,0.036989476531744,0,ERA5Land,6469,1
212,0,0.8694941401481628,1,ERA5Land,6469,1
213,1,0.8764119148254395,1,ERA5Land,6469,1
218,0,0.0050962073728442,0,ERA5Land,6469,1
219,1,0.9015978574752808,1,ERA5Land,6469,1
228,0,0.991690754890442,1,ERA5Land,6469,1
229,1,0.9797397255897522,1,ERA5Land,6469,1
232,0,0.3686364293098449,0,ERA5Land,6469,1
233,1,0.7176768183708191,1,ERA5Land,6469,1
236,0,0.0706593841314315,0,ERA5Land,6469,1
237,1,0.5251310467720032,1,ERA5Land,6469,1
250,0,0.0428070873022079,0,ERA5Land,6469,1
251,1,0.9777820110321044,1,ERA5Land,6469,1
252,0,0.0265248976647853,0,ERA5Land,6469,1
253,1,0.9817943572998048,1,ERA5Land,6469,1
274,0,0.9235731363296508,1,ERA5Land,6469,1
275,1,0.930236041545868,1,ERA5Land,6469,1
276,0,0.1740910112857818,0,ERA5Land,6469,1
277,1,0.6551496982574463,1,ERA5Land,6469,1
288,0,0.0422998294234275,0,ERA5Land,6469,1
289,1,0.9800777435302734,1,ERA5Land,6469,1
318,0,0.0304095819592475,0,ERA5Land,6469,1
319,1,0.9958027005195618,1,ERA5Land,6469,1
324,0,0.0574866905808448,0,ERA5Land,6469,1
325,1,0.5998168587684631,1,ERA5Land,6469,1
326,0,0.0064899171702563,0,ERA5Land,6469,1
327,1,0.0852637290954589,0,ERA5Land,6469,1
336,0,0.8801419138908386,1,ERA5Land,6469,1
337,1,0.9903886914253236,1,ERA5Land,6469,1
354,0,0.2393224537372589,0,ERA5Land,6469,1
355,1,0.9659312963485718,1,ERA5Land,6469,1
364,0,0.0270577184855937,0,ERA5Land,6469,1
365,1,0.9914360642433168,1,ERA5Land,6469,1
370,0,0.734211266040802,1,ERA5Land,6469,1
371,1,0.913878619670868,1,ERA5Land,6469,1
372,0,0.8403315544128418,1,ERA5Land,6469,1
373,1,0.8660701513290405,1,ERA5Land,6469,1
374,0,0.0491194054484367,0,ERA5Land,6469,1
375,1,0.032049972563982,0,ERA5Land,6469,1
0,0,0.8368663191795349,1,ERA5Land,6469,2
1,1,0.6538391709327698,1,ERA5Land,6469,2
6,0,0.1189269945025444,0,ERA5Land,6469,2
7,1,0.7977604866027832,1,ERA5Land,6469,2
34,0,0.6746888756752014,1,ERA5Land,6469,2
35,1,0.2782683670520782,0,ERA5Land,6469,2
36,0,0.2405575662851333,0,ERA5Land,6469,2
37,1,0.2310283035039901,0,ERA5Land,6469,2
42,0,0.2303630262613296,0,ERA5Land,6469,2
43,1,0.2112550437450409,0,ERA5Land,6469,2
60,0,0.2059729844331741,0,ERA5Land,6469,2
61,1,0.942331850528717,1,ERA5Land,6469,2
78,0,0.2058597356081009,0,ERA5Land,6469,2
79,1,0.6838626265525818,1,ERA5Land,6469,2
82,0,0.5379977226257324,1,ERA5Land,6469,2
83,1,0.7119186520576477,1,ERA5Land,6469,2
92,0,0.0780525654554367,0,ERA5Land,6469,2
93,1,0.7391957640647888,1,ERA5Land,6469,2
94,0,0.7376585006713867,1,ERA5Land,6469,2
95,1,0.6187693476676941,1,ERA5Land,6469,2
98,0,0.6437222361564636,1,ERA5Land,6469,2
99,1,0.7851337790489197,1,ERA5Land,6469,2
104,0,0.5120072960853577,1,ERA5Land,6469,2
105,1,0.8232815861701965,1,ERA5Land,6469,2
114,0,0.7202337980270386,1,ERA5Land,6469,2
115,1,0.6443967223167419,1,ERA5Land,6469,2
116,0,0.4163593351840973,0,ERA5Land,6469,2
117,1,0.7530582547187805,1,ERA5Land,6469,2
118,0,0.0873736143112182,0,ERA5Land,6469,2
119,1,0.9734179377555848,1,ERA5Land,6469,2
124,0,0.898963451385498,1,ERA5Land,6469,2
125,1,0.8228029608726501,1,ERA5Land,6469,2
146,0,0.0421675443649292,0,ERA5Land,6469,2
147,1,0.9806385636329652,1,ERA5Land,6469,2
172,0,0.8472405076026917,1,ERA5Land,6469,2
173,1,0.6738652586936951,1,ERA5Land,6469,2
192,0,0.8328052163124084,1,ERA5Land,6469,2
193,1,0.8450016975402832,1,ERA5Land,6469,2
202,0,0.0529833994805812,0,ERA5Land,6469,2
203,1,0.3083736300468445,0,ERA5Land,6469,2
206,0,0.0499651357531547,0,ERA5Land,6469,2
207,1,0.2882786095142364,0,ERA5Land,6469,2
214,0,0.1537014842033386,0,ERA5Land,6469,2
215,1,0.9207704067230223,1,ERA5Land,6469,2
220,0,0.7675595283508301,1,ERA5Land,6469,2
221,1,0.6651169061660767,1,ERA5Land,6469,2
238,0,0.2169574499130249,0,ERA5Land,6469,2
239,1,0.6507574915885925,1,ERA5Land,6469,2
240,0,0.6183432936668396,1,ERA5Land,6469,2
241,1,0.5834822654724121,1,ERA5Land,6469,2
244,0,0.7837384343147278,1,ERA5Land,6469,2
245,1,0.7328765988349915,1,ERA5Land,6469,2
246,0,0.6966859698295593,1,ERA5Land,6469,2
247,1,0.5535274147987366,1,ERA5Land,6469,2
258,0,0.1307146549224853,0,ERA5Land,6469,2
259,1,0.7029109001159668,1,ERA5Land,6469,2
260,0,0.1439513564109802,0,ERA5Land,6469,2
261,1,0.7486485838890076,1,ERA5Land,6469,2
262,0,0.2260720133781433,0,ERA5Land,6469,2
263,1,0.9205359816551208,1,ERA5Land,6469,2
272,0,0.2587980628013611,0,ERA5Land,6469,2
273,1,0.5043346881866455,1,ERA5Land,6469,2
284,0,0.0938742160797119,0,ERA5Land,6469,2
285,1,0.8548672199249268,1,ERA5Land,6469,2
286,0,0.1626169085502624,0,ERA5Land,6469,2
287,1,0.2484247386455536,0,ERA5Land,6469,2
308,0,0.1706782132387161,0,ERA5Land,6469,2
309,1,0.7886391282081604,1,ERA5Land,6469,2
320,0,0.1050002351403236,0,ERA5Land,6469,2
321,1,0.8733106255531311,1,ERA5Land,6469,2
332,0,0.1045978814363479,0,ERA5Land,6469,2
333,1,0.5830032825469971,1,ERA5Land,6469,2
346,0,0.2782405018806457,0,ERA5Land,6469,2
347,1,0.8469142913818359,1,ERA5Land,6469,2
376,0,0.1854952424764633,0,ERA5Land,6469,2
377,1,0.2338383942842483,0,ERA5Land,6469,2
380,0,0.519723117351532,1,ERA5Land,6469,2
381,1,0.7500407099723816,1,ERA5Land,6469,2
388,0,0.0856490284204483,0,ERA5Land,6469,2
389,1,0.6529284715652466,1,ERA5Land,6469,2
396,0,0.0996529161930084,0,ERA5Land,6469,2
397,1,0.5974060893058777,1,ERA5Land,6469,2
28,0,0.4457055032253265,0,ERA5Land,6469,3
29,1,0.8167087435722351,1,ERA5Land,6469,3
32,0,0.1950653195381164,0,ERA5Land,6469,3
33,1,0.9122416973114014,1,ERA5Land,6469,3
38,0,0.0861924439668655,0,ERA5Land,6469,3
39,1,0.4309128522872925,0,ERA5Land,6469,3
46,0,0.316740870475769,0,ERA5Land,6469,3
47,1,0.793061375617981,1,ERA5Land,6469,3
50,0,0.954717457294464,1,ERA5Land,6469,3
51,1,0.0214603245258331,0,ERA5Land,6469,3
52,0,0.9415717720985411,1,ERA5Land,6469,3
53,1,0.0197751242667436,0,ERA5Land,6469,3
54,0,0.035786222666502,0,ERA5Land,6469,3
55,1,0.9974426031112672,1,ERA5Land,6469,3
64,0,0.0018765372224152,0,ERA5Land,6469,3
65,1,0.8865457773208618,1,ERA5Land,6469,3
66,0,0.9591171145439148,1,ERA5Land,6469,3
67,1,0.9504006505012512,1,ERA5Land,6469,3
72,0,0.0014911686303094,0,ERA5Land,6469,3
73,1,0.0025850797537714,0,ERA5Land,6469,3
84,0,0.9962857961654664,1,ERA5Land,6469,3
85,1,0.9820513725280762,1,ERA5Land,6469,3
106,0,0.0899275913834571,0,ERA5Land,6469,3
107,1,0.1454022675752639,0,ERA5Land,6469,3
122,0,0.0134015912190079,0,ERA5Land,6469,3
123,1,0.0343839339911937,0,ERA5Land,6469,3
132,0,0.0130940014496445,0,ERA5Land,6469,3
133,1,0.1050204634666442,0,ERA5Land,6469,3
144,0,0.5145193934440613,1,ERA5Land,6469,3
145,1,0.4286746978759765,0,ERA5Land,6469,3
148,0,0.1059038788080215,0,ERA5Land,6469,3
149,1,0.5291320085525513,1,ERA5Land,6469,3
160,0,0.1000320613384246,0,ERA5Land,6469,3
161,1,0.950818121433258,1,ERA5Land,6469,3
166,0,0.0092609403654932,0,ERA5Land,6469,3
167,1,0.7367324829101562,1,ERA5Land,6469,3
176,0,0.0787074118852615,0,ERA5Land,6469,3
177,1,0.9821583032608032,1,ERA5Land,6469,3
182,0,0.4355117678642273,0,ERA5Land,6469,3
183,1,0.9646399021148682,1,ERA5Land,6469,3
186,0,0.0016239307587966,0,ERA5Land,6469,3
187,1,0.9249643683433532,1,ERA5Land,6469,3
208,0,0.0097868051379919,0,ERA5Land,6469,3
209,1,0.9913225173950196,1,ERA5Land,6469,3
224,0,0.7836695313453674,1,ERA5Land,6469,3
225,1,0.8110126256942749,1,ERA5Land,6469,3
254,0,0.8612623810768127,1,ERA5Land,6469,3
255,1,0.9985309839248656,1,ERA5Land,6469,3
264,0,0.0085853310301899,0,ERA5Land,6469,3
265,1,0.9989283680915833,1,ERA5Land,6469,3
266,0,0.4865534603595733,0,ERA5Land,6469,3
267,1,0.8857323527336121,1,ERA5Land,6469,3
268,0,0.8938785791397095,1,ERA5Land,6469,3
269,1,0.6299135684967041,1,ERA5Land,6469,3
280,0,0.0065044173970818,0,ERA5Land,6469,3
281,1,0.9966452717781068,1,ERA5Land,6469,3
282,0,0.3484877645969391,0,ERA5Land,6469,3
283,1,0.4614262878894806,0,ERA5Land,6469,3
290,0,0.8023692965507507,1,ERA5Land,6469,3
291,1,0.8314958810806274,1,ERA5Land,6469,3
296,0,0.8439651131629944,1,ERA5Land,6469,3
297,1,0.9918495416641236,1,ERA5Land,6469,3
300,0,0.002669418696314,0,ERA5Land,6469,3
301,1,0.9761160016059875,1,ERA5Land,6469,3
302,0,0.9124378561973572,1,ERA5Land,6469,3
303,1,0.9593477845191956,1,ERA5Land,6469,3
310,0,0.117556631565094,0,ERA5Land,6469,3
311,1,0.9734588265419006,1,ERA5Land,6469,3
314,0,0.1291729062795639,0,ERA5Land,6469,3
315,1,0.0148736583068966,0,ERA5Land,6469,3
328,0,0.0749225094914436,0,ERA5Land,6469,3
329,1,0.9687342643737792,1,ERA5Land,6469,3
352,0,0.0081527698785066,0,ERA5Land,6469,3
353,1,0.6387512683868408,1,ERA5Land,6469,3
362,0,0.0387639850378036,0,ERA5Land,6469,3
363,1,0.928199827671051,1,ERA5Land,6469,3
368,0,0.018252795562148,0,ERA5Land,6469,3
369,1,0.8826303482055664,1,ERA5Land,6469,3
378,0,0.0192198529839515,0,ERA5Land,6469,3
379,1,0.9120688438415528,1,ERA5Land,6469,3
394,0,0.229404404759407,0,ERA5Land,6469,3
395,1,0.8840295076370239,1,ERA5Land,6469,3
2,0,0.1321026533842086,0,ERA5Land,6469,4
3,1,0.1171836853027343,0,ERA5Land,6469,4
8,0,0.7868309617042542,1,ERA5Land,6469,4
9,1,0.6655569672584534,1,ERA5Land,6469,4
10,0,0.8961108326911926,1,ERA5Land,6469,4
11,1,0.7427215576171875,1,ERA5Land,6469,4
14,0,0.4217116832733154,0,ERA5Land,6469,4
15,1,0.6769761443138123,1,ERA5Land,6469,4
18,0,0.1506733447313308,0,ERA5Land,6469,4
19,1,0.9601677060127258,1,ERA5Land,6469,4
26,0,0.0971268713474273,0,ERA5Land,6469,4
27,1,0.1500516533851623,0,ERA5Land,6469,4
48,0,0.9352074861526488,1,ERA5Land,6469,4
49,1,0.3559343516826629,0,ERA5Land,6469,4
70,0,0.8203054666519165,1,ERA5Land,6469,4
71,1,0.3474247455596924,0,ERA5Land,6469,4
76,0,0.6234488487243652,1,ERA5Land,6469,4
77,1,0.9401082992553712,1,ERA5Land,6469,4
108,0,0.004642616957426,0,ERA5Land,6469,4
109,1,0.939444363117218,1,ERA5Land,6469,4
112,0,0.0191510859876871,0,ERA5Land,6469,4
113,1,0.8669971823692322,1,ERA5Land,6469,4
126,0,0.0122287180274724,0,ERA5Land,6469,4
127,1,0.2338839024305343,0,ERA5Land,6469,4
138,0,0.8914775848388672,1,ERA5Land,6469,4
139,1,0.8802326917648315,1,ERA5Land,6469,4
154,0,0.4211654365062713,0,ERA5Land,6469,4
155,1,0.2638069689273834,0,ERA5Land,6469,4
158,0,0.2804460227489471,0,ERA5Land,6469,4
159,1,0.9502513408660888,1,ERA5Land,6469,4
180,0,0.4904967546463012,0,ERA5Land,6469,4
181,1,0.3540327548980713,0,ERA5Land,6469,4
190,0,0.175595685839653,0,ERA5Land,6469,4
191,1,0.0348137691617012,0,ERA5Land,6469,4
200,0,0.0429094992578029,0,ERA5Land,6469,4
201,1,0.9693645238876344,1,ERA5Land,6469,4
210,0,0.05578638240695,0,ERA5Land,6469,4
211,1,0.9552592039108276,1,ERA5Land,6469,4
216,0,0.0780285969376564,0,ERA5Land,6469,4
217,1,0.983791708946228,1,ERA5Land,6469,4
222,0,0.6564902663230896,1,ERA5Land,6469,4
223,1,0.2845816612243652,0,ERA5Land,6469,4
226,0,0.2806233167648315,0,ERA5Land,6469,4
227,1,0.4292052984237671,0,ERA5Land,6469,4
230,0,0.7766627073287964,1,ERA5Land,6469,4
231,1,0.1601643711328506,0,ERA5Land,6469,4
256,0,0.0540734492242336,0,ERA5Land,6469,4
257,1,0.7744126319885254,1,ERA5Land,6469,4
270,0,0.1033844649791717,0,ERA5Land,6469,4
271,1,0.924062430858612,1,ERA5Land,6469,4
294,0,0.0053821932524442,0,ERA5Land,6469,4
295,1,0.0348596163094043,0,ERA5Land,6469,4
298,0,0.0542872808873653,0,ERA5Land,6469,4
299,1,0.5549599528312683,1,ERA5Land,6469,4
306,0,0.0386220142245292,0,ERA5Land,6469,4
307,1,0.8624600172042847,1,ERA5Land,6469,4
312,0,0.0537724159657955,0,ERA5Land,6469,4
313,1,0.960475206375122,1,ERA5Land,6469,4
316,0,0.1285194307565689,0,ERA5Land,6469,4
317,1,0.9139195680618286,1,ERA5Land,6469,4
330,0,0.0081890597939491,0,ERA5Land,6469,4
331,1,0.5447270274162292,1,ERA5Land,6469,4
334,0,0.0130195217207074,0,ERA5Land,6469,4
335,1,0.1509845852851867,0,ERA5Land,6469,4
342,0,0.0993379428982734,0,ERA5Land,6469,4
343,1,0.8254778385162354,1,ERA5Land,6469,4
344,0,0.1344637274742126,0,ERA5Land,6469,4
345,1,0.9236202239990234,1,ERA5Land,6469,4
356,0,0.7722886204719543,1,ERA5Land,6469,4
357,1,0.8630651831626892,1,ERA5Land,6469,4
358,0,0.1122473329305648,0,ERA5Land,6469,4
359,1,0.4190568625926971,0,ERA5Land,6469,4
390,0,0.0530978702008724,0,ERA5Land,6469,4
391,1,0.5636771321296692,1,ERA5Land,6469,4
392,0,0.0475170351564884,0,ERA5Land,6469,4
393,1,0.7714616060256958,1,ERA5Land,6469,4
398,0,0.1023842245340347,0,ERA5Land,6469,4
399,1,0.8132616877555847,1,ERA5Land,6469,4
4,0,0.8231619596481323,1,ERA5Land,6469,5
5,1,0.6162917017936707,1,ERA5Land,6469,5
12,0,0.1738412380218505,0,ERA5Land,6469,5
13,1,0.7264093160629272,1,ERA5Land,6469,5
20,0,0.7710080742835999,1,ERA5Land,6469,5
21,1,0.8030774593353271,1,ERA5Land,6469,5
30,0,0.1865553110837936,0,ERA5Land,6469,5
31,1,0.8856529593467712,1,ERA5Land,6469,5
44,0,0.1591665744781494,0,ERA5Land,6469,5
45,1,0.2059776484966278,0,ERA5Land,6469,5
58,0,0.0809340849518776,0,ERA5Land,6469,5
59,1,0.9719567894935608,1,ERA5Land,6469,5
88,0,0.1207577884197235,0,ERA5Land,6469,5
89,1,0.0888251736760139,0,ERA5Land,6469,5
102,0,0.1840933710336685,0,ERA5Land,6469,5
103,1,0.9686684608459472,1,ERA5Land,6469,5
110,0,0.1048057526350021,0,ERA5Land,6469,5
111,1,0.429693192243576,0,ERA5Land,6469,5
120,0,0.1057027801871299,0,ERA5Land,6469,5
121,1,0.9832042455673218,1,ERA5Land,6469,5
128,0,0.0257285553961992,0,ERA5Land,6469,5
129,1,0.5940848588943481,1,ERA5Land,6469,5
130,0,0.1424455046653747,0,ERA5Land,6469,5
131,1,0.9109225273132324,1,ERA5Land,6469,5
134,0,0.413975328207016,0,ERA5Land,6469,5
135,1,0.3993164300918579,0,ERA5Land,6469,5
156,0,0.0361846275627613,0,ERA5Land,6469,5
157,1,0.6119160056114197,1,ERA5Land,6469,5
162,0,0.0347532704472541,0,ERA5Land,6469,5
163,1,0.977895975112915,1,ERA5Land,6469,5
164,0,0.0235363375395536,0,ERA5Land,6469,5
165,1,0.4807210862636566,0,ERA5Land,6469,5
168,0,0.2765673100948334,0,ERA5Land,6469,5
169,1,0.2893209755420685,0,ERA5Land,6469,5
174,0,0.5179495215415955,1,ERA5Land,6469,5
175,1,0.6768297553062439,1,ERA5Land,6469,5
184,0,0.0425433181226253,0,ERA5Land,6469,5
185,1,0.7978217005729675,1,ERA5Land,6469,5
196,0,0.5468388199806213,1,ERA5Land,6469,5
197,1,0.9917512536048888,1,ERA5Land,6469,5
198,0,0.0961873456835746,0,ERA5Land,6469,5
199,1,0.8585628271102905,1,ERA5Land,6469,5
204,0,0.6504417657852173,1,ERA5Land,6469,5
205,1,0.8648737668991089,1,ERA5Land,6469,5
234,0,0.0960706621408462,0,ERA5Land,6469,5
235,1,0.6759054660797119,1,ERA5Land,6469,5
242,0,0.4999148845672607,0,ERA5Land,6469,5
243,1,0.8996374011039734,1,ERA5Land,6469,5
248,0,0.0211482141166925,0,ERA5Land,6469,5
249,1,0.6062132716178894,1,ERA5Land,6469,5
278,0,0.4017501771450043,0,ERA5Land,6469,5
279,1,0.982820987701416,1,ERA5Land,6469,5
292,0,0.0916366279125213,0,ERA5Land,6469,5
293,1,0.9195260405540466,1,ERA5Land,6469,5
304,0,0.3481992185115814,0,ERA5Land,6469,5
305,1,0.6250502467155457,1,ERA5Land,6469,5
322,0,0.1627321243286132,0,ERA5Land,6469,5
323,1,0.9829668998718262,1,ERA5Land,6469,5
338,0,0.1109678074717521,0,ERA5Land,6469,5
339,1,0.0477676689624786,0,ERA5Land,6469,5
340,0,0.2330737560987472,0,ERA5Land,6469,5
341,1,0.1430791169404983,0,ERA5Land,6469,5
348,0,0.1445006728172302,0,ERA5Land,6469,5
349,1,0.9310819506645204,1,ERA5Land,6469,5
350,0,0.090218961238861,0,ERA5Land,6469,5
351,1,0.8019537925720215,1,ERA5Land,6469,5
360,0,0.0632163733243942,0,ERA5Land,6469,5
361,1,0.1312029063701629,0,ERA5Land,6469,5
366,0,0.2924950122833252,0,ERA5Land,6469,5
367,1,0.8935084939002991,1,ERA5Land,6469,5
382,0,0.2287300825119018,0,ERA5Land,6469,5
383,1,0.605132520198822,1,ERA5Land,6469,5
384,0,0.0665094330906868,0,ERA5Land,6469,5
385,1,0.95981365442276,1,ERA5Land,6469,5
386,0,0.1044274717569351,0,ERA5Land,6469,5
387,1,0.4698884189128876,0,ERA5Land,6469,5
400,0,0.0550961345434188,0,ERA5Land,6469,5
401,1,0.3439022302627563,0,ERA5Land,6469,5
402,0,0.4945539236068725,0,ERA5Land,6469,5
403,1,0.9756715297698976,1,ERA5Land,6469,5
6,0,0.0312869921326637,0,ERA5Land,9919,1
7,1,0.7915704250335693,1,ERA5Land,9919,1
12,0,0.0182532351464033,0,ERA5Land,9919,1
13,1,0.7065436840057373,1,ERA5Land,9919,1
54,0,0.2385529279708862,0,ERA5Land,9919,1
55,1,0.981840431690216,1,ERA5Land,9919,1
70,0,0.5658631920814514,1,ERA5Land,9919,1
71,1,0.6754444241523743,1,ERA5Land,9919,1
72,0,0.0114320404827594,0,ERA5Land,9919,1
73,1,0.0598908737301826,0,ERA5Land,9919,1
76,0,0.8443405032157898,1,ERA5Land,9919,1
77,1,0.8976036906242371,1,ERA5Land,9919,1
78,0,0.0656477585434913,0,ERA5Land,9919,1
79,1,0.9576387405395508,1,ERA5Land,9919,1
80,0,0.0343304127454757,0,ERA5Land,9919,1
81,1,0.4218193888664245,0,ERA5Land,9919,1
86,0,0.0346001051366329,0,ERA5Land,9919,1
87,1,0.1056094840168953,0,ERA5Land,9919,1
96,0,0.8048135042190552,1,ERA5Land,9919,1
97,1,0.1958178877830505,0,ERA5Land,9919,1
98,0,0.9072534441947936,1,ERA5Land,9919,1
99,1,0.8925954103469849,1,ERA5Land,9919,1
100,0,0.0583091229200363,0,ERA5Land,9919,1
101,1,0.9537394642829896,1,ERA5Land,9919,1
114,0,0.8855247497558594,1,ERA5Land,9919,1
115,1,0.9800731539726256,1,ERA5Land,9919,1
128,0,0.0086955623701214,0,ERA5Land,9919,1
129,1,0.968981683254242,1,ERA5Land,9919,1
138,0,0.8448702096939087,1,ERA5Land,9919,1
139,1,0.8546133637428284,1,ERA5Land,9919,1
146,0,0.0462212823331356,0,ERA5Land,9919,1
147,1,0.989616632461548,1,ERA5Land,9919,1
152,0,0.6282855272293091,1,ERA5Land,9919,1
153,1,0.9902364611625672,1,ERA5Land,9919,1
210,0,0.0534972362220287,0,ERA5Land,9919,1
211,1,0.8629330992698669,1,ERA5Land,9919,1
226,0,0.1588985472917556,0,ERA5Land,9919,1
227,1,0.2420555651187896,0,ERA5Land,9919,1
228,0,0.7483302354812622,1,ERA5Land,9919,1
229,1,0.9328075051307678,1,ERA5Land,9919,1
234,0,0.2157236635684967,0,ERA5Land,9919,1
235,1,0.6613074541091919,1,ERA5Land,9919,1
236,0,0.0335858911275863,0,ERA5Land,9919,1
237,1,0.8860823512077332,1,ERA5Land,9919,1
242,0,0.0493298955261707,0,ERA5Land,9919,1
243,1,0.8398318290710449,1,ERA5Land,9919,1
258,0,0.0804201066493988,0,ERA5Land,9919,1
259,1,0.8039661645889282,1,ERA5Land,9919,1
264,0,0.2102933377027511,0,ERA5Land,9919,1
265,1,0.8963059186935425,1,ERA5Land,9919,1
290,0,0.2398965060710907,0,ERA5Land,9919,1
291,1,0.139917641878128,0,ERA5Land,9919,1
296,0,0.9013711810112,1,ERA5Land,9919,1
297,1,0.9941908717155457,1,ERA5Land,9919,1
302,0,0.9495301246643066,1,ERA5Land,9919,1
303,1,0.5063241124153137,1,ERA5Land,9919,1
306,0,0.110584482550621,0,ERA5Land,9919,1
307,1,0.887766420841217,1,ERA5Land,9919,1
308,0,0.2102271169424057,0,ERA5Land,9919,1
309,1,0.9418084621429444,1,ERA5Land,9919,1
312,0,0.1548726856708526,0,ERA5Land,9919,1
313,1,0.9598393440246582,1,ERA5Land,9919,1
342,0,0.0144799631088972,0,ERA5Land,9919,1
343,1,0.962721586227417,1,ERA5Land,9919,1
348,0,0.3177065849304199,0,ERA5Land,9919,1
349,1,0.9654081463813782,1,ERA5Land,9919,1
352,0,0.018389094620943,0,ERA5Land,9919,1
353,1,0.2640250325202942,0,ERA5Land,9919,1
354,0,0.2802858650684356,0,ERA5Land,9919,1
355,1,0.9043909907341005,1,ERA5Land,9919,1
360,0,0.1640267819166183,0,ERA5Land,9919,1
361,1,0.593730092048645,1,ERA5Land,9919,1
366,0,0.0294962897896766,0,ERA5Land,9919,1
367,1,0.9484402537345886,1,ERA5Land,9919,1
372,0,0.3424302935600281,0,ERA5Land,9919,1
373,1,0.8534753918647766,1,ERA5Land,9919,1
374,0,0.1895423531532287,0,ERA5Land,9919,1
375,1,0.07699566334486,0,ERA5Land,9919,1
382,0,0.7553785443305969,1,ERA5Land,9919,1
383,1,0.9884781241416932,1,ERA5Land,9919,1
392,0,0.0515267327427864,0,ERA5Land,9919,1
393,1,0.519956648349762,1,ERA5Land,9919,1
10,0,0.5079619288444519,1,ERA5Land,9919,2
11,1,0.5920243263244629,1,ERA5Land,9919,2
14,0,0.4317667186260223,0,ERA5Land,9919,2
15,1,0.9069300889968872,1,ERA5Land,9919,2
16,0,0.8853713274002075,1,ERA5Land,9919,2
17,1,0.9093245267868042,1,ERA5Land,9919,2
22,0,0.9707399010658264,1,ERA5Land,9919,2
23,1,0.942870020866394,1,ERA5Land,9919,2
24,0,0.0128238089382648,0,ERA5Land,9919,2
25,1,0.9840199947357178,1,ERA5Land,9919,2
26,0,0.017503447830677,0,ERA5Land,9919,2
27,1,0.1143451705574989,0,ERA5Land,9919,2
32,0,0.0306222178041934,0,ERA5Land,9919,2
33,1,0.9611220359802246,1,ERA5Land,9919,2
38,0,0.2583493590354919,0,ERA5Land,9919,2
39,1,0.1289320439100265,0,ERA5Land,9919,2
40,0,0.8439016938209534,1,ERA5Land,9919,2
41,1,0.7455318570137024,1,ERA5Land,9919,2
44,0,0.1056888327002525,0,ERA5Land,9919,2
45,1,0.1001651734113693,0,ERA5Land,9919,2
48,0,0.629303514957428,1,ERA5Land,9919,2
49,1,0.6088411211967468,1,ERA5Land,9919,2
50,0,0.9849162101745604,1,ERA5Land,9919,2
51,1,0.6836110949516296,1,ERA5Land,9919,2
60,0,0.0275134705007076,0,ERA5Land,9919,2
61,1,0.987992525100708,1,ERA5Land,9919,2
84,0,0.9889993071556092,1,ERA5Land,9919,2
85,1,0.870510995388031,1,ERA5Land,9919,2
88,0,0.256526231765747,0,ERA5Land,9919,2
89,1,0.5151132941246033,1,ERA5Land,9919,2
112,0,0.0138241201639175,0,ERA5Land,9919,2
113,1,0.952280044555664,1,ERA5Land,9919,2
116,0,0.7263028621673584,1,ERA5Land,9919,2
117,1,0.9049968123435974,1,ERA5Land,9919,2
136,0,0.8269965648651123,1,ERA5Land,9919,2
137,1,0.9817216396331788,1,ERA5Land,9919,2
140,0,0.0196737181395292,0,ERA5Land,9919,2
141,1,0.8603784441947937,1,ERA5Land,9919,2
162,0,0.0057093575596809,0,ERA5Land,9919,2
163,1,0.9625288248062134,1,ERA5Land,9919,2
172,0,0.9315817952156068,1,ERA5Land,9919,2
173,1,0.5817412734031677,1,ERA5Land,9919,2
176,0,0.2159395664930343,0,ERA5Land,9919,2
177,1,0.9043775200843812,1,ERA5Land,9919,2
178,0,0.0224036034196615,0,ERA5Land,9919,2
179,1,0.9477037191390992,1,ERA5Land,9919,2
182,0,0.7403455376625061,1,ERA5Land,9919,2
183,1,0.9476481676101683,1,ERA5Land,9919,2
194,0,0.5101138949394226,1,ERA5Land,9919,2
195,1,0.1817357242107391,0,ERA5Land,9919,2
214,0,0.0597403347492218,0,ERA5Land,9919,2
215,1,0.8935865163803101,1,ERA5Land,9919,2
220,0,0.8451446294784546,1,ERA5Land,9919,2
221,1,0.6636270880699158,1,ERA5Land,9919,2
238,0,0.1595344990491867,0,ERA5Land,9919,2
239,1,0.9017791152000428,1,ERA5Land,9919,2
248,0,0.0014664968475699,0,ERA5Land,9919,2
249,1,0.9280348420143129,1,ERA5Land,9919,2
254,0,0.3960364758968353,0,ERA5Land,9919,2
255,1,0.7275399565696716,1,ERA5Land,9919,2
256,0,0.5404003262519836,1,ERA5Land,9919,2
257,1,0.9120420217514038,1,ERA5Land,9919,2
262,0,0.0513700991868972,0,ERA5Land,9919,2
263,1,0.9594292044639589,1,ERA5Land,9919,2
272,0,0.0486176088452339,0,ERA5Land,9919,2
273,1,0.4353428781032562,0,ERA5Land,9919,2
284,0,0.0105369482189416,0,ERA5Land,9919,2
285,1,0.8480000495910645,1,ERA5Land,9919,2
294,0,0.0016350548248738,0,ERA5Land,9919,2
295,1,0.2285843789577484,0,ERA5Land,9919,2
334,0,0.0122050335630774,0,ERA5Land,9919,2
335,1,0.1866280138492584,0,ERA5Land,9919,2
338,0,0.0298163145780563,0,ERA5Land,9919,2
339,1,0.0226910039782524,0,ERA5Land,9919,2
376,0,0.102318026125431,0,ERA5Land,9919,2
377,1,0.1644259989261627,0,ERA5Land,9919,2
378,0,0.3279314935207367,0,ERA5Land,9919,2
379,1,0.4561077654361725,0,ERA5Land,9919,2
402,0,0.4716929495334625,0,ERA5Land,9919,2
403,1,0.978626787662506,1,ERA5Land,9919,2
2,0,0.290012925863266,0,ERA5Land,9919,3
3,1,0.0896359384059906,0,ERA5Land,9919,3
8,0,0.8110254406929016,1,ERA5Land,9919,3
9,1,0.6209961771965027,1,ERA5Land,9919,3
20,0,0.8997241854667664,1,ERA5Land,9919,3
21,1,0.576751708984375,1,ERA5Land,9919,3
28,0,0.1921715587377548,0,ERA5Land,9919,3
29,1,0.369647204875946,0,ERA5Land,9919,3
30,0,0.0602896399796009,0,ERA5Land,9919,3
31,1,0.8872298002243042,1,ERA5Land,9919,3
34,0,0.6307578682899475,1,ERA5Land,9919,3
35,1,0.5414087772369385,1,ERA5Land,9919,3
46,0,0.7152392268180847,1,ERA5Land,9919,3
47,1,0.5331060886383057,1,ERA5Land,9919,3
56,0,0.2211327254772186,0,ERA5Land,9919,3
57,1,0.9144244194030762,1,ERA5Land,9919,3
62,0,0.2471982985734939,0,ERA5Land,9919,3
63,1,0.6685001254081726,1,ERA5Land,9919,3
64,0,0.011511892080307,0,ERA5Land,9919,3
65,1,0.933210015296936,1,ERA5Land,9919,3
68,0,0.5534252524375916,1,ERA5Land,9919,3
69,1,0.6770059466362,1,ERA5Land,9919,3
92,0,0.0297055784612894,0,ERA5Land,9919,3
93,1,0.9084630608558656,1,ERA5Land,9919,3
106,0,0.2560267150402069,0,ERA5Land,9919,3
107,1,0.8257768750190735,1,ERA5Land,9919,3
122,0,0.0437520779669284,0,ERA5Land,9919,3
123,1,0.0547662749886512,0,ERA5Land,9919,3
142,0,0.0839781165122985,0,ERA5Land,9919,3
143,1,0.5966866612434387,1,ERA5Land,9919,3
150,0,0.0057598748244345,0,ERA5Land,9919,3
151,1,0.8861741423606873,1,ERA5Land,9919,3
158,0,0.6749787330627441,1,ERA5Land,9919,3
159,1,0.9777190089225768,1,ERA5Land,9919,3
174,0,0.4940698146820068,0,ERA5Land,9919,3
175,1,0.8928537964820862,1,ERA5Land,9919,3
180,0,0.65711510181427,1,ERA5Land,9919,3
181,1,0.8181037306785583,1,ERA5Land,9919,3
188,0,0.3634797930717468,0,ERA5Land,9919,3
189,1,0.6573238968849182,1,ERA5Land,9919,3
192,0,0.814751386642456,1,ERA5Land,9919,3
193,1,0.8609532117843628,1,ERA5Land,9919,3
198,0,0.1545312255620956,0,ERA5Land,9919,3
199,1,0.942435383796692,1,ERA5Land,9919,3
218,0,0.0103484047576785,0,ERA5Land,9919,3
219,1,0.6946712732315063,1,ERA5Land,9919,3
246,0,0.0617892406880855,0,ERA5Land,9919,3
247,1,0.6322076916694641,1,ERA5Land,9919,3
282,0,0.1433180272579193,0,ERA5Land,9919,3
283,1,0.8480024337768555,1,ERA5Land,9919,3
286,0,0.519530713558197,1,ERA5Land,9919,3
287,1,0.5547308921813965,1,ERA5Land,9919,3
288,0,0.2915209829807281,0,ERA5Land,9919,3
289,1,0.9552789330482484,1,ERA5Land,9919,3
292,0,0.0164952054619789,0,ERA5Land,9919,3
293,1,0.8034507036209106,1,ERA5Land,9919,3
298,0,0.031182212755084,0,ERA5Land,9919,3
299,1,0.8611889481544495,1,ERA5Land,9919,3
310,0,0.2215654104948043,0,ERA5Land,9919,3
311,1,0.9616231322288512,1,ERA5Land,9919,3
314,0,0.3219796419143677,0,ERA5Land,9919,3
315,1,0.0235969871282577,0,ERA5Land,9919,3
326,0,0.1492683887481689,0,ERA5Land,9919,3
327,1,0.6647958159446716,1,ERA5Land,9919,3
330,0,0.0062025147490203,0,ERA5Land,9919,3
331,1,0.7433476448059082,1,ERA5Land,9919,3
332,0,0.021101027727127,0,ERA5Land,9919,3
333,1,0.8519845008850098,1,ERA5Land,9919,3
346,0,0.1798746585845947,0,ERA5Land,9919,3
347,1,0.754780650138855,1,ERA5Land,9919,3
350,0,0.0220218785107135,0,ERA5Land,9919,3
351,1,0.8118653893470764,1,ERA5Land,9919,3
370,0,0.0344197563827037,0,ERA5Land,9919,3
371,1,0.814688503742218,1,ERA5Land,9919,3
384,0,0.0597538314759731,0,ERA5Land,9919,3
385,1,0.931580126285553,1,ERA5Land,9919,3
386,0,0.0455172695219516,0,ERA5Land,9919,3
387,1,0.9108932614326476,1,ERA5Land,9919,3
388,0,0.062988057732582,0,ERA5Land,9919,3
389,1,0.8369017839431763,1,ERA5Land,9919,3
398,0,0.0936915725469589,0,ERA5Land,9919,3
399,1,0.3838186264038086,0,ERA5Land,9919,3
400,0,0.0246040225028991,0,ERA5Land,9919,3
401,1,0.3328532874584198,0,ERA5Land,9919,3
36,0,0.1786902695894241,0,ERA5Land,9919,4
37,1,0.3353581130504608,0,ERA5Land,9919,4
58,0,0.1418080478906631,0,ERA5Land,9919,4
59,1,0.9447145462036132,1,ERA5Land,9919,4
66,0,0.4023039638996124,0,ERA5Land,9919,4
67,1,0.891958475112915,1,ERA5Land,9919,4
74,0,0.6212934255599976,1,ERA5Land,9919,4
75,1,0.9564545154571532,1,ERA5Land,9919,4
82,0,0.44485604763031,0,ERA5Land,9919,4
83,1,0.9083600640296936,1,ERA5Land,9919,4
90,0,0.4825923144817352,0,ERA5Land,9919,4
91,1,0.787703275680542,1,ERA5Land,9919,4
94,0,0.9015933871269226,1,ERA5Land,9919,4
95,1,0.8846310973167419,1,ERA5Land,9919,4
110,0,0.2334000319242477,0,ERA5Land,9919,4
111,1,0.4403170049190521,0,ERA5Land,9919,4
118,0,0.2466075420379638,0,ERA5Land,9919,4
119,1,0.9652870297431946,1,ERA5Land,9919,4
120,0,0.2549337148666382,0,ERA5Land,9919,4
121,1,0.9692453145980836,1,ERA5Land,9919,4
124,0,0.941210150718689,1,ERA5Land,9919,4
125,1,0.910114586353302,1,ERA5Land,9919,4
130,0,0.2517790496349334,0,ERA5Land,9919,4
131,1,0.8869108557701111,1,ERA5Land,9919,4
144,0,0.6586840748786926,1,ERA5Land,9919,4
145,1,0.2251690924167633,0,ERA5Land,9919,4
148,0,0.1872239857912063,0,ERA5Land,9919,4
149,1,0.2422474324703216,0,ERA5Land,9919,4
160,0,0.1656670868396759,0,ERA5Land,9919,4
161,1,0.6218841671943665,1,ERA5Land,9919,4
166,0,0.1932610869407653,0,ERA5Land,9919,4
167,1,0.4185647964477539,0,ERA5Land,9919,4
170,0,0.6964801549911499,1,ERA5Land,9919,4
171,1,0.6225569844245911,1,ERA5Land,9919,4
184,0,0.0565429329872131,0,ERA5Land,9919,4
185,1,0.8891807794570923,1,ERA5Land,9919,4
190,0,0.5666987895965576,1,ERA5Land,9919,4
191,1,0.4615511000156402,0,ERA5Land,9919,4
196,0,0.4579894542694092,0,ERA5Land,9919,4
197,1,0.9729927182197572,1,ERA5Land,9919,4
202,0,0.0513680800795555,0,ERA5Land,9919,4
203,1,0.5855174660682678,1,ERA5Land,9919,4
204,0,0.8540024161338806,1,ERA5Land,9919,4
205,1,0.7120193243026733,1,ERA5Land,9919,4
208,0,0.0895101577043533,0,ERA5Land,9919,4
209,1,0.9692129492759703,1,ERA5Land,9919,4
212,0,0.90916645526886,1,ERA5Land,9919,4
213,1,0.5807860493659973,1,ERA5Land,9919,4
216,0,0.1633942723274231,0,ERA5Land,9919,4
217,1,0.9691702127456664,1,ERA5Land,9919,4
222,0,0.8044821619987488,1,ERA5Land,9919,4
223,1,0.7396110892295837,1,ERA5Land,9919,4
232,0,0.2972105145454407,0,ERA5Land,9919,4
233,1,0.5563694834709167,1,ERA5Land,9919,4
260,0,0.1943192481994629,0,ERA5Land,9919,4
261,1,0.9289806485176086,1,ERA5Land,9919,4
266,0,0.2737850844860077,0,ERA5Land,9919,4
267,1,0.5172747373580933,1,ERA5Land,9919,4
268,0,0.3322421014308929,0,ERA5Land,9919,4
269,1,0.6149556636810303,1,ERA5Land,9919,4
274,0,0.1787991672754287,0,ERA5Land,9919,4
275,1,0.4728637635707855,0,ERA5Land,9919,4
280,0,0.2275895923376083,0,ERA5Land,9919,4
281,1,0.2612138390541076,0,ERA5Land,9919,4
300,0,0.046819370239973,0,ERA5Land,9919,4
301,1,0.6716927289962769,1,ERA5Land,9919,4
316,0,0.3493731021881103,0,ERA5Land,9919,4
317,1,0.8784658312797546,1,ERA5Land,9919,4
322,0,0.3844559788703918,0,ERA5Land,9919,4
323,1,0.8732351660728455,1,ERA5Land,9919,4
328,0,0.1031842902302742,0,ERA5Land,9919,4
329,1,0.4880942404270172,0,ERA5Land,9919,4
336,0,0.5771544575691223,1,ERA5Land,9919,4
337,1,0.937528133392334,1,ERA5Land,9919,4
362,0,0.218303382396698,0,ERA5Land,9919,4
363,1,0.6334304213523865,1,ERA5Land,9919,4
364,0,0.1945221573114395,0,ERA5Land,9919,4
365,1,0.8905619382858276,1,ERA5Land,9919,4
0,0,0.3533177077770233,0,ERA5Land,9919,5
1,1,0.1384758055210113,0,ERA5Land,9919,5
4,0,0.1548150181770324,0,ERA5Land,9919,5
5,1,0.6741095185279846,1,ERA5Land,9919,5
18,0,0.3220306038856506,0,ERA5Land,9919,5
19,1,0.8739819526672363,1,ERA5Land,9919,5
42,0,0.1772055923938751,0,ERA5Land,9919,5
43,1,0.1368892192840576,0,ERA5Land,9919,5
52,0,0.8239553570747375,1,ERA5Land,9919,5
53,1,0.595947802066803,1,ERA5Land,9919,5
102,0,0.115244522690773,0,ERA5Land,9919,5
103,1,0.9155214428901672,1,ERA5Land,9919,5
104,0,0.2778536081314087,0,ERA5Land,9919,5
105,1,0.8592619895935059,1,ERA5Land,9919,5
108,0,0.0574359819293022,0,ERA5Land,9919,5
109,1,0.8584827780723572,1,ERA5Land,9919,5
126,0,0.1605158597230911,0,ERA5Land,9919,5
127,1,0.6094796061515808,1,ERA5Land,9919,5
132,0,0.0606264248490333,0,ERA5Land,9919,5
133,1,0.4914863109588623,0,ERA5Land,9919,5
134,0,0.6120457053184509,1,ERA5Land,9919,5
135,1,0.646120548248291,1,ERA5Land,9919,5
154,0,0.2208741307258606,0,ERA5Land,9919,5
155,1,0.4775032997131347,0,ERA5Land,9919,5
156,0,0.0385851040482521,0,ERA5Land,9919,5
157,1,0.6402884125709534,1,ERA5Land,9919,5
164,0,0.0297599844634532,0,ERA5Land,9919,5
165,1,0.6081268191337585,1,ERA5Land,9919,5
168,0,0.1162065118551254,0,ERA5Land,9919,5
169,1,0.3950461745262146,0,ERA5Land,9919,5
186,0,0.0114449644461274,0,ERA5Land,9919,5
187,1,0.8545747399330139,1,ERA5Land,9919,5
200,0,0.0705510601401329,0,ERA5Land,9919,5
201,1,0.92302805185318,1,ERA5Land,9919,5
206,0,0.0133198946714401,0,ERA5Land,9919,5
207,1,0.6007335186004639,1,ERA5Land,9919,5
224,0,0.6983795762062073,1,ERA5Land,9919,5
225,1,0.6073373556137085,1,ERA5Land,9919,5
230,0,0.6886084079742432,1,ERA5Land,9919,5
231,1,0.4527743458747864,0,ERA5Land,9919,5
240,0,0.1467499583959579,0,ERA5Land,9919,5
241,1,0.6981075406074524,1,ERA5Land,9919,5
244,0,0.4281405806541443,0,ERA5Land,9919,5
245,1,0.8633748888969421,1,ERA5Land,9919,5
250,0,0.2241810709238052,0,ERA5Land,9919,5
251,1,0.742289662361145,1,ERA5Land,9919,5
252,0,0.0740596801042556,0,ERA5Land,9919,5
253,1,0.6149992942810059,1,ERA5Land,9919,5
270,0,0.4848624467849731,0,ERA5Land,9919,5
271,1,0.8793777823448181,1,ERA5Land,9919,5
276,0,0.4787600636482239,0,ERA5Land,9919,5
277,1,0.613594651222229,1,ERA5Land,9919,5
278,0,0.1224715411663055,0,ERA5Land,9919,5
279,1,0.876251220703125,1,ERA5Land,9919,5
304,0,0.2945870757102966,0,ERA5Land,9919,5
305,1,0.6086687445640564,1,ERA5Land,9919,5
318,0,0.0965172424912452,0,ERA5Land,9919,5
319,1,0.9328179359436036,1,ERA5Land,9919,5
320,0,0.0752796381711959,0,ERA5Land,9919,5
321,1,0.8718745112419128,1,ERA5Land,9919,5
324,0,0.1610505580902099,0,ERA5Land,9919,5
325,1,0.7385783791542053,1,ERA5Land,9919,5
340,0,0.1453453153371811,0,ERA5Land,9919,5
341,1,0.4054088890552521,0,ERA5Land,9919,5
344,0,0.2820089757442474,0,ERA5Land,9919,5
345,1,0.9005075693130493,1,ERA5Land,9919,5
356,0,0.5645490288734436,1,ERA5Land,9919,5
357,1,0.9068563580513,1,ERA5Land,9919,5
358,0,0.1503963619470596,0,ERA5Land,9919,5
359,1,0.6291412115097046,1,ERA5Land,9919,5
368,0,0.2937853038311004,0,ERA5Land,9919,5
369,1,0.6143786311149597,1,ERA5Land,9919,5
380,0,0.4595332741737366,0,ERA5Land,9919,5
381,1,0.7892052531242371,1,ERA5Land,9919,5
390,0,0.0797917768359184,0,ERA5Land,9919,5
391,1,0.4743172526359558,0,ERA5Land,9919,5
394,0,0.1042255014181137,0,ERA5Land,9919,5
395,1,0.5903598070144653,1,ERA5Land,9919,5
396,0,0.0450905747711658,0,ERA5Land,9919,5
397,1,0.3912023603916168,0,ERA5Land,9919,5
18,0,0.2002790868282318,0,ERA5_2xCoarse,1497,1
19,1,0.7620554566383362,1,ERA5_2xCoarse,1497,1
28,0,0.3242271244525909,0,ERA5_2xCoarse,1497,1
29,1,0.4922761917114258,0,ERA5_2xCoarse,1497,1
34,0,0.5756776928901672,1,ERA5_2xCoarse,1497,1
35,1,0.5689824223518372,1,ERA5_2xCoarse,1497,1
54,0,0.0269013661891222,0,ERA5_2xCoarse,1497,1
55,1,0.9658085107803344,1,ERA5_2xCoarse,1497,1
70,0,0.8457563519477844,1,ERA5_2xCoarse,1497,1
71,1,0.5025841593742371,1,ERA5_2xCoarse,1497,1
88,0,0.4980282783508301,0,ERA5_2xCoarse,1497,1
89,1,0.3512945771217346,0,ERA5_2xCoarse,1497,1
98,0,0.7563111186027527,1,ERA5_2xCoarse,1497,1
99,1,0.9477640986442566,1,ERA5_2xCoarse,1497,1
142,0,0.1739055961370468,0,ERA5_2xCoarse,1497,1
143,1,0.700870931148529,1,ERA5_2xCoarse,1497,1
154,0,0.5005329251289368,1,ERA5_2xCoarse,1497,1
155,1,0.5878575444221497,1,ERA5_2xCoarse,1497,1
164,0,0.0055039809085428,0,ERA5_2xCoarse,1497,1
165,1,0.6286905407905579,1,ERA5_2xCoarse,1497,1
186,0,0.0073956418782472,0,ERA5_2xCoarse,1497,1
187,1,0.7308064699172974,1,ERA5_2xCoarse,1497,1
190,0,0.5098015666007996,1,ERA5_2xCoarse,1497,1
191,1,0.4668449461460113,0,ERA5_2xCoarse,1497,1
192,0,0.74676913022995,1,ERA5_2xCoarse,1497,1
193,1,0.8145842552185059,1,ERA5_2xCoarse,1497,1
198,0,0.0214818734675645,0,ERA5_2xCoarse,1497,1
199,1,0.9057148694992064,1,ERA5_2xCoarse,1497,1
200,0,0.0262769237160682,0,ERA5_2xCoarse,1497,1
201,1,0.9598637223243712,1,ERA5_2xCoarse,1497,1
204,0,0.4015472531318664,0,ERA5_2xCoarse,1497,1
205,1,0.7428079843521118,1,ERA5_2xCoarse,1497,1
214,0,0.0865900814533233,0,ERA5_2xCoarse,1497,1
215,1,0.9047037959098816,1,ERA5_2xCoarse,1497,1
218,0,0.0057434951886534,0,ERA5_2xCoarse,1497,1
219,1,0.5220261812210083,1,ERA5_2xCoarse,1497,1
228,0,0.5895984172821045,1,ERA5_2xCoarse,1497,1
229,1,0.6809982061386108,1,ERA5_2xCoarse,1497,1
232,0,0.5938075184822083,1,ERA5_2xCoarse,1497,1
233,1,0.735447108745575,1,ERA5_2xCoarse,1497,1
248,0,0.0049871560186147,0,ERA5_2xCoarse,1497,1
249,1,0.6437273621559143,1,ERA5_2xCoarse,1497,1
250,0,0.2501102089881897,0,ERA5_2xCoarse,1497,1
251,1,0.6937868595123291,1,ERA5_2xCoarse,1497,1
252,0,0.4151398539543152,0,ERA5_2xCoarse,1497,1
253,1,0.7263556718826294,1,ERA5_2xCoarse,1497,1
260,0,0.0694538950920105,0,ERA5_2xCoarse,1497,1
261,1,0.1614599972963333,0,ERA5_2xCoarse,1497,1
266,0,0.4659537374973297,0,ERA5_2xCoarse,1497,1
267,1,0.6538103222846985,1,ERA5_2xCoarse,1497,1
268,0,0.8998817801475525,1,ERA5_2xCoarse,1497,1
269,1,0.6267754435539246,1,ERA5_2xCoarse,1497,1
274,0,0.8513827919960022,1,ERA5_2xCoarse,1497,1
275,1,0.9597126245498656,1,ERA5_2xCoarse,1497,1
296,0,0.6316308379173279,1,ERA5_2xCoarse,1497,1
297,1,0.9640637636184692,1,ERA5_2xCoarse,1497,1
312,0,0.0265244599431753,0,ERA5_2xCoarse,1497,1
313,1,0.9536478519439696,1,ERA5_2xCoarse,1497,1
328,0,0.0438281670212745,0,ERA5_2xCoarse,1497,1
329,1,0.6606711745262146,1,ERA5_2xCoarse,1497,1
332,0,0.0359031669795513,0,ERA5_2xCoarse,1497,1
333,1,0.6757267713546753,1,ERA5_2xCoarse,1497,1
334,0,0.0044570821337401,0,ERA5_2xCoarse,1497,1
335,1,0.0306528396904468,0,ERA5_2xCoarse,1497,1
336,0,0.4622382819652557,0,ERA5_2xCoarse,1497,1
337,1,0.8580633401870728,1,ERA5_2xCoarse,1497,1
344,0,0.4327670633792877,0,ERA5_2xCoarse,1497,1
345,1,0.8871134519577026,1,ERA5_2xCoarse,1497,1
358,0,0.4068791568279266,0,ERA5_2xCoarse,1497,1
359,1,0.7728931307792664,1,ERA5_2xCoarse,1497,1
360,0,0.3200380802154541,0,ERA5_2xCoarse,1497,1
361,1,0.4110194742679596,0,ERA5_2xCoarse,1497,1
376,0,0.6921716928482056,1,ERA5_2xCoarse,1497,1
377,1,0.6546439528465271,1,ERA5_2xCoarse,1497,1
380,0,0.852755069732666,1,ERA5_2xCoarse,1497,1
381,1,0.8847794532775879,1,ERA5_2xCoarse,1497,1
388,0,0.0873592495918273,0,ERA5_2xCoarse,1497,1
389,1,0.6778930425643921,1,ERA5_2xCoarse,1497,1
392,0,0.3842386305332184,0,ERA5_2xCoarse,1497,1
393,1,0.7308961153030396,1,ERA5_2xCoarse,1497,1
402,0,0.7111276388168335,1,ERA5_2xCoarse,1497,1
403,1,0.9194501638412476,1,ERA5_2xCoarse,1497,1
0,0,0.2366574108600616,0,ERA5_2xCoarse,1497,2
1,1,0.1186676919460296,0,ERA5_2xCoarse,1497,2
4,0,0.660857617855072,1,ERA5_2xCoarse,1497,2
5,1,0.2289329022169113,0,ERA5_2xCoarse,1497,2
20,0,0.7716255187988281,1,ERA5_2xCoarse,1497,2
21,1,0.5998145341873169,1,ERA5_2xCoarse,1497,2
30,0,0.3884551525115967,0,ERA5_2xCoarse,1497,2
31,1,0.701518177986145,1,ERA5_2xCoarse,1497,2
32,0,0.3626686334609985,0,ERA5_2xCoarse,1497,2
33,1,0.714240312576294,1,ERA5_2xCoarse,1497,2
36,0,0.259643942117691,0,ERA5_2xCoarse,1497,2
37,1,0.208695188164711,0,ERA5_2xCoarse,1497,2
40,0,0.6219815015792847,1,ERA5_2xCoarse,1497,2
41,1,0.6548159122467041,1,ERA5_2xCoarse,1497,2
44,0,0.1992384642362594,0,ERA5_2xCoarse,1497,2
45,1,0.1426192075014114,0,ERA5_2xCoarse,1497,2
46,0,0.6627879738807678,1,ERA5_2xCoarse,1497,2
47,1,0.5137695074081421,1,ERA5_2xCoarse,1497,2
56,0,0.3873996138572693,0,ERA5_2xCoarse,1497,2
57,1,0.9389578104019164,1,ERA5_2xCoarse,1497,2
74,0,0.4598954021930694,0,ERA5_2xCoarse,1497,2
75,1,0.9608970284461976,1,ERA5_2xCoarse,1497,2
82,0,0.8891983032226562,1,ERA5_2xCoarse,1497,2
83,1,0.9121097922325134,1,ERA5_2xCoarse,1497,2
84,0,0.9591252207756042,1,ERA5_2xCoarse,1497,2
85,1,0.9361370205879213,1,ERA5_2xCoarse,1497,2
100,0,0.1461468935012817,0,ERA5_2xCoarse,1497,2
101,1,0.9478005170822144,1,ERA5_2xCoarse,1497,2
136,0,0.6817560791969299,1,ERA5_2xCoarse,1497,2
137,1,0.9459584355354308,1,ERA5_2xCoarse,1497,2
140,0,0.1477490961551666,0,ERA5_2xCoarse,1497,2
141,1,0.8770132660865784,1,ERA5_2xCoarse,1497,2
144,0,0.7666084170341492,1,ERA5_2xCoarse,1497,2
145,1,0.5770168304443359,1,ERA5_2xCoarse,1497,2
184,0,0.0513828359544277,0,ERA5_2xCoarse,1497,2
185,1,0.7829979062080383,1,ERA5_2xCoarse,1497,2
188,0,0.2448886483907699,0,ERA5_2xCoarse,1497,2
189,1,0.7070086598396301,1,ERA5_2xCoarse,1497,2
210,0,0.181284949183464,0,ERA5_2xCoarse,1497,2
211,1,0.9195156693458556,1,ERA5_2xCoarse,1497,2
212,0,0.878529965877533,1,ERA5_2xCoarse,1497,2
213,1,0.2119790464639663,0,ERA5_2xCoarse,1497,2
220,0,0.876676619052887,1,ERA5_2xCoarse,1497,2
221,1,0.2170346081256866,0,ERA5_2xCoarse,1497,2
240,0,0.1841270923614502,0,ERA5_2xCoarse,1497,2
241,1,0.5692932605743408,1,ERA5_2xCoarse,1497,2
242,0,0.1075856685638427,0,ERA5_2xCoarse,1497,2
243,1,0.3156713545322418,0,ERA5_2xCoarse,1497,2
246,0,0.0865299850702285,0,ERA5_2xCoarse,1497,2
247,1,0.2375112324953079,0,ERA5_2xCoarse,1497,2
262,0,0.1499554216861724,0,ERA5_2xCoarse,1497,2
263,1,0.8976753354072571,1,ERA5_2xCoarse,1497,2
276,0,0.3322584331035614,0,ERA5_2xCoarse,1497,2
277,1,0.6840094327926636,1,ERA5_2xCoarse,1497,2
292,0,0.1623577624559402,0,ERA5_2xCoarse,1497,2
293,1,0.891717255115509,1,ERA5_2xCoarse,1497,2
294,0,0.0621297881007194,0,ERA5_2xCoarse,1497,2
295,1,0.6680008172988892,1,ERA5_2xCoarse,1497,2
302,0,0.5558059215545654,1,ERA5_2xCoarse,1497,2
303,1,0.814910888671875,1,ERA5_2xCoarse,1497,2
314,0,0.2639038860797882,0,ERA5_2xCoarse,1497,2
315,1,0.0485601499676704,0,ERA5_2xCoarse,1497,2
320,0,0.0722065418958664,0,ERA5_2xCoarse,1497,2
321,1,0.87970370054245,1,ERA5_2xCoarse,1497,2
322,0,0.3438795208930969,0,ERA5_2xCoarse,1497,2
323,1,0.7960225939750671,1,ERA5_2xCoarse,1497,2
324,0,0.5164862871170044,1,ERA5_2xCoarse,1497,2
325,1,0.5003454685211182,1,ERA5_2xCoarse,1497,2
340,0,0.2825098633766174,0,ERA5_2xCoarse,1497,2
341,1,0.2888291478157043,0,ERA5_2xCoarse,1497,2
350,0,0.1828354299068451,0,ERA5_2xCoarse,1497,2
351,1,0.8612083792686462,1,ERA5_2xCoarse,1497,2
356,0,0.5439586043357849,1,ERA5_2xCoarse,1497,2
357,1,0.6420323252677917,1,ERA5_2xCoarse,1497,2
386,0,0.2159236967563629,0,ERA5_2xCoarse,1497,2
387,1,0.6898477077484131,1,ERA5_2xCoarse,1497,2
390,0,0.1482712924480438,0,ERA5_2xCoarse,1497,2
391,1,0.6298396587371826,1,ERA5_2xCoarse,1497,2
398,0,0.4085488617420196,0,ERA5_2xCoarse,1497,2
399,1,0.7620079517364502,1,ERA5_2xCoarse,1497,2
400,0,0.1657571345567703,0,ERA5_2xCoarse,1497,2
401,1,0.5105328559875488,1,ERA5_2xCoarse,1497,2
2,0,0.1254662573337555,0,ERA5_2xCoarse,1497,3
3,1,0.127463012933731,0,ERA5_2xCoarse,1497,3
26,0,0.4192714393138885,0,ERA5_2xCoarse,1497,3
27,1,0.271521121263504,0,ERA5_2xCoarse,1497,3
38,0,0.3572789430618286,0,ERA5_2xCoarse,1497,3
39,1,0.3447223603725433,0,ERA5_2xCoarse,1497,3
50,0,0.8453088402748108,1,ERA5_2xCoarse,1497,3
51,1,0.6729430556297302,1,ERA5_2xCoarse,1497,3
58,0,0.0794687643647193,0,ERA5_2xCoarse,1497,3
59,1,0.7802589535713196,1,ERA5_2xCoarse,1497,3
62,0,0.1080281510949134,0,ERA5_2xCoarse,1497,3
63,1,0.8545127511024475,1,ERA5_2xCoarse,1497,3
64,0,0.060260135680437,0,ERA5_2xCoarse,1497,3
65,1,0.7425937652587891,1,ERA5_2xCoarse,1497,3
76,0,0.629916787147522,1,ERA5_2xCoarse,1497,3
77,1,0.8735650777816772,1,ERA5_2xCoarse,1497,3
78,0,0.0921314284205436,0,ERA5_2xCoarse,1497,3
79,1,0.8574709296226501,1,ERA5_2xCoarse,1497,3
86,0,0.3269723057746887,0,ERA5_2xCoarse,1497,3
87,1,0.3293022215366363,0,ERA5_2xCoarse,1497,3
94,0,0.6867378950119019,1,ERA5_2xCoarse,1497,3
95,1,0.3386832773685455,0,ERA5_2xCoarse,1497,3
108,0,0.0549059584736824,0,ERA5_2xCoarse,1497,3
109,1,0.8449075222015381,1,ERA5_2xCoarse,1497,3
110,0,0.2244862616062164,0,ERA5_2xCoarse,1497,3
111,1,0.1867366433143615,0,ERA5_2xCoarse,1497,3
118,0,0.2533807754516601,0,ERA5_2xCoarse,1497,3
119,1,0.8956018090248108,1,ERA5_2xCoarse,1497,3
120,0,0.167155310511589,0,ERA5_2xCoarse,1497,3
121,1,0.9238033890724182,1,ERA5_2xCoarse,1497,3
124,0,0.6758573055267334,1,ERA5_2xCoarse,1497,3
125,1,0.6812506914138794,1,ERA5_2xCoarse,1497,3
128,0,0.0209220126271247,0,ERA5_2xCoarse,1497,3
129,1,0.6981604695320129,1,ERA5_2xCoarse,1497,3
146,0,0.0834176018834114,0,ERA5_2xCoarse,1497,3
147,1,0.915659248828888,1,ERA5_2xCoarse,1497,3
152,0,0.1040924713015556,0,ERA5_2xCoarse,1497,3
153,1,0.8704749941825867,1,ERA5_2xCoarse,1497,3
156,0,0.0405699424445629,0,ERA5_2xCoarse,1497,3
157,1,0.5241007208824158,1,ERA5_2xCoarse,1497,3
172,0,0.6268048882484436,1,ERA5_2xCoarse,1497,3
173,1,0.5927402377128601,1,ERA5_2xCoarse,1497,3
178,0,0.410904586315155,0,ERA5_2xCoarse,1497,3
179,1,0.6725516319274902,1,ERA5_2xCoarse,1497,3
182,0,0.6852549314498901,1,ERA5_2xCoarse,1497,3
183,1,0.7636289000511169,1,ERA5_2xCoarse,1497,3
202,0,0.0401121526956558,0,ERA5_2xCoarse,1497,3
203,1,0.3030196726322174,0,ERA5_2xCoarse,1497,3
208,0,0.0877854377031326,0,ERA5_2xCoarse,1497,3
209,1,0.929534912109375,1,ERA5_2xCoarse,1497,3
224,0,0.6380733251571655,1,ERA5_2xCoarse,1497,3
225,1,0.664728045463562,1,ERA5_2xCoarse,1497,3
226,0,0.4276939630508423,0,ERA5_2xCoarse,1497,3
227,1,0.4927398264408111,0,ERA5_2xCoarse,1497,3
234,0,0.0809041932225227,0,ERA5_2xCoarse,1497,3
235,1,0.7519891262054443,1,ERA5_2xCoarse,1497,3
236,0,0.4867532551288605,0,ERA5_2xCoarse,1497,3
237,1,0.5085309147834778,1,ERA5_2xCoarse,1497,3
238,0,0.1742328852415084,0,ERA5_2xCoarse,1497,3
239,1,0.6418570280075073,1,ERA5_2xCoarse,1497,3
264,0,0.3602668941020965,0,ERA5_2xCoarse,1497,3
265,1,0.5390132069587708,1,ERA5_2xCoarse,1497,3
278,0,0.4254031777381897,0,ERA5_2xCoarse,1497,3
279,1,0.7906081676483154,1,ERA5_2xCoarse,1497,3
280,0,0.4333657026290893,0,ERA5_2xCoarse,1497,3
281,1,0.4828240275382995,0,ERA5_2xCoarse,1497,3
290,0,0.4622248411178589,0,ERA5_2xCoarse,1497,3
291,1,0.531242847442627,1,ERA5_2xCoarse,1497,3
306,0,0.0760519877076149,0,ERA5_2xCoarse,1497,3
307,1,0.927506983280182,1,ERA5_2xCoarse,1497,3
310,0,0.3642179369926452,0,ERA5_2xCoarse,1497,3
311,1,0.7808651924133301,1,ERA5_2xCoarse,1497,3
330,0,0.0375703312456607,0,ERA5_2xCoarse,1497,3
331,1,0.3570442497730255,0,ERA5_2xCoarse,1497,3
342,0,0.2296772301197052,0,ERA5_2xCoarse,1497,3
343,1,0.8431175947189331,1,ERA5_2xCoarse,1497,3
354,0,0.3786572813987732,0,ERA5_2xCoarse,1497,3
355,1,0.9313264489173888,1,ERA5_2xCoarse,1497,3
374,0,0.0728364884853363,0,ERA5_2xCoarse,1497,3
375,1,0.0644137263298034,0,ERA5_2xCoarse,1497,3
384,0,0.0546704195439815,0,ERA5_2xCoarse,1497,3
385,1,0.8526381254196167,1,ERA5_2xCoarse,1497,3
8,0,0.8191519379615784,1,ERA5_2xCoarse,1497,4
9,1,0.67635178565979,1,ERA5_2xCoarse,1497,4
14,0,0.3799110949039459,0,ERA5_2xCoarse,1497,4
15,1,0.8948426842689514,1,ERA5_2xCoarse,1497,4
16,0,0.6163586378097534,1,ERA5_2xCoarse,1497,4
17,1,0.8258190751075745,1,ERA5_2xCoarse,1497,4
22,0,0.8438116312026978,1,ERA5_2xCoarse,1497,4
23,1,0.8126646280288696,1,ERA5_2xCoarse,1497,4
24,0,0.1826129108667373,0,ERA5_2xCoarse,1497,4
25,1,0.8657862544059753,1,ERA5_2xCoarse,1497,4
48,0,0.796077311038971,1,ERA5_2xCoarse,1497,4
49,1,0.5564655661582947,1,ERA5_2xCoarse,1497,4
60,0,0.0354416482150554,0,ERA5_2xCoarse,1497,4
61,1,0.8995729684829712,1,ERA5_2xCoarse,1497,4
66,0,0.5882765054702759,1,ERA5_2xCoarse,1497,4
67,1,0.7912403345108032,1,ERA5_2xCoarse,1497,4
68,0,0.8136014938354492,1,ERA5_2xCoarse,1497,4
69,1,0.9298335909843444,1,ERA5_2xCoarse,1497,4
72,0,0.0104994401335716,0,ERA5_2xCoarse,1497,4
73,1,0.0442279167473316,0,ERA5_2xCoarse,1497,4
104,0,0.17835533618927,0,ERA5_2xCoarse,1497,4
105,1,0.929850161075592,1,ERA5_2xCoarse,1497,4
114,0,0.93193119764328,1,ERA5_2xCoarse,1497,4
115,1,0.8418703079223633,1,ERA5_2xCoarse,1497,4
122,0,0.016173580661416,0,ERA5_2xCoarse,1497,4
123,1,0.0949817299842834,0,ERA5_2xCoarse,1497,4
130,0,0.1242788136005401,0,ERA5_2xCoarse,1497,4
131,1,0.9555159211158752,1,ERA5_2xCoarse,1497,4
148,0,0.0409393087029457,0,ERA5_2xCoarse,1497,4
149,1,0.6746991276741028,1,ERA5_2xCoarse,1497,4
150,0,0.0092787249013781,0,ERA5_2xCoarse,1497,4
151,1,0.7177624702453613,1,ERA5_2xCoarse,1497,4
158,0,0.6763100624084473,1,ERA5_2xCoarse,1497,4
159,1,0.9154815673828124,1,ERA5_2xCoarse,1497,4
162,0,0.0191281307488679,0,ERA5_2xCoarse,1497,4
163,1,0.9096264839172364,1,ERA5_2xCoarse,1497,4
166,0,0.456163614988327,0,ERA5_2xCoarse,1497,4
167,1,0.7109547853469849,1,ERA5_2xCoarse,1497,4
176,0,0.5587421655654907,1,ERA5_2xCoarse,1497,4
177,1,0.9092405438423156,1,ERA5_2xCoarse,1497,4
180,0,0.7113285064697266,1,ERA5_2xCoarse,1497,4
181,1,0.8752212524414062,1,ERA5_2xCoarse,1497,4
194,0,0.1649577021598816,0,ERA5_2xCoarse,1497,4
195,1,0.0984286740422248,0,ERA5_2xCoarse,1497,4
222,0,0.7327945232391357,1,ERA5_2xCoarse,1497,4
223,1,0.9435104727745056,1,ERA5_2xCoarse,1497,4
230,0,0.6892722845077515,1,ERA5_2xCoarse,1497,4
231,1,0.407679796218872,0,ERA5_2xCoarse,1497,4
244,0,0.9143611788749696,1,ERA5_2xCoarse,1497,4
245,1,0.9372779130935668,1,ERA5_2xCoarse,1497,4
254,0,0.6103754043579102,1,ERA5_2xCoarse,1497,4
255,1,0.5362945795059204,1,ERA5_2xCoarse,1497,4
256,0,0.8074238300323486,1,ERA5_2xCoarse,1497,4
257,1,0.6732463836669922,1,ERA5_2xCoarse,1497,4
272,0,0.0409539863467216,0,ERA5_2xCoarse,1497,4
273,1,0.1762508153915405,0,ERA5_2xCoarse,1497,4
282,0,0.0460324473679065,0,ERA5_2xCoarse,1497,4
283,1,0.7694291472434998,1,ERA5_2xCoarse,1497,4
284,0,0.076707899570465,0,ERA5_2xCoarse,1497,4
285,1,0.7834697961807251,1,ERA5_2xCoarse,1497,4
298,0,0.1589337289333343,0,ERA5_2xCoarse,1497,4
299,1,0.835950493812561,1,ERA5_2xCoarse,1497,4
304,0,0.497588574886322,0,ERA5_2xCoarse,1497,4
305,1,0.7608512043952942,1,ERA5_2xCoarse,1497,4
316,0,0.3686475455760956,0,ERA5_2xCoarse,1497,4
317,1,0.7811142802238464,1,ERA5_2xCoarse,1497,4
326,0,0.0592856481671333,0,ERA5_2xCoarse,1497,4
327,1,0.7490659356117249,1,ERA5_2xCoarse,1497,4
338,0,0.1533389389514923,0,ERA5_2xCoarse,1497,4
339,1,0.0695964992046356,0,ERA5_2xCoarse,1497,4
352,0,0.0819620788097381,0,ERA5_2xCoarse,1497,4
353,1,0.6348786950111389,1,ERA5_2xCoarse,1497,4
366,0,0.2684410810470581,0,ERA5_2xCoarse,1497,4
367,1,0.626920223236084,1,ERA5_2xCoarse,1497,4
368,0,0.1601813435554504,0,ERA5_2xCoarse,1497,4
369,1,0.810024082660675,1,ERA5_2xCoarse,1497,4
378,0,0.0665139406919479,0,ERA5_2xCoarse,1497,4
379,1,0.3178955614566803,0,ERA5_2xCoarse,1497,4
6,0,0.0619910918176174,0,ERA5_2xCoarse,1497,5
7,1,0.873726487159729,1,ERA5_2xCoarse,1497,5
10,0,0.6011451482772827,1,ERA5_2xCoarse,1497,5
11,1,0.7719628810882568,1,ERA5_2xCoarse,1497,5
12,0,0.1271063089370727,0,ERA5_2xCoarse,1497,5
13,1,0.7735379338264465,1,ERA5_2xCoarse,1497,5
42,0,0.252512127161026,0,ERA5_2xCoarse,1497,5
43,1,0.300371378660202,0,ERA5_2xCoarse,1497,5
52,0,0.9277774095535278,1,ERA5_2xCoarse,1497,5
53,1,0.6042124629020691,1,ERA5_2xCoarse,1497,5
80,0,0.099363163113594,0,ERA5_2xCoarse,1497,5
81,1,0.3411724269390106,0,ERA5_2xCoarse,1497,5
90,0,0.1774380654096603,0,ERA5_2xCoarse,1497,5
91,1,0.2541562616825104,0,ERA5_2xCoarse,1497,5
92,0,0.1039122194051742,0,ERA5_2xCoarse,1497,5
93,1,0.9383743405342102,1,ERA5_2xCoarse,1497,5
96,0,0.5532959699630737,1,ERA5_2xCoarse,1497,5
97,1,0.8066828846931458,1,ERA5_2xCoarse,1497,5
102,0,0.1577966958284378,0,ERA5_2xCoarse,1497,5
103,1,0.956064999103546,1,ERA5_2xCoarse,1497,5
106,0,0.1837404370307922,0,ERA5_2xCoarse,1497,5
107,1,0.1863784790039062,0,ERA5_2xCoarse,1497,5
112,0,0.0902718305587768,0,ERA5_2xCoarse,1497,5
113,1,0.9386321306228638,1,ERA5_2xCoarse,1497,5
116,0,0.5933347344398499,1,ERA5_2xCoarse,1497,5
117,1,0.7268637418746948,1,ERA5_2xCoarse,1497,5
126,0,0.1058945730328559,0,ERA5_2xCoarse,1497,5
127,1,0.5809516906738281,1,ERA5_2xCoarse,1497,5
132,0,0.0647953301668167,0,ERA5_2xCoarse,1497,5
133,1,0.408554196357727,0,ERA5_2xCoarse,1497,5
134,0,0.5506237745285034,1,ERA5_2xCoarse,1497,5
135,1,0.5312559008598328,1,ERA5_2xCoarse,1497,5
138,0,0.3699910938739776,0,ERA5_2xCoarse,1497,5
139,1,0.9409685730934144,1,ERA5_2xCoarse,1497,5
160,0,0.2033194750547409,0,ERA5_2xCoarse,1497,5
161,1,0.6864569783210754,1,ERA5_2xCoarse,1497,5
168,0,0.2788881659507751,0,ERA5_2xCoarse,1497,5
169,1,0.1887176483869552,0,ERA5_2xCoarse,1497,5
170,0,0.4654404819011688,0,ERA5_2xCoarse,1497,5
171,1,0.8315358757972717,1,ERA5_2xCoarse,1497,5
174,0,0.3416644334793091,0,ERA5_2xCoarse,1497,5
175,1,0.6717718839645386,1,ERA5_2xCoarse,1497,5
196,0,0.8271266222000122,1,ERA5_2xCoarse,1497,5
197,1,0.9834278225898744,1,ERA5_2xCoarse,1497,5
206,0,0.0157473422586917,0,ERA5_2xCoarse,1497,5
207,1,0.3208715617656708,0,ERA5_2xCoarse,1497,5
216,0,0.0602214969694614,0,ERA5_2xCoarse,1497,5
217,1,0.975962460041046,1,ERA5_2xCoarse,1497,5
258,0,0.1094226241111755,0,ERA5_2xCoarse,1497,5
259,1,0.5693451166152954,1,ERA5_2xCoarse,1497,5
270,0,0.1026147082448005,0,ERA5_2xCoarse,1497,5
271,1,0.9064547419548036,1,ERA5_2xCoarse,1497,5
286,0,0.1506731808185577,0,ERA5_2xCoarse,1497,5
287,1,0.6543673276901245,1,ERA5_2xCoarse,1497,5
288,0,0.7995991706848145,1,ERA5_2xCoarse,1497,5
289,1,0.9717285633087158,1,ERA5_2xCoarse,1497,5
300,0,0.1233840063214302,0,ERA5_2xCoarse,1497,5
301,1,0.8779935240745544,1,ERA5_2xCoarse,1497,5
308,0,0.0930597558617591,0,ERA5_2xCoarse,1497,5
309,1,0.9383743405342102,1,ERA5_2xCoarse,1497,5
318,0,0.1603950411081314,0,ERA5_2xCoarse,1497,5
319,1,0.9647642970085144,1,ERA5_2xCoarse,1497,5
346,0,0.0936445891857147,0,ERA5_2xCoarse,1497,5
347,1,0.9030417799949646,1,ERA5_2xCoarse,1497,5
348,0,0.3999163210391998,0,ERA5_2xCoarse,1497,5
349,1,0.8808370232582092,1,ERA5_2xCoarse,1497,5
362,0,0.1322309821844101,0,ERA5_2xCoarse,1497,5
363,1,0.114412784576416,0,ERA5_2xCoarse,1497,5
364,0,0.1008410230278968,0,ERA5_2xCoarse,1497,5
365,1,0.8955426216125488,1,ERA5_2xCoarse,1497,5
370,0,0.0726821571588516,0,ERA5_2xCoarse,1497,5
371,1,0.8885736465454102,1,ERA5_2xCoarse,1497,5
372,0,0.4127434492111206,0,ERA5_2xCoarse,1497,5
373,1,0.8538516759872437,1,ERA5_2xCoarse,1497,5
382,0,0.1709990054368972,0,ERA5_2xCoarse,1497,5
383,1,0.3790362179279327,0,ERA5_2xCoarse,1497,5
394,0,0.2176037281751632,0,ERA5_2xCoarse,1497,5
395,1,0.8721397519111633,1,ERA5_2xCoarse,1497,5
396,0,0.0492516346275806,0,ERA5_2xCoarse,1497,5
397,1,0.7952014803886414,1,ERA5_2xCoarse,1497,5
22,0,0.858555257320404,1,ERA5_2xCoarse,174,1
23,1,0.9404419660568236,1,ERA5_2xCoarse,174,1
28,0,0.413182258605957,0,ERA5_2xCoarse,174,1
29,1,0.658821702003479,1,ERA5_2xCoarse,174,1
36,0,0.0175506770610809,0,ERA5_2xCoarse,174,1
37,1,0.3285999894142151,0,ERA5_2xCoarse,174,1
42,0,0.0666165500879287,0,ERA5_2xCoarse,174,1
43,1,0.2528931498527527,0,ERA5_2xCoarse,174,1
50,0,0.4260013997554779,0,ERA5_2xCoarse,174,1
51,1,0.3828752040863037,0,ERA5_2xCoarse,174,1
60,0,0.05775086581707,0,ERA5_2xCoarse,174,1
61,1,0.9328173398971558,1,ERA5_2xCoarse,174,1
62,0,0.1521431654691696,0,ERA5_2xCoarse,174,1
63,1,0.3750209510326385,0,ERA5_2xCoarse,174,1
64,0,0.0142075456678867,0,ERA5_2xCoarse,174,1
65,1,0.95261549949646,1,ERA5_2xCoarse,174,1
70,0,0.9462236762046814,1,ERA5_2xCoarse,174,1
71,1,0.7443822622299194,1,ERA5_2xCoarse,174,1
82,0,0.7777141332626343,1,ERA5_2xCoarse,174,1
83,1,0.9355228543281556,1,ERA5_2xCoarse,174,1
94,0,0.9412708878517152,1,ERA5_2xCoarse,174,1
95,1,0.895765483379364,1,ERA5_2xCoarse,174,1
100,0,0.046724759042263,0,ERA5_2xCoarse,174,1
101,1,0.9478439688682556,1,ERA5_2xCoarse,174,1
108,0,0.0393171980977058,0,ERA5_2xCoarse,174,1
109,1,0.9225904941558838,1,ERA5_2xCoarse,174,1
118,0,0.1646680682897567,0,ERA5_2xCoarse,174,1
119,1,0.9943388104438782,1,ERA5_2xCoarse,174,1
122,0,0.0782049447298049,0,ERA5_2xCoarse,174,1
123,1,0.0449054278433322,0,ERA5_2xCoarse,174,1
124,0,0.8641103506088257,1,ERA5_2xCoarse,174,1
125,1,0.9514405727386476,1,ERA5_2xCoarse,174,1
126,0,0.1250621676445007,0,ERA5_2xCoarse,174,1
127,1,0.242516279220581,0,ERA5_2xCoarse,174,1
128,0,0.0124789653345942,0,ERA5_2xCoarse,174,1
129,1,0.9370927810668944,1,ERA5_2xCoarse,174,1
138,0,0.3300143480300903,0,ERA5_2xCoarse,174,1
139,1,0.9637823104858398,1,ERA5_2xCoarse,174,1
146,0,0.1006240844726562,0,ERA5_2xCoarse,174,1
147,1,0.971914291381836,1,ERA5_2xCoarse,174,1
158,0,0.4506161510944366,0,ERA5_2xCoarse,174,1
159,1,0.9901725053787231,1,ERA5_2xCoarse,174,1
190,0,0.5128898024559021,1,ERA5_2xCoarse,174,1
191,1,0.1387497037649154,0,ERA5_2xCoarse,174,1
196,0,0.2307325899600982,0,ERA5_2xCoarse,174,1
197,1,0.9923263788223268,1,ERA5_2xCoarse,174,1
202,0,0.033451709896326,0,ERA5_2xCoarse,174,1
203,1,0.2163139432668686,0,ERA5_2xCoarse,174,1
206,0,0.0360519550740718,0,ERA5_2xCoarse,174,1
207,1,0.2917637526988983,0,ERA5_2xCoarse,174,1
222,0,0.8881738185882568,1,ERA5_2xCoarse,174,1
223,1,0.7912197113037109,1,ERA5_2xCoarse,174,1
228,0,0.917916774749756,1,ERA5_2xCoarse,174,1
229,1,0.728420078754425,1,ERA5_2xCoarse,174,1
234,0,0.0411392040550708,0,ERA5_2xCoarse,174,1
235,1,0.9344623684883118,1,ERA5_2xCoarse,174,1
246,0,0.0209500156342983,0,ERA5_2xCoarse,174,1
247,1,0.7144664525985718,1,ERA5_2xCoarse,174,1
250,0,0.0791455581784248,0,ERA5_2xCoarse,174,1
251,1,0.8885179162025452,1,ERA5_2xCoarse,174,1
252,0,0.0079187275841832,0,ERA5_2xCoarse,174,1
253,1,0.9366827011108398,1,ERA5_2xCoarse,174,1
268,0,0.9578643441200256,1,ERA5_2xCoarse,174,1
269,1,0.7086758613586426,1,ERA5_2xCoarse,174,1
300,0,0.0036650106776505,0,ERA5_2xCoarse,174,1
301,1,0.9774134755134584,1,ERA5_2xCoarse,174,1
302,0,0.8035678863525391,1,ERA5_2xCoarse,174,1
303,1,0.9724962711334229,1,ERA5_2xCoarse,174,1
304,0,0.3827772438526153,0,ERA5_2xCoarse,174,1
305,1,0.8273718953132629,1,ERA5_2xCoarse,174,1
306,0,0.0320569574832916,0,ERA5_2xCoarse,174,1
307,1,0.967099905014038,1,ERA5_2xCoarse,174,1
314,0,0.0978291630744934,0,ERA5_2xCoarse,174,1
315,1,0.0232196617871522,0,ERA5_2xCoarse,174,1
324,0,0.2799457013607025,0,ERA5_2xCoarse,174,1
325,1,0.6401210427284241,1,ERA5_2xCoarse,174,1
332,0,0.0311467945575714,0,ERA5_2xCoarse,174,1
333,1,0.9586647748947144,1,ERA5_2xCoarse,174,1
364,0,0.2664308845996856,0,ERA5_2xCoarse,174,1
365,1,0.962480127811432,1,ERA5_2xCoarse,174,1
374,0,0.023358404636383,0,ERA5_2xCoarse,174,1
375,1,0.0158479493111372,0,ERA5_2xCoarse,174,1
4,0,0.698806643486023,1,ERA5_2xCoarse,174,2
5,1,0.9715996980667114,1,ERA5_2xCoarse,174,2
10,0,0.7403808236122131,1,ERA5_2xCoarse,174,2
11,1,0.9796702861785888,1,ERA5_2xCoarse,174,2
14,0,0.2346045821905136,0,ERA5_2xCoarse,174,2
15,1,0.9914621114730836,1,ERA5_2xCoarse,174,2
18,0,0.0466374680399894,0,ERA5_2xCoarse,174,2
19,1,0.8255855441093445,1,ERA5_2xCoarse,174,2
30,0,0.0302752014249563,0,ERA5_2xCoarse,174,2
31,1,0.7347779870033264,1,ERA5_2xCoarse,174,2
34,0,0.4477406740188598,0,ERA5_2xCoarse,174,2
35,1,0.923750936985016,1,ERA5_2xCoarse,174,2
48,0,0.7919527888298035,1,ERA5_2xCoarse,174,2
49,1,0.4877592325210571,0,ERA5_2xCoarse,174,2
54,0,0.044751837849617,0,ERA5_2xCoarse,174,2
55,1,0.9891729354858398,1,ERA5_2xCoarse,174,2
72,0,0.0064550503157079,0,ERA5_2xCoarse,174,2
73,1,0.0145459854975342,0,ERA5_2xCoarse,174,2
80,0,0.0781100243330001,0,ERA5_2xCoarse,174,2
81,1,0.0356718078255653,0,ERA5_2xCoarse,174,2
84,0,0.977014660835266,1,ERA5_2xCoarse,174,2
85,1,0.912730872631073,1,ERA5_2xCoarse,174,2
88,0,0.1631652861833572,0,ERA5_2xCoarse,174,2
89,1,0.1384871006011963,0,ERA5_2xCoarse,174,2
104,0,0.0859720706939697,0,ERA5_2xCoarse,174,2
105,1,0.8739305138587952,1,ERA5_2xCoarse,174,2
110,0,0.0882711932063102,0,ERA5_2xCoarse,174,2
111,1,0.1740884929895401,0,ERA5_2xCoarse,174,2
140,0,0.0151259051635861,0,ERA5_2xCoarse,174,2
141,1,0.9716033935546876,1,ERA5_2xCoarse,174,2
164,0,0.0046059503220021,0,ERA5_2xCoarse,174,2
165,1,0.8691849112510681,1,ERA5_2xCoarse,174,2
168,0,0.4066905677318573,0,ERA5_2xCoarse,174,2
169,1,0.5994386672973633,1,ERA5_2xCoarse,174,2
170,0,0.2451607584953308,0,ERA5_2xCoarse,174,2
171,1,0.856703519821167,1,ERA5_2xCoarse,174,2
184,0,0.0077019934542477,0,ERA5_2xCoarse,174,2
185,1,0.9678595662117004,1,ERA5_2xCoarse,174,2
192,0,0.90707129240036,1,ERA5_2xCoarse,174,2
193,1,0.9086783528327942,1,ERA5_2xCoarse,174,2
204,0,0.4205137193202972,0,ERA5_2xCoarse,174,2
205,1,0.9597740769386292,1,ERA5_2xCoarse,174,2
212,0,0.8021772503852844,1,ERA5_2xCoarse,174,2
213,1,0.8740028142929077,1,ERA5_2xCoarse,174,2
216,0,0.0606752596795558,0,ERA5_2xCoarse,174,2
217,1,0.9855793714523317,1,ERA5_2xCoarse,174,2
218,0,0.0064718951471149,0,ERA5_2xCoarse,174,2
219,1,0.7378929257392883,1,ERA5_2xCoarse,174,2
224,0,0.4745838940143585,0,ERA5_2xCoarse,174,2
225,1,0.800274133682251,1,ERA5_2xCoarse,174,2
232,0,0.1639205366373062,0,ERA5_2xCoarse,174,2
233,1,0.6854852437973022,1,ERA5_2xCoarse,174,2
238,0,0.5984298586845398,1,ERA5_2xCoarse,174,2
239,1,0.7004445791244507,1,ERA5_2xCoarse,174,2
254,0,0.0303490720689296,0,ERA5_2xCoarse,174,2
255,1,0.957943081855774,1,ERA5_2xCoarse,174,2
270,0,0.0923469290137291,0,ERA5_2xCoarse,174,2
271,1,0.9965813755989076,1,ERA5_2xCoarse,174,2
272,0,0.0149267958477139,0,ERA5_2xCoarse,174,2
273,1,0.0408626273274421,0,ERA5_2xCoarse,174,2
280,0,0.1045559123158454,0,ERA5_2xCoarse,174,2
281,1,0.4176089465618133,0,ERA5_2xCoarse,174,2
284,0,0.0147479670122265,0,ERA5_2xCoarse,174,2
285,1,0.955205261707306,1,ERA5_2xCoarse,174,2
292,0,0.0081092985346913,0,ERA5_2xCoarse,174,2
293,1,0.9810460805892944,1,ERA5_2xCoarse,174,2
310,0,0.0539354607462883,0,ERA5_2xCoarse,174,2
311,1,0.9693517088890076,1,ERA5_2xCoarse,174,2
328,0,0.0525544695556163,0,ERA5_2xCoarse,174,2
329,1,0.981633722782135,1,ERA5_2xCoarse,174,2
350,0,0.0116569325327873,0,ERA5_2xCoarse,174,2
351,1,0.8971225619316101,1,ERA5_2xCoarse,174,2
368,0,0.0143291484564542,0,ERA5_2xCoarse,174,2
369,1,0.9711201786994934,1,ERA5_2xCoarse,174,2
388,0,0.0305685251951217,0,ERA5_2xCoarse,174,2
389,1,0.9243836402893066,1,ERA5_2xCoarse,174,2
390,0,0.0321775041520595,0,ERA5_2xCoarse,174,2
391,1,0.7771517634391785,1,ERA5_2xCoarse,174,2
392,0,0.0484346412122249,0,ERA5_2xCoarse,174,2
393,1,0.5310505032539368,1,ERA5_2xCoarse,174,2
396,0,0.0082437777891755,0,ERA5_2xCoarse,174,2
397,1,0.9290845990180968,1,ERA5_2xCoarse,174,2
6,0,0.0714800357818603,0,ERA5_2xCoarse,174,3
7,1,0.939110279083252,1,ERA5_2xCoarse,174,3
8,0,0.8499653339385986,1,ERA5_2xCoarse,174,3
9,1,0.705415666103363,1,ERA5_2xCoarse,174,3
12,0,0.1563393175601959,0,ERA5_2xCoarse,174,3
13,1,0.52877277135849,1,ERA5_2xCoarse,174,3
20,0,0.8365710377693176,1,ERA5_2xCoarse,174,3
21,1,0.5669026970863342,1,ERA5_2xCoarse,174,3
26,0,0.2546249330043793,0,ERA5_2xCoarse,174,3
27,1,0.3358137309551239,0,ERA5_2xCoarse,174,3
38,0,0.2517834007740021,0,ERA5_2xCoarse,174,3
39,1,0.2965824604034424,0,ERA5_2xCoarse,174,3
68,0,0.7228999733924866,1,ERA5_2xCoarse,174,3
69,1,0.9060192704200744,1,ERA5_2xCoarse,174,3
74,0,0.8704431653022766,1,ERA5_2xCoarse,174,3
75,1,0.968789517879486,1,ERA5_2xCoarse,174,3
92,0,0.0716470927000045,0,ERA5_2xCoarse,174,3
93,1,0.9573611617088318,1,ERA5_2xCoarse,174,3
96,0,0.9300097823143004,1,ERA5_2xCoarse,174,3
97,1,0.5272290110588074,1,ERA5_2xCoarse,174,3
112,0,0.0474769324064254,0,ERA5_2xCoarse,174,3
113,1,0.9432846903800964,1,ERA5_2xCoarse,174,3
132,0,0.0440456569194793,0,ERA5_2xCoarse,174,3
133,1,0.2650265395641327,0,ERA5_2xCoarse,174,3
142,0,0.1205140948295593,0,ERA5_2xCoarse,174,3
143,1,0.93946772813797,1,ERA5_2xCoarse,174,3
148,0,0.1247418820858001,0,ERA5_2xCoarse,174,3
149,1,0.3180898129940033,0,ERA5_2xCoarse,174,3
150,0,0.0099770259112119,0,ERA5_2xCoarse,174,3
151,1,0.8077288866043091,1,ERA5_2xCoarse,174,3
152,0,0.0667240694165229,0,ERA5_2xCoarse,174,3
153,1,0.9663842916488647,1,ERA5_2xCoarse,174,3
154,0,0.8537316918373108,1,ERA5_2xCoarse,174,3
155,1,0.3782576620578766,0,ERA5_2xCoarse,174,3
156,0,0.0182867478579282,0,ERA5_2xCoarse,174,3
157,1,0.7902281880378723,1,ERA5_2xCoarse,174,3
166,0,0.4196370244026184,0,ERA5_2xCoarse,174,3
167,1,0.4748088717460632,0,ERA5_2xCoarse,174,3
174,0,0.3106157779693603,0,ERA5_2xCoarse,174,3
175,1,0.3879219591617584,0,ERA5_2xCoarse,174,3
182,0,0.5618214011192322,1,ERA5_2xCoarse,174,3
183,1,0.8460391759872437,1,ERA5_2xCoarse,174,3
200,0,0.0582144223153591,0,ERA5_2xCoarse,174,3
201,1,0.9699217677116394,1,ERA5_2xCoarse,174,3
240,0,0.3444123268127441,0,ERA5_2xCoarse,174,3
241,1,0.4426815509796142,0,ERA5_2xCoarse,174,3
248,0,0.0089437216520309,0,ERA5_2xCoarse,174,3
249,1,0.8552333116531372,1,ERA5_2xCoarse,174,3
260,0,0.1328921914100647,0,ERA5_2xCoarse,174,3
261,1,0.7789880633354187,1,ERA5_2xCoarse,174,3
262,0,0.1066981628537178,0,ERA5_2xCoarse,174,3
263,1,0.9618098139762878,1,ERA5_2xCoarse,174,3
264,0,0.3886735439300537,0,ERA5_2xCoarse,174,3
265,1,0.625930666923523,1,ERA5_2xCoarse,174,3
274,0,0.2752482295036316,0,ERA5_2xCoarse,174,3
275,1,0.9076494574546814,1,ERA5_2xCoarse,174,3
278,0,0.2844255268573761,0,ERA5_2xCoarse,174,3
279,1,0.9031004309654236,1,ERA5_2xCoarse,174,3
286,0,0.3138862550258636,0,ERA5_2xCoarse,174,3
287,1,0.513077974319458,1,ERA5_2xCoarse,174,3
290,0,0.394731730222702,0,ERA5_2xCoarse,174,3
291,1,0.4086951911449432,0,ERA5_2xCoarse,174,3
296,0,0.3507797718048095,0,ERA5_2xCoarse,174,3
297,1,0.9612998366355896,1,ERA5_2xCoarse,174,3
312,0,0.1341182142496109,0,ERA5_2xCoarse,174,3
313,1,0.9417951703071594,1,ERA5_2xCoarse,174,3
316,0,0.2558055818080902,0,ERA5_2xCoarse,174,3
317,1,0.7596903443336487,1,ERA5_2xCoarse,174,3
342,0,0.1258827745914459,0,ERA5_2xCoarse,174,3
343,1,0.8313954472541809,1,ERA5_2xCoarse,174,3
346,0,0.3870377540588379,0,ERA5_2xCoarse,174,3
347,1,0.9153149724006652,1,ERA5_2xCoarse,174,3
356,0,0.4685504138469696,0,ERA5_2xCoarse,174,3
357,1,0.9242402911186218,1,ERA5_2xCoarse,174,3
358,0,0.1863716095685959,0,ERA5_2xCoarse,174,3
359,1,0.3586935997009277,0,ERA5_2xCoarse,174,3
378,0,0.2777896821498871,0,ERA5_2xCoarse,174,3
379,1,0.5860874652862549,1,ERA5_2xCoarse,174,3
386,0,0.0566357858479023,0,ERA5_2xCoarse,174,3
387,1,0.8441473841667175,1,ERA5_2xCoarse,174,3
394,0,0.2642468214035034,0,ERA5_2xCoarse,174,3
395,1,0.8237307667732239,1,ERA5_2xCoarse,174,3
400,0,0.109234370291233,0,ERA5_2xCoarse,174,3
401,1,0.3144504427909851,0,ERA5_2xCoarse,174,3
0,0,0.1332432180643081,0,ERA5_2xCoarse,174,4
1,1,0.2256263643503189,0,ERA5_2xCoarse,174,4
2,0,0.0875025019049644,0,ERA5_2xCoarse,174,4
3,1,0.0612787492573261,0,ERA5_2xCoarse,174,4
40,0,0.588837206363678,1,ERA5_2xCoarse,174,4
41,1,0.771390438079834,1,ERA5_2xCoarse,174,4
44,0,0.1050797253847122,0,ERA5_2xCoarse,174,4
45,1,0.2527671158313751,0,ERA5_2xCoarse,174,4
52,0,0.8305457830429077,1,ERA5_2xCoarse,174,4
53,1,0.7137275338172913,1,ERA5_2xCoarse,174,4
78,0,0.060620903968811,0,ERA5_2xCoarse,174,4
79,1,0.9052388072013856,1,ERA5_2xCoarse,174,4
86,0,0.2884974479675293,0,ERA5_2xCoarse,174,4
87,1,0.0849016159772872,0,ERA5_2xCoarse,174,4
102,0,0.1239819973707199,0,ERA5_2xCoarse,174,4
103,1,0.9442975521087646,1,ERA5_2xCoarse,174,4
106,0,0.0358505137264728,0,ERA5_2xCoarse,174,4
107,1,0.6810093522071838,1,ERA5_2xCoarse,174,4
116,0,0.7656914591789246,1,ERA5_2xCoarse,174,4
117,1,0.7121005058288574,1,ERA5_2xCoarse,174,4
160,0,0.1776401698589325,0,ERA5_2xCoarse,174,4
161,1,0.7711333632469177,1,ERA5_2xCoarse,174,4
162,0,0.0404328517615795,0,ERA5_2xCoarse,174,4
163,1,0.967850923538208,1,ERA5_2xCoarse,174,4
176,0,0.5668930411338806,1,ERA5_2xCoarse,174,4
177,1,0.7038729786872864,1,ERA5_2xCoarse,174,4
180,0,0.1024167463183403,0,ERA5_2xCoarse,174,4
181,1,0.8304887413978577,1,ERA5_2xCoarse,174,4
188,0,0.7782126069068909,1,ERA5_2xCoarse,174,4
189,1,0.7562551498413086,1,ERA5_2xCoarse,174,4
194,0,0.3410238325595855,0,ERA5_2xCoarse,174,4
195,1,0.0833509042859077,0,ERA5_2xCoarse,174,4
226,0,0.0382806733250618,0,ERA5_2xCoarse,174,4
227,1,0.2364884316921234,0,ERA5_2xCoarse,174,4
236,0,0.1336735785007476,0,ERA5_2xCoarse,174,4
237,1,0.5842596292495728,1,ERA5_2xCoarse,174,4
242,0,0.0802069380879402,0,ERA5_2xCoarse,174,4
243,1,0.1516583263874054,0,ERA5_2xCoarse,174,4
244,0,0.3455749452114105,0,ERA5_2xCoarse,174,4
245,1,0.8104233145713806,1,ERA5_2xCoarse,174,4
256,0,0.2878150641918182,0,ERA5_2xCoarse,174,4
257,1,0.8072670102119446,1,ERA5_2xCoarse,174,4
258,0,0.1141174957156181,0,ERA5_2xCoarse,174,4
259,1,0.5917553305625916,1,ERA5_2xCoarse,174,4
266,0,0.1200930997729301,0,ERA5_2xCoarse,174,4
267,1,0.5833621621131897,1,ERA5_2xCoarse,174,4
276,0,0.2625714540481567,0,ERA5_2xCoarse,174,4
277,1,0.4578676521778106,0,ERA5_2xCoarse,174,4
282,0,0.1909399777650833,0,ERA5_2xCoarse,174,4
283,1,0.7922605276107788,1,ERA5_2xCoarse,174,4
294,0,0.0202841199934482,0,ERA5_2xCoarse,174,4
295,1,0.5655419230461121,1,ERA5_2xCoarse,174,4
298,0,0.0557819232344627,0,ERA5_2xCoarse,174,4
299,1,0.5320117473602295,1,ERA5_2xCoarse,174,4
308,0,0.0483498349785804,0,ERA5_2xCoarse,174,4
309,1,0.9393132925033568,1,ERA5_2xCoarse,174,4
320,0,0.0330166481435298,0,ERA5_2xCoarse,174,4
321,1,0.8804662823677063,1,ERA5_2xCoarse,174,4
322,0,0.2335814833641052,0,ERA5_2xCoarse,174,4
323,1,0.9093714356422424,1,ERA5_2xCoarse,174,4
326,0,0.0237726680934429,0,ERA5_2xCoarse,174,4
327,1,0.8103220462799072,1,ERA5_2xCoarse,174,4
336,0,0.7964146733283997,1,ERA5_2xCoarse,174,4
337,1,0.8992281556129456,1,ERA5_2xCoarse,174,4
340,0,0.3620395958423614,0,ERA5_2xCoarse,174,4
341,1,0.2169675827026367,0,ERA5_2xCoarse,174,4
352,0,0.0420300625264644,0,ERA5_2xCoarse,174,4
353,1,0.5010643601417542,1,ERA5_2xCoarse,174,4
354,0,0.0464286245405674,0,ERA5_2xCoarse,174,4
355,1,0.784371554851532,1,ERA5_2xCoarse,174,4
362,0,0.0493894256651401,0,ERA5_2xCoarse,174,4
363,1,0.0382541641592979,0,ERA5_2xCoarse,174,4
366,0,0.1449510604143142,0,ERA5_2xCoarse,174,4
367,1,0.2868663668632507,0,ERA5_2xCoarse,174,4
372,0,0.1066586449742317,0,ERA5_2xCoarse,174,4
373,1,0.8205333948135376,1,ERA5_2xCoarse,174,4
380,0,0.2450770735740661,0,ERA5_2xCoarse,174,4
381,1,0.5397161841392517,1,ERA5_2xCoarse,174,4
16,0,0.4789944589138031,0,ERA5_2xCoarse,174,5
17,1,0.8897656202316284,1,ERA5_2xCoarse,174,5
24,0,0.0275510940700769,0,ERA5_2xCoarse,174,5
25,1,0.8690832853317261,1,ERA5_2xCoarse,174,5
32,0,0.1789456009864807,0,ERA5_2xCoarse,174,5
33,1,0.7871871590614319,1,ERA5_2xCoarse,174,5
46,0,0.5276125073432922,1,ERA5_2xCoarse,174,5
47,1,0.5897842645645142,1,ERA5_2xCoarse,174,5
56,0,0.2792274355888366,0,ERA5_2xCoarse,174,5
57,1,0.901278018951416,1,ERA5_2xCoarse,174,5
58,0,0.0253484714776277,0,ERA5_2xCoarse,174,5
59,1,0.8760474324226379,1,ERA5_2xCoarse,174,5
66,0,0.4663200378417969,0,ERA5_2xCoarse,174,5
67,1,0.7104599475860596,1,ERA5_2xCoarse,174,5
76,0,0.9060750603675842,1,ERA5_2xCoarse,174,5
77,1,0.9624251127243042,1,ERA5_2xCoarse,174,5
90,0,0.0241284910589456,0,ERA5_2xCoarse,174,5
91,1,0.8181319832801819,1,ERA5_2xCoarse,174,5
98,0,0.8335334658622742,1,ERA5_2xCoarse,174,5
99,1,0.8755037188529968,1,ERA5_2xCoarse,174,5
114,0,0.8350819945335388,1,ERA5_2xCoarse,174,5
115,1,0.9317952394485474,1,ERA5_2xCoarse,174,5
120,0,0.0570870898663997,0,ERA5_2xCoarse,174,5
121,1,0.9331894516944884,1,ERA5_2xCoarse,174,5
130,0,0.1730876415967941,0,ERA5_2xCoarse,174,5
131,1,0.9019488096237184,1,ERA5_2xCoarse,174,5
134,0,0.6140271425247192,1,ERA5_2xCoarse,174,5
135,1,0.3763534426689148,0,ERA5_2xCoarse,174,5
136,0,0.6988331079483032,1,ERA5_2xCoarse,174,5
137,1,0.9466618299484252,1,ERA5_2xCoarse,174,5
144,0,0.3246620595455169,0,ERA5_2xCoarse,174,5
145,1,0.584201991558075,1,ERA5_2xCoarse,174,5
172,0,0.7369974851608276,1,ERA5_2xCoarse,174,5
173,1,0.1445934027433395,0,ERA5_2xCoarse,174,5
178,0,0.0706065222620964,0,ERA5_2xCoarse,174,5
179,1,0.8710970282554626,1,ERA5_2xCoarse,174,5
186,0,0.0070298332720994,0,ERA5_2xCoarse,174,5
187,1,0.7265950441360474,1,ERA5_2xCoarse,174,5
198,0,0.0508406907320022,0,ERA5_2xCoarse,174,5
199,1,0.90879088640213,1,ERA5_2xCoarse,174,5
208,0,0.0034004107583314,0,ERA5_2xCoarse,174,5
209,1,0.931488871574402,1,ERA5_2xCoarse,174,5
210,0,0.0341212004423141,0,ERA5_2xCoarse,174,5
211,1,0.8893357515335083,1,ERA5_2xCoarse,174,5
214,0,0.0073568113148212,0,ERA5_2xCoarse,174,5
215,1,0.8839598298072815,1,ERA5_2xCoarse,174,5
220,0,0.7515019178390503,1,ERA5_2xCoarse,174,5
221,1,0.4489948749542236,0,ERA5_2xCoarse,174,5
230,0,0.6294742822647095,1,ERA5_2xCoarse,174,5
231,1,0.415001630783081,0,ERA5_2xCoarse,174,5
288,0,0.1440616846084594,0,ERA5_2xCoarse,174,5
289,1,0.8825525045394897,1,ERA5_2xCoarse,174,5
318,0,0.1119741722941398,0,ERA5_2xCoarse,174,5
319,1,0.9290975332260132,1,ERA5_2xCoarse,174,5
330,0,0.0032805996015667,0,ERA5_2xCoarse,174,5
331,1,0.4735942482948303,0,ERA5_2xCoarse,174,5
334,0,0.0035090562887489,0,ERA5_2xCoarse,174,5
335,1,0.1490504741668701,0,ERA5_2xCoarse,174,5
338,0,0.0232608281075954,0,ERA5_2xCoarse,174,5
339,1,0.0165185686200857,0,ERA5_2xCoarse,174,5
344,0,0.1428928822278976,0,ERA5_2xCoarse,174,5
345,1,0.7479096055030823,1,ERA5_2xCoarse,174,5
348,0,0.1734418123960495,0,ERA5_2xCoarse,174,5
349,1,0.9068063497543336,1,ERA5_2xCoarse,174,5
360,0,0.121511235833168,0,ERA5_2xCoarse,174,5
361,1,0.1855446994304657,0,ERA5_2xCoarse,174,5
370,0,0.0491587184369564,0,ERA5_2xCoarse,174,5
371,1,0.7698148488998413,1,ERA5_2xCoarse,174,5
376,0,0.1694153547286987,0,ERA5_2xCoarse,174,5
377,1,0.7779263854026794,1,ERA5_2xCoarse,174,5
382,0,0.2374723404645919,0,ERA5_2xCoarse,174,5
383,1,0.3322521150112152,0,ERA5_2xCoarse,174,5
384,0,0.0408364683389663,0,ERA5_2xCoarse,174,5
385,1,0.9184415340423584,1,ERA5_2xCoarse,174,5
398,0,0.0527615770697593,0,ERA5_2xCoarse,174,5
399,1,0.3124510049819946,0,ERA5_2xCoarse,174,5
402,0,0.7228896021842957,1,ERA5_2xCoarse,174,5
403,1,0.8869291543960571,1,ERA5_2xCoarse,174,5
0,0,0.7453565001487732,1,ERA5_2xCoarse,3299,1
1,1,0.4920323193073272,0,ERA5_2xCoarse,3299,1
14,0,0.3150573968887329,0,ERA5_2xCoarse,3299,1
15,1,0.8629928231239319,1,ERA5_2xCoarse,3299,1
18,0,0.1028361171483993,0,ERA5_2xCoarse,3299,1
19,1,0.7597736120223999,1,ERA5_2xCoarse,3299,1
40,0,0.6587446331977844,1,ERA5_2xCoarse,3299,1
41,1,0.6914321780204773,1,ERA5_2xCoarse,3299,1
52,0,0.8254496455192566,1,ERA5_2xCoarse,3299,1
53,1,0.6005197167396545,1,ERA5_2xCoarse,3299,1
58,0,0.0448730215430259,0,ERA5_2xCoarse,3299,1
59,1,0.952954649925232,1,ERA5_2xCoarse,3299,1
62,0,0.1280539035797119,0,ERA5_2xCoarse,3299,1
63,1,0.8269604444503784,1,ERA5_2xCoarse,3299,1
72,0,0.018581997603178,0,ERA5_2xCoarse,3299,1
73,1,0.0254074223339557,0,ERA5_2xCoarse,3299,1
74,0,0.6571696996688843,1,ERA5_2xCoarse,3299,1
75,1,0.9777936339378356,1,ERA5_2xCoarse,3299,1
82,0,0.7744002938270569,1,ERA5_2xCoarse,3299,1
83,1,0.916137158870697,1,ERA5_2xCoarse,3299,1
84,0,0.9679499864578248,1,ERA5_2xCoarse,3299,1
85,1,0.958490252494812,1,ERA5_2xCoarse,3299,1
98,0,0.7667665481567383,1,ERA5_2xCoarse,3299,1
99,1,0.915300190448761,1,ERA5_2xCoarse,3299,1
102,0,0.1472788155078888,0,ERA5_2xCoarse,3299,1
103,1,0.9678797721862792,1,ERA5_2xCoarse,3299,1
106,0,0.0449031889438629,0,ERA5_2xCoarse,3299,1
107,1,0.8471899628639221,1,ERA5_2xCoarse,3299,1
118,0,0.0666717961430549,0,ERA5_2xCoarse,3299,1
119,1,0.9763210415840148,1,ERA5_2xCoarse,3299,1
146,0,0.0268478319048881,0,ERA5_2xCoarse,3299,1
147,1,0.9636351466178894,1,ERA5_2xCoarse,3299,1
182,0,0.5114251375198364,1,ERA5_2xCoarse,3299,1
183,1,0.8326704502105713,1,ERA5_2xCoarse,3299,1
192,0,0.636351466178894,1,ERA5_2xCoarse,3299,1
193,1,0.8310574889183044,1,ERA5_2xCoarse,3299,1
196,0,0.6983947157859802,1,ERA5_2xCoarse,3299,1
197,1,0.9810152053833008,1,ERA5_2xCoarse,3299,1
212,0,0.7600194215774536,1,ERA5_2xCoarse,3299,1
213,1,0.6812007427215576,1,ERA5_2xCoarse,3299,1
214,0,0.134437084197998,0,ERA5_2xCoarse,3299,1
215,1,0.9211466312408448,1,ERA5_2xCoarse,3299,1
228,0,0.6502811312675476,1,ERA5_2xCoarse,3299,1
229,1,0.7557560801506042,1,ERA5_2xCoarse,3299,1
232,0,0.1735090166330337,0,ERA5_2xCoarse,3299,1
233,1,0.6189416646957397,1,ERA5_2xCoarse,3299,1
242,0,0.4272721111774444,0,ERA5_2xCoarse,3299,1
243,1,0.6109889149665833,1,ERA5_2xCoarse,3299,1
254,0,0.4154169261455536,0,ERA5_2xCoarse,3299,1
255,1,0.7541875839233398,1,ERA5_2xCoarse,3299,1
256,0,0.5923503637313843,1,ERA5_2xCoarse,3299,1
257,1,0.7439040541648865,1,ERA5_2xCoarse,3299,1
258,0,0.0734656974673271,0,ERA5_2xCoarse,3299,1
259,1,0.8787863254547119,1,ERA5_2xCoarse,3299,1
272,0,0.0192789789289236,0,ERA5_2xCoarse,3299,1
273,1,0.2581049799919128,0,ERA5_2xCoarse,3299,1
282,0,0.1056283414363861,0,ERA5_2xCoarse,3299,1
283,1,0.8027698993682861,1,ERA5_2xCoarse,3299,1
316,0,0.1947106719017028,0,ERA5_2xCoarse,3299,1
317,1,0.916037380695343,1,ERA5_2xCoarse,3299,1
324,0,0.1731283515691757,0,ERA5_2xCoarse,3299,1
325,1,0.6636951565742493,1,ERA5_2xCoarse,3299,1
328,0,0.0998179018497467,0,ERA5_2xCoarse,3299,1
329,1,0.6990548968315125,1,ERA5_2xCoarse,3299,1
330,0,0.0168830994516611,0,ERA5_2xCoarse,3299,1
331,1,0.1148193851113319,0,ERA5_2xCoarse,3299,1
334,0,0.0257947649806737,0,ERA5_2xCoarse,3299,1
335,1,0.2576343715190887,0,ERA5_2xCoarse,3299,1
348,0,0.4093717634677887,0,ERA5_2xCoarse,3299,1
349,1,0.8731949329376221,1,ERA5_2xCoarse,3299,1
352,0,0.0239620134234428,0,ERA5_2xCoarse,3299,1
353,1,0.7128180265426636,1,ERA5_2xCoarse,3299,1
364,0,0.1231915727257728,0,ERA5_2xCoarse,3299,1
365,1,0.9263126850128174,1,ERA5_2xCoarse,3299,1
378,0,0.1201787590980529,0,ERA5_2xCoarse,3299,1
379,1,0.7584120035171509,1,ERA5_2xCoarse,3299,1
394,0,0.1036621257662773,0,ERA5_2xCoarse,3299,1
395,1,0.6736355423927307,1,ERA5_2xCoarse,3299,1
398,0,0.0772829800844192,0,ERA5_2xCoarse,3299,1
399,1,0.1956187784671783,0,ERA5_2xCoarse,3299,1
6,0,0.052075732499361,0,ERA5_2xCoarse,3299,2
7,1,0.875400185585022,1,ERA5_2xCoarse,3299,2
8,0,0.9827513098716736,1,ERA5_2xCoarse,3299,2
9,1,0.549484133720398,1,ERA5_2xCoarse,3299,2
22,0,0.9532552361488342,1,ERA5_2xCoarse,3299,2
23,1,0.750432014465332,1,ERA5_2xCoarse,3299,2
48,0,0.8003533482551575,1,ERA5_2xCoarse,3299,2
49,1,0.5485891103744507,1,ERA5_2xCoarse,3299,2
56,0,0.4136351943016052,0,ERA5_2xCoarse,3299,2
57,1,0.9639073610305786,1,ERA5_2xCoarse,3299,2
86,0,0.3173255920410156,0,ERA5_2xCoarse,3299,2
87,1,0.1419496536254882,0,ERA5_2xCoarse,3299,2
92,0,0.0453380085527896,0,ERA5_2xCoarse,3299,2
93,1,0.9546703100204468,1,ERA5_2xCoarse,3299,2
108,0,0.0185186360031366,0,ERA5_2xCoarse,3299,2
109,1,0.9470104575157166,1,ERA5_2xCoarse,3299,2
120,0,0.034853022545576,0,ERA5_2xCoarse,3299,2
121,1,0.9590376019477844,1,ERA5_2xCoarse,3299,2
132,0,0.0191764868795871,0,ERA5_2xCoarse,3299,2
133,1,0.5851157307624817,1,ERA5_2xCoarse,3299,2
136,0,0.8749849796295166,1,ERA5_2xCoarse,3299,2
137,1,0.9659757614135742,1,ERA5_2xCoarse,3299,2
140,0,0.0488235428929328,0,ERA5_2xCoarse,3299,2
141,1,0.8666359782218933,1,ERA5_2xCoarse,3299,2
142,0,0.2199786603450775,0,ERA5_2xCoarse,3299,2
143,1,0.8931407332420349,1,ERA5_2xCoarse,3299,2
144,0,0.7830938696861267,1,ERA5_2xCoarse,3299,2
145,1,0.7783145308494568,1,ERA5_2xCoarse,3299,2
150,0,0.0130522036924958,0,ERA5_2xCoarse,3299,2
151,1,0.8527581095695496,1,ERA5_2xCoarse,3299,2
158,0,0.6026004552841187,1,ERA5_2xCoarse,3299,2
159,1,0.978026568889618,1,ERA5_2xCoarse,3299,2
164,0,0.0147892907261848,0,ERA5_2xCoarse,3299,2
165,1,0.7537019848823547,1,ERA5_2xCoarse,3299,2
166,0,0.2266668975353241,0,ERA5_2xCoarse,3299,2
167,1,0.3046630024909973,0,ERA5_2xCoarse,3299,2
190,0,0.7128731608390808,1,ERA5_2xCoarse,3299,2
191,1,0.1935659497976303,0,ERA5_2xCoarse,3299,2
200,0,0.0328061357140541,0,ERA5_2xCoarse,3299,2
201,1,0.9595369696617126,1,ERA5_2xCoarse,3299,2
206,0,0.0168931614607572,0,ERA5_2xCoarse,3299,2
207,1,0.8951067328453064,1,ERA5_2xCoarse,3299,2
208,0,0.0116603001952171,0,ERA5_2xCoarse,3299,2
209,1,0.9577069878578186,1,ERA5_2xCoarse,3299,2
238,0,0.1702115535736084,0,ERA5_2xCoarse,3299,2
239,1,0.3750819563865661,0,ERA5_2xCoarse,3299,2
240,0,0.2426431030035019,0,ERA5_2xCoarse,3299,2
241,1,0.3173596262931824,0,ERA5_2xCoarse,3299,2
270,0,0.2155788391828537,0,ERA5_2xCoarse,3299,2
271,1,0.9618380665779114,1,ERA5_2xCoarse,3299,2
280,0,0.257857471704483,0,ERA5_2xCoarse,3299,2
281,1,0.9530014991760254,1,ERA5_2xCoarse,3299,2
292,0,0.0240963287651538,0,ERA5_2xCoarse,3299,2
293,1,0.8553032279014587,1,ERA5_2xCoarse,3299,2
294,0,0.0285911541432142,0,ERA5_2xCoarse,3299,2
295,1,0.8977251648902893,1,ERA5_2xCoarse,3299,2
298,0,0.0470680445432662,0,ERA5_2xCoarse,3299,2
299,1,0.9618698358535768,1,ERA5_2xCoarse,3299,2
302,0,0.9169665575027466,1,ERA5_2xCoarse,3299,2
303,1,0.9604314565658568,1,ERA5_2xCoarse,3299,2
304,0,0.5085257887840271,1,ERA5_2xCoarse,3299,2
305,1,0.5214863419532776,1,ERA5_2xCoarse,3299,2
308,0,0.4693280458450317,0,ERA5_2xCoarse,3299,2
309,1,0.9546703100204468,1,ERA5_2xCoarse,3299,2
322,0,0.1299590766429901,0,ERA5_2xCoarse,3299,2
323,1,0.949121356010437,1,ERA5_2xCoarse,3299,2
332,0,0.1489734798669815,0,ERA5_2xCoarse,3299,2
333,1,0.7760213613510132,1,ERA5_2xCoarse,3299,2
340,0,0.3571246564388275,0,ERA5_2xCoarse,3299,2
341,1,0.4605333209037781,0,ERA5_2xCoarse,3299,2
342,0,0.0194578394293785,0,ERA5_2xCoarse,3299,2
343,1,0.9882518649101256,1,ERA5_2xCoarse,3299,2
346,0,0.2660763561725616,0,ERA5_2xCoarse,3299,2
347,1,0.922925055027008,1,ERA5_2xCoarse,3299,2
350,0,0.1628812998533249,0,ERA5_2xCoarse,3299,2
351,1,0.8763048052787781,1,ERA5_2xCoarse,3299,2
374,0,0.0962750166654586,0,ERA5_2xCoarse,3299,2
375,1,0.1244165822863578,0,ERA5_2xCoarse,3299,2
376,0,0.2895188331604004,0,ERA5_2xCoarse,3299,2
377,1,0.8803907036781311,1,ERA5_2xCoarse,3299,2
386,0,0.0138319823890924,0,ERA5_2xCoarse,3299,2
387,1,0.9436850547790528,1,ERA5_2xCoarse,3299,2
400,0,0.0812970846891403,0,ERA5_2xCoarse,3299,2
401,1,0.2092046737670898,0,ERA5_2xCoarse,3299,2
2,0,0.1469397842884063,0,ERA5_2xCoarse,3299,3
3,1,0.1205907613039016,0,ERA5_2xCoarse,3299,3
4,0,0.7637777924537659,1,ERA5_2xCoarse,3299,3
5,1,0.604659378528595,1,ERA5_2xCoarse,3299,3
20,0,0.7592109441757202,1,ERA5_2xCoarse,3299,3
21,1,0.4415968060493469,0,ERA5_2xCoarse,3299,3
24,0,0.1109777837991714,0,ERA5_2xCoarse,3299,3
25,1,0.8240689039230347,1,ERA5_2xCoarse,3299,3
28,0,0.1422445923089981,0,ERA5_2xCoarse,3299,3
29,1,0.4822373390197754,0,ERA5_2xCoarse,3299,3
30,0,0.1676335930824279,0,ERA5_2xCoarse,3299,3
31,1,0.6394509077072144,1,ERA5_2xCoarse,3299,3
54,0,0.111801691353321,0,ERA5_2xCoarse,3299,3
55,1,0.9394846558570862,1,ERA5_2xCoarse,3299,3
76,0,0.628244936466217,1,ERA5_2xCoarse,3299,3
77,1,0.8814003467559814,1,ERA5_2xCoarse,3299,3
112,0,0.0831629112362861,0,ERA5_2xCoarse,3299,3
113,1,0.915218710899353,1,ERA5_2xCoarse,3299,3
130,0,0.125681534409523,0,ERA5_2xCoarse,3299,3
131,1,0.8367767930030823,1,ERA5_2xCoarse,3299,3
134,0,0.2153988480567932,0,ERA5_2xCoarse,3299,3
135,1,0.4857067465782165,0,ERA5_2xCoarse,3299,3
138,0,0.7259899973869324,1,ERA5_2xCoarse,3299,3
139,1,0.8504801392555237,1,ERA5_2xCoarse,3299,3
160,0,0.0712532326579094,0,ERA5_2xCoarse,3299,3
161,1,0.7657226324081421,1,ERA5_2xCoarse,3299,3
162,0,0.0840304642915725,0,ERA5_2xCoarse,3299,3
163,1,0.969953179359436,1,ERA5_2xCoarse,3299,3
172,0,0.7084147334098816,1,ERA5_2xCoarse,3299,3
173,1,0.6077774167060852,1,ERA5_2xCoarse,3299,3
174,0,0.6283876895904541,1,ERA5_2xCoarse,3299,3
175,1,0.6702650785446167,1,ERA5_2xCoarse,3299,3
180,0,0.6018262505531311,1,ERA5_2xCoarse,3299,3
181,1,0.5985852479934692,1,ERA5_2xCoarse,3299,3
186,0,0.1258945018053054,0,ERA5_2xCoarse,3299,3
187,1,0.7115048766136169,1,ERA5_2xCoarse,3299,3
198,0,0.0740318149328231,0,ERA5_2xCoarse,3299,3
199,1,0.889435887336731,1,ERA5_2xCoarse,3299,3
218,0,0.0458922311663627,0,ERA5_2xCoarse,3299,3
219,1,0.6024217009544373,1,ERA5_2xCoarse,3299,3
224,0,0.4247929751873016,0,ERA5_2xCoarse,3299,3
225,1,0.703781008720398,1,ERA5_2xCoarse,3299,3
260,0,0.0913751572370529,0,ERA5_2xCoarse,3299,3
261,1,0.8969055414199829,1,ERA5_2xCoarse,3299,3
262,0,0.1352839767932891,0,ERA5_2xCoarse,3299,3
263,1,0.9031177163124084,1,ERA5_2xCoarse,3299,3
264,0,0.5081816911697388,1,ERA5_2xCoarse,3299,3
265,1,0.7164093852043152,1,ERA5_2xCoarse,3299,3
266,0,0.0952896624803543,0,ERA5_2xCoarse,3299,3
267,1,0.3386318981647491,0,ERA5_2xCoarse,3299,3
274,0,0.1784314215183258,0,ERA5_2xCoarse,3299,3
275,1,0.8714187741279602,1,ERA5_2xCoarse,3299,3
276,0,0.2497550845146179,0,ERA5_2xCoarse,3299,3
277,1,0.5826045870780945,1,ERA5_2xCoarse,3299,3
284,0,0.0539285242557525,0,ERA5_2xCoarse,3299,3
285,1,0.9556311964988708,1,ERA5_2xCoarse,3299,3
286,0,0.2060802578926086,0,ERA5_2xCoarse,3299,3
287,1,0.6453363299369812,1,ERA5_2xCoarse,3299,3
290,0,0.5018066763877869,1,ERA5_2xCoarse,3299,3
291,1,0.8048010468482971,1,ERA5_2xCoarse,3299,3
296,0,0.516423225402832,1,ERA5_2xCoarse,3299,3
297,1,0.9524314999580384,1,ERA5_2xCoarse,3299,3
306,0,0.1026296839118003,0,ERA5_2xCoarse,3299,3
307,1,0.9657573699951172,1,ERA5_2xCoarse,3299,3
314,0,0.0710644945502281,0,ERA5_2xCoarse,3299,3
315,1,0.1066884845495224,0,ERA5_2xCoarse,3299,3
336,0,0.648084819316864,1,ERA5_2xCoarse,3299,3
337,1,0.8373176455497742,1,ERA5_2xCoarse,3299,3
358,0,0.0700722485780716,0,ERA5_2xCoarse,3299,3
359,1,0.8459149599075317,1,ERA5_2xCoarse,3299,3
362,0,0.1692127436399459,0,ERA5_2xCoarse,3299,3
363,1,0.2112801522016525,0,ERA5_2xCoarse,3299,3
366,0,0.4117713570594787,0,ERA5_2xCoarse,3299,3
367,1,0.5670657157897949,1,ERA5_2xCoarse,3299,3
372,0,0.712124228477478,1,ERA5_2xCoarse,3299,3
373,1,0.6213761568069458,1,ERA5_2xCoarse,3299,3
380,0,0.5990424156188965,1,ERA5_2xCoarse,3299,3
381,1,0.6529070138931274,1,ERA5_2xCoarse,3299,3
382,0,0.0666653960943222,0,ERA5_2xCoarse,3299,3
383,1,0.307023674249649,0,ERA5_2xCoarse,3299,3
396,0,0.0450834967195987,0,ERA5_2xCoarse,3299,3
397,1,0.7324613332748413,1,ERA5_2xCoarse,3299,3
16,0,0.3273582756519317,0,ERA5_2xCoarse,3299,4
17,1,0.7805023193359375,1,ERA5_2xCoarse,3299,4
26,0,0.1807262748479843,0,ERA5_2xCoarse,3299,4
27,1,0.8350921869277954,1,ERA5_2xCoarse,3299,4
36,0,0.3640848994255066,0,ERA5_2xCoarse,3299,4
37,1,0.4466198682785034,0,ERA5_2xCoarse,3299,4
42,0,0.4017055332660675,0,ERA5_2xCoarse,3299,4
43,1,0.1927716732025146,0,ERA5_2xCoarse,3299,4
46,0,0.4669961035251617,0,ERA5_2xCoarse,3299,4
47,1,0.6457234025001526,1,ERA5_2xCoarse,3299,4
66,0,0.7744039297103882,1,ERA5_2xCoarse,3299,4
67,1,0.9376285076141356,1,ERA5_2xCoarse,3299,4
68,0,0.5970829725265503,1,ERA5_2xCoarse,3299,4
69,1,0.8914201855659485,1,ERA5_2xCoarse,3299,4
90,0,0.1319894045591354,0,ERA5_2xCoarse,3299,4
91,1,0.7811974883079529,1,ERA5_2xCoarse,3299,4
104,0,0.0771535634994506,0,ERA5_2xCoarse,3299,4
105,1,0.6801062226295471,1,ERA5_2xCoarse,3299,4
110,0,0.2889709174633026,0,ERA5_2xCoarse,3299,4
111,1,0.3842311501502991,0,ERA5_2xCoarse,3299,4
114,0,0.9864948987960817,1,ERA5_2xCoarse,3299,4
115,1,0.9458932280540466,1,ERA5_2xCoarse,3299,4
116,0,0.3549571931362152,0,ERA5_2xCoarse,3299,4
117,1,0.9864948987960817,1,ERA5_2xCoarse,3299,4
148,0,0.0795674696564674,0,ERA5_2xCoarse,3299,4
149,1,0.3664822876453399,0,ERA5_2xCoarse,3299,4
154,0,0.2438613772392273,0,ERA5_2xCoarse,3299,4
155,1,0.3817209601402282,0,ERA5_2xCoarse,3299,4
168,0,0.5466151237487793,1,ERA5_2xCoarse,3299,4
169,1,0.8333849310874939,1,ERA5_2xCoarse,3299,4
170,0,0.5568931698799133,1,ERA5_2xCoarse,3299,4
171,1,0.9153205752372742,1,ERA5_2xCoarse,3299,4
176,0,0.928165853023529,1,ERA5_2xCoarse,3299,4
177,1,0.9175480604171752,1,ERA5_2xCoarse,3299,4
184,0,0.0291933342814445,0,ERA5_2xCoarse,3299,4
185,1,0.9291398525238036,1,ERA5_2xCoarse,3299,4
188,0,0.4953408241271972,0,ERA5_2xCoarse,3299,4
189,1,0.7691491842269897,1,ERA5_2xCoarse,3299,4
194,0,0.2187635898590088,0,ERA5_2xCoarse,3299,4
195,1,0.0502988696098327,0,ERA5_2xCoarse,3299,4
202,0,0.0217882338911294,0,ERA5_2xCoarse,3299,4
203,1,0.4639506936073303,0,ERA5_2xCoarse,3299,4
204,0,0.7780168652534485,1,ERA5_2xCoarse,3299,4
205,1,0.9634178280830384,1,ERA5_2xCoarse,3299,4
210,0,0.3038207292556762,0,ERA5_2xCoarse,3299,4
211,1,0.826740026473999,1,ERA5_2xCoarse,3299,4
220,0,0.5125445127487183,1,ERA5_2xCoarse,3299,4
221,1,0.7445588707923889,1,ERA5_2xCoarse,3299,4
244,0,0.1898551434278488,0,ERA5_2xCoarse,3299,4
245,1,0.8763895630836487,1,ERA5_2xCoarse,3299,4
268,0,0.9103438258171082,1,ERA5_2xCoarse,3299,4
269,1,0.9272987842559814,1,ERA5_2xCoarse,3299,4
278,0,0.1091765463352203,0,ERA5_2xCoarse,3299,4
279,1,0.9767714738845824,1,ERA5_2xCoarse,3299,4
300,0,0.3160973787307739,0,ERA5_2xCoarse,3299,4
301,1,0.5319250822067261,1,ERA5_2xCoarse,3299,4
318,0,0.1942399144172668,0,ERA5_2xCoarse,3299,4
319,1,0.9844672679901124,1,ERA5_2xCoarse,3299,4
320,0,0.0225878432393074,0,ERA5_2xCoarse,3299,4
321,1,0.9640578031539916,1,ERA5_2xCoarse,3299,4
326,0,0.3952996432781219,0,ERA5_2xCoarse,3299,4
327,1,0.3758758008480072,0,ERA5_2xCoarse,3299,4
354,0,0.2033418118953704,0,ERA5_2xCoarse,3299,4
355,1,0.7889912724494934,1,ERA5_2xCoarse,3299,4
356,0,0.8282859921455383,1,ERA5_2xCoarse,3299,4
357,1,0.8644951581954956,1,ERA5_2xCoarse,3299,4
368,0,0.4021068215370178,0,ERA5_2xCoarse,3299,4
369,1,0.6144136786460876,1,ERA5_2xCoarse,3299,4
370,0,0.030070686712861,0,ERA5_2xCoarse,3299,4
371,1,0.6777187585830688,1,ERA5_2xCoarse,3299,4
384,0,0.0127931153401732,0,ERA5_2xCoarse,3299,4
385,1,0.9074583053588868,1,ERA5_2xCoarse,3299,4
390,0,0.1085902601480484,0,ERA5_2xCoarse,3299,4
391,1,0.66155606508255,1,ERA5_2xCoarse,3299,4
392,0,0.2145334035158157,0,ERA5_2xCoarse,3299,4
393,1,0.6325221657752991,1,ERA5_2xCoarse,3299,4
402,0,0.8905850648880005,1,ERA5_2xCoarse,3299,4
403,1,0.8827090859413147,1,ERA5_2xCoarse,3299,4
10,0,0.6476259231567383,1,ERA5_2xCoarse,3299,5
11,1,0.9947236776351928,1,ERA5_2xCoarse,3299,5
12,0,0.0079000303521752,0,ERA5_2xCoarse,3299,5
13,1,0.9876204133033752,1,ERA5_2xCoarse,3299,5
32,0,0.1385873258113861,0,ERA5_2xCoarse,3299,5
33,1,0.9793270230293274,1,ERA5_2xCoarse,3299,5
34,0,0.4493775069713592,0,ERA5_2xCoarse,3299,5
35,1,0.7233291864395142,1,ERA5_2xCoarse,3299,5
38,0,0.0047184810973703,0,ERA5_2xCoarse,3299,5
39,1,0.5428264141082764,1,ERA5_2xCoarse,3299,5
44,0,0.0110339596867561,0,ERA5_2xCoarse,3299,5
45,1,0.05441590026021,0,ERA5_2xCoarse,3299,5
50,0,0.0401210486888885,0,ERA5_2xCoarse,3299,5
51,1,0.6357674598693848,1,ERA5_2xCoarse,3299,5
60,0,0.017772963270545,0,ERA5_2xCoarse,3299,5
61,1,0.9885681867599488,1,ERA5_2xCoarse,3299,5
64,0,0.0023598021361976,0,ERA5_2xCoarse,3299,5
65,1,0.997955322265625,1,ERA5_2xCoarse,3299,5
70,0,0.9901766180992126,1,ERA5_2xCoarse,3299,5
71,1,0.7335623502731323,1,ERA5_2xCoarse,3299,5
78,0,0.0209234301000833,0,ERA5_2xCoarse,3299,5
79,1,0.9837665557861328,1,ERA5_2xCoarse,3299,5
80,0,0.059697575867176,0,ERA5_2xCoarse,3299,5
81,1,0.1384148001670837,0,ERA5_2xCoarse,3299,5
88,0,0.5616687536239624,1,ERA5_2xCoarse,3299,5
89,1,0.1078493148088455,0,ERA5_2xCoarse,3299,5
94,0,0.993521511554718,1,ERA5_2xCoarse,3299,5
95,1,0.9974120259284972,1,ERA5_2xCoarse,3299,5
96,0,0.5040589570999146,1,ERA5_2xCoarse,3299,5
97,1,0.8226672410964966,1,ERA5_2xCoarse,3299,5
100,0,0.0063638510182499,0,ERA5_2xCoarse,3299,5
101,1,0.9906947612762452,1,ERA5_2xCoarse,3299,5
122,0,0.0118323732167482,0,ERA5_2xCoarse,3299,5
123,1,0.0234375409781932,0,ERA5_2xCoarse,3299,5
124,0,0.9904272556304932,1,ERA5_2xCoarse,3299,5
125,1,0.9649757146835328,1,ERA5_2xCoarse,3299,5
126,0,0.0297159347683191,0,ERA5_2xCoarse,3299,5
127,1,0.285648375749588,0,ERA5_2xCoarse,3299,5
128,0,0.0017844057874754,0,ERA5_2xCoarse,3299,5
129,1,0.9873653054237366,1,ERA5_2xCoarse,3299,5
152,0,0.0079415626823902,0,ERA5_2xCoarse,3299,5
153,1,0.9987583160400392,1,ERA5_2xCoarse,3299,5
156,0,0.0010639111278578,0,ERA5_2xCoarse,3299,5
157,1,0.9643144607543944,1,ERA5_2xCoarse,3299,5
178,0,0.0042460444383323,0,ERA5_2xCoarse,3299,5
179,1,0.9822571873664856,1,ERA5_2xCoarse,3299,5
216,0,0.0468018725514411,0,ERA5_2xCoarse,3299,5
217,1,0.9979456067085266,1,ERA5_2xCoarse,3299,5
222,0,0.9941614270210266,1,ERA5_2xCoarse,3299,5
223,1,0.6086467504501343,1,ERA5_2xCoarse,3299,5
226,0,0.0099490927532315,0,ERA5_2xCoarse,3299,5
227,1,0.9392025470733644,1,ERA5_2xCoarse,3299,5
230,0,0.468631237745285,0,ERA5_2xCoarse,3299,5
231,1,0.1822056621313095,0,ERA5_2xCoarse,3299,5
234,0,0.2361322939395904,0,ERA5_2xCoarse,3299,5
235,1,0.998063623905182,1,ERA5_2xCoarse,3299,5
236,0,0.0332218706607818,0,ERA5_2xCoarse,3299,5
237,1,0.8057948350906372,1,ERA5_2xCoarse,3299,5
246,0,0.2597875595092773,0,ERA5_2xCoarse,3299,5
247,1,0.6560614109039307,1,ERA5_2xCoarse,3299,5
248,0,0.0010274592787027,0,ERA5_2xCoarse,3299,5
249,1,0.9867017865180968,1,ERA5_2xCoarse,3299,5
250,0,0.0160911083221435,0,ERA5_2xCoarse,3299,5
251,1,0.9704864025115968,1,ERA5_2xCoarse,3299,5
252,0,0.0668311342597007,0,ERA5_2xCoarse,3299,5
253,1,0.9891510009765624,1,ERA5_2xCoarse,3299,5
288,0,0.9816049933433532,1,ERA5_2xCoarse,3299,5
289,1,0.969350516796112,1,ERA5_2xCoarse,3299,5
310,0,0.0296321976929903,0,ERA5_2xCoarse,3299,5
311,1,0.9953715205192566,1,ERA5_2xCoarse,3299,5
312,0,0.0408774837851524,0,ERA5_2xCoarse,3299,5
313,1,0.9880680441856384,1,ERA5_2xCoarse,3299,5
338,0,0.0503092594444751,0,ERA5_2xCoarse,3299,5
339,1,0.0116278463974595,0,ERA5_2xCoarse,3299,5
344,0,0.0195868760347366,0,ERA5_2xCoarse,3299,5
345,1,0.9687620997428894,1,ERA5_2xCoarse,3299,5
360,0,0.088879607617855,0,ERA5_2xCoarse,3299,5
361,1,0.4449477195739746,0,ERA5_2xCoarse,3299,5
388,0,0.0525461584329605,0,ERA5_2xCoarse,3299,5
389,1,0.9703094959259032,1,ERA5_2xCoarse,3299,5
10,0,0.7219887375831604,1,ERA5_2xCoarse,3489,1
11,1,0.6708948016166687,1,ERA5_2xCoarse,3489,1
14,0,0.5471752882003784,1,ERA5_2xCoarse,3489,1
15,1,0.5703403353691101,1,ERA5_2xCoarse,3489,1
22,0,0.8581578731536865,1,ERA5_2xCoarse,3489,1
23,1,0.8520777821540833,1,ERA5_2xCoarse,3489,1
24,0,0.2263503670692443,0,ERA5_2xCoarse,3489,1
25,1,0.886152446269989,1,ERA5_2xCoarse,3489,1
26,0,0.1931967735290527,0,ERA5_2xCoarse,3489,1
27,1,0.4604629874229431,0,ERA5_2xCoarse,3489,1
32,0,0.3623799085617065,0,ERA5_2xCoarse,3489,1
33,1,0.8707479238510132,1,ERA5_2xCoarse,3489,1
40,0,0.551462709903717,1,ERA5_2xCoarse,3489,1
41,1,0.7372641563415527,1,ERA5_2xCoarse,3489,1
58,0,0.2093738764524459,0,ERA5_2xCoarse,3489,1
59,1,0.9369123578071594,1,ERA5_2xCoarse,3489,1
68,0,0.617856502532959,1,ERA5_2xCoarse,3489,1
69,1,0.7826778292655945,1,ERA5_2xCoarse,3489,1
70,0,0.6709089279174805,1,ERA5_2xCoarse,3489,1
71,1,0.5955522656440735,1,ERA5_2xCoarse,3489,1
88,0,0.4322617352008819,0,ERA5_2xCoarse,3489,1
89,1,0.338521659374237,0,ERA5_2xCoarse,3489,1
102,0,0.1595154553651809,0,ERA5_2xCoarse,3489,1
103,1,0.9212159514427184,1,ERA5_2xCoarse,3489,1
106,0,0.1540325582027435,0,ERA5_2xCoarse,3489,1
107,1,0.6747549772262573,1,ERA5_2xCoarse,3489,1
108,0,0.115166425704956,0,ERA5_2xCoarse,3489,1
109,1,0.8377658128738403,1,ERA5_2xCoarse,3489,1
122,0,0.1781151294708252,0,ERA5_2xCoarse,3489,1
123,1,0.252507746219635,0,ERA5_2xCoarse,3489,1
130,0,0.2474958300590515,0,ERA5_2xCoarse,3489,1
131,1,0.8393042087554932,1,ERA5_2xCoarse,3489,1
132,0,0.1465845853090286,0,ERA5_2xCoarse,3489,1
133,1,0.4620710611343384,0,ERA5_2xCoarse,3489,1
198,0,0.1129658743739128,0,ERA5_2xCoarse,3489,1
199,1,0.8226573467254639,1,ERA5_2xCoarse,3489,1
200,0,0.1770927459001541,0,ERA5_2xCoarse,3489,1
201,1,0.9482579231262208,1,ERA5_2xCoarse,3489,1
202,0,0.0380705669522285,0,ERA5_2xCoarse,3489,1
203,1,0.3016065061092376,0,ERA5_2xCoarse,3489,1
218,0,0.0305065773427486,0,ERA5_2xCoarse,3489,1
219,1,0.2973223328590393,0,ERA5_2xCoarse,3489,1
228,0,0.6427249908447266,1,ERA5_2xCoarse,3489,1
229,1,0.8061297535896301,1,ERA5_2xCoarse,3489,1
242,0,0.5046353936195374,1,ERA5_2xCoarse,3489,1
243,1,0.4472116231918335,0,ERA5_2xCoarse,3489,1
244,0,0.7077909708023071,1,ERA5_2xCoarse,3489,1
245,1,0.6969472765922546,1,ERA5_2xCoarse,3489,1
254,0,0.5008962750434875,1,ERA5_2xCoarse,3489,1
255,1,0.5736342668533325,1,ERA5_2xCoarse,3489,1
258,0,0.2213293761014938,0,ERA5_2xCoarse,3489,1
259,1,0.8722505569458008,1,ERA5_2xCoarse,3489,1
264,0,0.5566555857658386,1,ERA5_2xCoarse,3489,1
265,1,0.7102195024490356,1,ERA5_2xCoarse,3489,1
284,0,0.1055057868361473,0,ERA5_2xCoarse,3489,1
285,1,0.8193129897117615,1,ERA5_2xCoarse,3489,1
286,0,0.3384482562541961,0,ERA5_2xCoarse,3489,1
287,1,0.496620774269104,0,ERA5_2xCoarse,3489,1
288,0,0.716921865940094,1,ERA5_2xCoarse,3489,1
289,1,0.8922083377838135,1,ERA5_2xCoarse,3489,1
290,0,0.3544681370258331,0,ERA5_2xCoarse,3489,1
291,1,0.3106527030467987,0,ERA5_2xCoarse,3489,1
298,0,0.1769334226846695,0,ERA5_2xCoarse,3489,1
299,1,0.4680510759353637,0,ERA5_2xCoarse,3489,1
302,0,0.6674361824989319,1,ERA5_2xCoarse,3489,1
303,1,0.6857480406761169,1,ERA5_2xCoarse,3489,1
310,0,0.2145542055368423,0,ERA5_2xCoarse,3489,1
311,1,0.8121209740638733,1,ERA5_2xCoarse,3489,1
338,0,0.1529837995767593,0,ERA5_2xCoarse,3489,1
339,1,0.2740301787853241,0,ERA5_2xCoarse,3489,1
342,0,0.1376341879367828,0,ERA5_2xCoarse,3489,1
343,1,0.6985366940498352,1,ERA5_2xCoarse,3489,1
370,0,0.1658603399991989,0,ERA5_2xCoarse,3489,1
371,1,0.75127112865448,1,ERA5_2xCoarse,3489,1
380,0,0.4807010293006897,0,ERA5_2xCoarse,3489,1
381,1,0.6535754203796387,1,ERA5_2xCoarse,3489,1
384,0,0.0955618917942047,0,ERA5_2xCoarse,3489,1
385,1,0.8509981036186218,1,ERA5_2xCoarse,3489,1
386,0,0.1602505445480346,0,ERA5_2xCoarse,3489,1
387,1,0.6042985916137695,1,ERA5_2xCoarse,3489,1
398,0,0.2197797894477844,0,ERA5_2xCoarse,3489,1
399,1,0.2666101157665252,0,ERA5_2xCoarse,3489,1
16,0,0.2135269939899444,0,ERA5_2xCoarse,3489,2
17,1,0.9985675811767578,1,ERA5_2xCoarse,3489,2
20,0,0.9957214593887328,1,ERA5_2xCoarse,3489,2
21,1,0.7058428525924683,1,ERA5_2xCoarse,3489,2
50,0,0.0457100011408329,0,ERA5_2xCoarse,3489,2
51,1,0.8341103196144104,1,ERA5_2xCoarse,3489,2
54,0,0.0013702941359952,0,ERA5_2xCoarse,3489,2
55,1,0.9987943172454834,1,ERA5_2xCoarse,3489,2
66,0,0.4921983778476715,0,ERA5_2xCoarse,3489,2
67,1,0.3051498234272003,0,ERA5_2xCoarse,3489,2
76,0,0.9086918830871582,1,ERA5_2xCoarse,3489,2
77,1,0.9994640946388244,1,ERA5_2xCoarse,3489,2
84,0,0.996049702167511,1,ERA5_2xCoarse,3489,2
85,1,0.9757709503173828,1,ERA5_2xCoarse,3489,2
86,0,0.9622147083282472,1,ERA5_2xCoarse,3489,2
87,1,0.0705602243542671,0,ERA5_2xCoarse,3489,2
98,0,0.5641764998435974,1,ERA5_2xCoarse,3489,2
99,1,0.966870367527008,1,ERA5_2xCoarse,3489,2
110,0,0.0587785877287387,0,ERA5_2xCoarse,3489,2
111,1,0.6804338097572327,1,ERA5_2xCoarse,3489,2
114,0,0.9966471791267396,1,ERA5_2xCoarse,3489,2
115,1,0.9978352189064026,1,ERA5_2xCoarse,3489,2
140,0,0.0016667805612087,0,ERA5_2xCoarse,3489,2
141,1,0.9733648300170898,1,ERA5_2xCoarse,3489,2
144,0,0.6856919527053833,1,ERA5_2xCoarse,3489,2
145,1,0.7969831824302673,1,ERA5_2xCoarse,3489,2
148,0,0.0125525901094079,0,ERA5_2xCoarse,3489,2
149,1,0.4322982430458069,0,ERA5_2xCoarse,3489,2
154,0,0.5434373021125793,1,ERA5_2xCoarse,3489,2
155,1,0.0314149744808673,0,ERA5_2xCoarse,3489,2
164,0,0.0010104313259944,0,ERA5_2xCoarse,3489,2
165,1,0.99517422914505,1,ERA5_2xCoarse,3489,2
168,0,0.708666205406189,1,ERA5_2xCoarse,3489,2
169,1,0.7313927412033081,1,ERA5_2xCoarse,3489,2
172,0,0.1686604470014572,0,ERA5_2xCoarse,3489,2
173,1,0.683689296245575,1,ERA5_2xCoarse,3489,2
184,0,0.0018901519943028,0,ERA5_2xCoarse,3489,2
185,1,0.9965389966964722,1,ERA5_2xCoarse,3489,2
204,0,0.9972846508026124,1,ERA5_2xCoarse,3489,2
205,1,0.1976165175437927,0,ERA5_2xCoarse,3489,2
206,0,0.001390635385178,0,ERA5_2xCoarse,3489,2
207,1,0.7188519239425659,1,ERA5_2xCoarse,3489,2
210,0,0.0435024499893188,0,ERA5_2xCoarse,3489,2
211,1,0.9956734776496888,1,ERA5_2xCoarse,3489,2
212,0,0.9932748079299928,1,ERA5_2xCoarse,3489,2
213,1,0.4075735807418823,0,ERA5_2xCoarse,3489,2
216,0,0.0084475921466946,0,ERA5_2xCoarse,3489,2
217,1,0.9945347309112548,1,ERA5_2xCoarse,3489,2
220,0,0.9940083026885986,1,ERA5_2xCoarse,3489,2
221,1,0.1782557666301727,0,ERA5_2xCoarse,3489,2
222,0,0.126110091805458,0,ERA5_2xCoarse,3489,2
223,1,0.8198844790458679,1,ERA5_2xCoarse,3489,2
236,0,0.0014425972476601,0,ERA5_2xCoarse,3489,2
237,1,0.0701415836811065,0,ERA5_2xCoarse,3489,2
238,0,0.411422461271286,0,ERA5_2xCoarse,3489,2
239,1,0.569004476070404,1,ERA5_2xCoarse,3489,2
250,0,0.4855461418628692,0,ERA5_2xCoarse,3489,2
251,1,0.9952080845832824,1,ERA5_2xCoarse,3489,2
252,0,0.0027416483499109,0,ERA5_2xCoarse,3489,2
253,1,0.4824799001216888,0,ERA5_2xCoarse,3489,2
268,0,0.6333004832267761,1,ERA5_2xCoarse,3489,2
269,1,0.1805968433618545,0,ERA5_2xCoarse,3489,2
300,0,0.0002035261131823,0,ERA5_2xCoarse,3489,2
301,1,0.9200094938278198,1,ERA5_2xCoarse,3489,2
308,0,0.0834906250238418,0,ERA5_2xCoarse,3489,2
309,1,0.9848565459251404,1,ERA5_2xCoarse,3489,2
314,0,0.0027659197803586,0,ERA5_2xCoarse,3489,2
315,1,0.0487755127251148,0,ERA5_2xCoarse,3489,2
318,0,0.0022824492771178,0,ERA5_2xCoarse,3489,2
319,1,0.9991222023963928,1,ERA5_2xCoarse,3489,2
324,0,0.0055756694637238,0,ERA5_2xCoarse,3489,2
325,1,0.679796040058136,1,ERA5_2xCoarse,3489,2
332,0,0.0046523162163794,0,ERA5_2xCoarse,3489,2
333,1,0.9935963153839112,1,ERA5_2xCoarse,3489,2
334,0,0.0056165549904108,0,ERA5_2xCoarse,3489,2
335,1,0.0697314292192459,0,ERA5_2xCoarse,3489,2
340,0,0.1587631702423095,0,ERA5_2xCoarse,3489,2
341,1,0.276580274105072,0,ERA5_2xCoarse,3489,2
374,0,0.00900724157691,0,ERA5_2xCoarse,3489,2
375,1,0.0016196303768083,0,ERA5_2xCoarse,3489,2
376,0,0.1229209303855896,0,ERA5_2xCoarse,3489,2
377,1,0.6924553513526917,1,ERA5_2xCoarse,3489,2
0,0,0.6744731068611145,1,ERA5_2xCoarse,3489,3
1,1,0.2581309676170349,0,ERA5_2xCoarse,3489,3
30,0,0.3243829011917114,0,ERA5_2xCoarse,3489,3
31,1,0.8139894604682922,1,ERA5_2xCoarse,3489,3
34,0,0.7212471961975098,1,ERA5_2xCoarse,3489,3
35,1,0.6079086661338806,1,ERA5_2xCoarse,3489,3
42,0,0.2958405911922455,0,ERA5_2xCoarse,3489,3
43,1,0.4188441038131714,0,ERA5_2xCoarse,3489,3
46,0,0.7212471961975098,1,ERA5_2xCoarse,3489,3
47,1,0.6079086661338806,1,ERA5_2xCoarse,3489,3
48,0,0.8152462840080261,1,ERA5_2xCoarse,3489,3
49,1,0.6819056272506714,1,ERA5_2xCoarse,3489,3
64,0,0.039617508649826,0,ERA5_2xCoarse,3489,3
65,1,0.8956720232963562,1,ERA5_2xCoarse,3489,3
74,0,0.743036687374115,1,ERA5_2xCoarse,3489,3
75,1,0.9539384245872498,1,ERA5_2xCoarse,3489,3
80,0,0.1301687359809875,0,ERA5_2xCoarse,3489,3
81,1,0.5375216007232666,1,ERA5_2xCoarse,3489,3
94,0,0.759800374507904,1,ERA5_2xCoarse,3489,3
95,1,0.8174217343330383,1,ERA5_2xCoarse,3489,3
96,0,0.7512046694755554,1,ERA5_2xCoarse,3489,3
97,1,0.7834025025367737,1,ERA5_2xCoarse,3489,3
118,0,0.2109457701444625,0,ERA5_2xCoarse,3489,3
119,1,0.9690442085266112,1,ERA5_2xCoarse,3489,3
120,0,0.0945062190294265,0,ERA5_2xCoarse,3489,3
121,1,0.9705677032470704,1,ERA5_2xCoarse,3489,3
124,0,0.9020338654518129,1,ERA5_2xCoarse,3489,3
125,1,0.9134194850921632,1,ERA5_2xCoarse,3489,3
126,0,0.077698178589344,0,ERA5_2xCoarse,3489,3
127,1,0.567789614200592,1,ERA5_2xCoarse,3489,3
128,0,0.0300721526145935,0,ERA5_2xCoarse,3489,3
129,1,0.7265303730964661,1,ERA5_2xCoarse,3489,3
146,0,0.0513368248939514,0,ERA5_2xCoarse,3489,3
147,1,0.9694268107414246,1,ERA5_2xCoarse,3489,3
160,0,0.2405142039060592,0,ERA5_2xCoarse,3489,3
161,1,0.8648735284805298,1,ERA5_2xCoarse,3489,3
166,0,0.2322074323892593,0,ERA5_2xCoarse,3489,3
167,1,0.2560141682624817,0,ERA5_2xCoarse,3489,3
186,0,0.0473285429179668,0,ERA5_2xCoarse,3489,3
187,1,0.8465014696121216,1,ERA5_2xCoarse,3489,3
192,0,0.8318464159965515,1,ERA5_2xCoarse,3489,3
193,1,0.8494383692741394,1,ERA5_2xCoarse,3489,3
196,0,0.7091920375823975,1,ERA5_2xCoarse,3489,3
197,1,0.9715487957000732,1,ERA5_2xCoarse,3489,3
208,0,0.0941433981060981,0,ERA5_2xCoarse,3489,3
209,1,0.974653661251068,1,ERA5_2xCoarse,3489,3
226,0,0.0771572962403297,0,ERA5_2xCoarse,3489,3
227,1,0.2191660404205322,0,ERA5_2xCoarse,3489,3
234,0,0.2144384235143661,0,ERA5_2xCoarse,3489,3
235,1,0.8937357068061829,1,ERA5_2xCoarse,3489,3
240,0,0.5541945099830627,1,ERA5_2xCoarse,3489,3
241,1,0.7458765506744385,1,ERA5_2xCoarse,3489,3
248,0,0.031675599515438,0,ERA5_2xCoarse,3489,3
249,1,0.8122573494911194,1,ERA5_2xCoarse,3489,3
274,0,0.2387534379959106,0,ERA5_2xCoarse,3489,3
275,1,0.8453004956245422,1,ERA5_2xCoarse,3489,3
296,0,0.6781274080276489,1,ERA5_2xCoarse,3489,3
297,1,0.964719533920288,1,ERA5_2xCoarse,3489,3
306,0,0.1783233284950256,0,ERA5_2xCoarse,3489,3
307,1,0.9432184100151062,1,ERA5_2xCoarse,3489,3
312,0,0.1248699277639389,0,ERA5_2xCoarse,3489,3
313,1,0.9513472318649292,1,ERA5_2xCoarse,3489,3
316,0,0.4237070381641388,0,ERA5_2xCoarse,3489,3
317,1,0.8874682188034058,1,ERA5_2xCoarse,3489,3
322,0,0.3774518668651581,0,ERA5_2xCoarse,3489,3
323,1,0.8702518343925476,1,ERA5_2xCoarse,3489,3
336,0,0.5930022597312927,1,ERA5_2xCoarse,3489,3
337,1,0.909205973148346,1,ERA5_2xCoarse,3489,3
352,0,0.2054329961538314,0,ERA5_2xCoarse,3489,3
353,1,0.837566614151001,1,ERA5_2xCoarse,3489,3
356,0,0.6671367287635803,1,ERA5_2xCoarse,3489,3
357,1,0.8291116952896118,1,ERA5_2xCoarse,3489,3
364,0,0.2581081390380859,0,ERA5_2xCoarse,3489,3
365,1,0.936198353767395,1,ERA5_2xCoarse,3489,3
378,0,0.1147108003497123,0,ERA5_2xCoarse,3489,3
379,1,0.6667377352714539,1,ERA5_2xCoarse,3489,3
390,0,0.3061936795711517,0,ERA5_2xCoarse,3489,3
391,1,0.7845516204833984,1,ERA5_2xCoarse,3489,3
402,0,0.5676096081733704,1,ERA5_2xCoarse,3489,3
403,1,0.90308278799057,1,ERA5_2xCoarse,3489,3
6,0,0.0093338545411825,0,ERA5_2xCoarse,3489,4
7,1,0.9203965067863464,1,ERA5_2xCoarse,3489,4
8,0,0.8839163780212402,1,ERA5_2xCoarse,3489,4
9,1,0.7529008984565735,1,ERA5_2xCoarse,3489,4
18,0,0.0557971857488155,0,ERA5_2xCoarse,3489,4
19,1,0.8636378049850464,1,ERA5_2xCoarse,3489,4
36,0,0.0588649809360504,0,ERA5_2xCoarse,3489,4
37,1,0.4379395544528961,0,ERA5_2xCoarse,3489,4
44,0,0.2516726851463318,0,ERA5_2xCoarse,3489,4
45,1,0.3235310316085815,0,ERA5_2xCoarse,3489,4
60,0,0.0609275549650192,0,ERA5_2xCoarse,3489,4
61,1,0.9508302807807922,1,ERA5_2xCoarse,3489,4
62,0,0.1376153528690338,0,ERA5_2xCoarse,3489,4
63,1,0.3546262681484222,0,ERA5_2xCoarse,3489,4
72,0,0.007696131709963,0,ERA5_2xCoarse,3489,4
73,1,0.0090390453115105,0,ERA5_2xCoarse,3489,4
90,0,0.0443125702440738,0,ERA5_2xCoarse,3489,4
91,1,0.8370108604431152,1,ERA5_2xCoarse,3489,4
100,0,0.0407789833843708,0,ERA5_2xCoarse,3489,4
101,1,0.9553619623184204,1,ERA5_2xCoarse,3489,4
104,0,0.0736986994743347,0,ERA5_2xCoarse,3489,4
105,1,0.9240974187850952,1,ERA5_2xCoarse,3489,4
112,0,0.0202436503022909,0,ERA5_2xCoarse,3489,4
113,1,0.9708497524261476,1,ERA5_2xCoarse,3489,4
116,0,0.6030997633934021,1,ERA5_2xCoarse,3489,4
117,1,0.742575466632843,1,ERA5_2xCoarse,3489,4
142,0,0.0420787520706653,0,ERA5_2xCoarse,3489,4
143,1,0.7579380869865417,1,ERA5_2xCoarse,3489,4
150,0,0.0066581522114574,0,ERA5_2xCoarse,3489,4
151,1,0.7474148869514465,1,ERA5_2xCoarse,3489,4
152,0,0.0224987044930458,0,ERA5_2xCoarse,3489,4
153,1,0.9611713886260986,1,ERA5_2xCoarse,3489,4
156,0,0.0078089437447488,0,ERA5_2xCoarse,3489,4
157,1,0.7460198402404785,1,ERA5_2xCoarse,3489,4
170,0,0.5757194757461548,1,ERA5_2xCoarse,3489,4
171,1,0.8947844505310059,1,ERA5_2xCoarse,3489,4
174,0,0.388350248336792,0,ERA5_2xCoarse,3489,4
175,1,0.7506899833679199,1,ERA5_2xCoarse,3489,4
180,0,0.4324433207511902,0,ERA5_2xCoarse,3489,4
181,1,0.9771872162818908,1,ERA5_2xCoarse,3489,4
188,0,0.2110826820135116,0,ERA5_2xCoarse,3489,4
189,1,0.4178730845451355,0,ERA5_2xCoarse,3489,4
190,0,0.3615957498550415,0,ERA5_2xCoarse,3489,4
191,1,0.4538050889968872,0,ERA5_2xCoarse,3489,4
214,0,0.0567080341279506,0,ERA5_2xCoarse,3489,4
215,1,0.9697723984718324,1,ERA5_2xCoarse,3489,4
230,0,0.639947772026062,1,ERA5_2xCoarse,3489,4
231,1,0.2335269153118133,0,ERA5_2xCoarse,3489,4
232,0,0.3885051608085632,0,ERA5_2xCoarse,3489,4
233,1,0.7188498973846436,1,ERA5_2xCoarse,3489,4
246,0,0.1097254008054733,0,ERA5_2xCoarse,3489,4
247,1,0.2319378554821014,0,ERA5_2xCoarse,3489,4
256,0,0.5674075484275818,1,ERA5_2xCoarse,3489,4
257,1,0.6592220067977905,1,ERA5_2xCoarse,3489,4
260,0,0.310917317867279,0,ERA5_2xCoarse,3489,4
261,1,0.6292751431465149,1,ERA5_2xCoarse,3489,4
262,0,0.0181187819689512,0,ERA5_2xCoarse,3489,4
263,1,0.9697241187095642,1,ERA5_2xCoarse,3489,4
278,0,0.1121555864810943,0,ERA5_2xCoarse,3489,4
279,1,0.98194682598114,1,ERA5_2xCoarse,3489,4
282,0,0.1871234327554702,0,ERA5_2xCoarse,3489,4
283,1,0.5406913161277771,1,ERA5_2xCoarse,3489,4
294,0,0.0116034531965851,0,ERA5_2xCoarse,3489,4
295,1,0.1451142132282257,0,ERA5_2xCoarse,3489,4
344,0,0.0087718050926923,0,ERA5_2xCoarse,3489,4
345,1,0.947281301021576,1,ERA5_2xCoarse,3489,4
348,0,0.103652186691761,0,ERA5_2xCoarse,3489,4
349,1,0.9406241178512572,1,ERA5_2xCoarse,3489,4
358,0,0.0601630136370658,0,ERA5_2xCoarse,3489,4
359,1,0.4520663321018219,0,ERA5_2xCoarse,3489,4
366,0,0.1382026225328445,0,ERA5_2xCoarse,3489,4
367,1,0.758816123008728,1,ERA5_2xCoarse,3489,4
372,0,0.8753420114517212,1,ERA5_2xCoarse,3489,4
373,1,0.9624119997024536,1,ERA5_2xCoarse,3489,4
392,0,0.0216452237218618,0,ERA5_2xCoarse,3489,4
393,1,0.8931014537811279,1,ERA5_2xCoarse,3489,4
396,0,0.0181238465011119,0,ERA5_2xCoarse,3489,4
397,1,0.8115012049674988,1,ERA5_2xCoarse,3489,4
2,0,0.2979678809642792,0,ERA5_2xCoarse,3489,5
3,1,0.1745683997869491,0,ERA5_2xCoarse,3489,5
4,0,0.5565442442893982,1,ERA5_2xCoarse,3489,5
5,1,0.4405565857887268,0,ERA5_2xCoarse,3489,5
12,0,0.1896747648715973,0,ERA5_2xCoarse,3489,5
13,1,0.6397569179534912,1,ERA5_2xCoarse,3489,5
28,0,0.2271879464387893,0,ERA5_2xCoarse,3489,5
29,1,0.528854250907898,1,ERA5_2xCoarse,3489,5
38,0,0.2445320636034011,0,ERA5_2xCoarse,3489,5
39,1,0.4677818119525909,0,ERA5_2xCoarse,3489,5
52,0,0.8048490881919861,1,ERA5_2xCoarse,3489,5
53,1,0.5698939561843872,1,ERA5_2xCoarse,3489,5
56,0,0.389035165309906,0,ERA5_2xCoarse,3489,5
57,1,0.9635618925094604,1,ERA5_2xCoarse,3489,5
78,0,0.0495762377977371,0,ERA5_2xCoarse,3489,5
79,1,0.9231197834014891,1,ERA5_2xCoarse,3489,5
82,0,0.8241215348243713,1,ERA5_2xCoarse,3489,5
83,1,0.9197295904159546,1,ERA5_2xCoarse,3489,5
92,0,0.0454798899590969,0,ERA5_2xCoarse,3489,5
93,1,0.9643161296844482,1,ERA5_2xCoarse,3489,5
134,0,0.5335410237312317,1,ERA5_2xCoarse,3489,5
135,1,0.2854587435722351,0,ERA5_2xCoarse,3489,5
136,0,0.6662063002586365,1,ERA5_2xCoarse,3489,5
137,1,0.97580486536026,1,ERA5_2xCoarse,3489,5
138,0,0.2980301976203918,0,ERA5_2xCoarse,3489,5
139,1,0.936659812927246,1,ERA5_2xCoarse,3489,5
158,0,0.5488744974136353,1,ERA5_2xCoarse,3489,5
159,1,0.9710242748260498,1,ERA5_2xCoarse,3489,5
162,0,0.0530278719961643,0,ERA5_2xCoarse,3489,5
163,1,0.9744524359703064,1,ERA5_2xCoarse,3489,5
176,0,0.4997247755527496,0,ERA5_2xCoarse,3489,5
177,1,0.8904489874839783,1,ERA5_2xCoarse,3489,5
178,0,0.3165627121925354,0,ERA5_2xCoarse,3489,5
179,1,0.7146604657173157,1,ERA5_2xCoarse,3489,5
182,0,0.2662343382835388,0,ERA5_2xCoarse,3489,5
183,1,0.8417757749557495,1,ERA5_2xCoarse,3489,5
194,0,0.1752918660640716,0,ERA5_2xCoarse,3489,5
195,1,0.1391563266515731,0,ERA5_2xCoarse,3489,5
224,0,0.6002981066703796,1,ERA5_2xCoarse,3489,5
225,1,0.5965820550918579,1,ERA5_2xCoarse,3489,5
266,0,0.3812310695648193,0,ERA5_2xCoarse,3489,5
267,1,0.5321077108383179,1,ERA5_2xCoarse,3489,5
270,0,0.2425109148025512,0,ERA5_2xCoarse,3489,5
271,1,0.6210903525352478,1,ERA5_2xCoarse,3489,5
272,0,0.11488888412714,0,ERA5_2xCoarse,3489,5
273,1,0.163960263133049,0,ERA5_2xCoarse,3489,5
276,0,0.0906440243124961,0,ERA5_2xCoarse,3489,5
277,1,0.1779973804950714,0,ERA5_2xCoarse,3489,5
280,0,0.3265012204647064,0,ERA5_2xCoarse,3489,5
281,1,0.4820215702056885,0,ERA5_2xCoarse,3489,5
292,0,0.0970401614904403,0,ERA5_2xCoarse,3489,5
293,1,0.8219677805900574,1,ERA5_2xCoarse,3489,5
304,0,0.5592852234840393,1,ERA5_2xCoarse,3489,5
305,1,0.6251626014709473,1,ERA5_2xCoarse,3489,5
320,0,0.05209456756711,0,ERA5_2xCoarse,3489,5
321,1,0.9446463584899902,1,ERA5_2xCoarse,3489,5
326,0,0.393851488828659,0,ERA5_2xCoarse,3489,5
327,1,0.8843919634819031,1,ERA5_2xCoarse,3489,5
328,0,0.1796848475933075,0,ERA5_2xCoarse,3489,5
329,1,0.6624062657356262,1,ERA5_2xCoarse,3489,5
330,0,0.0318452082574367,0,ERA5_2xCoarse,3489,5
331,1,0.4211294054985046,0,ERA5_2xCoarse,3489,5
346,0,0.1143995746970176,0,ERA5_2xCoarse,3489,5
347,1,0.8453952074050903,1,ERA5_2xCoarse,3489,5
350,0,0.0905617550015449,0,ERA5_2xCoarse,3489,5
351,1,0.7540654540061951,1,ERA5_2xCoarse,3489,5
354,0,0.2727313935756683,0,ERA5_2xCoarse,3489,5
355,1,0.8669180870056152,1,ERA5_2xCoarse,3489,5
360,0,0.3932121992111206,0,ERA5_2xCoarse,3489,5
361,1,0.1803241074085235,0,ERA5_2xCoarse,3489,5
362,0,0.1798195093870163,0,ERA5_2xCoarse,3489,5
363,1,0.177632138133049,0,ERA5_2xCoarse,3489,5
368,0,0.2311615347862243,0,ERA5_2xCoarse,3489,5
369,1,0.8531947135925293,1,ERA5_2xCoarse,3489,5
382,0,0.3589528203010559,0,ERA5_2xCoarse,3489,5
383,1,0.34197598695755,0,ERA5_2xCoarse,3489,5
388,0,0.0440237186849117,0,ERA5_2xCoarse,3489,5
389,1,0.5999579429626465,1,ERA5_2xCoarse,3489,5
394,0,0.3217651546001434,0,ERA5_2xCoarse,3489,5
395,1,0.6800702214241028,1,ERA5_2xCoarse,3489,5
400,0,0.3011854588985443,0,ERA5_2xCoarse,3489,5
401,1,0.4763803482055664,0,ERA5_2xCoarse,3489,5
2,0,0.0653839632868766,0,ERA5_2xCoarse,4065,1
3,1,0.0699051097035408,0,ERA5_2xCoarse,4065,1
6,0,0.0012366092996671,0,ERA5_2xCoarse,4065,1
7,1,0.8144945502281189,1,ERA5_2xCoarse,4065,1
10,0,0.8207886815071106,1,ERA5_2xCoarse,4065,1
11,1,0.9120176434516908,1,ERA5_2xCoarse,4065,1
16,0,0.7074403166770935,1,ERA5_2xCoarse,4065,1
17,1,0.9308692216873168,1,ERA5_2xCoarse,4065,1
28,0,0.5026853084564209,1,ERA5_2xCoarse,4065,1
29,1,0.7158728241920471,1,ERA5_2xCoarse,4065,1
30,0,0.0225495751947164,0,ERA5_2xCoarse,4065,1
31,1,0.9158840775489808,1,ERA5_2xCoarse,4065,1
32,0,0.2693987786769867,0,ERA5_2xCoarse,4065,1
33,1,0.9356651902198792,1,ERA5_2xCoarse,4065,1
48,0,0.9155603051185608,1,ERA5_2xCoarse,4065,1
49,1,0.5251583456993103,1,ERA5_2xCoarse,4065,1
54,0,0.0385001748800277,0,ERA5_2xCoarse,4065,1
55,1,0.7725691199302673,1,ERA5_2xCoarse,4065,1
72,0,0.0021009612828493,0,ERA5_2xCoarse,4065,1
73,1,0.0090325502678751,0,ERA5_2xCoarse,4065,1
92,0,0.0237285252660512,0,ERA5_2xCoarse,4065,1
93,1,0.9744903445243835,1,ERA5_2xCoarse,4065,1
98,0,0.9347527623176576,1,ERA5_2xCoarse,4065,1
99,1,0.912227988243103,1,ERA5_2xCoarse,4065,1
122,0,0.0120741426944732,0,ERA5_2xCoarse,4065,1
123,1,0.0031545341480523,0,ERA5_2xCoarse,4065,1
124,0,0.9419224858283995,1,ERA5_2xCoarse,4065,1
125,1,0.6225729584693909,1,ERA5_2xCoarse,4065,1
132,0,0.0144022013992071,0,ERA5_2xCoarse,4065,1
133,1,0.4298445880413055,0,ERA5_2xCoarse,4065,1
162,0,0.0095622893422842,0,ERA5_2xCoarse,4065,1
163,1,0.9646520018577576,1,ERA5_2xCoarse,4065,1
172,0,0.500713586807251,1,ERA5_2xCoarse,4065,1
173,1,0.0769119039177894,0,ERA5_2xCoarse,4065,1
182,0,0.2793995141983032,0,ERA5_2xCoarse,4065,1
183,1,0.8694436550140381,1,ERA5_2xCoarse,4065,1
186,0,0.0150174358859658,0,ERA5_2xCoarse,4065,1
187,1,0.8135143518447876,1,ERA5_2xCoarse,4065,1
198,0,0.0102392612025141,0,ERA5_2xCoarse,4065,1
199,1,0.9243828654289246,1,ERA5_2xCoarse,4065,1
202,0,0.0172802209854125,0,ERA5_2xCoarse,4065,1
203,1,0.0383098497986793,0,ERA5_2xCoarse,4065,1
206,0,0.0081305634230375,0,ERA5_2xCoarse,4065,1
207,1,0.0109681710600852,0,ERA5_2xCoarse,4065,1
214,0,0.004120587836951,0,ERA5_2xCoarse,4065,1
215,1,0.7933653593063354,1,ERA5_2xCoarse,4065,1
218,0,0.0094489827752113,0,ERA5_2xCoarse,4065,1
219,1,0.0246611796319484,0,ERA5_2xCoarse,4065,1
226,0,0.0368374846875667,0,ERA5_2xCoarse,4065,1
227,1,0.8513478636741638,1,ERA5_2xCoarse,4065,1
246,0,0.0036762552335858,0,ERA5_2xCoarse,4065,1
247,1,0.4825959205627441,0,ERA5_2xCoarse,4065,1
254,0,0.0019163214601576,0,ERA5_2xCoarse,4065,1
255,1,0.803146481513977,1,ERA5_2xCoarse,4065,1
258,0,0.0115116266533732,0,ERA5_2xCoarse,4065,1
259,1,0.5656825304031372,1,ERA5_2xCoarse,4065,1
278,0,0.0110382325947284,0,ERA5_2xCoarse,4065,1
279,1,0.9440411329269408,1,ERA5_2xCoarse,4065,1
300,0,0.0067704850807785,0,ERA5_2xCoarse,4065,1
301,1,0.6533100605010986,1,ERA5_2xCoarse,4065,1
310,0,0.018385199829936,0,ERA5_2xCoarse,4065,1
311,1,0.9180536866188048,1,ERA5_2xCoarse,4065,1
312,0,0.065434992313385,0,ERA5_2xCoarse,4065,1
313,1,0.6821679472923279,1,ERA5_2xCoarse,4065,1
320,0,0.02507652528584,0,ERA5_2xCoarse,4065,1
321,1,0.7335018515586853,1,ERA5_2xCoarse,4065,1
332,0,0.0190241672098636,0,ERA5_2xCoarse,4065,1
333,1,0.963059425354004,1,ERA5_2xCoarse,4065,1
346,0,0.005438782274723,0,ERA5_2xCoarse,4065,1
347,1,0.875084638595581,1,ERA5_2xCoarse,4065,1
358,0,0.0154351219534873,0,ERA5_2xCoarse,4065,1
359,1,0.6234654784202576,1,ERA5_2xCoarse,4065,1
360,0,0.5447567105293274,1,ERA5_2xCoarse,4065,1
361,1,0.2270743995904922,0,ERA5_2xCoarse,4065,1
370,0,0.0081938598304986,0,ERA5_2xCoarse,4065,1
371,1,0.5650742650032043,1,ERA5_2xCoarse,4065,1
380,0,0.3202349841594696,0,ERA5_2xCoarse,4065,1
381,1,0.7816082239151001,1,ERA5_2xCoarse,4065,1
386,0,0.0282288752496242,0,ERA5_2xCoarse,4065,1
387,1,0.8426967263221741,1,ERA5_2xCoarse,4065,1
396,0,0.0012070673983544,0,ERA5_2xCoarse,4065,1
397,1,0.8086127042770386,1,ERA5_2xCoarse,4065,1
22,0,0.8876392245292664,1,ERA5_2xCoarse,4065,2
23,1,0.7192760109901428,1,ERA5_2xCoarse,4065,2
24,0,0.0948839783668518,0,ERA5_2xCoarse,4065,2
25,1,0.9156684279441832,1,ERA5_2xCoarse,4065,2
26,0,0.049713559448719,0,ERA5_2xCoarse,4065,2
27,1,0.5269322395324707,1,ERA5_2xCoarse,4065,2
42,0,0.235342800617218,0,ERA5_2xCoarse,4065,2
43,1,0.2554642558097839,0,ERA5_2xCoarse,4065,2
44,0,0.1457577645778656,0,ERA5_2xCoarse,4065,2
45,1,0.2194060534238815,0,ERA5_2xCoarse,4065,2
52,0,0.818543553352356,1,ERA5_2xCoarse,4065,2
53,1,0.4687232077121734,0,ERA5_2xCoarse,4065,2
56,0,0.413501113653183,0,ERA5_2xCoarse,4065,2
57,1,0.9608821868896484,1,ERA5_2xCoarse,4065,2
60,0,0.0995576828718185,0,ERA5_2xCoarse,4065,2
61,1,0.9607091546058656,1,ERA5_2xCoarse,4065,2
68,0,0.7745617032051086,1,ERA5_2xCoarse,4065,2
69,1,0.950645625591278,1,ERA5_2xCoarse,4065,2
70,0,0.9484383463859558,1,ERA5_2xCoarse,4065,2
71,1,0.9261106848716736,1,ERA5_2xCoarse,4065,2
82,0,0.8251057267189026,1,ERA5_2xCoarse,4065,2
83,1,0.947404444217682,1,ERA5_2xCoarse,4065,2
88,0,0.5646928548812866,1,ERA5_2xCoarse,4065,2
89,1,0.0953640714287757,0,ERA5_2xCoarse,4065,2
106,0,0.0764501094818115,0,ERA5_2xCoarse,4065,2
107,1,0.7680546045303345,1,ERA5_2xCoarse,4065,2
136,0,0.885205090045929,1,ERA5_2xCoarse,4065,2
137,1,0.9612641334533693,1,ERA5_2xCoarse,4065,2
152,0,0.0694256201386451,0,ERA5_2xCoarse,4065,2
153,1,0.962357461452484,1,ERA5_2xCoarse,4065,2
158,0,0.7500952482223511,1,ERA5_2xCoarse,4065,2
159,1,0.962357461452484,1,ERA5_2xCoarse,4065,2
180,0,0.7163082957267761,1,ERA5_2xCoarse,4065,2
181,1,0.944775640964508,1,ERA5_2xCoarse,4065,2
192,0,0.8827710747718811,1,ERA5_2xCoarse,4065,2
193,1,0.8179458379745483,1,ERA5_2xCoarse,4065,2
208,0,0.0730703696608543,0,ERA5_2xCoarse,4065,2
209,1,0.964385747909546,1,ERA5_2xCoarse,4065,2
216,0,0.065424658358097,0,ERA5_2xCoarse,4065,2
217,1,0.9653350114822388,1,ERA5_2xCoarse,4065,2
220,0,0.951760232448578,1,ERA5_2xCoarse,4065,2
221,1,0.7281545996665955,1,ERA5_2xCoarse,4065,2
222,0,0.6056762933731079,1,ERA5_2xCoarse,4065,2
223,1,0.931531310081482,1,ERA5_2xCoarse,4065,2
232,0,0.4305855929851532,0,ERA5_2xCoarse,4065,2
233,1,0.8152205348014832,1,ERA5_2xCoarse,4065,2
242,0,0.2017912566661834,0,ERA5_2xCoarse,4065,2
243,1,0.7378777265548706,1,ERA5_2xCoarse,4065,2
270,0,0.4741094410419464,0,ERA5_2xCoarse,4065,2
271,1,0.965572476387024,1,ERA5_2xCoarse,4065,2
276,0,0.5287227034568787,1,ERA5_2xCoarse,4065,2
277,1,0.6548945903778076,1,ERA5_2xCoarse,4065,2
280,0,0.1590763181447982,0,ERA5_2xCoarse,4065,2
281,1,0.4184792041778564,0,ERA5_2xCoarse,4065,2
284,0,0.0738542973995208,0,ERA5_2xCoarse,4065,2
285,1,0.8930944204330444,1,ERA5_2xCoarse,4065,2
286,0,0.3618040382862091,0,ERA5_2xCoarse,4065,2
287,1,0.6618235111236572,1,ERA5_2xCoarse,4065,2
298,0,0.0769673064351081,0,ERA5_2xCoarse,4065,2
299,1,0.8494448065757751,1,ERA5_2xCoarse,4065,2
302,0,0.8056031465530396,1,ERA5_2xCoarse,4065,2
303,1,0.8794093132019043,1,ERA5_2xCoarse,4065,2
314,0,0.2269130796194076,0,ERA5_2xCoarse,4065,2
315,1,0.0547754801809787,0,ERA5_2xCoarse,4065,2
326,0,0.3367820680141449,0,ERA5_2xCoarse,4065,2
327,1,0.8154881000518799,1,ERA5_2xCoarse,4065,2
328,0,0.1339451521635055,0,ERA5_2xCoarse,4065,2
329,1,0.8951530456542969,1,ERA5_2xCoarse,4065,2
366,0,0.262963056564331,0,ERA5_2xCoarse,4065,2
367,1,0.7958335876464844,1,ERA5_2xCoarse,4065,2
368,0,0.1582065522670745,0,ERA5_2xCoarse,4065,2
369,1,0.9348989725112916,1,ERA5_2xCoarse,4065,2
372,0,0.305428683757782,0,ERA5_2xCoarse,4065,2
373,1,0.820961594581604,1,ERA5_2xCoarse,4065,2
384,0,0.0557570457458496,0,ERA5_2xCoarse,4065,2
385,1,0.9613450169563292,1,ERA5_2xCoarse,4065,2
388,0,0.0561960078775882,0,ERA5_2xCoarse,4065,2
389,1,0.8253528475761414,1,ERA5_2xCoarse,4065,2
392,0,0.0822553113102912,0,ERA5_2xCoarse,4065,2
393,1,0.8882842063903809,1,ERA5_2xCoarse,4065,2
8,0,0.6963304877281189,1,ERA5_2xCoarse,4065,3
9,1,0.5887724757194519,1,ERA5_2xCoarse,4065,3
34,0,0.7740960717201233,1,ERA5_2xCoarse,4065,3
35,1,0.4831080436706543,0,ERA5_2xCoarse,4065,3
38,0,0.3475357890129089,0,ERA5_2xCoarse,4065,3
39,1,0.3411356210708618,0,ERA5_2xCoarse,4065,3
62,0,0.1593308597803115,0,ERA5_2xCoarse,4065,3
63,1,0.8600540161132812,1,ERA5_2xCoarse,4065,3
74,0,0.7089065909385681,1,ERA5_2xCoarse,4065,3
75,1,0.9136506915092468,1,ERA5_2xCoarse,4065,3
76,0,0.3741497695446014,0,ERA5_2xCoarse,4065,3
77,1,0.8287203311920166,1,ERA5_2xCoarse,4065,3
78,0,0.1111470535397529,0,ERA5_2xCoarse,4065,3
79,1,0.848656177520752,1,ERA5_2xCoarse,4065,3
80,0,0.1923238039016723,0,ERA5_2xCoarse,4065,3
81,1,0.2444251924753189,0,ERA5_2xCoarse,4065,3
84,0,0.9528031945228576,1,ERA5_2xCoarse,4065,3
85,1,0.9360955953598022,1,ERA5_2xCoarse,4065,3
108,0,0.049042671918869,0,ERA5_2xCoarse,4065,3
109,1,0.8442168235778809,1,ERA5_2xCoarse,4065,3
112,0,0.0599310658872127,0,ERA5_2xCoarse,4065,3
113,1,0.8731317520141602,1,ERA5_2xCoarse,4065,3
118,0,0.1991662830114364,0,ERA5_2xCoarse,4065,3
119,1,0.8206795454025269,1,ERA5_2xCoarse,4065,3
128,0,0.0288621056824922,0,ERA5_2xCoarse,4065,3
129,1,0.7393273711204529,1,ERA5_2xCoarse,4065,3
130,0,0.2401647269725799,0,ERA5_2xCoarse,4065,3
131,1,0.8748672604560852,1,ERA5_2xCoarse,4065,3
142,0,0.1464930027723312,0,ERA5_2xCoarse,4065,3
143,1,0.7092066407203674,1,ERA5_2xCoarse,4065,3
148,0,0.1173761934041976,0,ERA5_2xCoarse,4065,3
149,1,0.412687748670578,0,ERA5_2xCoarse,4065,3
154,0,0.5741154551506042,1,ERA5_2xCoarse,4065,3
155,1,0.441352367401123,0,ERA5_2xCoarse,4065,3
160,0,0.1641094982624054,0,ERA5_2xCoarse,4065,3
161,1,0.7120564579963684,1,ERA5_2xCoarse,4065,3
164,0,0.0344793908298015,0,ERA5_2xCoarse,4065,3
165,1,0.6826625466346741,1,ERA5_2xCoarse,4065,3
168,0,0.3623352348804474,0,ERA5_2xCoarse,4065,3
169,1,0.4301085770130157,0,ERA5_2xCoarse,4065,3
170,0,0.5067095160484314,1,ERA5_2xCoarse,4065,3
171,1,0.5507009029388428,1,ERA5_2xCoarse,4065,3
176,0,0.4348776042461395,0,ERA5_2xCoarse,4065,3
177,1,0.5709292888641357,1,ERA5_2xCoarse,4065,3
190,0,0.2126208841800689,0,ERA5_2xCoarse,4065,3
191,1,0.4006716012954712,0,ERA5_2xCoarse,4065,3
228,0,0.604517936706543,1,ERA5_2xCoarse,4065,3
229,1,0.7901647090911865,1,ERA5_2xCoarse,4065,3
230,0,0.7439103126525879,1,ERA5_2xCoarse,4065,3
231,1,0.3553836643695831,0,ERA5_2xCoarse,4065,3
236,0,0.49760302901268,0,ERA5_2xCoarse,4065,3
237,1,0.4841522574424743,0,ERA5_2xCoarse,4065,3
260,0,0.1324801743030548,0,ERA5_2xCoarse,4065,3
261,1,0.9018962979316713,1,ERA5_2xCoarse,4065,3
264,0,0.4463531374931335,0,ERA5_2xCoarse,4065,3
265,1,0.5438646674156189,1,ERA5_2xCoarse,4065,3
266,0,0.3276692926883697,0,ERA5_2xCoarse,4065,3
267,1,0.6314646601676941,1,ERA5_2xCoarse,4065,3
282,0,0.114749938249588,0,ERA5_2xCoarse,4065,3
283,1,0.7532766461372375,1,ERA5_2xCoarse,4065,3
290,0,0.4394740164279938,0,ERA5_2xCoarse,4065,3
291,1,0.4122515618801117,0,ERA5_2xCoarse,4065,3
296,0,0.5872225165367126,1,ERA5_2xCoarse,4065,3
297,1,0.7686899900436401,1,ERA5_2xCoarse,4065,3
304,0,0.4286102056503296,0,ERA5_2xCoarse,4065,3
305,1,0.7423802614212036,1,ERA5_2xCoarse,4065,3
322,0,0.4864789843559265,0,ERA5_2xCoarse,4065,3
323,1,0.8107485175132751,1,ERA5_2xCoarse,4065,3
324,0,0.5182651281356812,1,ERA5_2xCoarse,4065,3
325,1,0.5283592939376831,1,ERA5_2xCoarse,4065,3
336,0,0.6121270656585693,1,ERA5_2xCoarse,4065,3
337,1,0.6401817798614502,1,ERA5_2xCoarse,4065,3
354,0,0.2923422753810882,0,ERA5_2xCoarse,4065,3
355,1,0.7967256307601929,1,ERA5_2xCoarse,4065,3
356,0,0.3251732587814331,0,ERA5_2xCoarse,4065,3
357,1,0.5891425013542175,1,ERA5_2xCoarse,4065,3
364,0,0.1214500591158866,0,ERA5_2xCoarse,4065,3
365,1,0.6900405883789062,1,ERA5_2xCoarse,4065,3
378,0,0.0810081958770752,0,ERA5_2xCoarse,4065,3
379,1,0.2646898627281189,0,ERA5_2xCoarse,4065,3
394,0,0.3256983160972595,0,ERA5_2xCoarse,4065,3
395,1,0.7129165530204773,1,ERA5_2xCoarse,4065,3
0,0,0.2996464073657989,0,ERA5_2xCoarse,4065,4
1,1,0.2937224805355072,0,ERA5_2xCoarse,4065,4
4,0,0.8738144040107727,1,ERA5_2xCoarse,4065,4
5,1,0.2367726862430572,0,ERA5_2xCoarse,4065,4
20,0,0.8421295881271362,1,ERA5_2xCoarse,4065,4
21,1,0.6458525657653809,1,ERA5_2xCoarse,4065,4
36,0,0.3092014491558075,0,ERA5_2xCoarse,4065,4
37,1,0.6341184973716736,1,ERA5_2xCoarse,4065,4
40,0,0.7470972537994385,1,ERA5_2xCoarse,4065,4
41,1,0.7591128349304199,1,ERA5_2xCoarse,4065,4
50,0,0.7615728378295898,1,ERA5_2xCoarse,4065,4
51,1,0.5091221928596497,1,ERA5_2xCoarse,4065,4
58,0,0.0609801933169364,0,ERA5_2xCoarse,4065,4
59,1,0.97302907705307,1,ERA5_2xCoarse,4065,4
64,0,0.0031131654977798,0,ERA5_2xCoarse,4065,4
65,1,0.926173985004425,1,ERA5_2xCoarse,4065,4
86,0,0.306434154510498,0,ERA5_2xCoarse,4065,4
87,1,0.5860440731048584,1,ERA5_2xCoarse,4065,4
94,0,0.8878586888313293,1,ERA5_2xCoarse,4065,4
95,1,0.8262883424758911,1,ERA5_2xCoarse,4065,4
96,0,0.7419428825378418,1,ERA5_2xCoarse,4065,4
97,1,0.8425808548927307,1,ERA5_2xCoarse,4065,4
100,0,0.0372899360954761,0,ERA5_2xCoarse,4065,4
101,1,0.9573235511779784,1,ERA5_2xCoarse,4065,4
114,0,0.8869157433509827,1,ERA5_2xCoarse,4065,4
115,1,0.9061577916145324,1,ERA5_2xCoarse,4065,4
144,0,0.8330633640289307,1,ERA5_2xCoarse,4065,4
145,1,0.6813666820526123,1,ERA5_2xCoarse,4065,4
150,0,0.0128243584185838,0,ERA5_2xCoarse,4065,4
151,1,0.6536893248558044,1,ERA5_2xCoarse,4065,4
156,0,0.0120990015566349,0,ERA5_2xCoarse,4065,4
157,1,0.6005265712738037,1,ERA5_2xCoarse,4065,4
174,0,0.5314648747444153,1,ERA5_2xCoarse,4065,4
175,1,0.5867413878440857,1,ERA5_2xCoarse,4065,4
178,0,0.0279153939336538,0,ERA5_2xCoarse,4065,4
179,1,0.7612088322639465,1,ERA5_2xCoarse,4065,4
188,0,0.2543621659278869,0,ERA5_2xCoarse,4065,4
189,1,0.7622209191322327,1,ERA5_2xCoarse,4065,4
196,0,0.7607778906822205,1,ERA5_2xCoarse,4065,4
197,1,0.963150918483734,1,ERA5_2xCoarse,4065,4
204,0,0.8105378746986389,1,ERA5_2xCoarse,4065,4
205,1,0.725902259349823,1,ERA5_2xCoarse,4065,4
224,0,0.6595029234886169,1,ERA5_2xCoarse,4065,4
225,1,0.6845213174819946,1,ERA5_2xCoarse,4065,4
238,0,0.4113166928291321,0,ERA5_2xCoarse,4065,4
239,1,0.6956425309181213,1,ERA5_2xCoarse,4065,4
240,0,0.331740140914917,0,ERA5_2xCoarse,4065,4
241,1,0.5160927176475525,1,ERA5_2xCoarse,4065,4
248,0,0.0071758865378797,0,ERA5_2xCoarse,4065,4
249,1,0.7608038187026978,1,ERA5_2xCoarse,4065,4
268,0,0.8363619446754456,1,ERA5_2xCoarse,4065,4
269,1,0.7592937350273132,1,ERA5_2xCoarse,4065,4
272,0,0.0045709861442446,0,ERA5_2xCoarse,4065,4
273,1,0.4288493990898132,0,ERA5_2xCoarse,4065,4
274,0,0.0710705369710922,0,ERA5_2xCoarse,4065,4
275,1,0.941849410533905,1,ERA5_2xCoarse,4065,4
288,0,0.5675530433654785,1,ERA5_2xCoarse,4065,4
289,1,0.95405250787735,1,ERA5_2xCoarse,4065,4
306,0,0.0217889286577701,0,ERA5_2xCoarse,4065,4
307,1,0.9607706665992736,1,ERA5_2xCoarse,4065,4
308,0,0.1067883223295211,0,ERA5_2xCoarse,4065,4
309,1,0.932540237903595,1,ERA5_2xCoarse,4065,4
316,0,0.1891071051359176,0,ERA5_2xCoarse,4065,4
317,1,0.7968161702156067,1,ERA5_2xCoarse,4065,4
330,0,0.0114670349285006,0,ERA5_2xCoarse,4065,4
331,1,0.6110270023345947,1,ERA5_2xCoarse,4065,4
338,0,0.025076076388359,0,ERA5_2xCoarse,4065,4
339,1,0.0661452934145927,0,ERA5_2xCoarse,4065,4
340,0,0.445841521024704,0,ERA5_2xCoarse,4065,4
341,1,0.3465019762516022,0,ERA5_2xCoarse,4065,4
362,0,0.0452974177896976,0,ERA5_2xCoarse,4065,4
363,1,0.0789675638079643,0,ERA5_2xCoarse,4065,4
374,0,0.0906692817807197,0,ERA5_2xCoarse,4065,4
375,1,0.033406589180231,0,ERA5_2xCoarse,4065,4
382,0,0.0688187405467033,0,ERA5_2xCoarse,4065,4
383,1,0.2280125468969345,0,ERA5_2xCoarse,4065,4
398,0,0.182991474866867,0,ERA5_2xCoarse,4065,4
399,1,0.6973088979721069,1,ERA5_2xCoarse,4065,4
12,0,0.0242824107408523,0,ERA5_2xCoarse,4065,5
13,1,0.4390158057212829,0,ERA5_2xCoarse,4065,5
14,0,0.0918145775794982,0,ERA5_2xCoarse,4065,5
15,1,0.3777098655700683,0,ERA5_2xCoarse,4065,5
18,0,0.0264728888869285,0,ERA5_2xCoarse,4065,5
19,1,0.7803357243537903,1,ERA5_2xCoarse,4065,5
46,0,0.2743291556835174,0,ERA5_2xCoarse,4065,5
47,1,0.7650147676467896,1,ERA5_2xCoarse,4065,5
66,0,0.6243380308151245,1,ERA5_2xCoarse,4065,5
67,1,0.5905982851982117,1,ERA5_2xCoarse,4065,5
90,0,0.1104193478822708,0,ERA5_2xCoarse,4065,5
91,1,0.5285606384277344,1,ERA5_2xCoarse,4065,5
102,0,0.2825320363044739,0,ERA5_2xCoarse,4065,5
103,1,0.979737102985382,1,ERA5_2xCoarse,4065,5
104,0,0.3208778202533722,0,ERA5_2xCoarse,4065,5
105,1,0.8748010396957397,1,ERA5_2xCoarse,4065,5
110,0,0.3390432298183441,0,ERA5_2xCoarse,4065,5
111,1,0.6542329788208008,1,ERA5_2xCoarse,4065,5
116,0,0.703022837638855,1,ERA5_2xCoarse,4065,5
117,1,0.8829657435417175,1,ERA5_2xCoarse,4065,5
120,0,0.0702867731451988,0,ERA5_2xCoarse,4065,5
121,1,0.9819557070732116,1,ERA5_2xCoarse,4065,5
126,0,0.080048844218254,0,ERA5_2xCoarse,4065,5
127,1,0.6422181725502014,1,ERA5_2xCoarse,4065,5
134,0,0.5893256664276123,1,ERA5_2xCoarse,4065,5
135,1,0.7636865377426147,1,ERA5_2xCoarse,4065,5
138,0,0.8936501145362854,1,ERA5_2xCoarse,4065,5
139,1,0.984548568725586,1,ERA5_2xCoarse,4065,5
140,0,0.0222460217773914,0,ERA5_2xCoarse,4065,5
141,1,0.8419198989868164,1,ERA5_2xCoarse,4065,5
146,0,0.0467852838337421,0,ERA5_2xCoarse,4065,5
147,1,0.9778457283973694,1,ERA5_2xCoarse,4065,5
166,0,0.1578508615493774,0,ERA5_2xCoarse,4065,5
167,1,0.0960894376039505,0,ERA5_2xCoarse,4065,5
184,0,0.0165844727307558,0,ERA5_2xCoarse,4065,5
185,1,0.7769787907600403,1,ERA5_2xCoarse,4065,5
194,0,0.2492857724428177,0,ERA5_2xCoarse,4065,5
195,1,0.0934456214308738,0,ERA5_2xCoarse,4065,5
200,0,0.0585712753236293,0,ERA5_2xCoarse,4065,5
201,1,0.9898698925971984,1,ERA5_2xCoarse,4065,5
210,0,0.0647606402635574,0,ERA5_2xCoarse,4065,5
211,1,0.976823091506958,1,ERA5_2xCoarse,4065,5
212,0,0.8803329467773438,1,ERA5_2xCoarse,4065,5
213,1,0.6820171475410461,1,ERA5_2xCoarse,4065,5
234,0,0.0717930346727371,0,ERA5_2xCoarse,4065,5
235,1,0.7880668044090271,1,ERA5_2xCoarse,4065,5
244,0,0.6351245641708374,1,ERA5_2xCoarse,4065,5
245,1,0.9667112827301024,1,ERA5_2xCoarse,4065,5
250,0,0.084207035601139,0,ERA5_2xCoarse,4065,5
251,1,0.7746018171310425,1,ERA5_2xCoarse,4065,5
252,0,0.0586476102471351,0,ERA5_2xCoarse,4065,5
253,1,0.5741250514984131,1,ERA5_2xCoarse,4065,5
256,0,0.0327710099518299,0,ERA5_2xCoarse,4065,5
257,1,0.8312276601791382,1,ERA5_2xCoarse,4065,5
262,0,0.0374284461140632,0,ERA5_2xCoarse,4065,5
263,1,0.9753722548484802,1,ERA5_2xCoarse,4065,5
292,0,0.015761487185955,0,ERA5_2xCoarse,4065,5
293,1,0.8273676633834839,1,ERA5_2xCoarse,4065,5
294,0,0.0269575268030166,0,ERA5_2xCoarse,4065,5
295,1,0.1230222433805465,0,ERA5_2xCoarse,4065,5
318,0,0.0919623970985412,0,ERA5_2xCoarse,4065,5
319,1,0.986957848072052,1,ERA5_2xCoarse,4065,5
334,0,0.0138147426769137,0,ERA5_2xCoarse,4065,5
335,1,0.3252059817314148,0,ERA5_2xCoarse,4065,5
342,0,0.0073460144922137,0,ERA5_2xCoarse,4065,5
343,1,0.8497713804244995,1,ERA5_2xCoarse,4065,5
344,0,0.1641730517148971,0,ERA5_2xCoarse,4065,5
345,1,0.8791483640670776,1,ERA5_2xCoarse,4065,5
348,0,0.1303873509168625,0,ERA5_2xCoarse,4065,5
349,1,0.9052377939224244,1,ERA5_2xCoarse,4065,5
350,0,0.0592295341193676,0,ERA5_2xCoarse,4065,5
351,1,0.8128296136856079,1,ERA5_2xCoarse,4065,5
352,0,0.0095059182494878,0,ERA5_2xCoarse,4065,5
353,1,0.1113476976752281,0,ERA5_2xCoarse,4065,5
376,0,0.6266969442367554,1,ERA5_2xCoarse,4065,5
377,1,0.7239373922348022,1,ERA5_2xCoarse,4065,5
390,0,0.0356794521212577,0,ERA5_2xCoarse,4065,5
391,1,0.4764244854450226,0,ERA5_2xCoarse,4065,5
400,0,0.0745845362544059,0,ERA5_2xCoarse,4065,5
401,1,0.0557839125394821,0,ERA5_2xCoarse,4065,5
402,0,0.6951350569725037,1,ERA5_2xCoarse,4065,5
403,1,0.973303496837616,1,ERA5_2xCoarse,4065,5
0,0,0.9093170762062072,1,ERA5_2xCoarse,5018,1
1,1,0.7956014275550842,1,ERA5_2xCoarse,5018,1
8,0,0.9745936393737792,1,ERA5_2xCoarse,5018,1
9,1,0.5022847056388855,1,ERA5_2xCoarse,5018,1
36,0,0.0301259607076644,0,ERA5_2xCoarse,5018,1
37,1,0.2419364154338836,0,ERA5_2xCoarse,5018,1
40,0,0.3338673114776611,0,ERA5_2xCoarse,5018,1
41,1,0.728611946105957,1,ERA5_2xCoarse,5018,1
58,0,0.0174048021435737,0,ERA5_2xCoarse,5018,1
59,1,0.980294704437256,1,ERA5_2xCoarse,5018,1
62,0,0.0986971035599708,0,ERA5_2xCoarse,5018,1
63,1,0.7714900970458984,1,ERA5_2xCoarse,5018,1
86,0,0.3724468946456909,0,ERA5_2xCoarse,5018,1
87,1,0.3680132925510406,0,ERA5_2xCoarse,5018,1
92,0,0.014867321588099,0,ERA5_2xCoarse,5018,1
93,1,0.9730572700500488,1,ERA5_2xCoarse,5018,1
94,0,0.9329903721809388,1,ERA5_2xCoarse,5018,1
95,1,0.8746945858001709,1,ERA5_2xCoarse,5018,1
104,0,0.1290230602025985,0,ERA5_2xCoarse,5018,1
105,1,0.9162715673446656,1,ERA5_2xCoarse,5018,1
114,0,0.909515917301178,1,ERA5_2xCoarse,5018,1
115,1,0.9870501756668092,1,ERA5_2xCoarse,5018,1
122,0,0.0127710858359932,0,ERA5_2xCoarse,5018,1
123,1,0.0188738852739334,0,ERA5_2xCoarse,5018,1
128,0,0.0083012850955128,0,ERA5_2xCoarse,5018,1
129,1,0.6779464483261108,1,ERA5_2xCoarse,5018,1
138,0,0.918886125087738,1,ERA5_2xCoarse,5018,1
139,1,0.954620122909546,1,ERA5_2xCoarse,5018,1
140,0,0.0512211248278617,0,ERA5_2xCoarse,5018,1
141,1,0.9303417801856996,1,ERA5_2xCoarse,5018,1
148,0,0.0633546710014343,0,ERA5_2xCoarse,5018,1
149,1,0.4777254164218902,0,ERA5_2xCoarse,5018,1
152,0,0.0434421598911285,0,ERA5_2xCoarse,5018,1
153,1,0.9908730983734132,1,ERA5_2xCoarse,5018,1
164,0,0.0095182945951819,0,ERA5_2xCoarse,5018,1
165,1,0.2990641891956329,0,ERA5_2xCoarse,5018,1
168,0,0.0723100826144218,0,ERA5_2xCoarse,5018,1
169,1,0.2395013868808746,0,ERA5_2xCoarse,5018,1
174,0,0.1927579045295715,0,ERA5_2xCoarse,5018,1
175,1,0.6796697974205017,1,ERA5_2xCoarse,5018,1
176,0,0.4308044016361236,0,ERA5_2xCoarse,5018,1
177,1,0.9367690086364746,1,ERA5_2xCoarse,5018,1
180,0,0.5588405728340149,1,ERA5_2xCoarse,5018,1
181,1,0.9409441351890564,1,ERA5_2xCoarse,5018,1
192,0,0.788901686668396,1,ERA5_2xCoarse,5018,1
193,1,0.8098124861717224,1,ERA5_2xCoarse,5018,1
200,0,0.0183332860469818,0,ERA5_2xCoarse,5018,1
201,1,0.9644673466682434,1,ERA5_2xCoarse,5018,1
202,0,0.011706699617207,0,ERA5_2xCoarse,5018,1
203,1,0.393372893333435,0,ERA5_2xCoarse,5018,1
206,0,0.0133827589452266,0,ERA5_2xCoarse,5018,1
207,1,0.1222190484404563,0,ERA5_2xCoarse,5018,1
218,0,0.0118573885411024,0,ERA5_2xCoarse,5018,1
219,1,0.354163259267807,0,ERA5_2xCoarse,5018,1
234,0,0.1474220603704452,0,ERA5_2xCoarse,5018,1
235,1,0.8774217963218689,1,ERA5_2xCoarse,5018,1
248,0,0.0099801635369658,0,ERA5_2xCoarse,5018,1
249,1,0.7369219660758972,1,ERA5_2xCoarse,5018,1
256,0,0.5057856440544128,1,ERA5_2xCoarse,5018,1
257,1,0.937808394432068,1,ERA5_2xCoarse,5018,1
270,0,0.7469335198402405,1,ERA5_2xCoarse,5018,1
271,1,0.984204351902008,1,ERA5_2xCoarse,5018,1
276,0,0.7124843001365662,1,ERA5_2xCoarse,5018,1
277,1,0.5747027397155762,1,ERA5_2xCoarse,5018,1
284,0,0.0511398911476135,0,ERA5_2xCoarse,5018,1
285,1,0.9379994869232178,1,ERA5_2xCoarse,5018,1
296,0,0.7906125783920288,1,ERA5_2xCoarse,5018,1
297,1,0.9964683055877686,1,ERA5_2xCoarse,5018,1
312,0,0.0161633864045143,0,ERA5_2xCoarse,5018,1
313,1,0.9709142446517944,1,ERA5_2xCoarse,5018,1
320,0,0.0224581379443407,0,ERA5_2xCoarse,5018,1
321,1,0.915852189064026,1,ERA5_2xCoarse,5018,1
324,0,0.0375779084861278,0,ERA5_2xCoarse,5018,1
325,1,0.7417198419570923,1,ERA5_2xCoarse,5018,1
332,0,0.0357960127294063,0,ERA5_2xCoarse,5018,1
333,1,0.8764532804489136,1,ERA5_2xCoarse,5018,1
340,0,0.5047898888587952,1,ERA5_2xCoarse,5018,1
341,1,0.1488000303506851,0,ERA5_2xCoarse,5018,1
346,0,0.2441406399011612,0,ERA5_2xCoarse,5018,1
347,1,0.7212050557136536,1,ERA5_2xCoarse,5018,1
382,0,0.1873428672552108,0,ERA5_2xCoarse,5018,1
383,1,0.1070547848939895,0,ERA5_2xCoarse,5018,1
4,0,0.043138101696968,0,ERA5_2xCoarse,5018,2
5,1,0.1195606663823127,0,ERA5_2xCoarse,5018,2
18,0,0.0935009717941284,0,ERA5_2xCoarse,5018,2
19,1,0.7900204658508301,1,ERA5_2xCoarse,5018,2
24,0,0.0201904214918613,0,ERA5_2xCoarse,5018,2
25,1,0.9132300615310668,1,ERA5_2xCoarse,5018,2
26,0,0.025092277675867,0,ERA5_2xCoarse,5018,2
27,1,0.4802413582801819,0,ERA5_2xCoarse,5018,2
34,0,0.4693642854690552,0,ERA5_2xCoarse,5018,2
35,1,0.4393532276153564,0,ERA5_2xCoarse,5018,2
44,0,0.2927112579345703,0,ERA5_2xCoarse,5018,2
45,1,0.4248153567314148,0,ERA5_2xCoarse,5018,2
48,0,0.8414844870567322,1,ERA5_2xCoarse,5018,2
49,1,0.4642582535743713,0,ERA5_2xCoarse,5018,2
68,0,0.8160119652748108,1,ERA5_2xCoarse,5018,2
69,1,0.3841075003147125,0,ERA5_2xCoarse,5018,2
72,0,0.0052517969161272,0,ERA5_2xCoarse,5018,2
73,1,0.0430550761520862,0,ERA5_2xCoarse,5018,2
82,0,0.9684553146362304,1,ERA5_2xCoarse,5018,2
83,1,0.9886744618415833,1,ERA5_2xCoarse,5018,2
84,0,0.9706793427467346,1,ERA5_2xCoarse,5018,2
85,1,0.9653995633125304,1,ERA5_2xCoarse,5018,2
98,0,0.9706846475601196,1,ERA5_2xCoarse,5018,2
99,1,0.985858142375946,1,ERA5_2xCoarse,5018,2
106,0,0.0110477721318602,0,ERA5_2xCoarse,5018,2
107,1,0.9813517928123474,1,ERA5_2xCoarse,5018,2
108,0,0.0207019113004207,0,ERA5_2xCoarse,5018,2
109,1,0.989366054534912,1,ERA5_2xCoarse,5018,2
120,0,0.027261609211564,0,ERA5_2xCoarse,5018,2
121,1,0.9820229411125184,1,ERA5_2xCoarse,5018,2
126,0,0.0188147407025098,0,ERA5_2xCoarse,5018,2
127,1,0.66698157787323,1,ERA5_2xCoarse,5018,2
156,0,0.008576463907957,0,ERA5_2xCoarse,5018,2
157,1,0.8761191964149475,1,ERA5_2xCoarse,5018,2
158,0,0.4950907528400421,0,ERA5_2xCoarse,5018,2
159,1,0.9876537919044496,1,ERA5_2xCoarse,5018,2
170,0,0.074891872704029,0,ERA5_2xCoarse,5018,2
171,1,0.9655813574790956,1,ERA5_2xCoarse,5018,2
186,0,0.0186104718595743,0,ERA5_2xCoarse,5018,2
187,1,0.7355353832244873,1,ERA5_2xCoarse,5018,2
198,0,0.0180466175079345,0,ERA5_2xCoarse,5018,2
199,1,0.965833067893982,1,ERA5_2xCoarse,5018,2
208,0,0.0082828588783741,0,ERA5_2xCoarse,5018,2
209,1,0.9897245168685912,1,ERA5_2xCoarse,5018,2
210,0,0.0366003736853599,0,ERA5_2xCoarse,5018,2
211,1,0.964015007019043,1,ERA5_2xCoarse,5018,2
214,0,0.1111548468470573,0,ERA5_2xCoarse,5018,2
215,1,0.964735209941864,1,ERA5_2xCoarse,5018,2
220,0,0.7201054096221924,1,ERA5_2xCoarse,5018,2
221,1,0.5739830732345581,1,ERA5_2xCoarse,5018,2
224,0,0.2745980024337768,0,ERA5_2xCoarse,5018,2
225,1,0.5126979351043701,1,ERA5_2xCoarse,5018,2
230,0,0.4728562533855438,0,ERA5_2xCoarse,5018,2
231,1,0.4357548356056213,0,ERA5_2xCoarse,5018,2
246,0,0.0148540241643786,0,ERA5_2xCoarse,5018,2
247,1,0.03146718069911,0,ERA5_2xCoarse,5018,2
254,0,0.0163711588829755,0,ERA5_2xCoarse,5018,2
255,1,0.960509181022644,1,ERA5_2xCoarse,5018,2
258,0,0.2922855913639068,0,ERA5_2xCoarse,5018,2
259,1,0.8558846712112427,1,ERA5_2xCoarse,5018,2
264,0,0.0081893345341086,0,ERA5_2xCoarse,5018,2
265,1,0.8477634787559509,1,ERA5_2xCoarse,5018,2
268,0,0.7921966910362244,1,ERA5_2xCoarse,5018,2
269,1,0.4831566214561462,0,ERA5_2xCoarse,5018,2
290,0,0.0612658485770225,0,ERA5_2xCoarse,5018,2
291,1,0.1352620720863342,0,ERA5_2xCoarse,5018,2
334,0,0.0126649439334869,0,ERA5_2xCoarse,5018,2
335,1,0.0228800568729639,0,ERA5_2xCoarse,5018,2
342,0,0.0086245331913232,0,ERA5_2xCoarse,5018,2
343,1,0.5513603687286377,1,ERA5_2xCoarse,5018,2
360,0,0.1436552554368972,0,ERA5_2xCoarse,5018,2
361,1,0.4777369499206543,0,ERA5_2xCoarse,5018,2
368,0,0.2399640083312988,0,ERA5_2xCoarse,5018,2
369,1,0.920018196105957,1,ERA5_2xCoarse,5018,2
370,0,0.0470973327755928,0,ERA5_2xCoarse,5018,2
371,1,0.8043509125709534,1,ERA5_2xCoarse,5018,2
372,0,0.9347125887870787,1,ERA5_2xCoarse,5018,2
373,1,0.9270286560058594,1,ERA5_2xCoarse,5018,2
394,0,0.0256046392023563,0,ERA5_2xCoarse,5018,2
395,1,0.5296797156333923,1,ERA5_2xCoarse,5018,2
402,0,0.0198187604546546,0,ERA5_2xCoarse,5018,2
403,1,0.9519922137260436,1,ERA5_2xCoarse,5018,2
22,0,0.9836809635162354,1,ERA5_2xCoarse,5018,3
23,1,0.5713161826133728,1,ERA5_2xCoarse,5018,3
32,0,0.0991134718060493,0,ERA5_2xCoarse,5018,3
33,1,0.8154993653297424,1,ERA5_2xCoarse,5018,3
42,0,0.1675349175930023,0,ERA5_2xCoarse,5018,3
43,1,0.2836561799049377,0,ERA5_2xCoarse,5018,3
46,0,0.194732055068016,0,ERA5_2xCoarse,5018,3
47,1,0.5340853929519653,1,ERA5_2xCoarse,5018,3
52,0,0.2450597286224365,0,ERA5_2xCoarse,5018,3
53,1,0.24761863052845,0,ERA5_2xCoarse,5018,3
64,0,0.0108633078634738,0,ERA5_2xCoarse,5018,3
65,1,0.9318105578422546,1,ERA5_2xCoarse,5018,3
66,0,0.8541387915611267,1,ERA5_2xCoarse,5018,3
67,1,0.7938644289970398,1,ERA5_2xCoarse,5018,3
80,0,0.5317018032073975,1,ERA5_2xCoarse,5018,3
81,1,0.3474851846694946,0,ERA5_2xCoarse,5018,3
96,0,0.7413737177848816,1,ERA5_2xCoarse,5018,3
97,1,0.1721137315034866,0,ERA5_2xCoarse,5018,3
112,0,0.0259074121713638,0,ERA5_2xCoarse,5018,3
113,1,0.8733348250389099,1,ERA5_2xCoarse,5018,3
116,0,0.4869393706321716,0,ERA5_2xCoarse,5018,3
117,1,0.8479710817337036,1,ERA5_2xCoarse,5018,3
124,0,0.9713512659072876,1,ERA5_2xCoarse,5018,3
125,1,0.8166220784187317,1,ERA5_2xCoarse,5018,3
132,0,0.0119593571871519,0,ERA5_2xCoarse,5018,3
133,1,0.0952785611152648,0,ERA5_2xCoarse,5018,3
136,0,0.7978231906890869,1,ERA5_2xCoarse,5018,3
137,1,0.9754024147987366,1,ERA5_2xCoarse,5018,3
142,0,0.1557918637990951,0,ERA5_2xCoarse,5018,3
143,1,0.9257999062538148,1,ERA5_2xCoarse,5018,3
144,0,0.5241514444351196,1,ERA5_2xCoarse,5018,3
145,1,0.0991344228386879,0,ERA5_2xCoarse,5018,3
146,0,0.0129349846392869,0,ERA5_2xCoarse,5018,3
147,1,0.9724302291870116,1,ERA5_2xCoarse,5018,3
154,0,0.3797976374626159,0,ERA5_2xCoarse,5018,3
155,1,0.194209948182106,0,ERA5_2xCoarse,5018,3
190,0,0.5296003818511963,1,ERA5_2xCoarse,5018,3
191,1,0.094879612326622,0,ERA5_2xCoarse,5018,3
204,0,0.1614923626184463,0,ERA5_2xCoarse,5018,3
205,1,0.7360004782676697,1,ERA5_2xCoarse,5018,3
226,0,0.1031524613499641,0,ERA5_2xCoarse,5018,3
227,1,0.8423137068748474,1,ERA5_2xCoarse,5018,3
228,0,0.5775204300880432,1,ERA5_2xCoarse,5018,3
229,1,0.4235318005084991,0,ERA5_2xCoarse,5018,3
232,0,0.3443957269191742,0,ERA5_2xCoarse,5018,3
233,1,0.9303703308105468,1,ERA5_2xCoarse,5018,3
240,0,0.4596339464187622,0,ERA5_2xCoarse,5018,3
241,1,0.7486304640769958,1,ERA5_2xCoarse,5018,3
242,0,0.1072436422109603,0,ERA5_2xCoarse,5018,3
243,1,0.8857324123382568,1,ERA5_2xCoarse,5018,3
260,0,0.0393157228827476,0,ERA5_2xCoarse,5018,3
261,1,0.7504554986953735,1,ERA5_2xCoarse,5018,3
262,0,0.0403965711593627,0,ERA5_2xCoarse,5018,3
263,1,0.979026198387146,1,ERA5_2xCoarse,5018,3
266,0,0.2238131463527679,0,ERA5_2xCoarse,5018,3
267,1,0.5630096197128296,1,ERA5_2xCoarse,5018,3
278,0,0.0482980720698833,0,ERA5_2xCoarse,5018,3
279,1,0.9815545082092284,1,ERA5_2xCoarse,5018,3
292,0,0.0422798618674278,0,ERA5_2xCoarse,5018,3
293,1,0.9526135325431824,1,ERA5_2xCoarse,5018,3
298,0,0.0325437821447849,0,ERA5_2xCoarse,5018,3
299,1,0.7214687466621399,1,ERA5_2xCoarse,5018,3
304,0,0.458475798368454,0,ERA5_2xCoarse,5018,3
305,1,0.9483690857887268,1,ERA5_2xCoarse,5018,3
306,0,0.0795023441314697,0,ERA5_2xCoarse,5018,3
307,1,0.9002634286880493,1,ERA5_2xCoarse,5018,3
314,0,0.0424731224775314,0,ERA5_2xCoarse,5018,3
315,1,0.0470694899559021,0,ERA5_2xCoarse,5018,3
316,0,0.3959887325763702,0,ERA5_2xCoarse,5018,3
317,1,0.9745868444442748,1,ERA5_2xCoarse,5018,3
322,0,0.1045407354831695,0,ERA5_2xCoarse,5018,3
323,1,0.9709920287132264,1,ERA5_2xCoarse,5018,3
336,0,0.8494256734848022,1,ERA5_2xCoarse,5018,3
337,1,0.9764094352722168,1,ERA5_2xCoarse,5018,3
350,0,0.0569902621209621,0,ERA5_2xCoarse,5018,3
351,1,0.8491425514221191,1,ERA5_2xCoarse,5018,3
362,0,0.0986840799450874,0,ERA5_2xCoarse,5018,3
363,1,0.6332158446311951,1,ERA5_2xCoarse,5018,3
364,0,0.0546321831643581,0,ERA5_2xCoarse,5018,3
365,1,0.9851154685020448,1,ERA5_2xCoarse,5018,3
380,0,0.3101116716861725,0,ERA5_2xCoarse,5018,3
381,1,0.7331098318099976,1,ERA5_2xCoarse,5018,3
2,0,0.0794388577342033,0,ERA5_2xCoarse,5018,4
3,1,0.1093880832195282,0,ERA5_2xCoarse,5018,4
16,0,0.5850641131401062,1,ERA5_2xCoarse,5018,4
17,1,0.8154098391532898,1,ERA5_2xCoarse,5018,4
20,0,0.5561569929122925,1,ERA5_2xCoarse,5018,4
21,1,0.7389087080955505,1,ERA5_2xCoarse,5018,4
50,0,0.3888264298439026,0,ERA5_2xCoarse,5018,4
51,1,0.6203703284263611,1,ERA5_2xCoarse,5018,4
54,0,0.0898615941405296,0,ERA5_2xCoarse,5018,4
55,1,0.9681705236434937,1,ERA5_2xCoarse,5018,4
60,0,0.1022384986281395,0,ERA5_2xCoarse,5018,4
61,1,0.9680256247520448,1,ERA5_2xCoarse,5018,4
70,0,0.9595523476600648,1,ERA5_2xCoarse,5018,4
71,1,0.8373051881790161,1,ERA5_2xCoarse,5018,4
76,0,0.7833967804908752,1,ERA5_2xCoarse,5018,4
77,1,0.9561029076576232,1,ERA5_2xCoarse,5018,4
90,0,0.3074834644794464,0,ERA5_2xCoarse,5018,4
91,1,0.4348656833171844,0,ERA5_2xCoarse,5018,4
102,0,0.1754968017339706,0,ERA5_2xCoarse,5018,4
103,1,0.9554232954978944,1,ERA5_2xCoarse,5018,4
118,0,0.0534962713718414,0,ERA5_2xCoarse,5018,4
119,1,0.9755247831344604,1,ERA5_2xCoarse,5018,4
130,0,0.3863283097743988,0,ERA5_2xCoarse,5018,4
131,1,0.9133185744285583,1,ERA5_2xCoarse,5018,4
134,0,0.4408069252967834,0,ERA5_2xCoarse,5018,4
135,1,0.6686944961547852,1,ERA5_2xCoarse,5018,4
160,0,0.2011946588754654,0,ERA5_2xCoarse,5018,4
161,1,0.8524120450019836,1,ERA5_2xCoarse,5018,4
162,0,0.0181069560348987,0,ERA5_2xCoarse,5018,4
163,1,0.9754673838615416,1,ERA5_2xCoarse,5018,4
172,0,0.8678692579269409,1,ERA5_2xCoarse,5018,4
173,1,0.6029700040817261,1,ERA5_2xCoarse,5018,4
188,0,0.5165150165557861,1,ERA5_2xCoarse,5018,4
189,1,0.915361225605011,1,ERA5_2xCoarse,5018,4
194,0,0.7002665400505066,1,ERA5_2xCoarse,5018,4
195,1,0.8596673011779785,1,ERA5_2xCoarse,5018,4
196,0,0.884965181350708,1,ERA5_2xCoarse,5018,4
197,1,0.9751055836677552,1,ERA5_2xCoarse,5018,4
212,0,0.8764050006866455,1,ERA5_2xCoarse,5018,4
213,1,0.8316744565963745,1,ERA5_2xCoarse,5018,4
222,0,0.747576892375946,1,ERA5_2xCoarse,5018,4
223,1,0.9046984910964966,1,ERA5_2xCoarse,5018,4
238,0,0.0974758341908454,0,ERA5_2xCoarse,5018,4
239,1,0.4888896942138672,0,ERA5_2xCoarse,5018,4
244,0,0.7994472980499268,1,ERA5_2xCoarse,5018,4
245,1,0.923191487789154,1,ERA5_2xCoarse,5018,4
250,0,0.0886846035718917,0,ERA5_2xCoarse,5018,4
251,1,0.7077118754386902,1,ERA5_2xCoarse,5018,4
252,0,0.0357153117656707,0,ERA5_2xCoarse,5018,4
253,1,0.7347660064697266,1,ERA5_2xCoarse,5018,4
272,0,0.0111694745719432,0,ERA5_2xCoarse,5018,4
273,1,0.2444392591714859,0,ERA5_2xCoarse,5018,4
274,0,0.1442893743515014,0,ERA5_2xCoarse,5018,4
275,1,0.8777082562446594,1,ERA5_2xCoarse,5018,4
280,0,0.5996129512786865,1,ERA5_2xCoarse,5018,4
281,1,0.3338803052902221,0,ERA5_2xCoarse,5018,4
300,0,0.003001881763339,0,ERA5_2xCoarse,5018,4
301,1,0.8440679311752319,1,ERA5_2xCoarse,5018,4
302,0,0.7958090305328369,1,ERA5_2xCoarse,5018,4
303,1,0.8801044225692749,1,ERA5_2xCoarse,5018,4
308,0,0.0216534882783889,0,ERA5_2xCoarse,5018,4
309,1,0.9556297659873962,1,ERA5_2xCoarse,5018,4
318,0,0.0377156734466552,0,ERA5_2xCoarse,5018,4
319,1,0.9609073996543884,1,ERA5_2xCoarse,5018,4
328,0,0.0154281379655003,0,ERA5_2xCoarse,5018,4
329,1,0.6286960244178772,1,ERA5_2xCoarse,5018,4
330,0,0.0016581061063334,0,ERA5_2xCoarse,5018,4
331,1,0.8235838413238525,1,ERA5_2xCoarse,5018,4
344,0,0.0930268019437789,0,ERA5_2xCoarse,5018,4
345,1,0.9636183381080629,1,ERA5_2xCoarse,5018,4
366,0,0.1652482897043228,0,ERA5_2xCoarse,5018,4
367,1,0.8138938546180725,1,ERA5_2xCoarse,5018,4
376,0,0.1815552860498428,0,ERA5_2xCoarse,5018,4
377,1,0.7886229157447815,1,ERA5_2xCoarse,5018,4
384,0,0.0336784273386001,0,ERA5_2xCoarse,5018,4
385,1,0.9272148013114928,1,ERA5_2xCoarse,5018,4
392,0,0.0190277490764856,0,ERA5_2xCoarse,5018,4
393,1,0.7501969933509827,1,ERA5_2xCoarse,5018,4
398,0,0.1803362816572189,0,ERA5_2xCoarse,5018,4
399,1,0.4665961861610412,0,ERA5_2xCoarse,5018,4
6,0,0.0578747056424617,0,ERA5_2xCoarse,5018,5
7,1,0.883618175983429,1,ERA5_2xCoarse,5018,5
10,0,0.5655333995819092,1,ERA5_2xCoarse,5018,5
11,1,0.7472873330116272,1,ERA5_2xCoarse,5018,5
12,0,0.1498457193374633,0,ERA5_2xCoarse,5018,5
13,1,0.5369095206260681,1,ERA5_2xCoarse,5018,5
14,0,0.3360736966133117,0,ERA5_2xCoarse,5018,5
15,1,0.6197053790092468,1,ERA5_2xCoarse,5018,5
28,0,0.2233092933893203,0,ERA5_2xCoarse,5018,5
29,1,0.4458668231964111,0,ERA5_2xCoarse,5018,5
30,0,0.1875712722539901,0,ERA5_2xCoarse,5018,5
31,1,0.652117908000946,1,ERA5_2xCoarse,5018,5
38,0,0.1747609227895736,0,ERA5_2xCoarse,5018,5
39,1,0.4342747032642364,0,ERA5_2xCoarse,5018,5
56,0,0.3044233024120331,0,ERA5_2xCoarse,5018,5
57,1,0.9475416541099548,1,ERA5_2xCoarse,5018,5
74,0,0.6085497140884399,1,ERA5_2xCoarse,5018,5
75,1,0.8882778286933899,1,ERA5_2xCoarse,5018,5
78,0,0.1244625151157379,0,ERA5_2xCoarse,5018,5
79,1,0.8999550342559814,1,ERA5_2xCoarse,5018,5
88,0,0.3856801092624664,0,ERA5_2xCoarse,5018,5
89,1,0.4879013001918793,0,ERA5_2xCoarse,5018,5
100,0,0.2284051179885864,0,ERA5_2xCoarse,5018,5
101,1,0.9411993622779846,1,ERA5_2xCoarse,5018,5
110,0,0.3650687336921692,0,ERA5_2xCoarse,5018,5
111,1,0.7099613547325134,1,ERA5_2xCoarse,5018,5
150,0,0.0302802249789237,0,ERA5_2xCoarse,5018,5
151,1,0.5887188911437988,1,ERA5_2xCoarse,5018,5
166,0,0.3708936274051666,0,ERA5_2xCoarse,5018,5
167,1,0.388908714056015,0,ERA5_2xCoarse,5018,5
178,0,0.3098623156547546,0,ERA5_2xCoarse,5018,5
179,1,0.7921323776245117,1,ERA5_2xCoarse,5018,5
182,0,0.7048652172088623,1,ERA5_2xCoarse,5018,5
183,1,0.6824411749839783,1,ERA5_2xCoarse,5018,5
184,0,0.0438372902572155,0,ERA5_2xCoarse,5018,5
185,1,0.6269314289093018,1,ERA5_2xCoarse,5018,5
216,0,0.1118446215987205,0,ERA5_2xCoarse,5018,5
217,1,0.959037721157074,1,ERA5_2xCoarse,5018,5
236,0,0.2880043685436249,0,ERA5_2xCoarse,5018,5
237,1,0.3993691802024841,0,ERA5_2xCoarse,5018,5
282,0,0.125915452837944,0,ERA5_2xCoarse,5018,5
283,1,0.8831649422645569,1,ERA5_2xCoarse,5018,5
286,0,0.2061974257230758,0,ERA5_2xCoarse,5018,5
287,1,0.6305131316184998,1,ERA5_2xCoarse,5018,5
288,0,0.6000716090202332,1,ERA5_2xCoarse,5018,5
289,1,0.8588261604309082,1,ERA5_2xCoarse,5018,5
294,0,0.0459857024252414,0,ERA5_2xCoarse,5018,5
295,1,0.1844495683908462,0,ERA5_2xCoarse,5018,5
310,0,0.4109336137771606,0,ERA5_2xCoarse,5018,5
311,1,0.7995941042900085,1,ERA5_2xCoarse,5018,5
326,0,0.0872732102870941,0,ERA5_2xCoarse,5018,5
327,1,0.6353569626808167,1,ERA5_2xCoarse,5018,5
338,0,0.0722216889262199,0,ERA5_2xCoarse,5018,5
339,1,0.2700702846050262,0,ERA5_2xCoarse,5018,5
348,0,0.2402855306863784,0,ERA5_2xCoarse,5018,5
349,1,0.907696008682251,1,ERA5_2xCoarse,5018,5
352,0,0.0667864233255386,0,ERA5_2xCoarse,5018,5
353,1,0.623113214969635,1,ERA5_2xCoarse,5018,5
354,0,0.368606299161911,0,ERA5_2xCoarse,5018,5
355,1,0.835712194442749,1,ERA5_2xCoarse,5018,5
356,0,0.4837324619293213,0,ERA5_2xCoarse,5018,5
357,1,0.8099571466445923,1,ERA5_2xCoarse,5018,5
358,0,0.2050013393163681,0,ERA5_2xCoarse,5018,5
359,1,0.6915280222892761,1,ERA5_2xCoarse,5018,5
374,0,0.1666477620601654,0,ERA5_2xCoarse,5018,5
375,1,0.1101115942001342,0,ERA5_2xCoarse,5018,5
378,0,0.2940547168254852,0,ERA5_2xCoarse,5018,5
379,1,0.828349232673645,1,ERA5_2xCoarse,5018,5
386,0,0.0817387402057647,0,ERA5_2xCoarse,5018,5
387,1,0.3833664953708648,0,ERA5_2xCoarse,5018,5
388,0,0.0394296236336231,0,ERA5_2xCoarse,5018,5
389,1,0.307317316532135,0,ERA5_2xCoarse,5018,5
390,0,0.1130457893013954,0,ERA5_2xCoarse,5018,5
391,1,0.4456940293312073,0,ERA5_2xCoarse,5018,5
396,0,0.057011429220438,0,ERA5_2xCoarse,5018,5
397,1,0.2404951602220535,0,ERA5_2xCoarse,5018,5
400,0,0.1445918381214141,0,ERA5_2xCoarse,5018,5
401,1,0.2146610766649246,0,ERA5_2xCoarse,5018,5
6,0,0.0672389343380928,0,ERA5_2xCoarse,5168,1
7,1,0.7761880159378052,1,ERA5_2xCoarse,5168,1
24,0,0.1192735210061073,0,ERA5_2xCoarse,5168,1
25,1,0.8079940676689148,1,ERA5_2xCoarse,5168,1
26,0,0.335680216550827,0,ERA5_2xCoarse,5168,1
27,1,0.3141150772571563,0,ERA5_2xCoarse,5168,1
28,0,0.2231674641370773,0,ERA5_2xCoarse,5168,1
29,1,0.358473002910614,0,ERA5_2xCoarse,5168,1
34,0,0.7783605456352234,1,ERA5_2xCoarse,5168,1
35,1,0.6792424917221069,1,ERA5_2xCoarse,5168,1
56,0,0.5473235249519348,1,ERA5_2xCoarse,5168,1
57,1,0.7777560949325562,1,ERA5_2xCoarse,5168,1
82,0,0.5900157690048218,1,ERA5_2xCoarse,5168,1
83,1,0.7314414381980896,1,ERA5_2xCoarse,5168,1
84,0,0.8821247816085815,1,ERA5_2xCoarse,5168,1
85,1,0.8712413311004639,1,ERA5_2xCoarse,5168,1
110,0,0.1823353469371795,0,ERA5_2xCoarse,5168,1
111,1,0.6302165985107422,1,ERA5_2xCoarse,5168,1
112,0,0.0412320457398891,0,ERA5_2xCoarse,5168,1
113,1,0.7848485708236694,1,ERA5_2xCoarse,5168,1
128,0,0.021938182413578,0,ERA5_2xCoarse,5168,1
129,1,0.6686217784881592,1,ERA5_2xCoarse,5168,1
132,0,0.0606100261211395,0,ERA5_2xCoarse,5168,1
133,1,0.1265161037445068,0,ERA5_2xCoarse,5168,1
144,0,0.6534069180488586,1,ERA5_2xCoarse,5168,1
145,1,0.2880551815032959,0,ERA5_2xCoarse,5168,1
146,0,0.0796175077557563,0,ERA5_2xCoarse,5168,1
147,1,0.8303095102310181,1,ERA5_2xCoarse,5168,1
148,0,0.2142928391695022,0,ERA5_2xCoarse,5168,1
149,1,0.1890442222356796,0,ERA5_2xCoarse,5168,1
194,0,0.2988364100456238,0,ERA5_2xCoarse,5168,1
195,1,0.1711810529232025,0,ERA5_2xCoarse,5168,1
196,0,0.2457881569862365,0,ERA5_2xCoarse,5168,1
197,1,0.8675111532211304,1,ERA5_2xCoarse,5168,1
202,0,0.0255315452814102,0,ERA5_2xCoarse,5168,1
203,1,0.3379771113395691,0,ERA5_2xCoarse,5168,1
208,0,0.0447053723037242,0,ERA5_2xCoarse,5168,1
209,1,0.831609845161438,1,ERA5_2xCoarse,5168,1
222,0,0.6596173048019409,1,ERA5_2xCoarse,5168,1
223,1,0.7814995646476746,1,ERA5_2xCoarse,5168,1
224,0,0.6693288087844849,1,ERA5_2xCoarse,5168,1
225,1,0.7333121299743652,1,ERA5_2xCoarse,5168,1
226,0,0.1269165724515915,0,ERA5_2xCoarse,5168,1
227,1,0.3384096324443817,0,ERA5_2xCoarse,5168,1
240,0,0.675533652305603,1,ERA5_2xCoarse,5168,1
241,1,0.7344042062759399,1,ERA5_2xCoarse,5168,1
244,0,0.7312389612197876,1,ERA5_2xCoarse,5168,1
245,1,0.7237469553947449,1,ERA5_2xCoarse,5168,1
262,0,0.1267950683832168,0,ERA5_2xCoarse,5168,1
263,1,0.7538663148880005,1,ERA5_2xCoarse,5168,1
264,0,0.5725513696670532,1,ERA5_2xCoarse,5168,1
265,1,0.6277814507484436,1,ERA5_2xCoarse,5168,1
282,0,0.1431513279676437,0,ERA5_2xCoarse,5168,1
283,1,0.4722283184528351,0,ERA5_2xCoarse,5168,1
286,0,0.1976299732923507,0,ERA5_2xCoarse,5168,1
287,1,0.6246808767318726,1,ERA5_2xCoarse,5168,1
290,0,0.2427632063627243,0,ERA5_2xCoarse,5168,1
291,1,0.2931289970874786,0,ERA5_2xCoarse,5168,1
304,0,0.500359833240509,1,ERA5_2xCoarse,5168,1
305,1,0.7856982350349426,1,ERA5_2xCoarse,5168,1
316,0,0.3468862175941467,0,ERA5_2xCoarse,5168,1
317,1,0.4210949838161468,0,ERA5_2xCoarse,5168,1
322,0,0.4630410969257355,0,ERA5_2xCoarse,5168,1
323,1,0.8017048835754395,1,ERA5_2xCoarse,5168,1
326,0,0.3555850982666015,0,ERA5_2xCoarse,5168,1
327,1,0.6689519286155701,1,ERA5_2xCoarse,5168,1
336,0,0.6102280020713806,1,ERA5_2xCoarse,5168,1
337,1,0.7257561683654785,1,ERA5_2xCoarse,5168,1
344,0,0.1882597804069519,0,ERA5_2xCoarse,5168,1
345,1,0.7327058911323547,1,ERA5_2xCoarse,5168,1
352,0,0.1061182096600532,0,ERA5_2xCoarse,5168,1
353,1,0.7210630774497986,1,ERA5_2xCoarse,5168,1
362,0,0.1426766663789749,0,ERA5_2xCoarse,5168,1
363,1,0.2783365845680237,0,ERA5_2xCoarse,5168,1
390,0,0.1604292541742324,0,ERA5_2xCoarse,5168,1
391,1,0.6213617324829102,1,ERA5_2xCoarse,5168,1
396,0,0.0715096294879913,0,ERA5_2xCoarse,5168,1
397,1,0.3923995196819305,0,ERA5_2xCoarse,5168,1
400,0,0.1478909403085708,0,ERA5_2xCoarse,5168,1
401,1,0.3359346389770508,0,ERA5_2xCoarse,5168,1
402,0,0.6033627390861511,1,ERA5_2xCoarse,5168,1
403,1,0.8163751363754272,1,ERA5_2xCoarse,5168,1
2,0,0.144155740737915,0,ERA5_2xCoarse,5168,2
3,1,0.0448446162045002,0,ERA5_2xCoarse,5168,2
4,0,0.9730609655380248,1,ERA5_2xCoarse,5168,2
5,1,0.1351945698261261,0,ERA5_2xCoarse,5168,2
8,0,0.919748067855835,1,ERA5_2xCoarse,5168,2
9,1,0.7687386870384216,1,ERA5_2xCoarse,5168,2
12,0,0.0181564167141914,0,ERA5_2xCoarse,5168,2
13,1,0.9603376388549804,1,ERA5_2xCoarse,5168,2
14,0,0.0094763226807117,0,ERA5_2xCoarse,5168,2
15,1,0.6957416534423828,1,ERA5_2xCoarse,5168,2
36,0,0.1166834980249404,0,ERA5_2xCoarse,5168,2
37,1,0.3941403329372406,0,ERA5_2xCoarse,5168,2
38,0,0.1166834980249404,0,ERA5_2xCoarse,5168,2
39,1,0.3941403329372406,0,ERA5_2xCoarse,5168,2
40,0,0.5746407508850098,1,ERA5_2xCoarse,5168,2
41,1,0.9541763663291932,1,ERA5_2xCoarse,5168,2
44,0,0.1558435261249542,0,ERA5_2xCoarse,5168,2
45,1,0.1845009177923202,0,ERA5_2xCoarse,5168,2
58,0,0.0361160896718502,0,ERA5_2xCoarse,5168,2
59,1,0.9880500435829164,1,ERA5_2xCoarse,5168,2
76,0,0.9252921342849731,1,ERA5_2xCoarse,5168,2
77,1,0.997807800769806,1,ERA5_2xCoarse,5168,2
90,0,0.0228498391807079,0,ERA5_2xCoarse,5168,2
91,1,0.8254441022872925,1,ERA5_2xCoarse,5168,2
94,0,0.7880566716194153,1,ERA5_2xCoarse,5168,2
95,1,0.8106964230537415,1,ERA5_2xCoarse,5168,2
114,0,0.7415302395820618,1,ERA5_2xCoarse,5168,2
115,1,0.9950976967811584,1,ERA5_2xCoarse,5168,2
116,0,0.8555371165275574,1,ERA5_2xCoarse,5168,2
117,1,0.7415302395820618,1,ERA5_2xCoarse,5168,2
130,0,0.6265800595283508,1,ERA5_2xCoarse,5168,2
131,1,0.9506000280380248,1,ERA5_2xCoarse,5168,2
134,0,0.8146774768829346,1,ERA5_2xCoarse,5168,2
135,1,0.3769548237323761,0,ERA5_2xCoarse,5168,2
136,0,0.7578161358833313,1,ERA5_2xCoarse,5168,2
137,1,0.9871382713317872,1,ERA5_2xCoarse,5168,2
150,0,0.0027312408201396,0,ERA5_2xCoarse,5168,2
151,1,0.9738978743553162,1,ERA5_2xCoarse,5168,2
172,0,0.987528920173645,1,ERA5_2xCoarse,5168,2
173,1,0.8306444883346558,1,ERA5_2xCoarse,5168,2
186,0,0.0013729830970987,0,ERA5_2xCoarse,5168,2
187,1,0.919998288154602,1,ERA5_2xCoarse,5168,2
200,0,0.0201054345816373,0,ERA5_2xCoarse,5168,2
201,1,0.9960103034973145,1,ERA5_2xCoarse,5168,2
206,0,0.0012362753041088,0,ERA5_2xCoarse,5168,2
207,1,0.3728081285953522,0,ERA5_2xCoarse,5168,2
228,0,0.9422269463539124,1,ERA5_2xCoarse,5168,2
229,1,0.9803455471992492,1,ERA5_2xCoarse,5168,2
234,0,0.0341667272150516,0,ERA5_2xCoarse,5168,2
235,1,0.9722847938537598,1,ERA5_2xCoarse,5168,2
254,0,0.060981024056673,0,ERA5_2xCoarse,5168,2
255,1,0.9833020567893982,1,ERA5_2xCoarse,5168,2
272,0,0.0308914016932249,0,ERA5_2xCoarse,5168,2
273,1,0.0046977591700851,0,ERA5_2xCoarse,5168,2
294,0,0.0196176692843437,0,ERA5_2xCoarse,5168,2
295,1,0.7435186505317688,1,ERA5_2xCoarse,5168,2
302,0,0.963879406452179,1,ERA5_2xCoarse,5168,2
303,1,0.9305616021156312,1,ERA5_2xCoarse,5168,2
310,0,0.0433008931577205,0,ERA5_2xCoarse,5168,2
311,1,0.9594228267669678,1,ERA5_2xCoarse,5168,2
314,0,0.1703948676586151,0,ERA5_2xCoarse,5168,2
315,1,0.098018892109394,0,ERA5_2xCoarse,5168,2
318,0,0.1815490573644638,0,ERA5_2xCoarse,5168,2
319,1,0.994904637336731,1,ERA5_2xCoarse,5168,2
330,0,0.0052307890728116,0,ERA5_2xCoarse,5168,2
331,1,0.6005545258522034,1,ERA5_2xCoarse,5168,2
332,0,0.0151597764343023,0,ERA5_2xCoarse,5168,2
333,1,0.9899903535842896,1,ERA5_2xCoarse,5168,2
358,0,0.0382556021213531,0,ERA5_2xCoarse,5168,2
359,1,0.9499889016151428,1,ERA5_2xCoarse,5168,2
360,0,0.468172013759613,0,ERA5_2xCoarse,5168,2
361,1,0.2324674874544143,0,ERA5_2xCoarse,5168,2
364,0,0.0346228331327438,0,ERA5_2xCoarse,5168,2
365,1,0.9690616130828856,1,ERA5_2xCoarse,5168,2
372,0,0.1753019243478775,0,ERA5_2xCoarse,5168,2
373,1,0.8620834946632385,1,ERA5_2xCoarse,5168,2
378,0,0.0050520948134362,0,ERA5_2xCoarse,5168,2
379,1,0.930858075618744,1,ERA5_2xCoarse,5168,2
388,0,0.0809611529111862,0,ERA5_2xCoarse,5168,2
389,1,0.9868232011795044,1,ERA5_2xCoarse,5168,2
10,0,0.4827053546905517,0,ERA5_2xCoarse,5168,3
11,1,0.6716151833534241,1,ERA5_2xCoarse,5168,3
18,0,0.0354887247085571,0,ERA5_2xCoarse,5168,3
19,1,0.5333272218704224,1,ERA5_2xCoarse,5168,3
22,0,0.8622618317604065,1,ERA5_2xCoarse,5168,3
23,1,0.5333272218704224,1,ERA5_2xCoarse,5168,3
32,0,0.1224930211901664,0,ERA5_2xCoarse,5168,3
33,1,0.6100289225578308,1,ERA5_2xCoarse,5168,3
52,0,0.6327217221260071,1,ERA5_2xCoarse,5168,3
53,1,0.5607165098190308,1,ERA5_2xCoarse,5168,3
64,0,0.022989148274064,0,ERA5_2xCoarse,5168,3
65,1,0.8162127137184143,1,ERA5_2xCoarse,5168,3
68,0,0.740261971950531,1,ERA5_2xCoarse,5168,3
69,1,0.9340604543685912,1,ERA5_2xCoarse,5168,3
78,0,0.1094518899917602,0,ERA5_2xCoarse,5168,3
79,1,0.8603410124778748,1,ERA5_2xCoarse,5168,3
80,0,0.1324561536312103,0,ERA5_2xCoarse,5168,3
81,1,0.3473005890846252,0,ERA5_2xCoarse,5168,3
86,0,0.2481754422187805,0,ERA5_2xCoarse,5168,3
87,1,0.1742945462465286,0,ERA5_2xCoarse,5168,3
100,0,0.1776119768619537,0,ERA5_2xCoarse,5168,3
101,1,0.9441599249839784,1,ERA5_2xCoarse,5168,3
102,0,0.2603285312652588,0,ERA5_2xCoarse,5168,3
103,1,0.9488056302070618,1,ERA5_2xCoarse,5168,3
106,0,0.1090526953339576,0,ERA5_2xCoarse,5168,3
107,1,0.4505344927310943,0,ERA5_2xCoarse,5168,3
154,0,0.1445651650428772,0,ERA5_2xCoarse,5168,3
155,1,0.4041642248630523,0,ERA5_2xCoarse,5168,3
156,0,0.039715401828289,0,ERA5_2xCoarse,5168,3
157,1,0.2718331217765808,0,ERA5_2xCoarse,5168,3
158,0,0.4041642248630523,0,ERA5_2xCoarse,5168,3
159,1,0.9361289739608764,1,ERA5_2xCoarse,5168,3
162,0,0.0713915973901748,0,ERA5_2xCoarse,5168,3
163,1,0.9468649625778198,1,ERA5_2xCoarse,5168,3
166,0,0.4420683681964874,0,ERA5_2xCoarse,5168,3
167,1,0.4299705326557159,0,ERA5_2xCoarse,5168,3
168,0,0.4165540933609009,0,ERA5_2xCoarse,5168,3
169,1,0.3202855587005615,0,ERA5_2xCoarse,5168,3
170,0,0.5055508017539978,1,ERA5_2xCoarse,5168,3
171,1,0.5780626535415649,1,ERA5_2xCoarse,5168,3
178,0,0.0377129316329956,0,ERA5_2xCoarse,5168,3
179,1,0.6805305480957031,1,ERA5_2xCoarse,5168,3
192,0,0.7344156503677368,1,ERA5_2xCoarse,5168,3
193,1,0.6793414950370789,1,ERA5_2xCoarse,5168,3
198,0,0.0634111166000366,0,ERA5_2xCoarse,5168,3
199,1,0.8294772505760193,1,ERA5_2xCoarse,5168,3
214,0,0.1707948893308639,0,ERA5_2xCoarse,5168,3
215,1,0.9358335733413696,1,ERA5_2xCoarse,5168,3
216,0,0.0397345460951328,0,ERA5_2xCoarse,5168,3
217,1,0.9496594667434692,1,ERA5_2xCoarse,5168,3
220,0,0.9248707294464112,1,ERA5_2xCoarse,5168,3
221,1,0.6517184376716614,1,ERA5_2xCoarse,5168,3
238,0,0.4729392826557159,0,ERA5_2xCoarse,5168,3
239,1,0.5861042141914368,1,ERA5_2xCoarse,5168,3
250,0,0.1178015545010566,0,ERA5_2xCoarse,5168,3
251,1,0.7236866354942322,1,ERA5_2xCoarse,5168,3
252,0,0.0853236392140388,0,ERA5_2xCoarse,5168,3
253,1,0.3945491313934326,0,ERA5_2xCoarse,5168,3
256,0,0.4255981743335724,0,ERA5_2xCoarse,5168,3
257,1,0.768258273601532,1,ERA5_2xCoarse,5168,3
258,0,0.1244016140699386,0,ERA5_2xCoarse,5168,3
259,1,0.7936427593231201,1,ERA5_2xCoarse,5168,3
268,0,0.653319776058197,1,ERA5_2xCoarse,5168,3
269,1,0.6749820113182068,1,ERA5_2xCoarse,5168,3
278,0,0.2594876289367676,0,ERA5_2xCoarse,5168,3
279,1,0.7409902215003967,1,ERA5_2xCoarse,5168,3
280,0,0.1217534467577934,0,ERA5_2xCoarse,5168,3
281,1,0.5214366912841797,1,ERA5_2xCoarse,5168,3
296,0,0.5760212540626526,1,ERA5_2xCoarse,5168,3
297,1,0.9420865178108216,1,ERA5_2xCoarse,5168,3
320,0,0.1152704432606697,0,ERA5_2xCoarse,5168,3
321,1,0.9161631464958192,1,ERA5_2xCoarse,5168,3
340,0,0.5068790316581726,1,ERA5_2xCoarse,5168,3
341,1,0.2040156573057174,0,ERA5_2xCoarse,5168,3
366,0,0.4611641466617584,0,ERA5_2xCoarse,5168,3
367,1,0.3328250348567962,0,ERA5_2xCoarse,5168,3
374,0,0.1082371771335601,0,ERA5_2xCoarse,5168,3
375,1,0.0663260966539383,0,ERA5_2xCoarse,5168,3
382,0,0.3262693583965301,0,ERA5_2xCoarse,5168,3
383,1,0.2146582454442978,0,ERA5_2xCoarse,5168,3
392,0,0.077300801873207,0,ERA5_2xCoarse,5168,3
393,1,0.7239799499511719,1,ERA5_2xCoarse,5168,3
0,0,0.9515693187713624,1,ERA5_2xCoarse,5168,4
1,1,0.6585546135902405,1,ERA5_2xCoarse,5168,4
30,0,0.0655392184853553,0,ERA5_2xCoarse,5168,4
31,1,0.6439045071601868,1,ERA5_2xCoarse,5168,4
50,0,0.79459148645401,1,ERA5_2xCoarse,5168,4
51,1,0.5618343949317932,1,ERA5_2xCoarse,5168,4
62,0,0.0601967722177505,0,ERA5_2xCoarse,5168,4
63,1,0.7352263331413269,1,ERA5_2xCoarse,5168,4
66,0,0.5407360196113586,1,ERA5_2xCoarse,5168,4
67,1,0.6453320384025574,1,ERA5_2xCoarse,5168,4
96,0,0.9030092358589172,1,ERA5_2xCoarse,5168,4
97,1,0.6813346147537231,1,ERA5_2xCoarse,5168,4
118,0,0.030782887712121,0,ERA5_2xCoarse,5168,4
119,1,0.9792525172233582,1,ERA5_2xCoarse,5168,4
122,0,0.0078827906399965,0,ERA5_2xCoarse,5168,4
123,1,0.044385589659214,0,ERA5_2xCoarse,5168,4
124,0,0.9491556286811828,1,ERA5_2xCoarse,5168,4
125,1,0.8576688170433044,1,ERA5_2xCoarse,5168,4
138,0,0.9209577441215516,1,ERA5_2xCoarse,5168,4
139,1,0.9638577103614808,1,ERA5_2xCoarse,5168,4
140,0,0.0077475602738559,0,ERA5_2xCoarse,5168,4
141,1,0.9228082299232484,1,ERA5_2xCoarse,5168,4
152,0,0.0126538574695587,0,ERA5_2xCoarse,5168,4
153,1,0.9772079586982728,1,ERA5_2xCoarse,5168,4
164,0,0.00699740415439,0,ERA5_2xCoarse,5168,4
165,1,0.6070423126220703,1,ERA5_2xCoarse,5168,4
174,0,0.3411381542682647,0,ERA5_2xCoarse,5168,4
175,1,0.7961826920509338,1,ERA5_2xCoarse,5168,4
176,0,0.4399583339691162,0,ERA5_2xCoarse,5168,4
177,1,0.9309194087982178,1,ERA5_2xCoarse,5168,4
182,0,0.6379013657569885,1,ERA5_2xCoarse,5168,4
183,1,0.9413119554519652,1,ERA5_2xCoarse,5168,4
184,0,0.0110724167898297,0,ERA5_2xCoarse,5168,4
185,1,0.7100995182991028,1,ERA5_2xCoarse,5168,4
190,0,0.4418688416481018,0,ERA5_2xCoarse,5168,4
191,1,0.3673474490642547,0,ERA5_2xCoarse,5168,4
210,0,0.0612582452595233,0,ERA5_2xCoarse,5168,4
211,1,0.9503082036972046,1,ERA5_2xCoarse,5168,4
212,0,0.6331048607826233,1,ERA5_2xCoarse,5168,4
213,1,0.4101916551589966,0,ERA5_2xCoarse,5168,4
236,0,0.4797677099704742,0,ERA5_2xCoarse,5168,4
237,1,0.5656766295433044,1,ERA5_2xCoarse,5168,4
242,0,0.6323578953742981,1,ERA5_2xCoarse,5168,4
243,1,0.7841670513153076,1,ERA5_2xCoarse,5168,4
248,0,0.0065525183454155,0,ERA5_2xCoarse,5168,4
249,1,0.774322509765625,1,ERA5_2xCoarse,5168,4
260,0,0.0742508172988891,0,ERA5_2xCoarse,5168,4
261,1,0.5051633715629578,1,ERA5_2xCoarse,5168,4
270,0,0.3313288390636444,0,ERA5_2xCoarse,5168,4
271,1,0.9771191477775574,1,ERA5_2xCoarse,5168,4
284,0,0.0138063784688711,0,ERA5_2xCoarse,5168,4
285,1,0.9159520864486694,1,ERA5_2xCoarse,5168,4
298,0,0.1177830696105957,0,ERA5_2xCoarse,5168,4
299,1,0.8414226174354553,1,ERA5_2xCoarse,5168,4
306,0,0.0139878084883093,0,ERA5_2xCoarse,5168,4
307,1,0.9453526139259338,1,ERA5_2xCoarse,5168,4
308,0,0.0842375457286834,0,ERA5_2xCoarse,5168,4
309,1,0.938193142414093,1,ERA5_2xCoarse,5168,4
328,0,0.0820795148611068,0,ERA5_2xCoarse,5168,4
329,1,0.7757894396781921,1,ERA5_2xCoarse,5168,4
334,0,0.0184815917164087,0,ERA5_2xCoarse,5168,4
335,1,0.0614116266369819,0,ERA5_2xCoarse,5168,4
348,0,0.2798269391059875,0,ERA5_2xCoarse,5168,4
349,1,0.8914666175842285,1,ERA5_2xCoarse,5168,4
354,0,0.104636050760746,0,ERA5_2xCoarse,5168,4
355,1,0.9538426399230956,1,ERA5_2xCoarse,5168,4
368,0,0.0673592984676361,0,ERA5_2xCoarse,5168,4
369,1,0.8475472927093506,1,ERA5_2xCoarse,5168,4
370,0,0.0319714657962322,0,ERA5_2xCoarse,5168,4
371,1,0.5739153027534485,1,ERA5_2xCoarse,5168,4
376,0,0.1720307022333145,0,ERA5_2xCoarse,5168,4
377,1,0.531715452671051,1,ERA5_2xCoarse,5168,4
380,0,0.4663381278514862,0,ERA5_2xCoarse,5168,4
381,1,0.6129189133644104,1,ERA5_2xCoarse,5168,4
386,0,0.0164254121482372,0,ERA5_2xCoarse,5168,4
387,1,0.7810762524604797,1,ERA5_2xCoarse,5168,4
394,0,0.1087943241000175,0,ERA5_2xCoarse,5168,4
395,1,0.5402469038963318,1,ERA5_2xCoarse,5168,4
16,0,0.5219886302947998,1,ERA5_2xCoarse,5168,5
17,1,0.6746522784233093,1,ERA5_2xCoarse,5168,5
20,0,0.7859087586402893,1,ERA5_2xCoarse,5168,5
21,1,0.4848772287368774,0,ERA5_2xCoarse,5168,5
42,0,0.1432196944952011,0,ERA5_2xCoarse,5168,5
43,1,0.1846907138824463,0,ERA5_2xCoarse,5168,5
46,0,0.5581114292144775,1,ERA5_2xCoarse,5168,5
47,1,0.4097606539726257,0,ERA5_2xCoarse,5168,5
48,0,0.6088248491287231,1,ERA5_2xCoarse,5168,5
49,1,0.4076194167137146,0,ERA5_2xCoarse,5168,5
54,0,0.1105398461222648,0,ERA5_2xCoarse,5168,5
55,1,0.9412285089492798,1,ERA5_2xCoarse,5168,5
60,0,0.1110166013240814,0,ERA5_2xCoarse,5168,5
61,1,0.9544607996940612,1,ERA5_2xCoarse,5168,5
70,0,0.905269980430603,1,ERA5_2xCoarse,5168,5
71,1,0.7581313252449036,1,ERA5_2xCoarse,5168,5
72,0,0.0240806732326746,0,ERA5_2xCoarse,5168,5
73,1,0.0626418888568878,0,ERA5_2xCoarse,5168,5
74,0,0.7772113680839539,1,ERA5_2xCoarse,5168,5
75,1,0.9750033617019652,1,ERA5_2xCoarse,5168,5
88,0,0.2437276393175125,0,ERA5_2xCoarse,5168,5
89,1,0.2950305044651031,0,ERA5_2xCoarse,5168,5
92,0,0.1216051578521728,0,ERA5_2xCoarse,5168,5
93,1,0.9313443899154664,1,ERA5_2xCoarse,5168,5
98,0,0.709749162197113,1,ERA5_2xCoarse,5168,5
99,1,0.8734744191169739,1,ERA5_2xCoarse,5168,5
104,0,0.3118115067481994,0,ERA5_2xCoarse,5168,5
105,1,0.921542227268219,1,ERA5_2xCoarse,5168,5
108,0,0.0667317137122154,0,ERA5_2xCoarse,5168,5
109,1,0.7814327478408813,1,ERA5_2xCoarse,5168,5
120,0,0.1571722775697708,0,ERA5_2xCoarse,5168,5
121,1,0.9847028851509094,1,ERA5_2xCoarse,5168,5
126,0,0.181891530752182,0,ERA5_2xCoarse,5168,5
127,1,0.390545129776001,0,ERA5_2xCoarse,5168,5
142,0,0.1351604461669922,0,ERA5_2xCoarse,5168,5
143,1,0.9081756472587584,1,ERA5_2xCoarse,5168,5
160,0,0.1448495686054229,0,ERA5_2xCoarse,5168,5
161,1,0.8522067070007324,1,ERA5_2xCoarse,5168,5
180,0,0.6784057021141052,1,ERA5_2xCoarse,5168,5
181,1,0.8144119381904602,1,ERA5_2xCoarse,5168,5
188,0,0.2611131072044372,0,ERA5_2xCoarse,5168,5
189,1,0.8334197402000427,1,ERA5_2xCoarse,5168,5
204,0,0.6653412580490112,1,ERA5_2xCoarse,5168,5
205,1,0.7353172898292542,1,ERA5_2xCoarse,5168,5
218,0,0.0274688377976417,0,ERA5_2xCoarse,5168,5
219,1,0.402879387140274,0,ERA5_2xCoarse,5168,5
230,0,0.7171006798744202,1,ERA5_2xCoarse,5168,5
231,1,0.1930909603834152,0,ERA5_2xCoarse,5168,5
232,0,0.2670105397701263,0,ERA5_2xCoarse,5168,5
233,1,0.6171271800994873,1,ERA5_2xCoarse,5168,5
246,0,0.2272218167781829,0,ERA5_2xCoarse,5168,5
247,1,0.338306725025177,0,ERA5_2xCoarse,5168,5
266,0,0.1859388351440429,0,ERA5_2xCoarse,5168,5
267,1,0.4172060191631317,0,ERA5_2xCoarse,5168,5
274,0,0.1616028100252151,0,ERA5_2xCoarse,5168,5
275,1,0.8725631237030029,1,ERA5_2xCoarse,5168,5
276,0,0.0473116487264633,0,ERA5_2xCoarse,5168,5
277,1,0.066298134624958,0,ERA5_2xCoarse,5168,5
288,0,0.6498236060142517,1,ERA5_2xCoarse,5168,5
289,1,0.9828203916549684,1,ERA5_2xCoarse,5168,5
292,0,0.0357174761593341,0,ERA5_2xCoarse,5168,5
293,1,0.819124698638916,1,ERA5_2xCoarse,5168,5
300,0,0.0330364294350147,0,ERA5_2xCoarse,5168,5
301,1,0.7931099534034729,1,ERA5_2xCoarse,5168,5
312,0,0.1471472233533859,0,ERA5_2xCoarse,5168,5
313,1,0.9462853074073792,1,ERA5_2xCoarse,5168,5
324,0,0.170271947979927,0,ERA5_2xCoarse,5168,5
325,1,0.6106539964675903,1,ERA5_2xCoarse,5168,5
338,0,0.0724904537200927,0,ERA5_2xCoarse,5168,5
339,1,0.1761265993118286,0,ERA5_2xCoarse,5168,5
342,0,0.1219953745603561,0,ERA5_2xCoarse,5168,5
343,1,0.7572780847549438,1,ERA5_2xCoarse,5168,5
346,0,0.1162338107824325,0,ERA5_2xCoarse,5168,5
347,1,0.9027437567710876,1,ERA5_2xCoarse,5168,5
350,0,0.0802570208907127,0,ERA5_2xCoarse,5168,5
351,1,0.8629869222640991,1,ERA5_2xCoarse,5168,5
356,0,0.231107473373413,0,ERA5_2xCoarse,5168,5
357,1,0.9321810603141784,1,ERA5_2xCoarse,5168,5
384,0,0.0440311394631862,0,ERA5_2xCoarse,5168,5
385,1,0.91348135471344,1,ERA5_2xCoarse,5168,5
398,0,0.0680661126971244,0,ERA5_2xCoarse,5168,5
399,1,0.1047493070363998,0,ERA5_2xCoarse,5168,5
2,0,0.076815627515316,0,ERA5_2xCoarse,5319,1
3,1,0.0345000326633453,0,ERA5_2xCoarse,5319,1
4,0,0.3073873221874237,0,ERA5_2xCoarse,5319,1
5,1,0.5704667568206787,1,ERA5_2xCoarse,5319,1
12,0,0.0123436255380511,0,ERA5_2xCoarse,5319,1
13,1,0.5304566025733948,1,ERA5_2xCoarse,5319,1
18,0,0.024278774857521,0,ERA5_2xCoarse,5319,1
19,1,0.7664780020713806,1,ERA5_2xCoarse,5319,1
20,0,0.855313777923584,1,ERA5_2xCoarse,5319,1
21,1,0.4606060087680816,0,ERA5_2xCoarse,5319,1
26,0,0.0197295267134904,0,ERA5_2xCoarse,5319,1
27,1,0.2999793291091919,0,ERA5_2xCoarse,5319,1
30,0,0.1087483987212181,0,ERA5_2xCoarse,5319,1
31,1,0.7657128572463989,1,ERA5_2xCoarse,5319,1
38,0,0.0263524111360311,0,ERA5_2xCoarse,5319,1
39,1,0.3050682842731476,0,ERA5_2xCoarse,5319,1
62,0,0.0977721288800239,0,ERA5_2xCoarse,5319,1
63,1,0.8583085536956787,1,ERA5_2xCoarse,5319,1
84,0,0.990007758140564,1,ERA5_2xCoarse,5319,1
85,1,0.9859331250190736,1,ERA5_2xCoarse,5319,1
92,0,0.0414591953158378,0,ERA5_2xCoarse,5319,1
93,1,0.9756396412849426,1,ERA5_2xCoarse,5319,1
98,0,0.8825164437294006,1,ERA5_2xCoarse,5319,1
99,1,0.9410619139671326,1,ERA5_2xCoarse,5319,1
128,0,0.0126101337373256,0,ERA5_2xCoarse,5319,1
129,1,0.8500304818153381,1,ERA5_2xCoarse,5319,1
144,0,0.8986126184463501,1,ERA5_2xCoarse,5319,1
145,1,0.7409540414810181,1,ERA5_2xCoarse,5319,1
154,0,0.8220227956771851,1,ERA5_2xCoarse,5319,1
155,1,0.5737882852554321,1,ERA5_2xCoarse,5319,1
162,0,0.0268144756555557,0,ERA5_2xCoarse,5319,1
163,1,0.9912554025650024,1,ERA5_2xCoarse,5319,1
164,0,0.0088778436183929,0,ERA5_2xCoarse,5319,1
165,1,0.7820520401000977,1,ERA5_2xCoarse,5319,1
166,0,0.3379649817943573,0,ERA5_2xCoarse,5319,1
167,1,0.47329843044281,0,ERA5_2xCoarse,5319,1
170,0,0.7960361242294312,1,ERA5_2xCoarse,5319,1
171,1,0.9066139459609984,1,ERA5_2xCoarse,5319,1
182,0,0.5127543807029724,1,ERA5_2xCoarse,5319,1
183,1,0.9292625188827516,1,ERA5_2xCoarse,5319,1
208,0,0.021202977746725,0,ERA5_2xCoarse,5319,1
209,1,0.9919381737709044,1,ERA5_2xCoarse,5319,1
210,0,0.0380800403654575,0,ERA5_2xCoarse,5319,1
211,1,0.9737603068351746,1,ERA5_2xCoarse,5319,1
216,0,0.0236784908920526,0,ERA5_2xCoarse,5319,1
217,1,0.9918528199195862,1,ERA5_2xCoarse,5319,1
220,0,0.8358600735664368,1,ERA5_2xCoarse,5319,1
221,1,0.7760913372039795,1,ERA5_2xCoarse,5319,1
224,0,0.470846027135849,0,ERA5_2xCoarse,5319,1
225,1,0.5126128196716309,1,ERA5_2xCoarse,5319,1
238,0,0.0633202865719795,0,ERA5_2xCoarse,5319,1
239,1,0.6181356310844421,1,ERA5_2xCoarse,5319,1
240,0,0.532459020614624,1,ERA5_2xCoarse,5319,1
241,1,0.71792072057724,1,ERA5_2xCoarse,5319,1
246,0,0.2527994513511657,0,ERA5_2xCoarse,5319,1
247,1,0.2503843903541565,0,ERA5_2xCoarse,5319,1
262,0,0.0450136996805667,0,ERA5_2xCoarse,5319,1
263,1,0.9887382984161376,1,ERA5_2xCoarse,5319,1
264,0,0.5440183281898499,1,ERA5_2xCoarse,5319,1
265,1,0.9357035160064696,1,ERA5_2xCoarse,5319,1
266,0,0.1143644452095031,0,ERA5_2xCoarse,5319,1
267,1,0.4441433250904083,0,ERA5_2xCoarse,5319,1
270,0,0.0824049264192581,0,ERA5_2xCoarse,5319,1
271,1,0.9613550305366516,1,ERA5_2xCoarse,5319,1
272,0,0.0142328981310129,0,ERA5_2xCoarse,5319,1
273,1,0.1980427950620651,0,ERA5_2xCoarse,5319,1
290,0,0.2136523425579071,0,ERA5_2xCoarse,5319,1
291,1,0.5127313137054443,1,ERA5_2xCoarse,5319,1
306,0,0.0068839010782539,0,ERA5_2xCoarse,5319,1
307,1,0.9841076135635376,1,ERA5_2xCoarse,5319,1
310,0,0.1289760470390319,0,ERA5_2xCoarse,5319,1
311,1,0.9413081407546996,1,ERA5_2xCoarse,5319,1
314,0,0.092974729835987,0,ERA5_2xCoarse,5319,1
315,1,0.0875162333250045,0,ERA5_2xCoarse,5319,1
326,0,0.0284856855869293,0,ERA5_2xCoarse,5319,1
327,1,0.8727755546569824,1,ERA5_2xCoarse,5319,1
332,0,0.0617475286126136,0,ERA5_2xCoarse,5319,1
333,1,0.8690227270126343,1,ERA5_2xCoarse,5319,1
346,0,0.200413316488266,0,ERA5_2xCoarse,5319,1
347,1,0.9709794521331788,1,ERA5_2xCoarse,5319,1
348,0,0.3706966936588287,0,ERA5_2xCoarse,5319,1
349,1,0.9844356179237366,1,ERA5_2xCoarse,5319,1
400,0,0.1091342866420745,0,ERA5_2xCoarse,5319,1
401,1,0.4906357824802398,0,ERA5_2xCoarse,5319,1
0,0,0.4832631945610046,0,ERA5_2xCoarse,5319,2
1,1,0.4874958395957947,0,ERA5_2xCoarse,5319,2
24,0,0.0576180219650268,0,ERA5_2xCoarse,5319,2
25,1,0.8433837890625,1,ERA5_2xCoarse,5319,2
32,0,0.1801838278770446,0,ERA5_2xCoarse,5319,2
33,1,0.7357602715492249,1,ERA5_2xCoarse,5319,2
40,0,0.5550193190574646,1,ERA5_2xCoarse,5319,2
41,1,0.678413987159729,1,ERA5_2xCoarse,5319,2
54,0,0.1174488216638565,0,ERA5_2xCoarse,5319,2
55,1,0.9546557664871216,1,ERA5_2xCoarse,5319,2
64,0,0.1115080788731575,0,ERA5_2xCoarse,5319,2
65,1,0.864149808883667,1,ERA5_2xCoarse,5319,2
68,0,0.6018921136856079,1,ERA5_2xCoarse,5319,2
69,1,0.7544416189193726,1,ERA5_2xCoarse,5319,2
80,0,0.1337910890579223,0,ERA5_2xCoarse,5319,2
81,1,0.0907822325825691,0,ERA5_2xCoarse,5319,2
82,0,0.6403188109397888,1,ERA5_2xCoarse,5319,2
83,1,0.7293726801872253,1,ERA5_2xCoarse,5319,2
88,0,0.1364601403474807,0,ERA5_2xCoarse,5319,2
89,1,0.2105616629123687,0,ERA5_2xCoarse,5319,2
104,0,0.3234748244285583,0,ERA5_2xCoarse,5319,2
105,1,0.8128604888916016,1,ERA5_2xCoarse,5319,2
106,0,0.1171795055270195,0,ERA5_2xCoarse,5319,2
107,1,0.6109961271286011,1,ERA5_2xCoarse,5319,2
112,0,0.0378600545227527,0,ERA5_2xCoarse,5319,2
113,1,0.9386041164398192,1,ERA5_2xCoarse,5319,2
116,0,0.5660184025764465,1,ERA5_2xCoarse,5319,2
117,1,0.8494168519973755,1,ERA5_2xCoarse,5319,2
124,0,0.907508671283722,1,ERA5_2xCoarse,5319,2
125,1,0.8369646668434143,1,ERA5_2xCoarse,5319,2
142,0,0.0882097333669662,0,ERA5_2xCoarse,5319,2
143,1,0.776359498500824,1,ERA5_2xCoarse,5319,2
146,0,0.1045197993516922,0,ERA5_2xCoarse,5319,2
147,1,0.980426788330078,1,ERA5_2xCoarse,5319,2
160,0,0.1301316320896148,0,ERA5_2xCoarse,5319,2
161,1,0.8100520372390747,1,ERA5_2xCoarse,5319,2
168,0,0.240828737616539,0,ERA5_2xCoarse,5319,2
169,1,0.1946154683828354,0,ERA5_2xCoarse,5319,2
172,0,0.71225905418396,1,ERA5_2xCoarse,5319,2
173,1,0.5702712535858154,1,ERA5_2xCoarse,5319,2
174,0,0.5464099049568176,1,ERA5_2xCoarse,5319,2
175,1,0.6342999935150146,1,ERA5_2xCoarse,5319,2
178,0,0.4486746490001678,0,ERA5_2xCoarse,5319,2
179,1,0.7679421901702881,1,ERA5_2xCoarse,5319,2
188,0,0.4043469727039337,0,ERA5_2xCoarse,5319,2
189,1,0.7582746744155884,1,ERA5_2xCoarse,5319,2
190,0,0.5201320648193359,1,ERA5_2xCoarse,5319,2
191,1,0.4603182673454284,0,ERA5_2xCoarse,5319,2
194,0,0.5569256544113159,1,ERA5_2xCoarse,5319,2
195,1,0.6106996536254883,1,ERA5_2xCoarse,5319,2
218,0,0.0324023999273777,0,ERA5_2xCoarse,5319,2
219,1,0.2341141104698181,0,ERA5_2xCoarse,5319,2
230,0,0.6306535601615906,1,ERA5_2xCoarse,5319,2
231,1,0.4280647337436676,0,ERA5_2xCoarse,5319,2
258,0,0.0783081725239753,0,ERA5_2xCoarse,5319,2
259,1,0.8231667876243591,1,ERA5_2xCoarse,5319,2
278,0,0.2156873196363449,0,ERA5_2xCoarse,5319,2
279,1,0.8898571729660034,1,ERA5_2xCoarse,5319,2
300,0,0.1958654969930648,0,ERA5_2xCoarse,5319,2
301,1,0.6669231057167053,1,ERA5_2xCoarse,5319,2
328,0,0.1697625964879989,0,ERA5_2xCoarse,5319,2
329,1,0.7165613770484924,1,ERA5_2xCoarse,5319,2
330,0,0.0167587157338857,0,ERA5_2xCoarse,5319,2
331,1,0.3716841042041778,0,ERA5_2xCoarse,5319,2
340,0,0.4570416212081909,0,ERA5_2xCoarse,5319,2
341,1,0.5728160738945007,1,ERA5_2xCoarse,5319,2
342,0,0.4724778532981872,0,ERA5_2xCoarse,5319,2
343,1,0.672044575214386,1,ERA5_2xCoarse,5319,2
366,0,0.2582501769065857,0,ERA5_2xCoarse,5319,2
367,1,0.6164383888244629,1,ERA5_2xCoarse,5319,2
368,0,0.0708463564515113,0,ERA5_2xCoarse,5319,2
369,1,0.8750922679901123,1,ERA5_2xCoarse,5319,2
382,0,0.2423872351646423,0,ERA5_2xCoarse,5319,2
383,1,0.5190221667289734,1,ERA5_2xCoarse,5319,2
390,0,0.2049858123064041,0,ERA5_2xCoarse,5319,2
391,1,0.5921851396560669,1,ERA5_2xCoarse,5319,2
392,0,0.4702217876911163,0,ERA5_2xCoarse,5319,2
393,1,0.6636086702346802,1,ERA5_2xCoarse,5319,2
394,0,0.4575634598731994,0,ERA5_2xCoarse,5319,2
395,1,0.6534737944602966,1,ERA5_2xCoarse,5319,2
8,0,0.91550612449646,1,ERA5_2xCoarse,5319,3
9,1,0.844146192073822,1,ERA5_2xCoarse,5319,3
14,0,0.5011223554611206,1,ERA5_2xCoarse,5319,3
15,1,0.9628174901008606,1,ERA5_2xCoarse,5319,3
36,0,0.0500689931213855,0,ERA5_2xCoarse,5319,3
37,1,0.5272297859191895,1,ERA5_2xCoarse,5319,3
48,0,0.9565463066101074,1,ERA5_2xCoarse,5319,3
49,1,0.7107925415039062,1,ERA5_2xCoarse,5319,3
60,0,0.0268735960125923,0,ERA5_2xCoarse,5319,3
61,1,0.986799955368042,1,ERA5_2xCoarse,5319,3
70,0,0.9581279754638672,1,ERA5_2xCoarse,5319,3
71,1,0.8570859432220459,1,ERA5_2xCoarse,5319,3
72,0,0.0334174968302249,0,ERA5_2xCoarse,5319,3
73,1,0.1093060746788978,0,ERA5_2xCoarse,5319,3
76,0,0.8862448334693909,1,ERA5_2xCoarse,5319,3
77,1,0.9826935529708862,1,ERA5_2xCoarse,5319,3
78,0,0.0481998212635517,0,ERA5_2xCoarse,5319,3
79,1,0.9442014694213868,1,ERA5_2xCoarse,5319,3
94,0,0.9188774824142456,1,ERA5_2xCoarse,5319,3
95,1,0.8011585474014282,1,ERA5_2xCoarse,5319,3
100,0,0.5931109189987183,1,ERA5_2xCoarse,5319,3
101,1,0.9885177612304688,1,ERA5_2xCoarse,5319,3
102,0,0.6577236652374268,1,ERA5_2xCoarse,5319,3
103,1,0.989408016204834,1,ERA5_2xCoarse,5319,3
108,0,0.0233518909662961,0,ERA5_2xCoarse,5319,3
109,1,0.9431179761886596,1,ERA5_2xCoarse,5319,3
114,0,0.9611682891845704,1,ERA5_2xCoarse,5319,3
115,1,0.9755064249038696,1,ERA5_2xCoarse,5319,3
118,0,0.2792504429817199,0,ERA5_2xCoarse,5319,3
119,1,0.9935173988342284,1,ERA5_2xCoarse,5319,3
148,0,0.0718738287687301,0,ERA5_2xCoarse,5319,3
149,1,0.6287756562232971,1,ERA5_2xCoarse,5319,3
150,0,0.0069033508189022,0,ERA5_2xCoarse,5319,3
151,1,0.8936094045639038,1,ERA5_2xCoarse,5319,3
180,0,0.4181083738803863,0,ERA5_2xCoarse,5319,3
181,1,0.8916869163513184,1,ERA5_2xCoarse,5319,3
186,0,0.0086774826049804,0,ERA5_2xCoarse,5319,3
187,1,0.8908824324607849,1,ERA5_2xCoarse,5319,3
196,0,0.969315767288208,1,ERA5_2xCoarse,5319,3
197,1,0.993736982345581,1,ERA5_2xCoarse,5319,3
198,0,0.0609645843505859,0,ERA5_2xCoarse,5319,3
199,1,0.9463585019111632,1,ERA5_2xCoarse,5319,3
212,0,0.9444353580474854,1,ERA5_2xCoarse,5319,3
213,1,0.8629745244979858,1,ERA5_2xCoarse,5319,3
226,0,0.320530354976654,0,ERA5_2xCoarse,5319,3
227,1,0.869680643081665,1,ERA5_2xCoarse,5319,3
232,0,0.5956848859786987,1,ERA5_2xCoarse,5319,3
233,1,0.8326992988586426,1,ERA5_2xCoarse,5319,3
248,0,0.0070971841923892,0,ERA5_2xCoarse,5319,3
249,1,0.8949275612831116,1,ERA5_2xCoarse,5319,3
254,0,0.1000648662447929,0,ERA5_2xCoarse,5319,3
255,1,0.8331595063209534,1,ERA5_2xCoarse,5319,3
284,0,0.0358858741819858,0,ERA5_2xCoarse,5319,3
285,1,0.926088809967041,1,ERA5_2xCoarse,5319,3
288,0,0.9327508211135864,1,ERA5_2xCoarse,5319,3
289,1,0.9928572177886964,1,ERA5_2xCoarse,5319,3
292,0,0.0159495994448661,0,ERA5_2xCoarse,5319,3
293,1,0.9376917481422424,1,ERA5_2xCoarse,5319,3
296,0,0.6592769026756287,1,ERA5_2xCoarse,5319,3
297,1,0.9925782084465028,1,ERA5_2xCoarse,5319,3
302,0,0.8960160613059998,1,ERA5_2xCoarse,5319,3
303,1,0.8130537271499634,1,ERA5_2xCoarse,5319,3
304,0,0.6717119812965393,1,ERA5_2xCoarse,5319,3
305,1,0.8416094183921814,1,ERA5_2xCoarse,5319,3
312,0,0.0603010207414627,0,ERA5_2xCoarse,5319,3
313,1,0.9828386902809144,1,ERA5_2xCoarse,5319,3
336,0,0.7201786637306213,1,ERA5_2xCoarse,5319,3
337,1,0.9417760968208312,1,ERA5_2xCoarse,5319,3
338,0,0.0903684049844741,0,ERA5_2xCoarse,5319,3
339,1,0.0444298721849918,0,ERA5_2xCoarse,5319,3
350,0,0.1677165925502777,0,ERA5_2xCoarse,5319,3
351,1,0.934272825717926,1,ERA5_2xCoarse,5319,3
358,0,0.0398765467107296,0,ERA5_2xCoarse,5319,3
359,1,0.4954835474491119,0,ERA5_2xCoarse,5319,3
364,0,0.0648324713110923,0,ERA5_2xCoarse,5319,3
365,1,0.9652782678604126,1,ERA5_2xCoarse,5319,3
370,0,0.2150030434131622,0,ERA5_2xCoarse,5319,3
371,1,0.945302426815033,1,ERA5_2xCoarse,5319,3
372,0,0.1862314045429229,0,ERA5_2xCoarse,5319,3
373,1,0.9070817828178406,1,ERA5_2xCoarse,5319,3
384,0,0.0160675104707479,0,ERA5_2xCoarse,5319,3
385,1,0.9831494688987732,1,ERA5_2xCoarse,5319,3
22,0,0.9080278277397156,1,ERA5_2xCoarse,5319,4
23,1,0.6642443537712097,1,ERA5_2xCoarse,5319,4
28,0,0.2224370390176773,0,ERA5_2xCoarse,5319,4
29,1,0.6488147377967834,1,ERA5_2xCoarse,5319,4
34,0,0.8394050002098083,1,ERA5_2xCoarse,5319,4
35,1,0.6999753713607788,1,ERA5_2xCoarse,5319,4
42,0,0.3000056147575378,0,ERA5_2xCoarse,5319,4
43,1,0.4170810580253601,0,ERA5_2xCoarse,5319,4
44,0,0.1938509196043014,0,ERA5_2xCoarse,5319,4
45,1,0.3531181216239929,0,ERA5_2xCoarse,5319,4
46,0,0.8394050002098083,1,ERA5_2xCoarse,5319,4
47,1,0.6999753713607788,1,ERA5_2xCoarse,5319,4
52,0,0.7561864852905273,1,ERA5_2xCoarse,5319,4
53,1,0.3646343648433685,0,ERA5_2xCoarse,5319,4
58,0,0.0931421667337417,0,ERA5_2xCoarse,5319,4
59,1,0.958297848701477,1,ERA5_2xCoarse,5319,4
86,0,0.1195306032896041,0,ERA5_2xCoarse,5319,4
87,1,0.1845771223306656,0,ERA5_2xCoarse,5319,4
90,0,0.1724618375301361,0,ERA5_2xCoarse,5319,4
91,1,0.554436206817627,1,ERA5_2xCoarse,5319,4
96,0,0.648250937461853,1,ERA5_2xCoarse,5319,4
97,1,0.4045691192150116,0,ERA5_2xCoarse,5319,4
110,0,0.3077062964439392,0,ERA5_2xCoarse,5319,4
111,1,0.5124422907829285,1,ERA5_2xCoarse,5319,4
120,0,0.0980063304305076,0,ERA5_2xCoarse,5319,4
121,1,0.9852027297019958,1,ERA5_2xCoarse,5319,4
134,0,0.5355424284934998,1,ERA5_2xCoarse,5319,4
135,1,0.4301038980484009,0,ERA5_2xCoarse,5319,4
138,0,0.5543659329414368,1,ERA5_2xCoarse,5319,4
139,1,0.7802717685699463,1,ERA5_2xCoarse,5319,4
152,0,0.0985470861196518,0,ERA5_2xCoarse,5319,4
153,1,0.9710000157356262,1,ERA5_2xCoarse,5319,4
156,0,0.0125362407416105,0,ERA5_2xCoarse,5319,4
157,1,0.6271092891693115,1,ERA5_2xCoarse,5319,4
158,0,0.5378134846687317,1,ERA5_2xCoarse,5319,4
159,1,0.9710000157356262,1,ERA5_2xCoarse,5319,4
200,0,0.1014051511883735,0,ERA5_2xCoarse,5319,4
201,1,0.9846433401107788,1,ERA5_2xCoarse,5319,4
222,0,0.8399690389633179,1,ERA5_2xCoarse,5319,4
223,1,0.4860541820526123,0,ERA5_2xCoarse,5319,4
234,0,0.2957880198955536,0,ERA5_2xCoarse,5319,4
235,1,0.8109129071235657,1,ERA5_2xCoarse,5319,4
236,0,0.373351901769638,0,ERA5_2xCoarse,5319,4
237,1,0.4236680865287781,0,ERA5_2xCoarse,5319,4
242,0,0.4228658378124237,0,ERA5_2xCoarse,5319,4
243,1,0.476268470287323,0,ERA5_2xCoarse,5319,4
250,0,0.2009024322032928,0,ERA5_2xCoarse,5319,4
251,1,0.736875057220459,1,ERA5_2xCoarse,5319,4
252,0,0.1274983584880828,0,ERA5_2xCoarse,5319,4
253,1,0.5837349891662598,1,ERA5_2xCoarse,5319,4
260,0,0.0839941129088401,0,ERA5_2xCoarse,5319,4
261,1,0.9350934028625488,1,ERA5_2xCoarse,5319,4
268,0,0.687371015548706,1,ERA5_2xCoarse,5319,4
269,1,0.6494028568267822,1,ERA5_2xCoarse,5319,4
274,0,0.2804717123508453,0,ERA5_2xCoarse,5319,4
275,1,0.8125642538070679,1,ERA5_2xCoarse,5319,4
276,0,0.450363427400589,0,ERA5_2xCoarse,5319,4
277,1,0.3513543605804443,0,ERA5_2xCoarse,5319,4
286,0,0.3417064547538757,0,ERA5_2xCoarse,5319,4
287,1,0.6845095753669739,1,ERA5_2xCoarse,5319,4
316,0,0.3306257426738739,0,ERA5_2xCoarse,5319,4
317,1,0.8350666165351868,1,ERA5_2xCoarse,5319,4
320,0,0.0623677186667919,0,ERA5_2xCoarse,5319,4
321,1,0.8763984441757202,1,ERA5_2xCoarse,5319,4
344,0,0.2063758373260498,0,ERA5_2xCoarse,5319,4
345,1,0.9073557257652284,1,ERA5_2xCoarse,5319,4
352,0,0.0713334083557128,0,ERA5_2xCoarse,5319,4
353,1,0.8343468308448792,1,ERA5_2xCoarse,5319,4
362,0,0.2102817595005035,0,ERA5_2xCoarse,5319,4
363,1,0.2973262071609497,0,ERA5_2xCoarse,5319,4
374,0,0.1571899503469467,0,ERA5_2xCoarse,5319,4
375,1,0.0951972678303718,0,ERA5_2xCoarse,5319,4
376,0,0.2270604074001312,0,ERA5_2xCoarse,5319,4
377,1,0.3751756250858307,0,ERA5_2xCoarse,5319,4
380,0,0.4191054403781891,0,ERA5_2xCoarse,5319,4
381,1,0.5864940881729126,1,ERA5_2xCoarse,5319,4
388,0,0.0519061535596847,0,ERA5_2xCoarse,5319,4
389,1,0.7179300785064697,1,ERA5_2xCoarse,5319,4
398,0,0.2844787836074829,0,ERA5_2xCoarse,5319,4
399,1,0.5814194083213806,1,ERA5_2xCoarse,5319,4
6,0,0.0323174335062503,0,ERA5_2xCoarse,5319,5
7,1,0.7768867611885071,1,ERA5_2xCoarse,5319,5
10,0,0.6726494431495667,1,ERA5_2xCoarse,5319,5
11,1,0.6527594923973083,1,ERA5_2xCoarse,5319,5
16,0,0.488426148891449,0,ERA5_2xCoarse,5319,5
17,1,0.578319787979126,1,ERA5_2xCoarse,5319,5
50,0,0.7678169012069702,1,ERA5_2xCoarse,5319,5
51,1,0.6893736720085144,1,ERA5_2xCoarse,5319,5
56,0,0.3666016757488251,0,ERA5_2xCoarse,5319,5
57,1,0.8537116050720215,1,ERA5_2xCoarse,5319,5
66,0,0.3248322606086731,0,ERA5_2xCoarse,5319,5
67,1,0.6169130802154541,1,ERA5_2xCoarse,5319,5
74,0,0.7742166519165039,1,ERA5_2xCoarse,5319,5
75,1,0.9334892630577089,1,ERA5_2xCoarse,5319,5
122,0,0.0574244819581508,0,ERA5_2xCoarse,5319,5
123,1,0.0719034522771835,0,ERA5_2xCoarse,5319,5
126,0,0.1190146282315254,0,ERA5_2xCoarse,5319,5
127,1,0.3133167326450348,0,ERA5_2xCoarse,5319,5
130,0,0.0902053639292717,0,ERA5_2xCoarse,5319,5
131,1,0.8477652072906494,1,ERA5_2xCoarse,5319,5
132,0,0.0565295666456222,0,ERA5_2xCoarse,5319,5
133,1,0.4065091907978058,0,ERA5_2xCoarse,5319,5
136,0,0.2996377348899841,0,ERA5_2xCoarse,5319,5
137,1,0.9250116944313048,1,ERA5_2xCoarse,5319,5
140,0,0.0369489453732967,0,ERA5_2xCoarse,5319,5
141,1,0.6852455139160156,1,ERA5_2xCoarse,5319,5
176,0,0.5912047028541565,1,ERA5_2xCoarse,5319,5
177,1,0.7430580854415894,1,ERA5_2xCoarse,5319,5
184,0,0.0202656798064708,0,ERA5_2xCoarse,5319,5
185,1,0.7813510894775391,1,ERA5_2xCoarse,5319,5
192,0,0.6219017505645752,1,ERA5_2xCoarse,5319,5
193,1,0.7165583372116089,1,ERA5_2xCoarse,5319,5
202,0,0.0226295217871665,0,ERA5_2xCoarse,5319,5
203,1,0.2050367891788482,0,ERA5_2xCoarse,5319,5
204,0,0.7685955166816711,1,ERA5_2xCoarse,5319,5
205,1,0.6698513031005859,1,ERA5_2xCoarse,5319,5
206,0,0.0157357584685087,0,ERA5_2xCoarse,5319,5
207,1,0.1948471516370773,0,ERA5_2xCoarse,5319,5
214,0,0.1169713288545608,0,ERA5_2xCoarse,5319,5
215,1,0.9059547185897828,1,ERA5_2xCoarse,5319,5
228,0,0.6025778651237488,1,ERA5_2xCoarse,5319,5
229,1,0.8121784925460815,1,ERA5_2xCoarse,5319,5
244,0,0.7204904556274414,1,ERA5_2xCoarse,5319,5
245,1,0.7299432158470154,1,ERA5_2xCoarse,5319,5
256,0,0.5594640970230103,1,ERA5_2xCoarse,5319,5
257,1,0.6825278401374817,1,ERA5_2xCoarse,5319,5
280,0,0.4731740355491638,0,ERA5_2xCoarse,5319,5
281,1,0.5534271597862244,1,ERA5_2xCoarse,5319,5
282,0,0.0412746928632259,0,ERA5_2xCoarse,5319,5
283,1,0.7495087385177612,1,ERA5_2xCoarse,5319,5
294,0,0.023718524724245,0,ERA5_2xCoarse,5319,5
295,1,0.250068187713623,0,ERA5_2xCoarse,5319,5
298,0,0.4224041998386383,0,ERA5_2xCoarse,5319,5
299,1,0.5086066722869873,1,ERA5_2xCoarse,5319,5
308,0,0.083451971411705,0,ERA5_2xCoarse,5319,5
309,1,0.8469091653823853,1,ERA5_2xCoarse,5319,5
318,0,0.201924443244934,0,ERA5_2xCoarse,5319,5
319,1,0.8967598080635071,1,ERA5_2xCoarse,5319,5
322,0,0.4648173451423645,0,ERA5_2xCoarse,5319,5
323,1,0.7771011590957642,1,ERA5_2xCoarse,5319,5
324,0,0.5012142062187195,1,ERA5_2xCoarse,5319,5
325,1,0.4544826447963714,0,ERA5_2xCoarse,5319,5
334,0,0.0275518558919429,0,ERA5_2xCoarse,5319,5
335,1,0.3626747131347656,0,ERA5_2xCoarse,5319,5
354,0,0.4054153561592102,0,ERA5_2xCoarse,5319,5
355,1,0.8274462819099426,1,ERA5_2xCoarse,5319,5
356,0,0.4455939829349518,0,ERA5_2xCoarse,5319,5
357,1,0.7573120594024658,1,ERA5_2xCoarse,5319,5
360,0,0.153180181980133,0,ERA5_2xCoarse,5319,5
361,1,0.1760068386793136,0,ERA5_2xCoarse,5319,5
378,0,0.2289260774850845,0,ERA5_2xCoarse,5319,5
379,1,0.6683439612388611,1,ERA5_2xCoarse,5319,5
386,0,0.0396514199674129,0,ERA5_2xCoarse,5319,5
387,1,0.5097410082817078,1,ERA5_2xCoarse,5319,5
396,0,0.0269468910992145,0,ERA5_2xCoarse,5319,5
397,1,0.3751286566257477,0,ERA5_2xCoarse,5319,5
402,0,0.5813127756118774,1,ERA5_2xCoarse,5319,5
403,1,0.8296793103218079,1,ERA5_2xCoarse,5319,5
16,0,0.8553975224494934,1,ERA5_2xCoarse,6469,1
17,1,0.9896698594093324,1,ERA5_2xCoarse,6469,1
22,0,0.4967928826808929,0,ERA5_2xCoarse,6469,1
23,1,0.7427994012832642,1,ERA5_2xCoarse,6469,1
24,0,0.0401138737797737,0,ERA5_2xCoarse,6469,1
25,1,0.8943787217140198,1,ERA5_2xCoarse,6469,1
40,0,0.7975398898124695,1,ERA5_2xCoarse,6469,1
41,1,0.6333577632904053,1,ERA5_2xCoarse,6469,1
56,0,0.5015888810157776,1,ERA5_2xCoarse,6469,1
57,1,0.9584161043167114,1,ERA5_2xCoarse,6469,1
62,0,0.0491023361682891,0,ERA5_2xCoarse,6469,1
63,1,0.6143718957901001,1,ERA5_2xCoarse,6469,1
68,0,0.7408628463745117,1,ERA5_2xCoarse,6469,1
69,1,0.7108603715896606,1,ERA5_2xCoarse,6469,1
74,0,0.290933221578598,0,ERA5_2xCoarse,6469,1
75,1,0.9587610363960266,1,ERA5_2xCoarse,6469,1
80,0,0.1572257131338119,0,ERA5_2xCoarse,6469,1
81,1,0.5550034046173096,1,ERA5_2xCoarse,6469,1
86,0,0.769986093044281,1,ERA5_2xCoarse,6469,1
87,1,0.1761919558048248,0,ERA5_2xCoarse,6469,1
90,0,0.031706903129816,0,ERA5_2xCoarse,6469,1
91,1,0.836355984210968,1,ERA5_2xCoarse,6469,1
96,0,0.7500213980674744,1,ERA5_2xCoarse,6469,1
97,1,0.7647401094436646,1,ERA5_2xCoarse,6469,1
100,0,0.0458846725523471,0,ERA5_2xCoarse,6469,1
101,1,0.9462444186210632,1,ERA5_2xCoarse,6469,1
136,0,0.7047441601753235,1,ERA5_2xCoarse,6469,1
137,1,0.9866666197776794,1,ERA5_2xCoarse,6469,1
140,0,0.0605389066040515,0,ERA5_2xCoarse,6469,1
141,1,0.976365566253662,1,ERA5_2xCoarse,6469,1
142,0,0.0347230695188045,0,ERA5_2xCoarse,6469,1
143,1,0.3310668766498565,0,ERA5_2xCoarse,6469,1
150,0,0.0073442691937088,0,ERA5_2xCoarse,6469,1
151,1,0.6717358231544495,1,ERA5_2xCoarse,6469,1
152,0,0.0260283052921295,0,ERA5_2xCoarse,6469,1
153,1,0.995888888835907,1,ERA5_2xCoarse,6469,1
170,0,0.7282425165176392,1,ERA5_2xCoarse,6469,1
171,1,0.8806009292602539,1,ERA5_2xCoarse,6469,1
178,0,0.0211976263672113,0,ERA5_2xCoarse,6469,1
179,1,0.6938051581382751,1,ERA5_2xCoarse,6469,1
188,0,0.5004439949989319,1,ERA5_2xCoarse,6469,1
189,1,0.7573537230491638,1,ERA5_2xCoarse,6469,1
194,0,0.7084996104240417,1,ERA5_2xCoarse,6469,1
195,1,0.1463268548250198,0,ERA5_2xCoarse,6469,1
212,0,0.6303026080131531,1,ERA5_2xCoarse,6469,1
213,1,0.8459786772727966,1,ERA5_2xCoarse,6469,1
218,0,0.0071049407124519,0,ERA5_2xCoarse,6469,1
219,1,0.8181601166725159,1,ERA5_2xCoarse,6469,1
228,0,0.9671856164932252,1,ERA5_2xCoarse,6469,1
229,1,0.6140525341033936,1,ERA5_2xCoarse,6469,1
232,0,0.4258531630039215,0,ERA5_2xCoarse,6469,1
233,1,0.7140023112297058,1,ERA5_2xCoarse,6469,1
236,0,0.023746907711029,0,ERA5_2xCoarse,6469,1
237,1,0.770505428314209,1,ERA5_2xCoarse,6469,1
250,0,0.1211190447211265,0,ERA5_2xCoarse,6469,1
251,1,0.919154167175293,1,ERA5_2xCoarse,6469,1
252,0,0.2189723402261734,0,ERA5_2xCoarse,6469,1
253,1,0.9042298197746276,1,ERA5_2xCoarse,6469,1
274,0,0.9601982831954956,1,ERA5_2xCoarse,6469,1
275,1,0.9799271821975708,1,ERA5_2xCoarse,6469,1
276,0,0.3436157703399658,0,ERA5_2xCoarse,6469,1
277,1,0.1494592577219009,0,ERA5_2xCoarse,6469,1
288,0,0.1081782132387161,0,ERA5_2xCoarse,6469,1
289,1,0.8297328948974609,1,ERA5_2xCoarse,6469,1
318,0,0.0638360679149627,0,ERA5_2xCoarse,6469,1
319,1,0.9910643100738524,1,ERA5_2xCoarse,6469,1
324,0,0.0299518518149852,0,ERA5_2xCoarse,6469,1
325,1,0.4902576208114624,0,ERA5_2xCoarse,6469,1
326,0,0.0060737156309187,0,ERA5_2xCoarse,6469,1
327,1,0.7311760783195496,1,ERA5_2xCoarse,6469,1
336,0,0.5284516215324402,1,ERA5_2xCoarse,6469,1
337,1,0.9021588563919068,1,ERA5_2xCoarse,6469,1
354,0,0.0255831088870763,0,ERA5_2xCoarse,6469,1
355,1,0.9166343808174132,1,ERA5_2xCoarse,6469,1
364,0,0.0461707115173339,0,ERA5_2xCoarse,6469,1
365,1,0.9907654523849488,1,ERA5_2xCoarse,6469,1
370,0,0.0584233179688453,0,ERA5_2xCoarse,6469,1
371,1,0.705402672290802,1,ERA5_2xCoarse,6469,1
372,0,0.3268447816371918,0,ERA5_2xCoarse,6469,1
373,1,0.8775847554206848,1,ERA5_2xCoarse,6469,1
374,0,0.0285671949386596,0,ERA5_2xCoarse,6469,1
375,1,0.0269993860274553,0,ERA5_2xCoarse,6469,1
0,0,0.5595316886901855,1,ERA5_2xCoarse,6469,2
1,1,0.444311261177063,0,ERA5_2xCoarse,6469,2
6,0,0.2809129953384399,0,ERA5_2xCoarse,6469,2
7,1,0.8915274143218994,1,ERA5_2xCoarse,6469,2
34,0,0.6577531695365906,1,ERA5_2xCoarse,6469,2
35,1,0.3217467069625854,0,ERA5_2xCoarse,6469,2
36,0,0.2417489737272262,0,ERA5_2xCoarse,6469,2
37,1,0.4102309048175812,0,ERA5_2xCoarse,6469,2
42,0,0.2961014807224273,0,ERA5_2xCoarse,6469,2
43,1,0.3703498542308807,0,ERA5_2xCoarse,6469,2
60,0,0.0763640478253364,0,ERA5_2xCoarse,6469,2
61,1,0.97804993391037,1,ERA5_2xCoarse,6469,2
78,0,0.0585747361183166,0,ERA5_2xCoarse,6469,2
79,1,0.8047983050346375,1,ERA5_2xCoarse,6469,2
82,0,0.4964521825313568,0,ERA5_2xCoarse,6469,2
83,1,0.5077810287475586,1,ERA5_2xCoarse,6469,2
92,0,0.0354435555636882,0,ERA5_2xCoarse,6469,2
93,1,0.8544250130653381,1,ERA5_2xCoarse,6469,2
94,0,0.7702365517616272,1,ERA5_2xCoarse,6469,2
95,1,0.7118549346923828,1,ERA5_2xCoarse,6469,2
98,0,0.7491039037704468,1,ERA5_2xCoarse,6469,2
99,1,0.7566826343536377,1,ERA5_2xCoarse,6469,2
104,0,0.2139461189508438,0,ERA5_2xCoarse,6469,2
105,1,0.7999346852302551,1,ERA5_2xCoarse,6469,2
114,0,0.8258880972862244,1,ERA5_2xCoarse,6469,2
115,1,0.9411848187446594,1,ERA5_2xCoarse,6469,2
116,0,0.6731488108634949,1,ERA5_2xCoarse,6469,2
117,1,0.8258880972862244,1,ERA5_2xCoarse,6469,2
118,0,0.0379362404346466,0,ERA5_2xCoarse,6469,2
119,1,0.988017201423645,1,ERA5_2xCoarse,6469,2
124,0,0.9679642915725708,1,ERA5_2xCoarse,6469,2
125,1,0.926417112350464,1,ERA5_2xCoarse,6469,2
146,0,0.025379579514265,0,ERA5_2xCoarse,6469,2
147,1,0.9900152087211608,1,ERA5_2xCoarse,6469,2
172,0,0.7821299433708191,1,ERA5_2xCoarse,6469,2
173,1,0.3062765002250671,0,ERA5_2xCoarse,6469,2
192,0,0.8786265850067139,1,ERA5_2xCoarse,6469,2
193,1,0.8363772034645081,1,ERA5_2xCoarse,6469,2
202,0,0.0145374368876218,0,ERA5_2xCoarse,6469,2
203,1,0.6018284559249878,1,ERA5_2xCoarse,6469,2
206,0,0.0104145733639597,0,ERA5_2xCoarse,6469,2
207,1,0.6642319560050964,1,ERA5_2xCoarse,6469,2
214,0,0.1725125610828399,0,ERA5_2xCoarse,6469,2
215,1,0.9630364775657654,1,ERA5_2xCoarse,6469,2
220,0,0.8354371786117554,1,ERA5_2xCoarse,6469,2
221,1,0.454188734292984,0,ERA5_2xCoarse,6469,2
238,0,0.3276940286159515,0,ERA5_2xCoarse,6469,2
239,1,0.6669839024543762,1,ERA5_2xCoarse,6469,2
240,0,0.2511119842529297,0,ERA5_2xCoarse,6469,2
241,1,0.5424667596817017,1,ERA5_2xCoarse,6469,2
244,0,0.7974254488945007,1,ERA5_2xCoarse,6469,2
245,1,0.8852701783180237,1,ERA5_2xCoarse,6469,2
246,0,0.3664147555828094,0,ERA5_2xCoarse,6469,2
247,1,0.2445049881935119,0,ERA5_2xCoarse,6469,2
258,0,0.321281373500824,0,ERA5_2xCoarse,6469,2
259,1,0.8365862965583801,1,ERA5_2xCoarse,6469,2
260,0,0.0692939311265945,0,ERA5_2xCoarse,6469,2
261,1,0.5909965634346008,1,ERA5_2xCoarse,6469,2
262,0,0.1115558594465255,0,ERA5_2xCoarse,6469,2
263,1,0.9609994888305664,1,ERA5_2xCoarse,6469,2
272,0,0.1959144920110702,0,ERA5_2xCoarse,6469,2
273,1,0.0948081165552139,0,ERA5_2xCoarse,6469,2
284,0,0.2764929234981537,0,ERA5_2xCoarse,6469,2
285,1,0.936253547668457,1,ERA5_2xCoarse,6469,2
286,0,0.1527809351682663,0,ERA5_2xCoarse,6469,2
287,1,0.283479243516922,0,ERA5_2xCoarse,6469,2
308,0,0.0523712486028671,0,ERA5_2xCoarse,6469,2
309,1,0.8544250130653381,1,ERA5_2xCoarse,6469,2
320,0,0.3708436787128448,0,ERA5_2xCoarse,6469,2
321,1,0.912539541721344,1,ERA5_2xCoarse,6469,2
332,0,0.0820114240050315,0,ERA5_2xCoarse,6469,2
333,1,0.7939810156822205,1,ERA5_2xCoarse,6469,2
346,0,0.6208543181419373,1,ERA5_2xCoarse,6469,2
347,1,0.8553327322006226,1,ERA5_2xCoarse,6469,2
376,0,0.1876378804445266,0,ERA5_2xCoarse,6469,2
377,1,0.2262627482414245,0,ERA5_2xCoarse,6469,2
380,0,0.2931916713714599,0,ERA5_2xCoarse,6469,2
381,1,0.616640031337738,1,ERA5_2xCoarse,6469,2
388,0,0.0709597244858741,0,ERA5_2xCoarse,6469,2
389,1,0.7721232771873474,1,ERA5_2xCoarse,6469,2
396,0,0.2393906861543655,0,ERA5_2xCoarse,6469,2
397,1,0.7590376138687134,1,ERA5_2xCoarse,6469,2
28,0,0.1333120614290237,0,ERA5_2xCoarse,6469,3
29,1,0.4299564063549042,0,ERA5_2xCoarse,6469,3
32,0,0.1193389892578125,0,ERA5_2xCoarse,6469,3
33,1,0.6456984281539917,1,ERA5_2xCoarse,6469,3
38,0,0.0396535731852054,0,ERA5_2xCoarse,6469,3
39,1,0.1675869971513748,0,ERA5_2xCoarse,6469,3
46,0,0.6228874325752258,1,ERA5_2xCoarse,6469,3
47,1,0.4722501635551452,0,ERA5_2xCoarse,6469,3
50,0,0.8380278944969177,1,ERA5_2xCoarse,6469,3
51,1,0.4418332874774933,0,ERA5_2xCoarse,6469,3
52,0,0.8466593027114868,1,ERA5_2xCoarse,6469,3
53,1,0.4983778297901153,0,ERA5_2xCoarse,6469,3
54,0,0.0393653698265552,0,ERA5_2xCoarse,6469,3
55,1,0.975778102874756,1,ERA5_2xCoarse,6469,3
64,0,0.0804526805877685,0,ERA5_2xCoarse,6469,3
65,1,0.95210200548172,1,ERA5_2xCoarse,6469,3
66,0,0.1408023238182068,0,ERA5_2xCoarse,6469,3
67,1,0.614639937877655,1,ERA5_2xCoarse,6469,3
72,0,0.01753880828619,0,ERA5_2xCoarse,6469,3
73,1,0.0374004282057285,0,ERA5_2xCoarse,6469,3
84,0,0.9863359928131104,1,ERA5_2xCoarse,6469,3
85,1,0.9843446612358092,1,ERA5_2xCoarse,6469,3
106,0,0.1214996054768562,0,ERA5_2xCoarse,6469,3
107,1,0.5330922603607178,1,ERA5_2xCoarse,6469,3
122,0,0.1116395220160484,0,ERA5_2xCoarse,6469,3
123,1,0.05947095900774,0,ERA5_2xCoarse,6469,3
132,0,0.126812070608139,0,ERA5_2xCoarse,6469,3
133,1,0.1748855262994766,0,ERA5_2xCoarse,6469,3
144,0,0.5913564562797546,1,ERA5_2xCoarse,6469,3
145,1,0.3577775359153747,0,ERA5_2xCoarse,6469,3
148,0,0.5195398926734924,1,ERA5_2xCoarse,6469,3
149,1,0.3919935822486877,0,ERA5_2xCoarse,6469,3
160,0,0.081380046904087,0,ERA5_2xCoarse,6469,3
161,1,0.9162275195121764,1,ERA5_2xCoarse,6469,3
166,0,0.0981539487838745,0,ERA5_2xCoarse,6469,3
167,1,0.3474567234516144,0,ERA5_2xCoarse,6469,3
176,0,0.510732889175415,1,ERA5_2xCoarse,6469,3
177,1,0.935822367668152,1,ERA5_2xCoarse,6469,3
182,0,0.5159919261932373,1,ERA5_2xCoarse,6469,3
183,1,0.70148766040802,1,ERA5_2xCoarse,6469,3
186,0,0.078469768166542,0,ERA5_2xCoarse,6469,3
187,1,0.6721500754356384,1,ERA5_2xCoarse,6469,3
208,0,0.0829953774809837,0,ERA5_2xCoarse,6469,3
209,1,0.9767048358917236,1,ERA5_2xCoarse,6469,3
224,0,0.595962405204773,1,ERA5_2xCoarse,6469,3
225,1,0.6023874282836914,1,ERA5_2xCoarse,6469,3
254,0,0.5482506155967712,1,ERA5_2xCoarse,6469,3
255,1,0.8638730049133301,1,ERA5_2xCoarse,6469,3
264,0,0.6006848812103271,1,ERA5_2xCoarse,6469,3
265,1,0.9457914233207704,1,ERA5_2xCoarse,6469,3
266,0,0.2039774954319,0,ERA5_2xCoarse,6469,3
267,1,0.5688772201538086,1,ERA5_2xCoarse,6469,3
268,0,0.4894948303699493,0,ERA5_2xCoarse,6469,3
269,1,0.7416307330131531,1,ERA5_2xCoarse,6469,3
280,0,0.1037151962518692,0,ERA5_2xCoarse,6469,3
281,1,0.3069279491901397,0,ERA5_2xCoarse,6469,3
282,0,0.0403866283595562,0,ERA5_2xCoarse,6469,3
283,1,0.9329997301101683,1,ERA5_2xCoarse,6469,3
290,0,0.2164986282587051,0,ERA5_2xCoarse,6469,3
291,1,0.0725895017385482,0,ERA5_2xCoarse,6469,3
296,0,0.5442525148391724,1,ERA5_2xCoarse,6469,3
297,1,0.9530026912689208,1,ERA5_2xCoarse,6469,3
300,0,0.0111469086259603,0,ERA5_2xCoarse,6469,3
301,1,0.8666430115699768,1,ERA5_2xCoarse,6469,3
302,0,0.5890838503837585,1,ERA5_2xCoarse,6469,3
303,1,0.7919522523880005,1,ERA5_2xCoarse,6469,3
310,0,0.0440575145184993,0,ERA5_2xCoarse,6469,3
311,1,0.710396409034729,1,ERA5_2xCoarse,6469,3
314,0,0.2424599230289459,0,ERA5_2xCoarse,6469,3
315,1,0.0745749324560165,0,ERA5_2xCoarse,6469,3
328,0,0.0835349261760711,0,ERA5_2xCoarse,6469,3
329,1,0.6839995980262756,1,ERA5_2xCoarse,6469,3
352,0,0.064789205789566,0,ERA5_2xCoarse,6469,3
353,1,0.6879492402076721,1,ERA5_2xCoarse,6469,3
362,0,0.0586711540818214,0,ERA5_2xCoarse,6469,3
363,1,0.059542428702116,0,ERA5_2xCoarse,6469,3
368,0,0.0727342665195465,0,ERA5_2xCoarse,6469,3
369,1,0.9162795543670654,1,ERA5_2xCoarse,6469,3
378,0,0.056307666003704,0,ERA5_2xCoarse,6469,3
379,1,0.5395568013191223,1,ERA5_2xCoarse,6469,3
394,0,0.1039579957723617,0,ERA5_2xCoarse,6469,3
395,1,0.7665177583694458,1,ERA5_2xCoarse,6469,3
2,0,0.1316729485988617,0,ERA5_2xCoarse,6469,4
3,1,0.0493461936712265,0,ERA5_2xCoarse,6469,4
8,0,0.8887649774551392,1,ERA5_2xCoarse,6469,4
9,1,0.6543826460838318,1,ERA5_2xCoarse,6469,4
10,0,0.873012363910675,1,ERA5_2xCoarse,6469,4
11,1,0.8799991011619568,1,ERA5_2xCoarse,6469,4
14,0,0.1275026053190231,0,ERA5_2xCoarse,6469,4
15,1,0.8113763332366943,1,ERA5_2xCoarse,6469,4
18,0,0.1879110634326934,0,ERA5_2xCoarse,6469,4
19,1,0.9184526205062866,1,ERA5_2xCoarse,6469,4
26,0,0.3279858529567718,0,ERA5_2xCoarse,6469,4
27,1,0.0688543915748596,0,ERA5_2xCoarse,6469,4
48,0,0.8706929683685303,1,ERA5_2xCoarse,6469,4
49,1,0.4036162197589874,0,ERA5_2xCoarse,6469,4
70,0,0.9059455394744872,1,ERA5_2xCoarse,6469,4
71,1,0.4663429260253906,0,ERA5_2xCoarse,6469,4
76,0,0.737596869468689,1,ERA5_2xCoarse,6469,4
77,1,0.9557633996009828,1,ERA5_2xCoarse,6469,4
108,0,0.0165725704282522,0,ERA5_2xCoarse,6469,4
109,1,0.9390897750854492,1,ERA5_2xCoarse,6469,4
112,0,0.0117066502571105,0,ERA5_2xCoarse,6469,4
113,1,0.939098298549652,1,ERA5_2xCoarse,6469,4
126,0,0.0154801784083247,0,ERA5_2xCoarse,6469,4
127,1,0.5939095616340637,1,ERA5_2xCoarse,6469,4
138,0,0.7442149519920349,1,ERA5_2xCoarse,6469,4
139,1,0.8044677376747131,1,ERA5_2xCoarse,6469,4
154,0,0.7101960778236389,1,ERA5_2xCoarse,6469,4
155,1,0.5161257386207581,1,ERA5_2xCoarse,6469,4
158,0,0.5161257386207581,1,ERA5_2xCoarse,6469,4
159,1,0.9513629078865052,1,ERA5_2xCoarse,6469,4
180,0,0.8073160648345947,1,ERA5_2xCoarse,6469,4
181,1,0.8889092206954956,1,ERA5_2xCoarse,6469,4
190,0,0.0673241093754768,0,ERA5_2xCoarse,6469,4
191,1,0.3747419118881225,0,ERA5_2xCoarse,6469,4
200,0,0.0179070774465799,0,ERA5_2xCoarse,6469,4
201,1,0.9694721698760986,1,ERA5_2xCoarse,6469,4
210,0,0.0220355223864316,0,ERA5_2xCoarse,6469,4
211,1,0.9354766607284546,1,ERA5_2xCoarse,6469,4
216,0,0.0162980668246746,0,ERA5_2xCoarse,6469,4
217,1,0.9678847789764404,1,ERA5_2xCoarse,6469,4
222,0,0.8857407569885254,1,ERA5_2xCoarse,6469,4
223,1,0.8742712140083313,1,ERA5_2xCoarse,6469,4
226,0,0.1618927270174026,0,ERA5_2xCoarse,6469,4
227,1,0.5689821839332581,1,ERA5_2xCoarse,6469,4
230,0,0.7717533111572266,1,ERA5_2xCoarse,6469,4
231,1,0.1804389804601669,0,ERA5_2xCoarse,6469,4
256,0,0.5246580839157104,1,ERA5_2xCoarse,6469,4
257,1,0.8393939137458801,1,ERA5_2xCoarse,6469,4
270,0,0.0358151979744434,0,ERA5_2xCoarse,6469,4
271,1,0.8918564319610596,1,ERA5_2xCoarse,6469,4
294,0,0.0119539098814129,0,ERA5_2xCoarse,6469,4
295,1,0.1672333329916,0,ERA5_2xCoarse,6469,4
298,0,0.1017878502607345,0,ERA5_2xCoarse,6469,4
299,1,0.7507628798484802,1,ERA5_2xCoarse,6469,4
306,0,0.0223101377487182,0,ERA5_2xCoarse,6469,4
307,1,0.9585813879966736,1,ERA5_2xCoarse,6469,4
312,0,0.0501163713634014,0,ERA5_2xCoarse,6469,4
313,1,0.945245325565338,1,ERA5_2xCoarse,6469,4
316,0,0.0483536645770072,0,ERA5_2xCoarse,6469,4
317,1,0.842632532119751,1,ERA5_2xCoarse,6469,4
330,0,0.0217409543693065,0,ERA5_2xCoarse,6469,4
331,1,0.610295295715332,1,ERA5_2xCoarse,6469,4
334,0,0.0067136464640498,0,ERA5_2xCoarse,6469,4
335,1,0.7390422821044922,1,ERA5_2xCoarse,6469,4
342,0,0.0376202762126922,0,ERA5_2xCoarse,6469,4
343,1,0.9188992381095886,1,ERA5_2xCoarse,6469,4
344,0,0.1107931211590766,0,ERA5_2xCoarse,6469,4
345,1,0.92188960313797,1,ERA5_2xCoarse,6469,4
356,0,0.1705720275640487,0,ERA5_2xCoarse,6469,4
357,1,0.882805347442627,1,ERA5_2xCoarse,6469,4
358,0,0.1382738947868347,0,ERA5_2xCoarse,6469,4
359,1,0.6031888723373413,1,ERA5_2xCoarse,6469,4
390,0,0.1595951318740844,0,ERA5_2xCoarse,6469,4
391,1,0.82563316822052,1,ERA5_2xCoarse,6469,4
392,0,0.176720455288887,0,ERA5_2xCoarse,6469,4
393,1,0.8730702996253967,1,ERA5_2xCoarse,6469,4
398,0,0.1797523200511932,0,ERA5_2xCoarse,6469,4
399,1,0.8495439887046814,1,ERA5_2xCoarse,6469,4
4,0,0.7819238305091858,1,ERA5_2xCoarse,6469,5
5,1,0.2305880784988403,0,ERA5_2xCoarse,6469,5
12,0,0.0456606894731521,0,ERA5_2xCoarse,6469,5
13,1,0.9190937280654908,1,ERA5_2xCoarse,6469,5
20,0,0.7106921076774597,1,ERA5_2xCoarse,6469,5
21,1,0.699387788772583,1,ERA5_2xCoarse,6469,5
30,0,0.0356761291623115,0,ERA5_2xCoarse,6469,5
31,1,0.9450353384017944,1,ERA5_2xCoarse,6469,5
44,0,0.032714195549488,0,ERA5_2xCoarse,6469,5
45,1,0.0523728542029857,0,ERA5_2xCoarse,6469,5
58,0,0.048087190836668,0,ERA5_2xCoarse,6469,5
59,1,0.982606053352356,1,ERA5_2xCoarse,6469,5
88,0,0.526559054851532,1,ERA5_2xCoarse,6469,5
89,1,0.0494373217225074,0,ERA5_2xCoarse,6469,5
102,0,0.1805927902460098,0,ERA5_2xCoarse,6469,5
103,1,0.9489970207214355,1,ERA5_2xCoarse,6469,5
110,0,0.0905788168311119,0,ERA5_2xCoarse,6469,5
111,1,0.6969559788703918,1,ERA5_2xCoarse,6469,5
120,0,0.0201208796352148,0,ERA5_2xCoarse,6469,5
121,1,0.988594889640808,1,ERA5_2xCoarse,6469,5
128,0,0.0170925352722406,0,ERA5_2xCoarse,6469,5
129,1,0.8177432417869568,1,ERA5_2xCoarse,6469,5
130,0,0.3095947206020355,0,ERA5_2xCoarse,6469,5
131,1,0.971894383430481,1,ERA5_2xCoarse,6469,5
134,0,0.7613941431045532,1,ERA5_2xCoarse,6469,5
135,1,0.9025117754936218,1,ERA5_2xCoarse,6469,5
156,0,0.0127537418156862,0,ERA5_2xCoarse,6469,5
157,1,0.7997074723243713,1,ERA5_2xCoarse,6469,5
162,0,0.0268828179687261,0,ERA5_2xCoarse,6469,5
163,1,0.9869683384895324,1,ERA5_2xCoarse,6469,5
164,0,0.0123959146440029,0,ERA5_2xCoarse,6469,5
165,1,0.7755764126777649,1,ERA5_2xCoarse,6469,5
168,0,0.0325321778655052,0,ERA5_2xCoarse,6469,5
169,1,0.0469160974025726,0,ERA5_2xCoarse,6469,5
174,0,0.0842247083783149,0,ERA5_2xCoarse,6469,5
175,1,0.7317110896110535,1,ERA5_2xCoarse,6469,5
184,0,0.0348065942525863,0,ERA5_2xCoarse,6469,5
185,1,0.8603911399841309,1,ERA5_2xCoarse,6469,5
196,0,0.8000520467758179,1,ERA5_2xCoarse,6469,5
197,1,0.9831304550170898,1,ERA5_2xCoarse,6469,5
198,0,0.0249477736651897,0,ERA5_2xCoarse,6469,5
199,1,0.954428732395172,1,ERA5_2xCoarse,6469,5
204,0,0.8386266827583313,1,ERA5_2xCoarse,6469,5
205,1,0.7942752838134766,1,ERA5_2xCoarse,6469,5
234,0,0.0154721140861511,0,ERA5_2xCoarse,6469,5
235,1,0.8800899982452393,1,ERA5_2xCoarse,6469,5
242,0,0.021374512463808,0,ERA5_2xCoarse,6469,5
243,1,0.8099799752235413,1,ERA5_2xCoarse,6469,5
248,0,0.0086579713970422,0,ERA5_2xCoarse,6469,5
249,1,0.6894530653953552,1,ERA5_2xCoarse,6469,5
278,0,0.0268903542309999,0,ERA5_2xCoarse,6469,5
279,1,0.906548798084259,1,ERA5_2xCoarse,6469,5
292,0,0.0224107019603252,0,ERA5_2xCoarse,6469,5
293,1,0.9201253652572632,1,ERA5_2xCoarse,6469,5
304,0,0.4006946086883545,0,ERA5_2xCoarse,6469,5
305,1,0.8969796895980835,1,ERA5_2xCoarse,6469,5
322,0,0.0808031931519508,0,ERA5_2xCoarse,6469,5
323,1,0.9445502161979676,1,ERA5_2xCoarse,6469,5
338,0,0.0745791420340538,0,ERA5_2xCoarse,6469,5
339,1,0.0369625389575958,0,ERA5_2xCoarse,6469,5
340,0,0.2419764101505279,0,ERA5_2xCoarse,6469,5
341,1,0.2346935421228408,0,ERA5_2xCoarse,6469,5
348,0,0.3522106409072876,0,ERA5_2xCoarse,6469,5
349,1,0.9448193907737732,1,ERA5_2xCoarse,6469,5
350,0,0.0661362782120704,0,ERA5_2xCoarse,6469,5
351,1,0.7711473107337952,1,ERA5_2xCoarse,6469,5
360,0,0.2976391911506653,0,ERA5_2xCoarse,6469,5
361,1,0.0576792880892753,0,ERA5_2xCoarse,6469,5
366,0,0.0635664537549018,0,ERA5_2xCoarse,6469,5
367,1,0.6235772371292114,1,ERA5_2xCoarse,6469,5
382,0,0.0903156027197837,0,ERA5_2xCoarse,6469,5
383,1,0.8247436881065369,1,ERA5_2xCoarse,6469,5
384,0,0.0328311175107955,0,ERA5_2xCoarse,6469,5
385,1,0.9820489287376404,1,ERA5_2xCoarse,6469,5
386,0,0.0439809635281562,0,ERA5_2xCoarse,6469,5
387,1,0.7533086538314819,1,ERA5_2xCoarse,6469,5
400,0,0.0582119040191173,0,ERA5_2xCoarse,6469,5
401,1,0.1407398730516433,0,ERA5_2xCoarse,6469,5
402,0,0.3943515419960022,0,ERA5_2xCoarse,6469,5
403,1,0.9845304489135742,1,ERA5_2xCoarse,6469,5
6,0,0.0403618663549423,0,ERA5_2xCoarse,9919,1
7,1,0.957335352897644,1,ERA5_2xCoarse,9919,1
12,0,0.0297340769320726,0,ERA5_2xCoarse,9919,1
13,1,0.2998490333557129,0,ERA5_2xCoarse,9919,1
54,0,0.1149448901414871,0,ERA5_2xCoarse,9919,1
55,1,0.9846870303153992,1,ERA5_2xCoarse,9919,1
70,0,0.9392962455749512,1,ERA5_2xCoarse,9919,1
71,1,0.824732780456543,1,ERA5_2xCoarse,9919,1
72,0,0.02804871276021,0,ERA5_2xCoarse,9919,1
73,1,0.1203429996967315,0,ERA5_2xCoarse,9919,1
76,0,0.9388023018836976,1,ERA5_2xCoarse,9919,1
77,1,0.959396481513977,1,ERA5_2xCoarse,9919,1
78,0,0.075764887034893,0,ERA5_2xCoarse,9919,1
79,1,0.9320722222328186,1,ERA5_2xCoarse,9919,1
80,0,0.0658898055553436,0,ERA5_2xCoarse,9919,1
81,1,0.8764622807502747,1,ERA5_2xCoarse,9919,1
86,0,0.1467006057500839,0,ERA5_2xCoarse,9919,1
87,1,0.2364442199468612,0,ERA5_2xCoarse,9919,1
96,0,0.9614965915679932,1,ERA5_2xCoarse,9919,1
97,1,0.581817626953125,1,ERA5_2xCoarse,9919,1
98,0,0.9564208984375,1,ERA5_2xCoarse,9919,1
99,1,0.9491745233535768,1,ERA5_2xCoarse,9919,1
100,0,0.1664344072341919,0,ERA5_2xCoarse,9919,1
101,1,0.9794098138809204,1,ERA5_2xCoarse,9919,1
114,0,0.96499103307724,1,ERA5_2xCoarse,9919,1
115,1,0.9910330176353456,1,ERA5_2xCoarse,9919,1
128,0,0.0233580451458692,0,ERA5_2xCoarse,9919,1
129,1,0.867398202419281,1,ERA5_2xCoarse,9919,1
138,0,0.8826313018798828,1,ERA5_2xCoarse,9919,1
139,1,0.9818164110183716,1,ERA5_2xCoarse,9919,1
146,0,0.0283771008253097,0,ERA5_2xCoarse,9919,1
147,1,0.9941737055778505,1,ERA5_2xCoarse,9919,1
152,0,0.0473265647888183,0,ERA5_2xCoarse,9919,1
153,1,0.993974268436432,1,ERA5_2xCoarse,9919,1
210,0,0.0769243091344833,0,ERA5_2xCoarse,9919,1
211,1,0.9732974171638488,1,ERA5_2xCoarse,9919,1
226,0,0.2189019173383712,0,ERA5_2xCoarse,9919,1
227,1,0.5077515840530396,1,ERA5_2xCoarse,9919,1
228,0,0.6216570734977722,1,ERA5_2xCoarse,9919,1
229,1,0.7128850817680359,1,ERA5_2xCoarse,9919,1
234,0,0.1404359936714172,0,ERA5_2xCoarse,9919,1
235,1,0.8989360928535461,1,ERA5_2xCoarse,9919,1
236,0,0.1007573902606964,0,ERA5_2xCoarse,9919,1
237,1,0.28264120221138,0,ERA5_2xCoarse,9919,1
242,0,0.2125919014215469,0,ERA5_2xCoarse,9919,1
243,1,0.3179181814193725,0,ERA5_2xCoarse,9919,1
258,0,0.0662623792886734,0,ERA5_2xCoarse,9919,1
259,1,0.9126787185668944,1,ERA5_2xCoarse,9919,1
264,0,0.1278304308652877,0,ERA5_2xCoarse,9919,1
265,1,0.9675355553627014,1,ERA5_2xCoarse,9919,1
290,0,0.1415175199508667,0,ERA5_2xCoarse,9919,1
291,1,0.1162753254175186,0,ERA5_2xCoarse,9919,1
296,0,0.6748070120811462,1,ERA5_2xCoarse,9919,1
297,1,0.9952248334884644,1,ERA5_2xCoarse,9919,1
302,0,0.8997809886932373,1,ERA5_2xCoarse,9919,1
303,1,0.88422030210495,1,ERA5_2xCoarse,9919,1
306,0,0.0551830753684043,0,ERA5_2xCoarse,9919,1
307,1,0.987576961517334,1,ERA5_2xCoarse,9919,1
308,0,0.8507151007652283,1,ERA5_2xCoarse,9919,1
309,1,0.9795240759849548,1,ERA5_2xCoarse,9919,1
312,0,0.1208077520132064,0,ERA5_2xCoarse,9919,1
313,1,0.98439759016037,1,ERA5_2xCoarse,9919,1
342,0,0.0205728635191917,0,ERA5_2xCoarse,9919,1
343,1,0.9725989699363708,1,ERA5_2xCoarse,9919,1
348,0,0.0923044681549072,0,ERA5_2xCoarse,9919,1
349,1,0.9820486903190612,1,ERA5_2xCoarse,9919,1
352,0,0.0235521774739027,0,ERA5_2xCoarse,9919,1
353,1,0.3702081143856048,0,ERA5_2xCoarse,9919,1
354,0,0.2484060227870941,0,ERA5_2xCoarse,9919,1
355,1,0.9781343340873718,1,ERA5_2xCoarse,9919,1
360,0,0.1951276361942291,0,ERA5_2xCoarse,9919,1
361,1,0.1694976091384887,0,ERA5_2xCoarse,9919,1
366,0,0.2140760123729705,0,ERA5_2xCoarse,9919,1
367,1,0.1843544095754623,0,ERA5_2xCoarse,9919,1
372,0,0.9526630640029908,1,ERA5_2xCoarse,9919,1
373,1,0.8439568877220154,1,ERA5_2xCoarse,9919,1
374,0,0.1113834008574485,0,ERA5_2xCoarse,9919,1
375,1,0.0433470904827117,0,ERA5_2xCoarse,9919,1
382,0,0.3434191942214966,0,ERA5_2xCoarse,9919,1
383,1,0.7691670656204224,1,ERA5_2xCoarse,9919,1
392,0,0.0950647890567779,0,ERA5_2xCoarse,9919,1
393,1,0.6313040852546692,1,ERA5_2xCoarse,9919,1
10,0,0.2499204576015472,0,ERA5_2xCoarse,9919,2
11,1,0.9655473828315736,1,ERA5_2xCoarse,9919,2
14,0,0.2810065150260925,0,ERA5_2xCoarse,9919,2
15,1,0.9691943526268004,1,ERA5_2xCoarse,9919,2
16,0,0.990197777748108,1,ERA5_2xCoarse,9919,2
17,1,0.9936875700950624,1,ERA5_2xCoarse,9919,2
22,0,0.9569024443626404,1,ERA5_2xCoarse,9919,2
23,1,0.9928102493286132,1,ERA5_2xCoarse,9919,2
24,0,0.0075832568109035,0,ERA5_2xCoarse,9919,2
25,1,0.9897005558013916,1,ERA5_2xCoarse,9919,2
26,0,0.0112941525876522,0,ERA5_2xCoarse,9919,2
27,1,0.910123884677887,1,ERA5_2xCoarse,9919,2
32,0,0.0820333287119865,0,ERA5_2xCoarse,9919,2
33,1,0.9922999143600464,1,ERA5_2xCoarse,9919,2
38,0,0.0473426170647144,0,ERA5_2xCoarse,9919,2
39,1,0.2758504152297973,0,ERA5_2xCoarse,9919,2
40,0,0.8075759410858154,1,ERA5_2xCoarse,9919,2
41,1,0.5269051194190979,1,ERA5_2xCoarse,9919,2
44,0,0.1464651376008987,0,ERA5_2xCoarse,9919,2
45,1,0.3323656916618347,0,ERA5_2xCoarse,9919,2
48,0,0.6808092594146729,1,ERA5_2xCoarse,9919,2
49,1,0.4262793362140655,0,ERA5_2xCoarse,9919,2
50,0,0.3674102425575256,0,ERA5_2xCoarse,9919,2
51,1,0.1261655241250991,0,ERA5_2xCoarse,9919,2
60,0,0.019083309918642,0,ERA5_2xCoarse,9919,2
61,1,0.989294171333313,1,ERA5_2xCoarse,9919,2
84,0,0.997186243534088,1,ERA5_2xCoarse,9919,2
85,1,0.9965368509292604,1,ERA5_2xCoarse,9919,2
88,0,0.0842911899089813,0,ERA5_2xCoarse,9919,2
89,1,0.0768498033285141,0,ERA5_2xCoarse,9919,2
112,0,0.0090583795681595,0,ERA5_2xCoarse,9919,2
113,1,0.9515188336372375,1,ERA5_2xCoarse,9919,2
116,0,0.6507886052131653,1,ERA5_2xCoarse,9919,2
117,1,0.6237373948097229,1,ERA5_2xCoarse,9919,2
136,0,0.8883230686187744,1,ERA5_2xCoarse,9919,2
137,1,0.9878941178321838,1,ERA5_2xCoarse,9919,2
140,0,0.0055840671993792,0,ERA5_2xCoarse,9919,2
141,1,0.7973943948745728,1,ERA5_2xCoarse,9919,2
162,0,0.0129279550164937,0,ERA5_2xCoarse,9919,2
163,1,0.965108335018158,1,ERA5_2xCoarse,9919,2
172,0,0.9665469527244568,1,ERA5_2xCoarse,9919,2
173,1,0.7456560134887695,1,ERA5_2xCoarse,9919,2
176,0,0.0993567407131195,0,ERA5_2xCoarse,9919,2
177,1,0.9743358492851256,1,ERA5_2xCoarse,9919,2
178,0,0.0060789976269006,0,ERA5_2xCoarse,9919,2
179,1,0.988605797290802,1,ERA5_2xCoarse,9919,2
182,0,0.2795709669589996,0,ERA5_2xCoarse,9919,2
183,1,0.9936400055885316,1,ERA5_2xCoarse,9919,2
194,0,0.0037009089719504,0,ERA5_2xCoarse,9919,2
195,1,0.0249904319643974,0,ERA5_2xCoarse,9919,2
214,0,0.0232791658490896,0,ERA5_2xCoarse,9919,2
215,1,0.9831342697143556,1,ERA5_2xCoarse,9919,2
220,0,0.882091224193573,1,ERA5_2xCoarse,9919,2
221,1,0.9039682745933532,1,ERA5_2xCoarse,9919,2
238,0,0.3977698683738708,0,ERA5_2xCoarse,9919,2
239,1,0.9395537376403807,1,ERA5_2xCoarse,9919,2
248,0,0.0025158249773085,0,ERA5_2xCoarse,9919,2
249,1,0.957471489906311,1,ERA5_2xCoarse,9919,2
254,0,0.9171725511550904,1,ERA5_2xCoarse,9919,2
255,1,0.3633216023445129,0,ERA5_2xCoarse,9919,2
256,0,0.8657569885253906,1,ERA5_2xCoarse,9919,2
257,1,0.9593347311019896,1,ERA5_2xCoarse,9919,2
262,0,0.0144364507868886,0,ERA5_2xCoarse,9919,2
263,1,0.9236428141593932,1,ERA5_2xCoarse,9919,2
272,0,0.0137988161295652,0,ERA5_2xCoarse,9919,2
273,1,0.0019559834618121,0,ERA5_2xCoarse,9919,2
284,0,0.0115677360445261,0,ERA5_2xCoarse,9919,2
285,1,0.5270264148712158,1,ERA5_2xCoarse,9919,2
294,0,0.0120679894462227,0,ERA5_2xCoarse,9919,2
295,1,0.8817280530929565,1,ERA5_2xCoarse,9919,2
334,0,0.0334894321858882,0,ERA5_2xCoarse,9919,2
335,1,0.1506036818027496,0,ERA5_2xCoarse,9919,2
338,0,0.0140082892030477,0,ERA5_2xCoarse,9919,2
339,1,0.0320416837930679,0,ERA5_2xCoarse,9919,2
376,0,0.0238261148333549,0,ERA5_2xCoarse,9919,2
377,1,0.2952279150485992,0,ERA5_2xCoarse,9919,2
378,0,0.0205834880471229,0,ERA5_2xCoarse,9919,2
379,1,0.160570353269577,0,ERA5_2xCoarse,9919,2
402,0,0.6197236776351929,1,ERA5_2xCoarse,9919,2
403,1,0.990627646446228,1,ERA5_2xCoarse,9919,2
2,0,0.1298440396785736,0,ERA5_2xCoarse,9919,3
3,1,0.0361712425947189,0,ERA5_2xCoarse,9919,3
8,0,0.8890156149864197,1,ERA5_2xCoarse,9919,3
9,1,0.7575567364692688,1,ERA5_2xCoarse,9919,3
20,0,0.7391446232795715,1,ERA5_2xCoarse,9919,3
21,1,0.6657669544219971,1,ERA5_2xCoarse,9919,3
28,0,0.3461496233940124,0,ERA5_2xCoarse,9919,3
29,1,0.6347454786300659,1,ERA5_2xCoarse,9919,3
30,0,0.1399081796407699,0,ERA5_2xCoarse,9919,3
31,1,0.8006821870803833,1,ERA5_2xCoarse,9919,3
34,0,0.6985461711883545,1,ERA5_2xCoarse,9919,3
35,1,0.5001776218414307,1,ERA5_2xCoarse,9919,3
46,0,0.6985461711883545,1,ERA5_2xCoarse,9919,3
47,1,0.5001776218414307,1,ERA5_2xCoarse,9919,3
56,0,0.5857617259025574,1,ERA5_2xCoarse,9919,3
57,1,0.936431348323822,1,ERA5_2xCoarse,9919,3
62,0,0.1975782960653305,0,ERA5_2xCoarse,9919,3
63,1,0.7140617966651917,1,ERA5_2xCoarse,9919,3
64,0,0.0113338055089116,0,ERA5_2xCoarse,9919,3
65,1,0.7412829399108887,1,ERA5_2xCoarse,9919,3
68,0,0.8291720747947693,1,ERA5_2xCoarse,9919,3
69,1,0.8911798000335693,1,ERA5_2xCoarse,9919,3
92,0,0.0805370509624481,0,ERA5_2xCoarse,9919,3
93,1,0.9144885540008544,1,ERA5_2xCoarse,9919,3
106,0,0.0493123792111873,0,ERA5_2xCoarse,9919,3
107,1,0.833145022392273,1,ERA5_2xCoarse,9919,3
122,0,0.0160161573439836,0,ERA5_2xCoarse,9919,3
123,1,0.0911469534039497,0,ERA5_2xCoarse,9919,3
142,0,0.0809122398495674,0,ERA5_2xCoarse,9919,3
143,1,0.479093998670578,0,ERA5_2xCoarse,9919,3
150,0,0.0082369903102517,0,ERA5_2xCoarse,9919,3
151,1,0.6912399530410767,1,ERA5_2xCoarse,9919,3
158,0,0.7376115322113037,1,ERA5_2xCoarse,9919,3
159,1,0.9793930053710938,1,ERA5_2xCoarse,9919,3
174,0,0.2891759574413299,0,ERA5_2xCoarse,9919,3
175,1,0.2342752367258072,0,ERA5_2xCoarse,9919,3
180,0,0.3866012990474701,0,ERA5_2xCoarse,9919,3
181,1,0.7365331649780273,1,ERA5_2xCoarse,9919,3
188,0,0.2790660858154297,0,ERA5_2xCoarse,9919,3
189,1,0.8765110969543457,1,ERA5_2xCoarse,9919,3
192,0,0.7093133926391602,1,ERA5_2xCoarse,9919,3
193,1,0.7535542249679565,1,ERA5_2xCoarse,9919,3
198,0,0.1043325811624527,0,ERA5_2xCoarse,9919,3
199,1,0.9140989184379578,1,ERA5_2xCoarse,9919,3
218,0,0.0134806549176573,0,ERA5_2xCoarse,9919,3
219,1,0.3358787298202514,0,ERA5_2xCoarse,9919,3
246,0,0.0881767645478248,0,ERA5_2xCoarse,9919,3
247,1,0.284600019454956,0,ERA5_2xCoarse,9919,3
282,0,0.0816423743963241,0,ERA5_2xCoarse,9919,3
283,1,0.7849534153938293,1,ERA5_2xCoarse,9919,3
286,0,0.1500741690397262,0,ERA5_2xCoarse,9919,3
287,1,0.7666147351264954,1,ERA5_2xCoarse,9919,3
288,0,0.6138651967048645,1,ERA5_2xCoarse,9919,3
289,1,0.908987820148468,1,ERA5_2xCoarse,9919,3
292,0,0.0755260288715362,0,ERA5_2xCoarse,9919,3
293,1,0.8926298022270203,1,ERA5_2xCoarse,9919,3
298,0,0.0046832538209855,0,ERA5_2xCoarse,9919,3
299,1,0.5213461518287659,1,ERA5_2xCoarse,9919,3
310,0,0.0145725840702652,0,ERA5_2xCoarse,9919,3
311,1,0.897683322429657,1,ERA5_2xCoarse,9919,3
314,0,0.1921170949935913,0,ERA5_2xCoarse,9919,3
315,1,0.0601399019360542,0,ERA5_2xCoarse,9919,3
326,0,0.0047406079247593,0,ERA5_2xCoarse,9919,3
327,1,0.8968429565429688,1,ERA5_2xCoarse,9919,3
330,0,0.0117204720154404,0,ERA5_2xCoarse,9919,3
331,1,0.5261769890785217,1,ERA5_2xCoarse,9919,3
332,0,0.0134208146482706,0,ERA5_2xCoarse,9919,3
333,1,0.8074495792388916,1,ERA5_2xCoarse,9919,3
346,0,0.2036272883415222,0,ERA5_2xCoarse,9919,3
347,1,0.7166493535041809,1,ERA5_2xCoarse,9919,3
350,0,0.0573730431497097,0,ERA5_2xCoarse,9919,3
351,1,0.8330417275428772,1,ERA5_2xCoarse,9919,3
370,0,0.0693388432264328,0,ERA5_2xCoarse,9919,3
371,1,0.7568783164024353,1,ERA5_2xCoarse,9919,3
384,0,0.0739690884947776,0,ERA5_2xCoarse,9919,3
385,1,0.9496741890907288,1,ERA5_2xCoarse,9919,3
386,0,0.1679060757160186,0,ERA5_2xCoarse,9919,3
387,1,0.8416317701339722,1,ERA5_2xCoarse,9919,3
388,0,0.203978031873703,0,ERA5_2xCoarse,9919,3
389,1,0.8774093389511108,1,ERA5_2xCoarse,9919,3
398,0,0.1345480531454086,0,ERA5_2xCoarse,9919,3
399,1,0.7823857069015503,1,ERA5_2xCoarse,9919,3
400,0,0.0274684559553861,0,ERA5_2xCoarse,9919,3
401,1,0.6507251262664795,1,ERA5_2xCoarse,9919,3
36,0,0.0735205188393592,0,ERA5_2xCoarse,9919,4
37,1,0.3284632563591003,0,ERA5_2xCoarse,9919,4
58,0,0.051835436373949,0,ERA5_2xCoarse,9919,4
59,1,0.9521124958992004,1,ERA5_2xCoarse,9919,4
66,0,0.2762691974639892,0,ERA5_2xCoarse,9919,4
67,1,0.9438334107398988,1,ERA5_2xCoarse,9919,4
74,0,0.6349506974220276,1,ERA5_2xCoarse,9919,4
75,1,0.9441035389900208,1,ERA5_2xCoarse,9919,4
82,0,0.5625530481338501,1,ERA5_2xCoarse,9919,4
83,1,0.9034483432769777,1,ERA5_2xCoarse,9919,4
90,0,0.0878083333373069,0,ERA5_2xCoarse,9919,4
91,1,0.2412657141685485,0,ERA5_2xCoarse,9919,4
94,0,0.8782712817192078,1,ERA5_2xCoarse,9919,4
95,1,0.6325553059577942,1,ERA5_2xCoarse,9919,4
110,0,0.1375524252653122,0,ERA5_2xCoarse,9919,4
111,1,0.3943987786769867,0,ERA5_2xCoarse,9919,4
118,0,0.2173388600349426,0,ERA5_2xCoarse,9919,4
119,1,0.9861757159233092,1,ERA5_2xCoarse,9919,4
120,0,0.1864591240882873,0,ERA5_2xCoarse,9919,4
121,1,0.9790452122688292,1,ERA5_2xCoarse,9919,4
124,0,0.9166439175605774,1,ERA5_2xCoarse,9919,4
125,1,0.897112250328064,1,ERA5_2xCoarse,9919,4
130,0,0.1363475918769836,0,ERA5_2xCoarse,9919,4
131,1,0.9000357985496521,1,ERA5_2xCoarse,9919,4
144,0,0.5003795027732849,1,ERA5_2xCoarse,9919,4
145,1,0.3075830042362213,0,ERA5_2xCoarse,9919,4
148,0,0.1132104992866516,0,ERA5_2xCoarse,9919,4
149,1,0.2533713281154632,0,ERA5_2xCoarse,9919,4
160,0,0.0872086957097053,0,ERA5_2xCoarse,9919,4
161,1,0.8294264078140259,1,ERA5_2xCoarse,9919,4
166,0,0.3036721050739288,0,ERA5_2xCoarse,9919,4
167,1,0.4519968628883362,0,ERA5_2xCoarse,9919,4
170,0,0.7714981436729431,1,ERA5_2xCoarse,9919,4
171,1,0.427933782339096,0,ERA5_2xCoarse,9919,4
184,0,0.0381562002003192,0,ERA5_2xCoarse,9919,4
185,1,0.9090487957000732,1,ERA5_2xCoarse,9919,4
190,0,0.2827256619930267,0,ERA5_2xCoarse,9919,4
191,1,0.2037290334701538,0,ERA5_2xCoarse,9919,4
196,0,0.3882457911968231,0,ERA5_2xCoarse,9919,4
197,1,0.973869264125824,1,ERA5_2xCoarse,9919,4
202,0,0.0378464236855506,0,ERA5_2xCoarse,9919,4
203,1,0.4301744401454925,0,ERA5_2xCoarse,9919,4
204,0,0.7663884162902832,1,ERA5_2xCoarse,9919,4
205,1,0.7562761902809143,1,ERA5_2xCoarse,9919,4
208,0,0.0319390855729579,0,ERA5_2xCoarse,9919,4
209,1,0.9751553535461426,1,ERA5_2xCoarse,9919,4
212,0,0.8756672739982605,1,ERA5_2xCoarse,9919,4
213,1,0.5869265794754028,1,ERA5_2xCoarse,9919,4
216,0,0.035975556820631,0,ERA5_2xCoarse,9919,4
217,1,0.97515070438385,1,ERA5_2xCoarse,9919,4
222,0,0.7104374170303345,1,ERA5_2xCoarse,9919,4
223,1,0.8324462175369263,1,ERA5_2xCoarse,9919,4
232,0,0.2725051641464233,0,ERA5_2xCoarse,9919,4
233,1,0.7059834599494934,1,ERA5_2xCoarse,9919,4
260,0,0.065334714949131,0,ERA5_2xCoarse,9919,4
261,1,0.91034597158432,1,ERA5_2xCoarse,9919,4
266,0,0.1131017953157424,0,ERA5_2xCoarse,9919,4
267,1,0.754066526889801,1,ERA5_2xCoarse,9919,4
268,0,0.6046329736709595,1,ERA5_2xCoarse,9919,4
269,1,0.3575230836868286,0,ERA5_2xCoarse,9919,4
274,0,0.3204638659954071,0,ERA5_2xCoarse,9919,4
275,1,0.8950653672218323,1,ERA5_2xCoarse,9919,4
280,0,0.2397666871547699,0,ERA5_2xCoarse,9919,4
281,1,0.5591888427734375,1,ERA5_2xCoarse,9919,4
300,0,0.030168917030096,0,ERA5_2xCoarse,9919,4
301,1,0.925862431526184,1,ERA5_2xCoarse,9919,4
316,0,0.36581552028656,0,ERA5_2xCoarse,9919,4
317,1,0.9481305480003356,1,ERA5_2xCoarse,9919,4
322,0,0.2520617842674255,0,ERA5_2xCoarse,9919,4
323,1,0.9624215960502625,1,ERA5_2xCoarse,9919,4
328,0,0.0450717955827713,0,ERA5_2xCoarse,9919,4
329,1,0.7251821160316467,1,ERA5_2xCoarse,9919,4
336,0,0.42995285987854,0,ERA5_2xCoarse,9919,4
337,1,0.9636788964271544,1,ERA5_2xCoarse,9919,4
362,0,0.0931129306554794,0,ERA5_2xCoarse,9919,4
363,1,0.1633894145488739,0,ERA5_2xCoarse,9919,4
364,0,0.4447690844535827,0,ERA5_2xCoarse,9919,4
365,1,0.8726019859313965,1,ERA5_2xCoarse,9919,4
0,0,0.6511949896812439,1,ERA5_2xCoarse,9919,5
1,1,0.8318244814872742,1,ERA5_2xCoarse,9919,5
4,0,0.923343062400818,1,ERA5_2xCoarse,9919,5
5,1,0.0977224186062812,0,ERA5_2xCoarse,9919,5
18,0,0.1192181408405304,0,ERA5_2xCoarse,9919,5
19,1,0.6880421042442322,1,ERA5_2xCoarse,9919,5
42,0,0.2265072166919708,0,ERA5_2xCoarse,9919,5
43,1,0.1717686504125595,0,ERA5_2xCoarse,9919,5
52,0,0.267154335975647,0,ERA5_2xCoarse,9919,5
53,1,0.3362646698951721,0,ERA5_2xCoarse,9919,5
102,0,0.1587392538785934,0,ERA5_2xCoarse,9919,5
103,1,0.9685572981834412,1,ERA5_2xCoarse,9919,5
104,0,0.2655459642410278,0,ERA5_2xCoarse,9919,5
105,1,0.9437035322189332,1,ERA5_2xCoarse,9919,5
108,0,0.0552499033510685,0,ERA5_2xCoarse,9919,5
109,1,0.8726141452789307,1,ERA5_2xCoarse,9919,5
126,0,0.0980482995510101,0,ERA5_2xCoarse,9919,5
127,1,0.5791641473770142,1,ERA5_2xCoarse,9919,5
132,0,0.0181375816464424,0,ERA5_2xCoarse,9919,5
133,1,0.7939732670783997,1,ERA5_2xCoarse,9919,5
134,0,0.4798882007598877,0,ERA5_2xCoarse,9919,5
135,1,0.5641639828681946,1,ERA5_2xCoarse,9919,5
154,0,0.0331910140812397,0,ERA5_2xCoarse,9919,5
155,1,0.4720102250576019,0,ERA5_2xCoarse,9919,5
156,0,0.0084845535457134,0,ERA5_2xCoarse,9919,5
157,1,0.6700485348701477,1,ERA5_2xCoarse,9919,5
164,0,0.0065095750615,0,ERA5_2xCoarse,9919,5
165,1,0.6018162369728088,1,ERA5_2xCoarse,9919,5
168,0,0.3204114735126495,0,ERA5_2xCoarse,9919,5
169,1,0.5633617043495178,1,ERA5_2xCoarse,9919,5
186,0,0.0280594248324632,0,ERA5_2xCoarse,9919,5
187,1,0.8118999004364014,1,ERA5_2xCoarse,9919,5
200,0,0.0263286549597978,0,ERA5_2xCoarse,9919,5
201,1,0.9907242655754088,1,ERA5_2xCoarse,9919,5
206,0,0.0145556684583425,0,ERA5_2xCoarse,9919,5
207,1,0.39498370885849,0,ERA5_2xCoarse,9919,5
224,0,0.5144246220588684,1,ERA5_2xCoarse,9919,5
225,1,0.5602136254310608,1,ERA5_2xCoarse,9919,5
230,0,0.4014365673065185,0,ERA5_2xCoarse,9919,5
231,1,0.5614907741546631,1,ERA5_2xCoarse,9919,5
240,0,0.2440652847290039,0,ERA5_2xCoarse,9919,5
241,1,0.251473069190979,0,ERA5_2xCoarse,9919,5
244,0,0.0679394528269767,0,ERA5_2xCoarse,9919,5
245,1,0.862618625164032,1,ERA5_2xCoarse,9919,5
250,0,0.2334436476230621,0,ERA5_2xCoarse,9919,5
251,1,0.8836836218833923,1,ERA5_2xCoarse,9919,5
252,0,0.052723478525877,0,ERA5_2xCoarse,9919,5
253,1,0.4518339335918426,0,ERA5_2xCoarse,9919,5
270,0,0.2538801729679107,0,ERA5_2xCoarse,9919,5
271,1,0.9692453145980836,1,ERA5_2xCoarse,9919,5
276,0,0.314477264881134,0,ERA5_2xCoarse,9919,5
277,1,0.689690113067627,1,ERA5_2xCoarse,9919,5
278,0,0.1194887831807136,0,ERA5_2xCoarse,9919,5
279,1,0.9416802525520324,1,ERA5_2xCoarse,9919,5
304,0,0.6243172883987427,1,ERA5_2xCoarse,9919,5
305,1,0.7392814755439758,1,ERA5_2xCoarse,9919,5
318,0,0.0977185294032096,0,ERA5_2xCoarse,9919,5
319,1,0.9766090512275696,1,ERA5_2xCoarse,9919,5
320,0,0.0523304194211959,0,ERA5_2xCoarse,9919,5
321,1,0.9748492240905762,1,ERA5_2xCoarse,9919,5
324,0,0.0443445704877376,0,ERA5_2xCoarse,9919,5
325,1,0.6348703503608704,1,ERA5_2xCoarse,9919,5
340,0,0.1735836565494537,0,ERA5_2xCoarse,9919,5
341,1,0.3163765072822571,0,ERA5_2xCoarse,9919,5
344,0,0.0915302857756614,0,ERA5_2xCoarse,9919,5
345,1,0.8906373977661133,1,ERA5_2xCoarse,9919,5
356,0,0.283890813589096,0,ERA5_2xCoarse,9919,5
357,1,0.7024195790290833,1,ERA5_2xCoarse,9919,5
358,0,0.1075203195214271,0,ERA5_2xCoarse,9919,5
359,1,0.8707155585289001,1,ERA5_2xCoarse,9919,5
368,0,0.1895976215600967,0,ERA5_2xCoarse,9919,5
369,1,0.864660918712616,1,ERA5_2xCoarse,9919,5
380,0,0.214232861995697,0,ERA5_2xCoarse,9919,5
381,1,0.7429882884025574,1,ERA5_2xCoarse,9919,5
390,0,0.0156456977128982,0,ERA5_2xCoarse,9919,5
391,1,0.5985875129699707,1,ERA5_2xCoarse,9919,5
394,0,0.0126360217109322,0,ERA5_2xCoarse,9919,5
395,1,0.2499089539051056,0,ERA5_2xCoarse,9919,5
396,0,0.0082744657993316,0,ERA5_2xCoarse,9919,5
397,1,0.8279752731323242,1,ERA5_2xCoarse,9919,5
18,0,0.1389619559049606,0,JRA3Q,1497,1
19,1,0.5859824419021606,1,JRA3Q,1497,1
28,0,0.077913761138916,0,JRA3Q,1497,1
29,1,0.204792320728302,0,JRA3Q,1497,1
34,0,0.643146812915802,1,JRA3Q,1497,1
35,1,0.2777852118015289,0,JRA3Q,1497,1
54,0,0.1129631549119949,0,JRA3Q,1497,1
55,1,0.9609435796737672,1,JRA3Q,1497,1
70,0,0.8786283731460571,1,JRA3Q,1497,1
71,1,0.3371950387954712,0,JRA3Q,1497,1
88,0,0.2543627321720123,0,JRA3Q,1497,1
89,1,0.3431114852428436,0,JRA3Q,1497,1
98,0,0.8184957504272461,1,JRA3Q,1497,1
99,1,0.9021151065826416,1,JRA3Q,1497,1
142,0,0.1265696436166763,0,JRA3Q,1497,1
143,1,0.9292361736297609,1,JRA3Q,1497,1
154,0,0.7447919845581055,1,JRA3Q,1497,1
155,1,0.1782382875680923,0,JRA3Q,1497,1
164,0,0.0694207847118377,0,JRA3Q,1497,1
165,1,0.3238894343376159,0,JRA3Q,1497,1
186,0,0.0949088186025619,0,JRA3Q,1497,1
187,1,0.3994323313236236,0,JRA3Q,1497,1
190,0,0.739271342754364,1,JRA3Q,1497,1
191,1,0.1436587870121002,0,JRA3Q,1497,1
192,0,0.6905354261398315,1,JRA3Q,1497,1
193,1,0.6051127314567566,1,JRA3Q,1497,1
198,0,0.1991424113512039,0,JRA3Q,1497,1
199,1,0.7700532078742981,1,JRA3Q,1497,1
200,0,0.1057220250368118,0,JRA3Q,1497,1
201,1,0.9134750962257384,1,JRA3Q,1497,1
204,0,0.427632987499237,0,JRA3Q,1497,1
205,1,0.6207817792892456,1,JRA3Q,1497,1
214,0,0.5705064535140991,1,JRA3Q,1497,1
215,1,0.7116559743881226,1,JRA3Q,1497,1
218,0,0.0914519131183624,0,JRA3Q,1497,1
219,1,0.7663823366165161,1,JRA3Q,1497,1
228,0,0.5096412301063538,1,JRA3Q,1497,1
229,1,0.7610988616943359,1,JRA3Q,1497,1
232,0,0.2263678610324859,0,JRA3Q,1497,1
233,1,0.5537342429161072,1,JRA3Q,1497,1
248,0,0.0641368627548217,0,JRA3Q,1497,1
249,1,0.6428433656692505,1,JRA3Q,1497,1
250,0,0.0793632566928863,0,JRA3Q,1497,1
251,1,0.6584807634353638,1,JRA3Q,1497,1
252,0,0.0413531213998794,0,JRA3Q,1497,1
253,1,0.8548275828361511,1,JRA3Q,1497,1
260,0,0.1491249054670334,0,JRA3Q,1497,1
261,1,0.8138756155967712,1,JRA3Q,1497,1
266,0,0.2251251488924026,0,JRA3Q,1497,1
267,1,0.4893423020839691,0,JRA3Q,1497,1
268,0,0.57289719581604,1,JRA3Q,1497,1
269,1,0.4207486510276794,0,JRA3Q,1497,1
274,0,0.7424493432044983,1,JRA3Q,1497,1
275,1,0.9561725854873656,1,JRA3Q,1497,1
296,0,0.1782382875680923,0,JRA3Q,1497,1
297,1,0.9787134528160096,1,JRA3Q,1497,1
312,0,0.1425836682319641,0,JRA3Q,1497,1
313,1,0.88532954454422,1,JRA3Q,1497,1
328,0,0.1362361013889312,0,JRA3Q,1497,1
329,1,0.6667081713676453,1,JRA3Q,1497,1
332,0,0.0956172123551368,0,JRA3Q,1497,1
333,1,0.5719808340072632,1,JRA3Q,1497,1
334,0,0.1804623454809188,0,JRA3Q,1497,1
335,1,0.2010499536991119,0,JRA3Q,1497,1
336,0,0.1570440083742141,0,JRA3Q,1497,1
337,1,0.916066825389862,1,JRA3Q,1497,1
344,0,0.201354831457138,0,JRA3Q,1497,1
345,1,0.954923450946808,1,JRA3Q,1497,1
358,0,0.1982732415199279,0,JRA3Q,1497,1
359,1,0.0952230617403984,0,JRA3Q,1497,1
360,0,0.2321218252182006,0,JRA3Q,1497,1
361,1,0.1396806240081787,0,JRA3Q,1497,1
376,0,0.157200202345848,0,JRA3Q,1497,1
377,1,0.325107604265213,0,JRA3Q,1497,1
380,0,0.2031281143426895,0,JRA3Q,1497,1
381,1,0.4319378137588501,0,JRA3Q,1497,1
388,0,0.179715871810913,0,JRA3Q,1497,1
389,1,0.5716937780380249,1,JRA3Q,1497,1
392,0,0.2234445661306381,0,JRA3Q,1497,1
393,1,0.5162914395332336,1,JRA3Q,1497,1
402,0,0.0826322212815284,0,JRA3Q,1497,1
403,1,0.9555994868278505,1,JRA3Q,1497,1
0,0,0.4824850261211395,0,JRA3Q,1497,2
1,1,0.3679177165031433,0,JRA3Q,1497,2
4,0,0.3840028345584869,0,JRA3Q,1497,2
5,1,0.2730125486850738,0,JRA3Q,1497,2
20,0,0.6195927262306213,1,JRA3Q,1497,2
21,1,0.4459550082683563,0,JRA3Q,1497,2
30,0,0.4410994052886963,0,JRA3Q,1497,2
31,1,0.570742666721344,1,JRA3Q,1497,2
32,0,0.4410994052886963,0,JRA3Q,1497,2
33,1,0.570742666721344,1,JRA3Q,1497,2
36,0,0.2439513355493545,0,JRA3Q,1497,2
37,1,0.1873642057180404,0,JRA3Q,1497,2
40,0,0.2742829918861389,0,JRA3Q,1497,2
41,1,0.3849681913852691,0,JRA3Q,1497,2
44,0,0.1865665763616562,0,JRA3Q,1497,2
45,1,0.1651148647069931,0,JRA3Q,1497,2
46,0,0.5960292220115662,1,JRA3Q,1497,2
47,1,0.1763429492712021,0,JRA3Q,1497,2
56,0,0.2996750473976135,0,JRA3Q,1497,2
57,1,0.9402350783348083,1,JRA3Q,1497,2
74,0,0.2450255304574966,0,JRA3Q,1497,2
75,1,0.9176528453826904,1,JRA3Q,1497,2
82,0,0.9003217816352844,1,JRA3Q,1497,2
83,1,0.927233874797821,1,JRA3Q,1497,2
84,0,0.960831880569458,1,JRA3Q,1497,2
85,1,0.9472811222076416,1,JRA3Q,1497,2
100,0,0.2468936294317245,0,JRA3Q,1497,2
101,1,0.8198436498641968,1,JRA3Q,1497,2
136,0,0.3874044120311737,0,JRA3Q,1497,2
137,1,0.9476618766784668,1,JRA3Q,1497,2
140,0,0.2388403415679931,0,JRA3Q,1497,2
141,1,0.5096688270568848,1,JRA3Q,1497,2
144,0,0.4067880809307098,0,JRA3Q,1497,2
145,1,0.1958923935890197,0,JRA3Q,1497,2
184,0,0.1518836170434951,0,JRA3Q,1497,2
185,1,0.4717023372650146,0,JRA3Q,1497,2
188,0,0.5261131525039673,1,JRA3Q,1497,2
189,1,0.8406954407691956,1,JRA3Q,1497,2
210,0,0.7149311900138855,1,JRA3Q,1497,2
211,1,0.8115152716636658,1,JRA3Q,1497,2
212,0,0.8670252561569214,1,JRA3Q,1497,2
213,1,0.696943461894989,1,JRA3Q,1497,2
220,0,0.8670252561569214,1,JRA3Q,1497,2
221,1,0.696943461894989,1,JRA3Q,1497,2
240,0,0.2872053682804107,0,JRA3Q,1497,2
241,1,0.4515120387077331,0,JRA3Q,1497,2
242,0,0.0934327915310859,0,JRA3Q,1497,2
243,1,0.2473204731941223,0,JRA3Q,1497,2
246,0,0.0934327915310859,0,JRA3Q,1497,2
247,1,0.2473204731941223,0,JRA3Q,1497,2
262,0,0.1882211714982986,0,JRA3Q,1497,2
263,1,0.8198436498641968,1,JRA3Q,1497,2
276,0,0.0790728628635406,0,JRA3Q,1497,2
277,1,0.2275445610284805,0,JRA3Q,1497,2
292,0,0.1863794177770614,0,JRA3Q,1497,2
293,1,0.7015498280525208,1,JRA3Q,1497,2
294,0,0.1088082641363143,0,JRA3Q,1497,2
295,1,0.7335201501846313,1,JRA3Q,1497,2
302,0,0.3356064856052398,0,JRA3Q,1497,2
303,1,0.7483694553375244,1,JRA3Q,1497,2
314,0,0.2588586807250976,0,JRA3Q,1497,2
315,1,0.1475405842065811,0,JRA3Q,1497,2
320,0,0.2010694593191146,0,JRA3Q,1497,2
321,1,0.8353341817855835,1,JRA3Q,1497,2
322,0,0.1327840983867645,0,JRA3Q,1497,2
323,1,0.6401573419570923,1,JRA3Q,1497,2
324,0,0.3876718580722809,0,JRA3Q,1497,2
325,1,0.4227149784564972,0,JRA3Q,1497,2
340,0,0.1778690367937088,0,JRA3Q,1497,2
341,1,0.2080215066671371,0,JRA3Q,1497,2
350,0,0.238751083612442,0,JRA3Q,1497,2
351,1,0.9270349740982056,1,JRA3Q,1497,2
356,0,0.3485689759254455,0,JRA3Q,1497,2
357,1,0.5535112619400024,1,JRA3Q,1497,2
386,0,0.2275200486183166,0,JRA3Q,1497,2
387,1,0.3974983990192413,0,JRA3Q,1497,2
390,0,0.2994417548179626,0,JRA3Q,1497,2
391,1,0.4277504086494446,0,JRA3Q,1497,2
398,0,0.1896239668130874,0,JRA3Q,1497,2
399,1,0.158271238207817,0,JRA3Q,1497,2
400,0,0.2031365185976028,0,JRA3Q,1497,2
401,1,0.383500188589096,0,JRA3Q,1497,2
2,0,0.6341116428375244,1,JRA3Q,1497,3
3,1,0.1656742691993713,0,JRA3Q,1497,3
26,0,0.0251889787614345,0,JRA3Q,1497,3
27,1,0.4106210470199585,0,JRA3Q,1497,3
38,0,0.4292766451835632,0,JRA3Q,1497,3
39,1,0.4396410584449768,0,JRA3Q,1497,3
50,0,0.9586756825447084,1,JRA3Q,1497,3
51,1,0.1722201853990554,0,JRA3Q,1497,3
58,0,0.0048341583460569,0,JRA3Q,1497,3
59,1,0.9974347949028016,1,JRA3Q,1497,3
62,0,0.2842864692211151,0,JRA3Q,1497,3
63,1,0.5441823601722717,1,JRA3Q,1497,3
64,0,0.0076655410230159,0,JRA3Q,1497,3
65,1,0.9731330275535583,1,JRA3Q,1497,3
76,0,0.85540771484375,1,JRA3Q,1497,3
77,1,0.978776752948761,1,JRA3Q,1497,3
78,0,0.1690990775823593,0,JRA3Q,1497,3
79,1,0.9561864137649536,1,JRA3Q,1497,3
86,0,0.7713885307312012,1,JRA3Q,1497,3
87,1,0.5321517586708069,1,JRA3Q,1497,3
94,0,0.9240208864212036,1,JRA3Q,1497,3
95,1,0.8481926918029785,1,JRA3Q,1497,3
108,0,0.0405999384820461,0,JRA3Q,1497,3
109,1,0.9793516397476196,1,JRA3Q,1497,3
110,0,0.3275603950023651,0,JRA3Q,1497,3
111,1,0.9778989553451538,1,JRA3Q,1497,3
118,0,0.161215454339981,0,JRA3Q,1497,3
119,1,0.9922631978988647,1,JRA3Q,1497,3
120,0,0.0617826357483863,0,JRA3Q,1497,3
121,1,0.9922631978988647,1,JRA3Q,1497,3
124,0,0.9740467071533204,1,JRA3Q,1497,3
125,1,0.9439572095870972,1,JRA3Q,1497,3
128,0,0.0410938560962677,0,JRA3Q,1497,3
129,1,0.94451904296875,1,JRA3Q,1497,3
146,0,0.0180778484791517,0,JRA3Q,1497,3
147,1,0.9915868043899536,1,JRA3Q,1497,3
152,0,0.161215454339981,0,JRA3Q,1497,3
153,1,0.9922631978988647,1,JRA3Q,1497,3
156,0,0.0510159209370613,0,JRA3Q,1497,3
157,1,0.9935657382011414,1,JRA3Q,1497,3
172,0,0.9677199721336364,1,JRA3Q,1497,3
173,1,0.6942863464355469,1,JRA3Q,1497,3
178,0,0.0054412125609815,0,JRA3Q,1497,3
179,1,0.9677199721336364,1,JRA3Q,1497,3
182,0,0.9256223440170288,1,JRA3Q,1497,3
183,1,0.9345831274986268,1,JRA3Q,1497,3
202,0,0.0131137026473879,0,JRA3Q,1497,3
203,1,0.5662451982498169,1,JRA3Q,1497,3
208,0,0.0140164652839303,0,JRA3Q,1497,3
209,1,0.9957239627838136,1,JRA3Q,1497,3
224,0,0.7241092920303345,1,JRA3Q,1497,3
225,1,0.357332319021225,0,JRA3Q,1497,3
226,0,0.1617839634418487,0,JRA3Q,1497,3
227,1,0.9627240300178528,1,JRA3Q,1497,3
234,0,0.3416396081447601,0,JRA3Q,1497,3
235,1,0.9444973468780518,1,JRA3Q,1497,3
236,0,0.0209890455007553,0,JRA3Q,1497,3
237,1,0.9768984913825988,1,JRA3Q,1497,3
238,0,0.3791773021221161,0,JRA3Q,1497,3
239,1,0.7810329794883728,1,JRA3Q,1497,3
264,0,0.0910438895225524,0,JRA3Q,1497,3
265,1,0.5810965299606323,1,JRA3Q,1497,3
278,0,0.9787417054176332,1,JRA3Q,1497,3
279,1,0.9342493414878844,1,JRA3Q,1497,3
280,0,0.1991686969995498,0,JRA3Q,1497,3
281,1,0.0598576813936233,0,JRA3Q,1497,3
290,0,0.033449325710535,0,JRA3Q,1497,3
291,1,0.9632589221000672,1,JRA3Q,1497,3
306,0,0.2177716344594955,0,JRA3Q,1497,3
307,1,0.9943886399269104,1,JRA3Q,1497,3
310,0,0.0131945982575416,0,JRA3Q,1497,3
311,1,0.9895836710929872,1,JRA3Q,1497,3
330,0,0.0037072335835546,0,JRA3Q,1497,3
331,1,0.4150709807872772,0,JRA3Q,1497,3
342,0,0.0131945982575416,0,JRA3Q,1497,3
343,1,0.989449679851532,1,JRA3Q,1497,3
354,0,0.745047926902771,1,JRA3Q,1497,3
355,1,0.9779811501502992,1,JRA3Q,1497,3
374,0,0.3146606087684631,0,JRA3Q,1497,3
375,1,0.3443122804164886,0,JRA3Q,1497,3
384,0,0.0136442258954048,0,JRA3Q,1497,3
385,1,0.9744798541069032,1,JRA3Q,1497,3
8,0,0.8428449034690857,1,JRA3Q,1497,4
9,1,0.5554327964782715,1,JRA3Q,1497,4
14,0,0.1787392050027847,0,JRA3Q,1497,4
15,1,0.9590038657188416,1,JRA3Q,1497,4
16,0,0.4878123104572296,0,JRA3Q,1497,4
17,1,0.92829567193985,1,JRA3Q,1497,4
22,0,0.9359105229377748,1,JRA3Q,1497,4
23,1,0.9235690832138062,1,JRA3Q,1497,4
24,0,0.2677478194236755,0,JRA3Q,1497,4
25,1,0.93736469745636,1,JRA3Q,1497,4
48,0,0.8052608966827393,1,JRA3Q,1497,4
49,1,0.6437315940856934,1,JRA3Q,1497,4
60,0,0.0727292373776435,0,JRA3Q,1497,4
61,1,0.903900682926178,1,JRA3Q,1497,4
66,0,0.1960232108831405,0,JRA3Q,1497,4
67,1,0.3774405121803283,0,JRA3Q,1497,4
68,0,0.6538339853286743,1,JRA3Q,1497,4
69,1,0.7200175523757935,1,JRA3Q,1497,4
72,0,0.5396619439125061,1,JRA3Q,1497,4
73,1,0.8181688785552979,1,JRA3Q,1497,4
104,0,0.1805909723043441,0,JRA3Q,1497,4
105,1,0.93827623128891,1,JRA3Q,1497,4
114,0,0.8319801688194275,1,JRA3Q,1497,4
115,1,0.9543489813804626,1,JRA3Q,1497,4
122,0,0.0153178079053759,0,JRA3Q,1497,4
123,1,0.3317790925502777,0,JRA3Q,1497,4
130,0,0.3317790925502777,0,JRA3Q,1497,4
131,1,0.7936407923698425,1,JRA3Q,1497,4
148,0,0.0452856011688709,0,JRA3Q,1497,4
149,1,0.4337629377841949,0,JRA3Q,1497,4
150,0,0.024864437058568,0,JRA3Q,1497,4
151,1,0.969277560710907,1,JRA3Q,1497,4
158,0,0.4337629377841949,0,JRA3Q,1497,4
159,1,0.9718250036239624,1,JRA3Q,1497,4
162,0,0.0494672693312168,0,JRA3Q,1497,4
163,1,0.9710557460784912,1,JRA3Q,1497,4
166,0,0.2554486989974975,0,JRA3Q,1497,4
167,1,0.9374056458473206,1,JRA3Q,1497,4
176,0,0.6554848551750183,1,JRA3Q,1497,4
177,1,0.7323287129402161,1,JRA3Q,1497,4
180,0,0.73717200756073,1,JRA3Q,1497,4
181,1,0.853222668170929,1,JRA3Q,1497,4
194,0,0.5607860088348389,1,JRA3Q,1497,4
195,1,0.1413521468639373,0,JRA3Q,1497,4
222,0,0.6825758218765259,1,JRA3Q,1497,4
223,1,0.7516640424728394,1,JRA3Q,1497,4
230,0,0.9437596797943116,1,JRA3Q,1497,4
231,1,0.0419584698975086,0,JRA3Q,1497,4
244,0,0.6664986610412598,1,JRA3Q,1497,4
245,1,0.5836674571037292,1,JRA3Q,1497,4
254,0,0.8689145445823669,1,JRA3Q,1497,4
255,1,0.8471987843513489,1,JRA3Q,1497,4
256,0,0.7011967897415161,1,JRA3Q,1497,4
257,1,0.5905814170837402,1,JRA3Q,1497,4
272,0,0.230634331703186,0,JRA3Q,1497,4
273,1,0.2386341243982315,0,JRA3Q,1497,4
282,0,0.5346411466598511,1,JRA3Q,1497,4
283,1,0.6519937515258789,1,JRA3Q,1497,4
284,0,0.6683794856071472,1,JRA3Q,1497,4
285,1,0.8721858263015747,1,JRA3Q,1497,4
298,0,0.1511427760124206,0,JRA3Q,1497,4
299,1,0.644308865070343,1,JRA3Q,1497,4
304,0,0.319072276353836,0,JRA3Q,1497,4
305,1,0.8831875324249268,1,JRA3Q,1497,4
316,0,0.4501535594463348,0,JRA3Q,1497,4
317,1,0.4374313950538635,0,JRA3Q,1497,4
326,0,0.0163191184401512,0,JRA3Q,1497,4
327,1,0.6874721646308899,1,JRA3Q,1497,4
338,0,0.2069465517997741,0,JRA3Q,1497,4
339,1,0.0816219374537468,0,JRA3Q,1497,4
352,0,0.1781578212976455,0,JRA3Q,1497,4
353,1,0.9448089599609376,1,JRA3Q,1497,4
366,0,0.2087303102016449,0,JRA3Q,1497,4
367,1,0.2620598673820495,0,JRA3Q,1497,4
368,0,0.1520027220249176,0,JRA3Q,1497,4
369,1,0.936762511730194,1,JRA3Q,1497,4
378,0,0.496122270822525,0,JRA3Q,1497,4
379,1,0.5496988892555237,1,JRA3Q,1497,4
6,0,0.177804097533226,0,JRA3Q,1497,5
7,1,0.4350071847438812,0,JRA3Q,1497,5
10,0,0.7784414291381836,1,JRA3Q,1497,5
11,1,0.7413648962974548,1,JRA3Q,1497,5
12,0,0.526628851890564,1,JRA3Q,1497,5
13,1,0.7665430307388306,1,JRA3Q,1497,5
42,0,0.3894447088241577,0,JRA3Q,1497,5
43,1,0.4160953164100647,0,JRA3Q,1497,5
52,0,0.7713609933853149,1,JRA3Q,1497,5
53,1,0.7067028880119324,1,JRA3Q,1497,5
80,0,0.2042016685009002,0,JRA3Q,1497,5
81,1,0.2256072759628296,0,JRA3Q,1497,5
90,0,0.1819784939289093,0,JRA3Q,1497,5
91,1,0.2922611534595489,0,JRA3Q,1497,5
92,0,0.15406134724617,0,JRA3Q,1497,5
93,1,0.8249626755714417,1,JRA3Q,1497,5
96,0,0.2256072759628296,0,JRA3Q,1497,5
97,1,0.8252508640289307,1,JRA3Q,1497,5
102,0,0.2237343937158584,0,JRA3Q,1497,5
103,1,0.9135608673095704,1,JRA3Q,1497,5
106,0,0.1430485695600509,0,JRA3Q,1497,5
107,1,0.5678156018257141,1,JRA3Q,1497,5
112,0,0.3277461528778076,0,JRA3Q,1497,5
113,1,0.9030291438102722,1,JRA3Q,1497,5
116,0,0.3804698884487152,0,JRA3Q,1497,5
117,1,0.7505050301551819,1,JRA3Q,1497,5
126,0,0.3146720826625824,0,JRA3Q,1497,5
127,1,0.3804698884487152,0,JRA3Q,1497,5
132,0,0.1783207654953003,0,JRA3Q,1497,5
133,1,0.2882426083087921,0,JRA3Q,1497,5
134,0,0.1699962168931961,0,JRA3Q,1497,5
135,1,0.9164891839027404,1,JRA3Q,1497,5
138,0,0.8412166833877563,1,JRA3Q,1497,5
139,1,0.8827133774757385,1,JRA3Q,1497,5
160,0,0.1095513850450515,0,JRA3Q,1497,5
161,1,0.9491323232650756,1,JRA3Q,1497,5
168,0,0.3446753919124603,0,JRA3Q,1497,5
169,1,0.3233778774738312,0,JRA3Q,1497,5
170,0,0.6015163064002991,1,JRA3Q,1497,5
171,1,0.8411399722099304,1,JRA3Q,1497,5
174,0,0.6015163064002991,1,JRA3Q,1497,5
175,1,0.8411399722099304,1,JRA3Q,1497,5
196,0,0.5866943597793579,1,JRA3Q,1497,5
197,1,0.9744462370872498,1,JRA3Q,1497,5
206,0,0.1148835942149162,0,JRA3Q,1497,5
207,1,0.2865025401115417,0,JRA3Q,1497,5
216,0,0.2366917431354522,0,JRA3Q,1497,5
217,1,0.9502529501914978,1,JRA3Q,1497,5
258,0,0.1585007905960083,0,JRA3Q,1497,5
259,1,0.9653912782669068,1,JRA3Q,1497,5
270,0,0.2321647852659225,0,JRA3Q,1497,5
271,1,0.852746844291687,1,JRA3Q,1497,5
286,0,0.2047939598560333,0,JRA3Q,1497,5
287,1,0.3280645608901977,0,JRA3Q,1497,5
288,0,0.5866943597793579,1,JRA3Q,1497,5
289,1,0.9829142689704896,1,JRA3Q,1497,5
300,0,0.3894168138504028,0,JRA3Q,1497,5
301,1,0.7502957582473755,1,JRA3Q,1497,5
308,0,0.1960004568099975,0,JRA3Q,1497,5
309,1,0.8249626755714417,1,JRA3Q,1497,5
318,0,0.3002062737941742,0,JRA3Q,1497,5
319,1,0.9007465839385986,1,JRA3Q,1497,5
346,0,0.1320224106311798,0,JRA3Q,1497,5
347,1,0.8808639049530029,1,JRA3Q,1497,5
348,0,0.2686197161674499,0,JRA3Q,1497,5
349,1,0.7455836534500122,1,JRA3Q,1497,5
362,0,0.0761283487081527,0,JRA3Q,1497,5
363,1,0.1108550354838371,0,JRA3Q,1497,5
364,0,0.2406201660633087,0,JRA3Q,1497,5
365,1,0.5326089262962341,1,JRA3Q,1497,5
370,0,0.1380942463874817,0,JRA3Q,1497,5
371,1,0.6098253726959229,1,JRA3Q,1497,5
372,0,0.6471757292747498,1,JRA3Q,1497,5
373,1,0.8700207471847534,1,JRA3Q,1497,5
382,0,0.2867477536201477,0,JRA3Q,1497,5
383,1,0.415347546339035,0,JRA3Q,1497,5
394,0,0.2815943658351898,0,JRA3Q,1497,5
395,1,0.4514764845371246,0,JRA3Q,1497,5
396,0,0.1164035499095916,0,JRA3Q,1497,5
397,1,0.3074400424957275,0,JRA3Q,1497,5
22,0,0.7899547219276428,1,JRA3Q,174,1
23,1,0.7838200926780701,1,JRA3Q,174,1
28,0,0.074105180799961,0,JRA3Q,174,1
29,1,0.3942708075046539,0,JRA3Q,174,1
36,0,0.2412418127059936,0,JRA3Q,174,1
37,1,0.3302225172519684,0,JRA3Q,174,1
42,0,0.7314367294311523,1,JRA3Q,174,1
43,1,0.6255444288253784,1,JRA3Q,174,1
50,0,0.568121075630188,1,JRA3Q,174,1
51,1,0.5699302554130554,1,JRA3Q,174,1
60,0,0.0370110385119915,0,JRA3Q,174,1
61,1,0.9830880761146544,1,JRA3Q,174,1
62,0,0.2249069511890411,0,JRA3Q,174,1
63,1,0.7445611357688904,1,JRA3Q,174,1
64,0,0.0113438116386532,0,JRA3Q,174,1
65,1,0.98164039850235,1,JRA3Q,174,1
70,0,0.9051039814949036,1,JRA3Q,174,1
71,1,0.0578873120248317,0,JRA3Q,174,1
82,0,0.7876815795898438,1,JRA3Q,174,1
83,1,0.9392146468162536,1,JRA3Q,174,1
94,0,0.9169127345085144,1,JRA3Q,174,1
95,1,0.6355609893798828,1,JRA3Q,174,1
100,0,0.1071890667080879,0,JRA3Q,174,1
101,1,0.984274685382843,1,JRA3Q,174,1
108,0,0.1874290406703949,0,JRA3Q,174,1
109,1,0.976500928401947,1,JRA3Q,174,1
118,0,0.0862573310732841,0,JRA3Q,174,1
119,1,0.9934030175209044,1,JRA3Q,174,1
122,0,0.1261436641216278,0,JRA3Q,174,1
123,1,0.2668133080005646,0,JRA3Q,174,1
124,0,0.9317614436149596,1,JRA3Q,174,1
125,1,0.8952757716178894,1,JRA3Q,174,1
126,0,0.3161228597164154,0,JRA3Q,174,1
127,1,0.1212482824921608,0,JRA3Q,174,1
128,0,0.1239791810512542,0,JRA3Q,174,1
129,1,0.8750170469284058,1,JRA3Q,174,1
138,0,0.8684003949165344,1,JRA3Q,174,1
139,1,0.9656654000282288,1,JRA3Q,174,1
146,0,0.0330591201782226,0,JRA3Q,174,1
147,1,0.995824098587036,1,JRA3Q,174,1
158,0,0.1212482824921608,0,JRA3Q,174,1
159,1,0.9934030175209044,1,JRA3Q,174,1
190,0,0.2409340292215347,0,JRA3Q,174,1
191,1,0.0318726040422916,0,JRA3Q,174,1
196,0,0.1382824927568435,0,JRA3Q,174,1
197,1,0.9931984543800354,1,JRA3Q,174,1
202,0,0.0477717481553554,0,JRA3Q,174,1
203,1,0.3733985722064972,0,JRA3Q,174,1
206,0,0.0477717481553554,0,JRA3Q,174,1
207,1,0.3733985722064972,0,JRA3Q,174,1
222,0,0.8773666024208069,1,JRA3Q,174,1
223,1,0.6007006764411926,1,JRA3Q,174,1
228,0,0.7374407052993774,1,JRA3Q,174,1
229,1,0.7144357562065125,1,JRA3Q,174,1
234,0,0.225085362792015,0,JRA3Q,174,1
235,1,0.987198531627655,1,JRA3Q,174,1
246,0,0.1043914481997489,0,JRA3Q,174,1
247,1,0.6976904273033142,1,JRA3Q,174,1
250,0,0.0692160278558731,0,JRA3Q,174,1
251,1,0.9060431718826294,1,JRA3Q,174,1
252,0,0.0223089251667261,0,JRA3Q,174,1
253,1,0.850165605545044,1,JRA3Q,174,1
268,0,0.8120552897453308,1,JRA3Q,174,1
269,1,0.7106465101242065,1,JRA3Q,174,1
300,0,0.0177847538143396,0,JRA3Q,174,1
301,1,0.940479815006256,1,JRA3Q,174,1
302,0,0.3412842154502868,0,JRA3Q,174,1
303,1,0.9857930541038512,1,JRA3Q,174,1
304,0,0.3751856684684753,0,JRA3Q,174,1
305,1,0.7992774844169617,1,JRA3Q,174,1
306,0,0.1619541645050048,0,JRA3Q,174,1
307,1,0.9879510998725892,1,JRA3Q,174,1
314,0,0.1676360219717025,0,JRA3Q,174,1
315,1,0.0423923581838607,0,JRA3Q,174,1
324,0,0.0203148238360881,0,JRA3Q,174,1
325,1,0.8728339672088623,1,JRA3Q,174,1
332,0,0.0259662568569183,0,JRA3Q,174,1
333,1,0.9637113213539124,1,JRA3Q,174,1
364,0,0.6613579988479614,1,JRA3Q,174,1
365,1,0.9066835641860962,1,JRA3Q,174,1
374,0,0.2204648852348327,0,JRA3Q,174,1
375,1,0.1554453670978546,0,JRA3Q,174,1
4,0,0.3448036611080169,0,JRA3Q,174,2
5,1,0.4935126602649688,0,JRA3Q,174,2
10,0,0.8758041262626648,1,JRA3Q,174,2
11,1,0.3511067926883697,0,JRA3Q,174,2
14,0,0.1723612397909164,0,JRA3Q,174,2
15,1,0.7832512259483337,1,JRA3Q,174,2
18,0,0.2127250880002975,0,JRA3Q,174,2
19,1,0.5764291286468506,1,JRA3Q,174,2
30,0,0.2228742241859436,0,JRA3Q,174,2
31,1,0.4797950387001037,0,JRA3Q,174,2
34,0,0.6569386124610901,1,JRA3Q,174,2
35,1,0.280104786157608,0,JRA3Q,174,2
48,0,0.8782232999801636,1,JRA3Q,174,2
49,1,0.7541092038154602,1,JRA3Q,174,2
54,0,0.190055102109909,0,JRA3Q,174,2
55,1,0.98265141248703,1,JRA3Q,174,2
72,0,0.5668650269508362,1,JRA3Q,174,2
73,1,0.5450096726417542,1,JRA3Q,174,2
80,0,0.187880203127861,0,JRA3Q,174,2
81,1,0.2104814648628235,0,JRA3Q,174,2
84,0,0.9924006462097168,1,JRA3Q,174,2
85,1,0.9862757921218872,1,JRA3Q,174,2
88,0,0.2366740256547927,0,JRA3Q,174,2
89,1,0.1321471631526947,0,JRA3Q,174,2
104,0,0.1287736147642135,0,JRA3Q,174,2
105,1,0.9672711491584778,1,JRA3Q,174,2
110,0,0.1702302098274231,0,JRA3Q,174,2
111,1,0.6196099519729614,1,JRA3Q,174,2
140,0,0.1750541925430297,0,JRA3Q,174,2
141,1,0.8067614436149597,1,JRA3Q,174,2
164,0,0.0717172995209693,0,JRA3Q,174,2
165,1,0.4792627096176147,0,JRA3Q,174,2
168,0,0.1506911367177963,0,JRA3Q,174,2
169,1,0.3303819000720978,0,JRA3Q,174,2
170,0,0.1946937292814254,0,JRA3Q,174,2
171,1,0.7040500640869141,1,JRA3Q,174,2
184,0,0.0958784371614456,0,JRA3Q,174,2
185,1,0.7655958533287048,1,JRA3Q,174,2
192,0,0.6015686988830566,1,JRA3Q,174,2
193,1,0.2762919664382934,0,JRA3Q,174,2
204,0,0.7261154055595398,1,JRA3Q,174,2
205,1,0.6004334688186646,1,JRA3Q,174,2
212,0,0.884823203086853,1,JRA3Q,174,2
213,1,0.7885151505470276,1,JRA3Q,174,2
216,0,0.1117151454091072,0,JRA3Q,174,2
217,1,0.98225200176239,1,JRA3Q,174,2
218,0,0.0791753232479095,0,JRA3Q,174,2
219,1,0.5442134737968445,1,JRA3Q,174,2
224,0,0.4008420407772064,0,JRA3Q,174,2
225,1,0.8152443766593933,1,JRA3Q,174,2
232,0,0.2959577143192291,0,JRA3Q,174,2
233,1,0.5101256966590881,1,JRA3Q,174,2
238,0,0.2642495632171631,0,JRA3Q,174,2
239,1,0.2704164385795593,0,JRA3Q,174,2
254,0,0.4397962093353271,0,JRA3Q,174,2
255,1,0.4930768609046936,0,JRA3Q,174,2
270,0,0.0614146254956722,0,JRA3Q,174,2
271,1,0.8532512187957764,1,JRA3Q,174,2
272,0,0.2046902924776077,0,JRA3Q,174,2
273,1,0.4679421484470367,0,JRA3Q,174,2
280,0,0.2469319999217987,0,JRA3Q,174,2
281,1,0.15481036901474,0,JRA3Q,174,2
284,0,0.2992916405200958,0,JRA3Q,174,2
285,1,0.9059812426567078,1,JRA3Q,174,2
292,0,0.1184844225645065,0,JRA3Q,174,2
293,1,0.8239203095436096,1,JRA3Q,174,2
310,0,0.0709244757890701,0,JRA3Q,174,2
311,1,0.9465795755386353,1,JRA3Q,174,2
328,0,0.2579126358032226,0,JRA3Q,174,2
329,1,0.8507447838783264,1,JRA3Q,174,2
350,0,0.1386758983135223,0,JRA3Q,174,2
351,1,0.9572524428367616,1,JRA3Q,174,2
368,0,0.0606588758528232,0,JRA3Q,174,2
369,1,0.8812856078147888,1,JRA3Q,174,2
388,0,0.1175337955355644,0,JRA3Q,174,2
389,1,0.4049223661422729,0,JRA3Q,174,2
390,0,0.2638815343379974,0,JRA3Q,174,2
391,1,0.4049223661422729,0,JRA3Q,174,2
392,0,0.253879964351654,0,JRA3Q,174,2
393,1,0.2606304585933685,0,JRA3Q,174,2
396,0,0.1386758983135223,0,JRA3Q,174,2
397,1,0.4670269787311554,0,JRA3Q,174,2
6,0,0.5146104097366333,1,JRA3Q,174,3
7,1,0.7873384952545166,1,JRA3Q,174,3
8,0,0.7557544112205505,1,JRA3Q,174,3
9,1,0.4399459958076477,0,JRA3Q,174,3
12,0,0.098665677011013,0,JRA3Q,174,3
13,1,0.7795824408531189,1,JRA3Q,174,3
20,0,0.8223893046379089,1,JRA3Q,174,3
21,1,0.452364832162857,0,JRA3Q,174,3
26,0,0.3198980689048767,0,JRA3Q,174,3
27,1,0.1064924076199531,0,JRA3Q,174,3
38,0,0.4672593474388122,0,JRA3Q,174,3
39,1,0.2524864673614502,0,JRA3Q,174,3
68,0,0.7401179075241089,1,JRA3Q,174,3
69,1,0.8453948497772217,1,JRA3Q,174,3
74,0,0.5618560910224915,1,JRA3Q,174,3
75,1,0.9189290404319764,1,JRA3Q,174,3
92,0,0.0904714092612266,0,JRA3Q,174,3
93,1,0.8527746796607971,1,JRA3Q,174,3
96,0,0.6329303979873657,1,JRA3Q,174,3
97,1,0.6339622139930725,1,JRA3Q,174,3
112,0,0.1908949613571167,0,JRA3Q,174,3
113,1,0.9025777578353882,1,JRA3Q,174,3
132,0,0.0719987973570823,0,JRA3Q,174,3
133,1,0.4944148361682892,0,JRA3Q,174,3
142,0,0.3104007840156555,0,JRA3Q,174,3
143,1,0.8598810434341431,1,JRA3Q,174,3
148,0,0.3819839060306549,0,JRA3Q,174,3
149,1,0.3326306343078613,0,JRA3Q,174,3
150,0,0.0767785087227821,0,JRA3Q,174,3
151,1,0.6388562321662903,1,JRA3Q,174,3
152,0,0.2006745636463165,0,JRA3Q,174,3
153,1,0.883283257484436,1,JRA3Q,174,3
154,0,0.8070390820503235,1,JRA3Q,174,3
155,1,0.3326306343078613,0,JRA3Q,174,3
156,0,0.1457900553941726,0,JRA3Q,174,3
157,1,0.6388562321662903,1,JRA3Q,174,3
166,0,0.24134361743927,0,JRA3Q,174,3
167,1,0.6324530243873596,1,JRA3Q,174,3
174,0,0.1486599743366241,0,JRA3Q,174,3
175,1,0.7566625475883484,1,JRA3Q,174,3
182,0,0.731628954410553,1,JRA3Q,174,3
183,1,0.8642163872718811,1,JRA3Q,174,3
200,0,0.0821421220898628,0,JRA3Q,174,3
201,1,0.8258913159370422,1,JRA3Q,174,3
240,0,0.4232670664787292,0,JRA3Q,174,3
241,1,0.4649301469326019,0,JRA3Q,174,3
248,0,0.0444801487028598,0,JRA3Q,174,3
249,1,0.5682756900787354,1,JRA3Q,174,3
260,0,0.1568185836076736,0,JRA3Q,174,3
261,1,0.8385420441627502,1,JRA3Q,174,3
262,0,0.1974371969699859,0,JRA3Q,174,3
263,1,0.9015379548072816,1,JRA3Q,174,3
264,0,0.542095422744751,1,JRA3Q,174,3
265,1,0.5151492357254028,1,JRA3Q,174,3
274,0,0.5992903709411621,1,JRA3Q,174,3
275,1,0.878443717956543,1,JRA3Q,174,3
278,0,0.692110538482666,1,JRA3Q,174,3
279,1,0.8215306997299194,1,JRA3Q,174,3
286,0,0.283851146697998,0,JRA3Q,174,3
287,1,0.4404449164867401,0,JRA3Q,174,3
290,0,0.5179612636566162,1,JRA3Q,174,3
291,1,0.8005194664001465,1,JRA3Q,174,3
296,0,0.3326306343078613,0,JRA3Q,174,3
297,1,0.883283257484436,1,JRA3Q,174,3
312,0,0.3145654797554016,0,JRA3Q,174,3
313,1,0.7575540542602539,1,JRA3Q,174,3
316,0,0.4029423892498016,0,JRA3Q,174,3
317,1,0.2915116846561432,0,JRA3Q,174,3
342,0,0.0995060354471206,0,JRA3Q,174,3
343,1,0.8872356414794922,1,JRA3Q,174,3
346,0,0.4791029095649719,0,JRA3Q,174,3
347,1,0.8774329423904419,1,JRA3Q,174,3
356,0,0.1597519665956497,0,JRA3Q,174,3
357,1,0.7304568886756897,1,JRA3Q,174,3
358,0,0.286566823720932,0,JRA3Q,174,3
359,1,0.2680051028728485,0,JRA3Q,174,3
378,0,0.3880988657474518,0,JRA3Q,174,3
379,1,0.7364962100982666,1,JRA3Q,174,3
386,0,0.4994915425777435,0,JRA3Q,174,3
387,1,0.6390831470489502,1,JRA3Q,174,3
394,0,0.514668345451355,1,JRA3Q,174,3
395,1,0.7557544112205505,1,JRA3Q,174,3
400,0,0.2997414469718933,0,JRA3Q,174,3
401,1,0.7919927835464478,1,JRA3Q,174,3
0,0,0.8121391534805298,1,JRA3Q,174,4
1,1,0.6753473281860352,1,JRA3Q,174,4
2,0,0.4818025231361389,0,JRA3Q,174,4
3,1,0.2569197118282318,0,JRA3Q,174,4
40,0,0.6709128022193909,1,JRA3Q,174,4
41,1,0.7134977579116821,1,JRA3Q,174,4
44,0,0.2822172343730926,0,JRA3Q,174,4
45,1,0.2367296516895294,0,JRA3Q,174,4
52,0,0.8644089102745056,1,JRA3Q,174,4
53,1,0.6924708485603333,1,JRA3Q,174,4
78,0,0.1376834511756897,0,JRA3Q,174,4
79,1,0.8658438920974731,1,JRA3Q,174,4
86,0,0.645575225353241,1,JRA3Q,174,4
87,1,0.223892331123352,0,JRA3Q,174,4
102,0,0.1922231316566467,0,JRA3Q,174,4
103,1,0.9279245734214784,1,JRA3Q,174,4
106,0,0.2004792094230651,0,JRA3Q,174,4
107,1,0.37569460272789,0,JRA3Q,174,4
116,0,0.3576177954673767,0,JRA3Q,174,4
117,1,0.3869666159152984,0,JRA3Q,174,4
160,0,0.1877235323190689,0,JRA3Q,174,4
161,1,0.8141960501670837,1,JRA3Q,174,4
162,0,0.0915780737996101,0,JRA3Q,174,4
163,1,0.9575183987617492,1,JRA3Q,174,4
176,0,0.7384335398674011,1,JRA3Q,174,4
177,1,0.9155073761940002,1,JRA3Q,174,4
180,0,0.6351274847984314,1,JRA3Q,174,4
181,1,0.91899573802948,1,JRA3Q,174,4
188,0,0.6062374114990234,1,JRA3Q,174,4
189,1,0.5470678806304932,1,JRA3Q,174,4
194,0,0.4900263845920563,0,JRA3Q,174,4
195,1,0.1900486052036285,0,JRA3Q,174,4
226,0,0.0832223743200302,0,JRA3Q,174,4
227,1,0.5714232325553894,1,JRA3Q,174,4
236,0,0.2944249212741852,0,JRA3Q,174,4
237,1,0.913398504257202,1,JRA3Q,174,4
242,0,0.1745026558637619,0,JRA3Q,174,4
243,1,0.4780943393707275,0,JRA3Q,174,4
244,0,0.8720620274543762,1,JRA3Q,174,4
245,1,0.8978071212768555,1,JRA3Q,174,4
256,0,0.9049986600875854,1,JRA3Q,174,4
257,1,0.8311880230903625,1,JRA3Q,174,4
258,0,0.1785145103931427,0,JRA3Q,174,4
259,1,0.8389445543289185,1,JRA3Q,174,4
266,0,0.3313287198543548,0,JRA3Q,174,4
267,1,0.766035795211792,1,JRA3Q,174,4
276,0,0.1292488873004913,0,JRA3Q,174,4
277,1,0.2997637987136841,0,JRA3Q,174,4
282,0,0.366251140832901,0,JRA3Q,174,4
283,1,0.659351110458374,1,JRA3Q,174,4
294,0,0.0461464896798133,0,JRA3Q,174,4
295,1,0.8152650594711304,1,JRA3Q,174,4
298,0,0.3714077174663543,0,JRA3Q,174,4
299,1,0.9105641841888428,1,JRA3Q,174,4
308,0,0.1506454795598983,0,JRA3Q,174,4
309,1,0.8658438920974731,1,JRA3Q,174,4
320,0,0.1307431012392044,0,JRA3Q,174,4
321,1,0.8824741840362549,1,JRA3Q,174,4
322,0,0.0981911569833755,0,JRA3Q,174,4
323,1,0.8722978830337524,1,JRA3Q,174,4
326,0,0.048805683851242,0,JRA3Q,174,4
327,1,0.8915966153144836,1,JRA3Q,174,4
336,0,0.1913810819387436,0,JRA3Q,174,4
337,1,0.8537035584449768,1,JRA3Q,174,4
340,0,0.2278842777013778,0,JRA3Q,174,4
341,1,0.4764129221439361,0,JRA3Q,174,4
352,0,0.3430602550506592,0,JRA3Q,174,4
353,1,0.8908032774925232,1,JRA3Q,174,4
354,0,0.4948172867298126,0,JRA3Q,174,4
355,1,0.9396520256996156,1,JRA3Q,174,4
362,0,0.1112087070941925,0,JRA3Q,174,4
363,1,0.0423839688301086,0,JRA3Q,174,4
366,0,0.3848429918289184,0,JRA3Q,174,4
367,1,0.7717347145080566,1,JRA3Q,174,4
372,0,0.5761727690696716,1,JRA3Q,174,4
373,1,0.9076237082481384,1,JRA3Q,174,4
380,0,0.1220919713377952,0,JRA3Q,174,4
381,1,0.6048919558525085,1,JRA3Q,174,4
16,0,0.6579213738441467,1,JRA3Q,174,5
17,1,0.5980461239814758,1,JRA3Q,174,5
24,0,0.0388521179556846,0,JRA3Q,174,5
25,1,0.6411908268928528,1,JRA3Q,174,5
32,0,0.177186980843544,0,JRA3Q,174,5
33,1,0.7405814528465271,1,JRA3Q,174,5
46,0,0.646752655506134,1,JRA3Q,174,5
47,1,0.4601175487041473,0,JRA3Q,174,5
56,0,0.5178708434104919,1,JRA3Q,174,5
57,1,0.986548125743866,1,JRA3Q,174,5
58,0,0.0436432175338268,0,JRA3Q,174,5
59,1,0.9775112867355348,1,JRA3Q,174,5
66,0,0.0255796555429697,0,JRA3Q,174,5
67,1,0.3766289949417114,0,JRA3Q,174,5
76,0,0.3722755312919616,0,JRA3Q,174,5
77,1,0.9366249442100524,1,JRA3Q,174,5
90,0,0.0720903873443603,0,JRA3Q,174,5
91,1,0.8236317038536072,1,JRA3Q,174,5
98,0,0.8164123296737671,1,JRA3Q,174,5
99,1,0.9238659739494324,1,JRA3Q,174,5
114,0,0.7938668727874756,1,JRA3Q,174,5
115,1,0.6710667610168457,1,JRA3Q,174,5
120,0,0.1094939559698104,0,JRA3Q,174,5
121,1,0.9890270233154296,1,JRA3Q,174,5
130,0,0.149461030960083,0,JRA3Q,174,5
131,1,0.9373389482498168,1,JRA3Q,174,5
134,0,0.0317667908966541,0,JRA3Q,174,5
135,1,0.701034665107727,1,JRA3Q,174,5
136,0,0.8514677882194519,1,JRA3Q,174,5
137,1,0.9890270233154296,1,JRA3Q,174,5
144,0,0.6984071135520935,1,JRA3Q,174,5
145,1,0.0264736637473106,0,JRA3Q,174,5
172,0,0.5636925101280212,1,JRA3Q,174,5
173,1,0.8191123008728027,1,JRA3Q,174,5
178,0,0.1198136359453201,0,JRA3Q,174,5
179,1,0.5636925101280212,1,JRA3Q,174,5
186,0,0.0238953009247779,0,JRA3Q,174,5
187,1,0.6608180403709412,1,JRA3Q,174,5
198,0,0.4460573494434356,0,JRA3Q,174,5
199,1,0.5263730883598328,1,JRA3Q,174,5
208,0,0.0360164530575275,0,JRA3Q,174,5
209,1,0.9207154512405396,1,JRA3Q,174,5
210,0,0.7044047713279724,1,JRA3Q,174,5
211,1,0.5393013954162598,1,JRA3Q,174,5
214,0,0.4653624296188354,0,JRA3Q,174,5
215,1,0.5393013954162598,1,JRA3Q,174,5
220,0,0.6544021368026733,1,JRA3Q,174,5
221,1,0.8586187362670898,1,JRA3Q,174,5
230,0,0.6696633696556091,1,JRA3Q,174,5
231,1,0.1071911975741386,0,JRA3Q,174,5
288,0,0.3866700828075409,0,JRA3Q,174,5
289,1,0.9842833280563354,1,JRA3Q,174,5
318,0,0.1646616756916046,0,JRA3Q,174,5
319,1,0.9230641722679138,1,JRA3Q,174,5
330,0,0.0120225995779037,0,JRA3Q,174,5
331,1,0.1593504548072815,0,JRA3Q,174,5
334,0,0.1036421805620193,0,JRA3Q,174,5
335,1,0.0645971670746803,0,JRA3Q,174,5
338,0,0.146925464272499,0,JRA3Q,174,5
339,1,0.2389819920063018,0,JRA3Q,174,5
344,0,0.0429614223539829,0,JRA3Q,174,5
345,1,0.8375446200370789,1,JRA3Q,174,5
348,0,0.023358317092061,0,JRA3Q,174,5
349,1,0.9142633676528932,1,JRA3Q,174,5
360,0,0.0883376970887184,0,JRA3Q,174,5
361,1,0.0194692146033048,0,JRA3Q,174,5
370,0,0.0255708675831556,0,JRA3Q,174,5
371,1,0.6685168147087097,1,JRA3Q,174,5
376,0,0.0515683554112911,0,JRA3Q,174,5
377,1,0.5014908313751221,1,JRA3Q,174,5
382,0,0.0263373665511608,0,JRA3Q,174,5
383,1,0.8500061631202698,1,JRA3Q,174,5
384,0,0.0306567531079053,0,JRA3Q,174,5
385,1,0.9372828006744384,1,JRA3Q,174,5
398,0,0.0212114844471216,0,JRA3Q,174,5
399,1,0.0224653240293264,0,JRA3Q,174,5
402,0,0.0288475882261991,0,JRA3Q,174,5
403,1,0.7449524402618408,1,JRA3Q,174,5
0,0,0.5923709273338318,1,JRA3Q,3299,1
1,1,0.646323561668396,1,JRA3Q,3299,1
14,0,0.4111354649066925,0,JRA3Q,3299,1
15,1,0.8649618625640869,1,JRA3Q,3299,1
18,0,0.2035415470600128,0,JRA3Q,3299,1
19,1,0.7378869652748108,1,JRA3Q,3299,1
40,0,0.6111211776733398,1,JRA3Q,3299,1
41,1,0.4104638695716858,0,JRA3Q,3299,1
52,0,0.7924360632896423,1,JRA3Q,3299,1
53,1,0.6521158218383789,1,JRA3Q,3299,1
58,0,0.2069184929132461,0,JRA3Q,3299,1
59,1,0.975197732448578,1,JRA3Q,3299,1
62,0,0.2321682572364807,0,JRA3Q,3299,1
63,1,0.9021582007408142,1,JRA3Q,3299,1
72,0,0.1876160204410553,0,JRA3Q,3299,1
73,1,0.645931601524353,1,JRA3Q,3299,1
74,0,0.7342007756233215,1,JRA3Q,3299,1
75,1,0.9696547389030457,1,JRA3Q,3299,1
82,0,0.9235051274299622,1,JRA3Q,3299,1
83,1,0.9573426842689514,1,JRA3Q,3299,1
84,0,0.9735853672027588,1,JRA3Q,3299,1
85,1,0.9645828008651732,1,JRA3Q,3299,1
98,0,0.9235051274299622,1,JRA3Q,3299,1
99,1,0.9573426842689514,1,JRA3Q,3299,1
102,0,0.4559295177459717,0,JRA3Q,3299,1
103,1,0.9601094722747804,1,JRA3Q,3299,1
106,0,0.3331917524337768,0,JRA3Q,3299,1
107,1,0.9281110167503356,1,JRA3Q,3299,1
118,0,0.2262751907110214,0,JRA3Q,3299,1
119,1,0.9678046107292176,1,JRA3Q,3299,1
146,0,0.1307485997676849,0,JRA3Q,3299,1
147,1,0.9794913530349731,1,JRA3Q,3299,1
182,0,0.8281622529029846,1,JRA3Q,3299,1
183,1,0.9186238050460817,1,JRA3Q,3299,1
192,0,0.7622388005256653,1,JRA3Q,3299,1
193,1,0.7430650591850281,1,JRA3Q,3299,1
196,0,0.738348126411438,1,JRA3Q,3299,1
197,1,0.9813382625579834,1,JRA3Q,3299,1
212,0,0.9061806797981262,1,JRA3Q,3299,1
213,1,0.7707648873329163,1,JRA3Q,3299,1
214,0,0.3289207220077514,0,JRA3Q,3299,1
215,1,0.890927791595459,1,JRA3Q,3299,1
228,0,0.6677678823471069,1,JRA3Q,3299,1
229,1,0.7793182134628296,1,JRA3Q,3299,1
232,0,0.2379574626684188,0,JRA3Q,3299,1
233,1,0.8429995775222778,1,JRA3Q,3299,1
242,0,0.1015085652470588,0,JRA3Q,3299,1
243,1,0.4103149771690368,0,JRA3Q,3299,1
254,0,0.553520143032074,1,JRA3Q,3299,1
255,1,0.7673954963684082,1,JRA3Q,3299,1
256,0,0.8174291849136353,1,JRA3Q,3299,1
257,1,0.5066022276878357,1,JRA3Q,3299,1
258,0,0.1368077099323272,0,JRA3Q,3299,1
259,1,0.9388304948806764,1,JRA3Q,3299,1
272,0,0.2041072100400924,0,JRA3Q,3299,1
273,1,0.5467732548713684,1,JRA3Q,3299,1
282,0,0.2969226241111755,0,JRA3Q,3299,1
283,1,0.7622388005256653,1,JRA3Q,3299,1
316,0,0.4147156774997711,0,JRA3Q,3299,1
317,1,0.2656204998493194,0,JRA3Q,3299,1
324,0,0.3942753076553345,0,JRA3Q,3299,1
325,1,0.8388882875442505,1,JRA3Q,3299,1
328,0,0.1774641126394271,0,JRA3Q,3299,1
329,1,0.7806164026260376,1,JRA3Q,3299,1
330,0,0.0524649694561958,0,JRA3Q,3299,1
331,1,0.5099541544914246,1,JRA3Q,3299,1
334,0,0.5471405386924744,1,JRA3Q,3299,1
335,1,0.7204134464263916,1,JRA3Q,3299,1
348,0,0.2034642547369003,0,JRA3Q,3299,1
349,1,0.9082364439964294,1,JRA3Q,3299,1
352,0,0.3277059197425842,0,JRA3Q,3299,1
353,1,0.8907451033592224,1,JRA3Q,3299,1
364,0,0.5048037171363831,1,JRA3Q,3299,1
365,1,0.8197165131568909,1,JRA3Q,3299,1
378,0,0.5874541401863098,1,JRA3Q,3299,1
379,1,0.8377784490585327,1,JRA3Q,3299,1
394,0,0.2463375031948089,0,JRA3Q,3299,1
395,1,0.7419981360435486,1,JRA3Q,3299,1
398,0,0.2235341519117355,0,JRA3Q,3299,1
399,1,0.3188956677913666,0,JRA3Q,3299,1
6,0,0.1412607431411743,0,JRA3Q,3299,2
7,1,0.6375575661659241,1,JRA3Q,3299,2
8,0,0.6233843564987183,1,JRA3Q,3299,2
9,1,0.4236152172088623,0,JRA3Q,3299,2
22,0,0.7974768280982971,1,JRA3Q,3299,2
23,1,0.6980966925621033,1,JRA3Q,3299,2
48,0,0.6711434125900269,1,JRA3Q,3299,2
49,1,0.5916329622268677,1,JRA3Q,3299,2
56,0,0.5915544033050537,1,JRA3Q,3299,2
57,1,0.9457410573959352,1,JRA3Q,3299,2
86,0,0.6006392240524292,1,JRA3Q,3299,2
87,1,0.1967293322086334,0,JRA3Q,3299,2
92,0,0.0667311176657676,0,JRA3Q,3299,2
93,1,0.8803486227989197,1,JRA3Q,3299,2
108,0,0.1343697011470794,0,JRA3Q,3299,2
109,1,0.8765031695365906,1,JRA3Q,3299,2
120,0,0.2929902672767639,0,JRA3Q,3299,2
121,1,0.9243811964988708,1,JRA3Q,3299,2
132,0,0.0307778939604759,0,JRA3Q,3299,2
133,1,0.3015034198760986,0,JRA3Q,3299,2
136,0,0.6953041553497314,1,JRA3Q,3299,2
137,1,0.9243811964988708,1,JRA3Q,3299,2
140,0,0.1022004857659339,0,JRA3Q,3299,2
141,1,0.6813757419586182,1,JRA3Q,3299,2
142,0,0.0383593402802944,0,JRA3Q,3299,2
143,1,0.6796598434448242,1,JRA3Q,3299,2
144,0,0.4530612826347351,0,JRA3Q,3299,2
145,1,0.0370387248694896,0,JRA3Q,3299,2
150,0,0.0584142170846462,0,JRA3Q,3299,2
151,1,0.6028116941452026,1,JRA3Q,3299,2
158,0,0.1744369268417358,0,JRA3Q,3299,2
159,1,0.9243811964988708,1,JRA3Q,3299,2
164,0,0.0308684259653091,0,JRA3Q,3299,2
165,1,0.4780966937541961,0,JRA3Q,3299,2
166,0,0.2685144543647766,0,JRA3Q,3299,2
167,1,0.5224279761314392,1,JRA3Q,3299,2
190,0,0.5919581055641174,1,JRA3Q,3299,2
191,1,0.0591523870825767,0,JRA3Q,3299,2
200,0,0.1264418214559555,0,JRA3Q,3299,2
201,1,0.8399718403816223,1,JRA3Q,3299,2
206,0,0.0211739577353,0,JRA3Q,3299,2
207,1,0.4890792965888977,0,JRA3Q,3299,2
208,0,0.0621980130672454,0,JRA3Q,3299,2
209,1,0.9375393390655518,1,JRA3Q,3299,2
238,0,0.4645864367485046,0,JRA3Q,3299,2
239,1,0.7325928807258606,1,JRA3Q,3299,2
240,0,0.503550112247467,1,JRA3Q,3299,2
241,1,0.6469948887825012,1,JRA3Q,3299,2
270,0,0.0510089769959449,0,JRA3Q,3299,2
271,1,0.7307770848274231,1,JRA3Q,3299,2
280,0,0.1315660774707794,0,JRA3Q,3299,2
281,1,0.3387178182601928,0,JRA3Q,3299,2
292,0,0.0395898297429084,0,JRA3Q,3299,2
293,1,0.8951069712638855,1,JRA3Q,3299,2
294,0,0.0190235581248998,0,JRA3Q,3299,2
295,1,0.8161055445671082,1,JRA3Q,3299,2
298,0,0.1878556758165359,0,JRA3Q,3299,2
299,1,0.832780659198761,1,JRA3Q,3299,2
302,0,0.4341705739498138,0,JRA3Q,3299,2
303,1,0.8254347443580627,1,JRA3Q,3299,2
304,0,0.2022217959165573,0,JRA3Q,3299,2
305,1,0.5545352697372437,1,JRA3Q,3299,2
308,0,0.1824957579374313,0,JRA3Q,3299,2
309,1,0.8803486227989197,1,JRA3Q,3299,2
322,0,0.155101403594017,0,JRA3Q,3299,2
323,1,0.7296393513679504,1,JRA3Q,3299,2
332,0,0.0300759226083755,0,JRA3Q,3299,2
333,1,0.6028116941452026,1,JRA3Q,3299,2
340,0,0.1141147464513778,0,JRA3Q,3299,2
341,1,0.4508802890777588,0,JRA3Q,3299,2
342,0,0.155101403594017,0,JRA3Q,3299,2
343,1,0.8677331209182739,1,JRA3Q,3299,2
346,0,0.1468484252691269,0,JRA3Q,3299,2
347,1,0.8543415665626526,1,JRA3Q,3299,2
350,0,0.0515725649893283,0,JRA3Q,3299,2
351,1,0.8805619478225708,1,JRA3Q,3299,2
374,0,0.1490259319543838,0,JRA3Q,3299,2
375,1,0.1761007755994796,0,JRA3Q,3299,2
376,0,0.0741705074906349,0,JRA3Q,3299,2
377,1,0.5146145224571228,1,JRA3Q,3299,2
386,0,0.139980211853981,0,JRA3Q,3299,2
387,1,0.4254056811332702,0,JRA3Q,3299,2
400,0,0.1039816588163375,0,JRA3Q,3299,2
401,1,0.5808387994766235,1,JRA3Q,3299,2
2,0,0.8972185850143433,1,JRA3Q,3299,3
3,1,0.0589736029505729,0,JRA3Q,3299,3
4,0,0.9076509475708008,1,JRA3Q,3299,3
5,1,0.9343035221099854,1,JRA3Q,3299,3
20,0,0.6130020022392273,1,JRA3Q,3299,3
21,1,0.2947968244552612,0,JRA3Q,3299,3
24,0,0.00549006043002,0,JRA3Q,3299,3
25,1,0.6697767972946167,1,JRA3Q,3299,3
28,0,0.0230831503868103,0,JRA3Q,3299,3
29,1,0.8265433311462402,1,JRA3Q,3299,3
30,0,0.0311919301748275,0,JRA3Q,3299,3
31,1,0.8301966786384583,1,JRA3Q,3299,3
54,0,0.0319270007312297,0,JRA3Q,3299,3
55,1,0.985814929008484,1,JRA3Q,3299,3
76,0,0.8825319409370422,1,JRA3Q,3299,3
77,1,0.991692304611206,1,JRA3Q,3299,3
112,0,0.0147617617622017,0,JRA3Q,3299,3
113,1,0.9910919070243835,1,JRA3Q,3299,3
130,0,0.6864674091339111,1,JRA3Q,3299,3
131,1,0.6244989037513733,1,JRA3Q,3299,3
134,0,0.6131393313407898,1,JRA3Q,3299,3
135,1,0.3615965843200683,0,JRA3Q,3299,3
138,0,0.3304424583911896,0,JRA3Q,3299,3
139,1,0.7879518866539001,1,JRA3Q,3299,3
160,0,0.0025145257823169,0,JRA3Q,3299,3
161,1,0.8231760263442993,1,JRA3Q,3299,3
162,0,0.0029724764171987,0,JRA3Q,3299,3
163,1,0.9920104742050172,1,JRA3Q,3299,3
172,0,0.9585540294647216,1,JRA3Q,3299,3
173,1,0.9384297132492064,1,JRA3Q,3299,3
174,0,0.0048683364875614,0,JRA3Q,3299,3
175,1,0.9876998662948608,1,JRA3Q,3299,3
180,0,0.0792300850152969,0,JRA3Q,3299,3
181,1,0.9722646474838256,1,JRA3Q,3299,3
186,0,0.0155885051935911,0,JRA3Q,3299,3
187,1,0.9251645803451538,1,JRA3Q,3299,3
198,0,0.0125871477648615,0,JRA3Q,3299,3
199,1,0.9143985509872437,1,JRA3Q,3299,3
218,0,0.0052819829434156,0,JRA3Q,3299,3
219,1,0.710670530796051,1,JRA3Q,3299,3
224,0,0.8289055824279785,1,JRA3Q,3299,3
225,1,0.3225564062595367,0,JRA3Q,3299,3
260,0,0.0064636548049747,0,JRA3Q,3299,3
261,1,0.917292594909668,1,JRA3Q,3299,3
262,0,0.0029220781289041,0,JRA3Q,3299,3
263,1,0.9905462265014648,1,JRA3Q,3299,3
264,0,0.1164319366216659,0,JRA3Q,3299,3
265,1,0.9626609086990356,1,JRA3Q,3299,3
266,0,0.0048206746578216,0,JRA3Q,3299,3
267,1,0.8781153559684753,1,JRA3Q,3299,3
274,0,0.0589736029505729,0,JRA3Q,3299,3
275,1,0.9688610434532166,1,JRA3Q,3299,3
276,0,0.0074790236540138,0,JRA3Q,3299,3
277,1,0.0191256199032068,0,JRA3Q,3299,3
284,0,0.0293987859040498,0,JRA3Q,3299,3
285,1,0.9738275408744812,1,JRA3Q,3299,3
286,0,0.0161232631653547,0,JRA3Q,3299,3
287,1,0.4020391404628753,0,JRA3Q,3299,3
290,0,0.0047749481163918,0,JRA3Q,3299,3
291,1,0.8744161128997803,1,JRA3Q,3299,3
296,0,0.6505056023597717,1,JRA3Q,3299,3
297,1,0.972900390625,1,JRA3Q,3299,3
306,0,0.0773657336831092,0,JRA3Q,3299,3
307,1,0.9916324019432068,1,JRA3Q,3299,3
314,0,0.0030631213448941,0,JRA3Q,3299,3
315,1,0.0084908893331885,0,JRA3Q,3299,3
336,0,0.0029263701289892,0,JRA3Q,3299,3
337,1,0.9766995906829834,1,JRA3Q,3299,3
358,0,0.0052860681898891,0,JRA3Q,3299,3
359,1,0.0111093232408165,0,JRA3Q,3299,3
362,0,0.0144184147939085,0,JRA3Q,3299,3
363,1,0.0035460954532027,0,JRA3Q,3299,3
366,0,0.0027721002697944,0,JRA3Q,3299,3
367,1,0.8502255082130432,1,JRA3Q,3299,3
372,0,0.0149521278217434,0,JRA3Q,3299,3
373,1,0.967177391052246,1,JRA3Q,3299,3
380,0,0.1445597559213638,0,JRA3Q,3299,3
381,1,0.4926490783691406,0,JRA3Q,3299,3
382,0,0.566843569278717,1,JRA3Q,3299,3
383,1,0.0303201414644718,0,JRA3Q,3299,3
396,0,0.0157692488282918,0,JRA3Q,3299,3
397,1,0.932954490184784,1,JRA3Q,3299,3
16,0,0.3036769926548004,0,JRA3Q,3299,4
17,1,0.4999538064002991,0,JRA3Q,3299,4
26,0,0.160568282008171,0,JRA3Q,3299,4
27,1,0.1429257690906524,0,JRA3Q,3299,4
36,0,0.1994940042495727,0,JRA3Q,3299,4
37,1,0.1668664515018463,0,JRA3Q,3299,4
42,0,0.2666112184524536,0,JRA3Q,3299,4
43,1,0.2538954615592956,0,JRA3Q,3299,4
46,0,0.6244332790374756,1,JRA3Q,3299,4
47,1,0.2624636888504028,0,JRA3Q,3299,4
66,0,0.2866443991661072,0,JRA3Q,3299,4
67,1,0.4994825720787048,0,JRA3Q,3299,4
68,0,0.7332412004470825,1,JRA3Q,3299,4
69,1,0.8944583535194397,1,JRA3Q,3299,4
90,0,0.2845416367053985,0,JRA3Q,3299,4
91,1,0.3865783512592315,0,JRA3Q,3299,4
104,0,0.2534101903438568,0,JRA3Q,3299,4
105,1,0.8295260071754456,1,JRA3Q,3299,4
110,0,0.2265992015600204,0,JRA3Q,3299,4
111,1,0.4237367808818817,0,JRA3Q,3299,4
114,0,0.6447441577911377,1,JRA3Q,3299,4
115,1,0.6906241178512573,1,JRA3Q,3299,4
116,0,0.2206442207098007,0,JRA3Q,3299,4
117,1,0.6447441577911377,1,JRA3Q,3299,4
148,0,0.3952539563179016,0,JRA3Q,3299,4
149,1,0.2206442207098007,0,JRA3Q,3299,4
154,0,0.435824990272522,0,JRA3Q,3299,4
155,1,0.2206442207098007,0,JRA3Q,3299,4
168,0,0.2557226419448852,0,JRA3Q,3299,4
169,1,0.3224177658557892,0,JRA3Q,3299,4
170,0,0.3726908564567566,0,JRA3Q,3299,4
171,1,0.5502016544342041,1,JRA3Q,3299,4
176,0,0.5243656039237976,1,JRA3Q,3299,4
177,1,0.6349707841873169,1,JRA3Q,3299,4
184,0,0.1213554888963699,0,JRA3Q,3299,4
185,1,0.4383568167686462,0,JRA3Q,3299,4
188,0,0.3863091766834259,0,JRA3Q,3299,4
189,1,0.7278804183006287,1,JRA3Q,3299,4
194,0,0.4755704402923584,0,JRA3Q,3299,4
195,1,0.4302001297473907,0,JRA3Q,3299,4
202,0,0.106454499065876,0,JRA3Q,3299,4
203,1,0.3338223397731781,0,JRA3Q,3299,4
204,0,0.7367511987686157,1,JRA3Q,3299,4
205,1,0.6149725914001465,1,JRA3Q,3299,4
210,0,0.6676461100578308,1,JRA3Q,3299,4
211,1,0.8205902576446533,1,JRA3Q,3299,4
220,0,0.8000156283378601,1,JRA3Q,3299,4
221,1,0.572511613368988,1,JRA3Q,3299,4
244,0,0.851204514503479,1,JRA3Q,3299,4
245,1,0.8690919280052185,1,JRA3Q,3299,4
268,0,0.4793726503849029,0,JRA3Q,3299,4
269,1,0.5258190631866455,1,JRA3Q,3299,4
278,0,0.5221245884895325,1,JRA3Q,3299,4
279,1,0.637438178062439,1,JRA3Q,3299,4
300,0,0.3758373260498047,0,JRA3Q,3299,4
301,1,0.7708349823951721,1,JRA3Q,3299,4
318,0,0.2015985399484634,0,JRA3Q,3299,4
319,1,0.7559781670570374,1,JRA3Q,3299,4
320,0,0.1497169435024261,0,JRA3Q,3299,4
321,1,0.8007553219795227,1,JRA3Q,3299,4
326,0,0.2488753944635391,0,JRA3Q,3299,4
327,1,0.6067795157432556,1,JRA3Q,3299,4
354,0,0.3262752592563629,0,JRA3Q,3299,4
355,1,0.8863649964332581,1,JRA3Q,3299,4
356,0,0.1783791184425354,0,JRA3Q,3299,4
357,1,0.4773178398609161,0,JRA3Q,3299,4
368,0,0.2200789153575897,0,JRA3Q,3299,4
369,1,0.5415018796920776,1,JRA3Q,3299,4
370,0,0.2426683753728866,0,JRA3Q,3299,4
371,1,0.7853072881698608,1,JRA3Q,3299,4
384,0,0.1697735637426376,0,JRA3Q,3299,4
385,1,0.6811975836753845,1,JRA3Q,3299,4
390,0,0.1196537539362907,0,JRA3Q,3299,4
391,1,0.3287160694599151,0,JRA3Q,3299,4
392,0,0.2051926255226135,0,JRA3Q,3299,4
393,1,0.2934383749961853,0,JRA3Q,3299,4
402,0,0.3379117548465729,0,JRA3Q,3299,4
403,1,0.8863649964332581,1,JRA3Q,3299,4
10,0,0.6153693795204163,1,JRA3Q,3299,5
11,1,0.9484899044036864,1,JRA3Q,3299,5
12,0,0.0699739679694175,0,JRA3Q,3299,5
13,1,0.9187893867492676,1,JRA3Q,3299,5
32,0,0.2753530144691467,0,JRA3Q,3299,5
33,1,0.8745178580284119,1,JRA3Q,3299,5
34,0,0.4804454445838928,0,JRA3Q,3299,5
35,1,0.4652208685874939,0,JRA3Q,3299,5
38,0,0.1346431970596313,0,JRA3Q,3299,5
39,1,0.0536574609577655,0,JRA3Q,3299,5
44,0,0.048362411558628,0,JRA3Q,3299,5
45,1,0.0410013422369957,0,JRA3Q,3299,5
50,0,0.8440383672714233,1,JRA3Q,3299,5
51,1,0.7195366024971008,1,JRA3Q,3299,5
60,0,0.066041924059391,0,JRA3Q,3299,5
61,1,0.977644145488739,1,JRA3Q,3299,5
64,0,0.081898957490921,0,JRA3Q,3299,5
65,1,0.984525501728058,1,JRA3Q,3299,5
70,0,0.9627966284751892,1,JRA3Q,3299,5
71,1,0.17177414894104,0,JRA3Q,3299,5
78,0,0.0779052078723907,0,JRA3Q,3299,5
79,1,0.9890151619911194,1,JRA3Q,3299,5
80,0,0.1932775825262069,0,JRA3Q,3299,5
81,1,0.3354281783103943,0,JRA3Q,3299,5
88,0,0.537601113319397,1,JRA3Q,3299,5
89,1,0.1106197610497474,0,JRA3Q,3299,5
94,0,0.8095934391021729,1,JRA3Q,3299,5
95,1,0.8468615412712097,1,JRA3Q,3299,5
96,0,0.3354281783103943,0,JRA3Q,3299,5
97,1,0.2484222650527954,0,JRA3Q,3299,5
100,0,0.14176706969738,0,JRA3Q,3299,5
101,1,0.9884501695632936,1,JRA3Q,3299,5
122,0,0.0601655356585979,0,JRA3Q,3299,5
123,1,0.1151813492178917,0,JRA3Q,3299,5
124,0,0.9525138139724731,1,JRA3Q,3299,5
125,1,0.9311796426773072,1,JRA3Q,3299,5
126,0,0.5085645914077759,1,JRA3Q,3299,5
127,1,0.1723689436912536,0,JRA3Q,3299,5
128,0,0.0448555424809455,0,JRA3Q,3299,5
129,1,0.8680814504623413,1,JRA3Q,3299,5
152,0,0.1360686868429184,0,JRA3Q,3299,5
153,1,0.9929786324501038,1,JRA3Q,3299,5
156,0,0.0615293458104133,0,JRA3Q,3299,5
157,1,0.9444395303726196,1,JRA3Q,3299,5
178,0,0.0775146186351776,0,JRA3Q,3299,5
179,1,0.6720775365829468,1,JRA3Q,3299,5
216,0,0.0706817433238029,0,JRA3Q,3299,5
217,1,0.9932087063789368,1,JRA3Q,3299,5
222,0,0.682806670665741,1,JRA3Q,3299,5
223,1,0.5152902007102966,1,JRA3Q,3299,5
226,0,0.1866662800312042,0,JRA3Q,3299,5
227,1,0.4961863756179809,0,JRA3Q,3299,5
230,0,0.911065399646759,1,JRA3Q,3299,5
231,1,0.0616389960050582,0,JRA3Q,3299,5
234,0,0.056908119469881,0,JRA3Q,3299,5
235,1,0.9651119112968444,1,JRA3Q,3299,5
236,0,0.0820593982934951,0,JRA3Q,3299,5
237,1,0.8890386819839478,1,JRA3Q,3299,5
246,0,0.0519360937178134,0,JRA3Q,3299,5
247,1,0.4958120286464691,0,JRA3Q,3299,5
248,0,0.053602747619152,0,JRA3Q,3299,5
249,1,0.9203140139579772,1,JRA3Q,3299,5
250,0,0.1005323082208633,0,JRA3Q,3299,5
251,1,0.9471330642700196,1,JRA3Q,3299,5
252,0,0.047805618494749,0,JRA3Q,3299,5
253,1,0.7727951407432556,1,JRA3Q,3299,5
288,0,0.3505675196647644,0,JRA3Q,3299,5
289,1,0.9714370965957642,1,JRA3Q,3299,5
310,0,0.0762470439076423,0,JRA3Q,3299,5
311,1,0.9561556577682496,1,JRA3Q,3299,5
312,0,0.0596913173794746,0,JRA3Q,3299,5
313,1,0.9516590237617492,1,JRA3Q,3299,5
338,0,0.1623099893331527,0,JRA3Q,3299,5
339,1,0.1285513192415237,0,JRA3Q,3299,5
344,0,0.0902036428451538,0,JRA3Q,3299,5
345,1,0.986205518245697,1,JRA3Q,3299,5
360,0,0.1263118684291839,0,JRA3Q,3299,5
361,1,0.047312207520008,0,JRA3Q,3299,5
388,0,0.1639334708452224,0,JRA3Q,3299,5
389,1,0.7876703143119812,1,JRA3Q,3299,5
10,0,0.5334636569023132,1,JRA3Q,3489,1
11,1,0.8954928517341614,1,JRA3Q,3489,1
14,0,0.2168678045272827,0,JRA3Q,3489,1
15,1,0.9618794918060304,1,JRA3Q,3489,1
22,0,0.8238863945007324,1,JRA3Q,3489,1
23,1,0.8406609892845154,1,JRA3Q,3489,1
24,0,0.4740162193775177,0,JRA3Q,3489,1
25,1,0.8499668836593628,1,JRA3Q,3489,1
26,0,0.0737018063664436,0,JRA3Q,3489,1
27,1,0.6910861134529114,1,JRA3Q,3489,1
32,0,0.3907690048217773,0,JRA3Q,3489,1
33,1,0.8220238089561462,1,JRA3Q,3489,1
40,0,0.6091460585594177,1,JRA3Q,3489,1
41,1,0.1130949631333351,0,JRA3Q,3489,1
58,0,0.2422763109207153,0,JRA3Q,3489,1
59,1,0.9670737981796264,1,JRA3Q,3489,1
68,0,0.4795605838298797,0,JRA3Q,3489,1
69,1,0.8310897946357727,1,JRA3Q,3489,1
70,0,0.6866260766983032,1,JRA3Q,3489,1
71,1,0.1835530996322631,0,JRA3Q,3489,1
88,0,0.435341328382492,0,JRA3Q,3489,1
89,1,0.2973496615886688,0,JRA3Q,3489,1
102,0,0.0529039725661277,0,JRA3Q,3489,1
103,1,0.9497806429862976,1,JRA3Q,3489,1
106,0,0.4098411500453949,0,JRA3Q,3489,1
107,1,0.6618445515632629,1,JRA3Q,3489,1
108,0,0.477914035320282,0,JRA3Q,3489,1
109,1,0.9408227205276488,1,JRA3Q,3489,1
122,0,0.0218904633074998,0,JRA3Q,3489,1
123,1,0.1151876896619796,0,JRA3Q,3489,1
130,0,0.1151876896619796,0,JRA3Q,3489,1
131,1,0.8547325134277344,1,JRA3Q,3489,1
132,0,0.0218904633074998,0,JRA3Q,3489,1
133,1,0.0789600908756256,0,JRA3Q,3489,1
198,0,0.8976505398750305,1,JRA3Q,3489,1
199,1,0.925007462501526,1,JRA3Q,3489,1
200,0,0.045546717941761,0,JRA3Q,3489,1
201,1,0.9583169221878052,1,JRA3Q,3489,1
202,0,0.0234851520508527,0,JRA3Q,3489,1
203,1,0.2738611400127411,0,JRA3Q,3489,1
218,0,0.0234851520508527,0,JRA3Q,3489,1
219,1,0.2738611400127411,0,JRA3Q,3489,1
228,0,0.7430021166801453,1,JRA3Q,3489,1
229,1,0.8211610317230225,1,JRA3Q,3489,1
242,0,0.3226109147071838,0,JRA3Q,3489,1
243,1,0.2343264073133468,0,JRA3Q,3489,1
244,0,0.7415107488632202,1,JRA3Q,3489,1
245,1,0.8057060837745667,1,JRA3Q,3489,1
254,0,0.752759575843811,1,JRA3Q,3489,1
255,1,0.9227593541145324,1,JRA3Q,3489,1
258,0,0.2485787123441696,0,JRA3Q,3489,1
259,1,0.7213925123214722,1,JRA3Q,3489,1
264,0,0.6939386129379272,1,JRA3Q,3489,1
265,1,0.9134054780006408,1,JRA3Q,3489,1
284,0,0.0830353274941444,0,JRA3Q,3489,1
285,1,0.9347174763679504,1,JRA3Q,3489,1
286,0,0.362415462732315,0,JRA3Q,3489,1
287,1,0.3367096185684204,0,JRA3Q,3489,1
288,0,0.6814795136451721,1,JRA3Q,3489,1
289,1,0.963449239730835,1,JRA3Q,3489,1
290,0,0.4106966853141784,0,JRA3Q,3489,1
291,1,0.8472280502319336,1,JRA3Q,3489,1
298,0,0.1001978367567062,0,JRA3Q,3489,1
299,1,0.9163992404937744,1,JRA3Q,3489,1
302,0,0.7436355948448181,1,JRA3Q,3489,1
303,1,0.8864879608154297,1,JRA3Q,3489,1
310,0,0.0518044009804725,0,JRA3Q,3489,1
311,1,0.8163342475891113,1,JRA3Q,3489,1
338,0,0.2329154163599014,0,JRA3Q,3489,1
339,1,0.3452490866184234,0,JRA3Q,3489,1
342,0,0.0518044009804725,0,JRA3Q,3489,1
343,1,0.8746317625045776,1,JRA3Q,3489,1
370,0,0.308168888092041,0,JRA3Q,3489,1
371,1,0.6825147271156311,1,JRA3Q,3489,1
380,0,0.3506605923175812,0,JRA3Q,3489,1
381,1,0.2398303151130676,0,JRA3Q,3489,1
384,0,0.4023918807506561,0,JRA3Q,3489,1
385,1,0.8023751974105835,1,JRA3Q,3489,1
386,0,0.3770663142204284,0,JRA3Q,3489,1
387,1,0.5334017872810364,1,JRA3Q,3489,1
398,0,0.0540552474558353,0,JRA3Q,3489,1
399,1,0.3317785561084747,0,JRA3Q,3489,1
16,0,0.4761029779911041,0,JRA3Q,3489,2
17,1,0.6608090400695801,1,JRA3Q,3489,2
20,0,0.9183638095855712,1,JRA3Q,3489,2
21,1,0.4863939583301544,0,JRA3Q,3489,2
50,0,0.916959822177887,1,JRA3Q,3489,2
51,1,0.6693892478942871,1,JRA3Q,3489,2
54,0,0.3206333816051483,0,JRA3Q,3489,2
55,1,0.8934211134910583,1,JRA3Q,3489,2
66,0,0.5015537142753601,1,JRA3Q,3489,2
67,1,0.6029267311096191,1,JRA3Q,3489,2
76,0,0.4275375306606293,0,JRA3Q,3489,2
77,1,0.8732877969741821,1,JRA3Q,3489,2
84,0,0.9667363166809082,1,JRA3Q,3489,2
85,1,0.9626171588897704,1,JRA3Q,3489,2
86,0,0.5979205965995789,1,JRA3Q,3489,2
87,1,0.4229306876659393,0,JRA3Q,3489,2
98,0,0.6862737536430359,1,JRA3Q,3489,2
99,1,0.8132909536361694,1,JRA3Q,3489,2
110,0,0.2698555886745453,0,JRA3Q,3489,2
111,1,0.569608211517334,1,JRA3Q,3489,2
114,0,0.628400981426239,1,JRA3Q,3489,2
115,1,0.6788825988769531,1,JRA3Q,3489,2
140,0,0.4208082854747772,0,JRA3Q,3489,2
141,1,0.7115036249160767,1,JRA3Q,3489,2
144,0,0.6730050444602966,1,JRA3Q,3489,2
145,1,0.0690264403820037,0,JRA3Q,3489,2
148,0,0.4295099973678589,0,JRA3Q,3489,2
149,1,0.2679924368858337,0,JRA3Q,3489,2
154,0,0.6480768322944641,1,JRA3Q,3489,2
155,1,0.2679924368858337,0,JRA3Q,3489,2
164,0,0.0381950587034225,0,JRA3Q,3489,2
165,1,0.3951837718486786,0,JRA3Q,3489,2
168,0,0.3802970051765442,0,JRA3Q,3489,2
169,1,0.4259613156318664,0,JRA3Q,3489,2
172,0,0.711574137210846,1,JRA3Q,3489,2
173,1,0.8939973711967468,1,JRA3Q,3489,2
184,0,0.0795692652463913,0,JRA3Q,3489,2
185,1,0.569655179977417,1,JRA3Q,3489,2
204,0,0.6276248097419739,1,JRA3Q,3489,2
205,1,0.5881684422492981,1,JRA3Q,3489,2
206,0,0.0635204464197158,0,JRA3Q,3489,2
207,1,0.4803079962730407,0,JRA3Q,3489,2
210,0,0.6268462538719177,1,JRA3Q,3489,2
211,1,0.7371741533279419,1,JRA3Q,3489,2
212,0,0.7773560881614685,1,JRA3Q,3489,2
213,1,0.6069228053092957,1,JRA3Q,3489,2
216,0,0.1364456862211227,0,JRA3Q,3489,2
217,1,0.8834392428398132,1,JRA3Q,3489,2
220,0,0.7773560881614685,1,JRA3Q,3489,2
221,1,0.6069228053092957,1,JRA3Q,3489,2
222,0,0.4849621653556824,0,JRA3Q,3489,2
223,1,0.7408120036125183,1,JRA3Q,3489,2
236,0,0.3801617324352264,0,JRA3Q,3489,2
237,1,0.6776994466781616,1,JRA3Q,3489,2
238,0,0.3179341554641723,0,JRA3Q,3489,2
239,1,0.7331863045692444,1,JRA3Q,3489,2
250,0,0.4061708748340606,0,JRA3Q,3489,2
251,1,0.795170783996582,1,JRA3Q,3489,2
252,0,0.3424552381038666,0,JRA3Q,3489,2
253,1,0.7127769589424133,1,JRA3Q,3489,2
268,0,0.5109210014343262,1,JRA3Q,3489,2
269,1,0.6038439869880676,1,JRA3Q,3489,2
300,0,0.1959613263607025,0,JRA3Q,3489,2
301,1,0.906414031982422,1,JRA3Q,3489,2
308,0,0.3454855680465698,0,JRA3Q,3489,2
309,1,0.8739417195320129,1,JRA3Q,3489,2
314,0,0.1841195523738861,0,JRA3Q,3489,2
315,1,0.1098207756876945,0,JRA3Q,3489,2
318,0,0.1977059543132782,0,JRA3Q,3489,2
319,1,0.7734625339508057,1,JRA3Q,3489,2
324,0,0.168385237455368,0,JRA3Q,3489,2
325,1,0.6369212865829468,1,JRA3Q,3489,2
332,0,0.1189495772123336,0,JRA3Q,3489,2
333,1,0.5823673605918884,1,JRA3Q,3489,2
334,0,0.2949630320072174,0,JRA3Q,3489,2
335,1,0.3498170077800751,0,JRA3Q,3489,2
340,0,0.4260171353816986,0,JRA3Q,3489,2
341,1,0.5360408425331116,1,JRA3Q,3489,2
374,0,0.1945533156394958,0,JRA3Q,3489,2
375,1,0.2580096423625946,0,JRA3Q,3489,2
376,0,0.1911090016365051,0,JRA3Q,3489,2
377,1,0.4739257991313934,0,JRA3Q,3489,2
0,0,0.5761192440986633,1,JRA3Q,3489,3
1,1,0.4153057634830475,0,JRA3Q,3489,3
30,0,0.3060139417648315,0,JRA3Q,3489,3
31,1,0.8085954785346985,1,JRA3Q,3489,3
34,0,0.8083256483078003,1,JRA3Q,3489,3
35,1,0.1558955460786819,0,JRA3Q,3489,3
42,0,0.2320678383111953,0,JRA3Q,3489,3
43,1,0.2753698825836181,0,JRA3Q,3489,3
46,0,0.8083256483078003,1,JRA3Q,3489,3
47,1,0.1558955460786819,0,JRA3Q,3489,3
48,0,0.6806989312171936,1,JRA3Q,3489,3
49,1,0.701065719127655,1,JRA3Q,3489,3
64,0,0.3617498874664306,0,JRA3Q,3489,3
65,1,0.8659359216690063,1,JRA3Q,3489,3
74,0,0.681505560874939,1,JRA3Q,3489,3
75,1,0.935598373413086,1,JRA3Q,3489,3
80,0,0.5424791574478149,1,JRA3Q,3489,3
81,1,0.4339370131492615,0,JRA3Q,3489,3
94,0,0.5727671384811401,1,JRA3Q,3489,3
95,1,0.6708759069442749,1,JRA3Q,3489,3
96,0,0.4339370131492615,0,JRA3Q,3489,3
97,1,0.8154553771018982,1,JRA3Q,3489,3
118,0,0.2039501965045929,0,JRA3Q,3489,3
119,1,0.9006103277206421,1,JRA3Q,3489,3
120,0,0.4195020198822021,0,JRA3Q,3489,3
121,1,0.9006103277206421,1,JRA3Q,3489,3
124,0,0.8544914126396179,1,JRA3Q,3489,3
125,1,0.9139740467071532,1,JRA3Q,3489,3
126,0,0.4082782864570617,0,JRA3Q,3489,3
127,1,0.1408527195453643,0,JRA3Q,3489,3
128,0,0.190126821398735,0,JRA3Q,3489,3
129,1,0.4406817555427551,0,JRA3Q,3489,3
146,0,0.3809604048728943,0,JRA3Q,3489,3
147,1,0.933373749256134,1,JRA3Q,3489,3
160,0,0.0997153744101524,0,JRA3Q,3489,3
161,1,0.8822234272956848,1,JRA3Q,3489,3
166,0,0.2663764059543609,0,JRA3Q,3489,3
167,1,0.5363051295280457,1,JRA3Q,3489,3
186,0,0.1615071892738342,0,JRA3Q,3489,3
187,1,0.5131900310516357,1,JRA3Q,3489,3
192,0,0.8372471928596497,1,JRA3Q,3489,3
193,1,0.8282989859580994,1,JRA3Q,3489,3
196,0,0.6773925423622131,1,JRA3Q,3489,3
197,1,0.9442474246025084,1,JRA3Q,3489,3
208,0,0.1244576647877693,0,JRA3Q,3489,3
209,1,0.9358405470848083,1,JRA3Q,3489,3
226,0,0.34766486287117,0,JRA3Q,3489,3
227,1,0.5929770469665527,1,JRA3Q,3489,3
234,0,0.1405204236507415,0,JRA3Q,3489,3
235,1,0.7851543426513672,1,JRA3Q,3489,3
240,0,0.579841136932373,1,JRA3Q,3489,3
241,1,0.6071867346763611,1,JRA3Q,3489,3
248,0,0.2875269651412964,0,JRA3Q,3489,3
249,1,0.6229763031005859,1,JRA3Q,3489,3
274,0,0.2789685428142547,0,JRA3Q,3489,3
275,1,0.8885659575462341,1,JRA3Q,3489,3
296,0,0.1408527195453643,0,JRA3Q,3489,3
297,1,0.9006103277206421,1,JRA3Q,3489,3
306,0,0.1322561204433441,0,JRA3Q,3489,3
307,1,0.9282193779945374,1,JRA3Q,3489,3
312,0,0.261650949716568,0,JRA3Q,3489,3
313,1,0.7763576507568359,1,JRA3Q,3489,3
316,0,0.2029645591974258,0,JRA3Q,3489,3
317,1,0.3257603049278259,0,JRA3Q,3489,3
322,0,0.182117760181427,0,JRA3Q,3489,3
323,1,0.7532795667648315,1,JRA3Q,3489,3
336,0,0.1609105169773101,0,JRA3Q,3489,3
337,1,0.7075090408325195,1,JRA3Q,3489,3
352,0,0.2277529090642929,0,JRA3Q,3489,3
353,1,0.8337268233299255,1,JRA3Q,3489,3
356,0,0.2462175488471985,0,JRA3Q,3489,3
357,1,0.6692288517951965,1,JRA3Q,3489,3
364,0,0.4595890641212463,0,JRA3Q,3489,3
365,1,0.728752076625824,1,JRA3Q,3489,3
378,0,0.4910200536251068,0,JRA3Q,3489,3
379,1,0.8613826036453247,1,JRA3Q,3489,3
390,0,0.2283053547143936,0,JRA3Q,3489,3
391,1,0.5903721451759338,1,JRA3Q,3489,3
402,0,0.1613357067108154,0,JRA3Q,3489,3
403,1,0.895343542098999,1,JRA3Q,3489,3
6,0,0.1743489205837249,0,JRA3Q,3489,4
7,1,0.6602465510368347,1,JRA3Q,3489,4
8,0,0.5036119818687439,1,JRA3Q,3489,4
9,1,0.4534020125865936,0,JRA3Q,3489,4
18,0,0.123158223927021,0,JRA3Q,3489,4
19,1,0.6937530040740967,1,JRA3Q,3489,4
36,0,0.5642759203910828,1,JRA3Q,3489,4
37,1,0.4430834352970123,0,JRA3Q,3489,4
44,0,0.5436732172966003,1,JRA3Q,3489,4
45,1,0.4598822295665741,0,JRA3Q,3489,4
60,0,0.5349286198616028,1,JRA3Q,3489,4
61,1,0.8738026022911072,1,JRA3Q,3489,4
62,0,0.2911350131034851,0,JRA3Q,3489,4
63,1,0.8141583204269409,1,JRA3Q,3489,4
72,0,0.3937895894050598,0,JRA3Q,3489,4
73,1,0.4135816395282745,0,JRA3Q,3489,4
90,0,0.1668465286493301,0,JRA3Q,3489,4
91,1,0.6194934844970703,1,JRA3Q,3489,4
100,0,0.2895888388156891,0,JRA3Q,3489,4
101,1,0.8680760860443115,1,JRA3Q,3489,4
104,0,0.3963698446750641,0,JRA3Q,3489,4
105,1,0.7707280516624451,1,JRA3Q,3489,4
112,0,0.2435396164655685,0,JRA3Q,3489,4
113,1,0.8461966514587402,1,JRA3Q,3489,4
116,0,0.4028137624263763,0,JRA3Q,3489,4
117,1,0.6844502687454224,1,JRA3Q,3489,4
142,0,0.0592788308858871,0,JRA3Q,3489,4
143,1,0.819431722164154,1,JRA3Q,3489,4
150,0,0.1249851137399673,0,JRA3Q,3489,4
151,1,0.6283305883407593,1,JRA3Q,3489,4
152,0,0.3084165155887604,0,JRA3Q,3489,4
153,1,0.8893961906433105,1,JRA3Q,3489,4
156,0,0.0666446536779403,0,JRA3Q,3489,4
157,1,0.6283305883407593,1,JRA3Q,3489,4
170,0,0.5212036371231079,1,JRA3Q,3489,4
171,1,0.801260232925415,1,JRA3Q,3489,4
174,0,0.5212036371231079,1,JRA3Q,3489,4
175,1,0.801260232925415,1,JRA3Q,3489,4
180,0,0.7314565777778625,1,JRA3Q,3489,4
181,1,0.8240415453910828,1,JRA3Q,3489,4
188,0,0.6722971200942993,1,JRA3Q,3489,4
189,1,0.7404959201812744,1,JRA3Q,3489,4
190,0,0.6722971200942993,1,JRA3Q,3489,4
191,1,0.1737730056047439,0,JRA3Q,3489,4
214,0,0.4572335183620453,0,JRA3Q,3489,4
215,1,0.8185378909111023,1,JRA3Q,3489,4
230,0,0.6735193729400635,1,JRA3Q,3489,4
231,1,0.0733575448393821,0,JRA3Q,3489,4
232,0,0.2692582011222839,0,JRA3Q,3489,4
233,1,0.6854667067527771,1,JRA3Q,3489,4
246,0,0.4398655891418457,0,JRA3Q,3489,4
247,1,0.6123818159103394,1,JRA3Q,3489,4
256,0,0.7743921875953674,1,JRA3Q,3489,4
257,1,0.6850524544715881,1,JRA3Q,3489,4
260,0,0.1757115125656128,0,JRA3Q,3489,4
261,1,0.8120063543319702,1,JRA3Q,3489,4
262,0,0.2688670456409454,0,JRA3Q,3489,4
263,1,0.8680760860443115,1,JRA3Q,3489,4
278,0,0.619357705116272,1,JRA3Q,3489,4
279,1,0.8183296322822571,1,JRA3Q,3489,4
282,0,0.4099723398685455,0,JRA3Q,3489,4
283,1,0.7229629158973694,1,JRA3Q,3489,4
294,0,0.0587159655988216,0,JRA3Q,3489,4
295,1,0.7961693406105042,1,JRA3Q,3489,4
344,0,0.2066078186035156,0,JRA3Q,3489,4
345,1,0.876023530960083,1,JRA3Q,3489,4
348,0,0.2979673147201538,0,JRA3Q,3489,4
349,1,0.8080833554267883,1,JRA3Q,3489,4
358,0,0.4837032556533813,0,JRA3Q,3489,4
359,1,0.5890151858329773,1,JRA3Q,3489,4
366,0,0.5489633679389954,1,JRA3Q,3489,4
367,1,0.6995206475257874,1,JRA3Q,3489,4
372,0,0.7155660390853882,1,JRA3Q,3489,4
373,1,0.7872733473777771,1,JRA3Q,3489,4
392,0,0.2897979915142059,0,JRA3Q,3489,4
393,1,0.4667435884475708,0,JRA3Q,3489,4
396,0,0.0563555583357811,0,JRA3Q,3489,4
397,1,0.237996220588684,0,JRA3Q,3489,4
2,0,0.4579977393150329,0,JRA3Q,3489,5
3,1,0.1491115093231201,0,JRA3Q,3489,5
4,0,0.7419304847717285,1,JRA3Q,3489,5
5,1,0.6659881472587585,1,JRA3Q,3489,5
12,0,0.1249123513698577,0,JRA3Q,3489,5
13,1,0.9333878755569458,1,JRA3Q,3489,5
28,0,0.0799698755145073,0,JRA3Q,3489,5
29,1,0.4155322909355163,0,JRA3Q,3489,5
38,0,0.0951679721474647,0,JRA3Q,3489,5
39,1,0.1011922731995582,0,JRA3Q,3489,5
52,0,0.9785133600234984,1,JRA3Q,3489,5
53,1,0.4841838479042053,0,JRA3Q,3489,5
56,0,0.6407331824302673,1,JRA3Q,3489,5
57,1,0.9831662178039552,1,JRA3Q,3489,5
78,0,0.1900428235530853,0,JRA3Q,3489,5
79,1,0.9478493332862854,1,JRA3Q,3489,5
82,0,0.9301465153694152,1,JRA3Q,3489,5
83,1,0.9100112915039062,1,JRA3Q,3489,5
92,0,0.0424985326826572,0,JRA3Q,3489,5
93,1,0.9478493332862854,1,JRA3Q,3489,5
134,0,0.31060591340065,0,JRA3Q,3489,5
135,1,0.7185993194580078,1,JRA3Q,3489,5
136,0,0.6910218596458435,1,JRA3Q,3489,5
137,1,0.9746145606040956,1,JRA3Q,3489,5
138,0,0.6248937845230103,1,JRA3Q,3489,5
139,1,0.961875319480896,1,JRA3Q,3489,5
158,0,0.1702037155628204,0,JRA3Q,3489,5
159,1,0.9746145606040956,1,JRA3Q,3489,5
162,0,0.0867935270071029,0,JRA3Q,3489,5
163,1,0.9868810176849364,1,JRA3Q,3489,5
176,0,0.4954240322113037,0,JRA3Q,3489,5
177,1,0.8406755924224854,1,JRA3Q,3489,5
178,0,0.0452866107225418,0,JRA3Q,3489,5
179,1,0.6006345152854919,1,JRA3Q,3489,5
182,0,0.6964975595474243,1,JRA3Q,3489,5
183,1,0.7171605229377747,1,JRA3Q,3489,5
194,0,0.1949078887701034,0,JRA3Q,3489,5
195,1,0.2317861020565033,0,JRA3Q,3489,5
224,0,0.954535961151123,1,JRA3Q,3489,5
225,1,0.7381038665771484,1,JRA3Q,3489,5
266,0,0.2042107433080673,0,JRA3Q,3489,5
267,1,0.5084956288337708,1,JRA3Q,3489,5
270,0,0.1028713211417198,0,JRA3Q,3489,5
271,1,0.8349640369415283,1,JRA3Q,3489,5
272,0,0.2772544622421264,0,JRA3Q,3489,5
273,1,0.1785244345664978,0,JRA3Q,3489,5
276,0,0.1419311314821243,0,JRA3Q,3489,5
277,1,0.4095867574214935,0,JRA3Q,3489,5
280,0,0.2886001467704773,0,JRA3Q,3489,5
281,1,0.1486560255289077,0,JRA3Q,3489,5
292,0,0.1248665079474449,0,JRA3Q,3489,5
293,1,0.9676765203475952,1,JRA3Q,3489,5
304,0,0.1381665170192718,0,JRA3Q,3489,5
305,1,0.6532381772994995,1,JRA3Q,3489,5
320,0,0.0694983452558517,0,JRA3Q,3489,5
321,1,0.852311372756958,1,JRA3Q,3489,5
326,0,0.1200542896986007,0,JRA3Q,3489,5
327,1,0.971180021762848,1,JRA3Q,3489,5
328,0,0.1302255690097808,0,JRA3Q,3489,5
329,1,0.9402309656143188,1,JRA3Q,3489,5
330,0,0.0397509448230266,0,JRA3Q,3489,5
331,1,0.4785864651203155,0,JRA3Q,3489,5
346,0,0.1150929033756256,0,JRA3Q,3489,5
347,1,0.8996325731277466,1,JRA3Q,3489,5
350,0,0.1927449852228164,0,JRA3Q,3489,5
351,1,0.9579328894615172,1,JRA3Q,3489,5
354,0,0.3198060989379883,0,JRA3Q,3489,5
355,1,0.9352446794509888,1,JRA3Q,3489,5
360,0,0.4095816016197204,0,JRA3Q,3489,5
361,1,0.1201321929693222,0,JRA3Q,3489,5
362,0,0.4514687955379486,0,JRA3Q,3489,5
363,1,0.1478224098682403,0,JRA3Q,3489,5
368,0,0.1495393067598343,0,JRA3Q,3489,5
369,1,0.7154319882392883,1,JRA3Q,3489,5
382,0,0.2235595285892486,0,JRA3Q,3489,5
383,1,0.1266224682331085,0,JRA3Q,3489,5
388,0,0.0209663156419992,0,JRA3Q,3489,5
389,1,0.6613930463790894,1,JRA3Q,3489,5
394,0,0.1637700051069259,0,JRA3Q,3489,5
395,1,0.5500374436378479,1,JRA3Q,3489,5
400,0,0.139312133193016,0,JRA3Q,3489,5
401,1,0.7006737589836121,1,JRA3Q,3489,5
2,0,0.6108120679855347,1,JRA3Q,4065,1
3,1,0.0694975778460502,0,JRA3Q,4065,1
6,0,0.105981595814228,0,JRA3Q,4065,1
7,1,0.5580031871795654,1,JRA3Q,4065,1
10,0,0.6963376998901367,1,JRA3Q,4065,1
11,1,0.6800017356872559,1,JRA3Q,4065,1
16,0,0.7348191738128662,1,JRA3Q,4065,1
17,1,0.9488816261291504,1,JRA3Q,4065,1
28,0,0.0707431137561798,0,JRA3Q,4065,1
29,1,0.3702092170715332,0,JRA3Q,4065,1
30,0,0.5608465075492859,1,JRA3Q,4065,1
31,1,0.7287641763687134,1,JRA3Q,4065,1
32,0,0.5608465075492859,1,JRA3Q,4065,1
33,1,0.7287641763687134,1,JRA3Q,4065,1
48,0,0.9427520632743835,1,JRA3Q,4065,1
49,1,0.7334988713264465,1,JRA3Q,4065,1
54,0,0.0888761132955551,0,JRA3Q,4065,1
55,1,0.9053668975830078,1,JRA3Q,4065,1
72,0,0.1638476699590683,0,JRA3Q,4065,1
73,1,0.3687698543071747,0,JRA3Q,4065,1
92,0,0.0929116010665893,0,JRA3Q,4065,1
93,1,0.9503607153892516,1,JRA3Q,4065,1
98,0,0.8699238896369934,1,JRA3Q,4065,1
99,1,0.692606508731842,1,JRA3Q,4065,1
122,0,0.1581140905618667,0,JRA3Q,4065,1
123,1,0.200834184885025,0,JRA3Q,4065,1
124,0,0.9133597016334534,1,JRA3Q,4065,1
125,1,0.8337475061416626,1,JRA3Q,4065,1
132,0,0.1581140905618667,0,JRA3Q,4065,1
133,1,0.1023073866963386,0,JRA3Q,4065,1
162,0,0.0539510175585746,0,JRA3Q,4065,1
163,1,0.9769039750099182,1,JRA3Q,4065,1
172,0,0.6136159896850586,1,JRA3Q,4065,1
173,1,0.8611342906951904,1,JRA3Q,4065,1
182,0,0.7299750447273254,1,JRA3Q,4065,1
183,1,0.8634652495384216,1,JRA3Q,4065,1
186,0,0.1127688810229301,0,JRA3Q,4065,1
187,1,0.7506963014602661,1,JRA3Q,4065,1
198,0,0.8868517875671387,1,JRA3Q,4065,1
199,1,0.8229398131370544,1,JRA3Q,4065,1
202,0,0.1147289127111435,0,JRA3Q,4065,1
203,1,0.330883264541626,0,JRA3Q,4065,1
206,0,0.1147289127111435,0,JRA3Q,4065,1
207,1,0.330883264541626,0,JRA3Q,4065,1
214,0,0.2361117899417877,0,JRA3Q,4065,1
215,1,0.8679071068763733,1,JRA3Q,4065,1
218,0,0.1147289127111435,0,JRA3Q,4065,1
219,1,0.330883264541626,0,JRA3Q,4065,1
226,0,0.3207442164421081,0,JRA3Q,4065,1
227,1,0.8402136564254761,1,JRA3Q,4065,1
246,0,0.0167019534856081,0,JRA3Q,4065,1
247,1,0.4932163655757904,0,JRA3Q,4065,1
254,0,0.2042160332202911,0,JRA3Q,4065,1
255,1,0.8919474482536316,1,JRA3Q,4065,1
258,0,0.0283706858754158,0,JRA3Q,4065,1
259,1,0.7490628361701965,1,JRA3Q,4065,1
278,0,0.7533231973648071,1,JRA3Q,4065,1
279,1,0.9633198976516724,1,JRA3Q,4065,1
300,0,0.1822268664836883,0,JRA3Q,4065,1
301,1,0.8948695063591003,1,JRA3Q,4065,1
310,0,0.0745634734630584,0,JRA3Q,4065,1
311,1,0.8347206115722656,1,JRA3Q,4065,1
312,0,0.3372935950756073,0,JRA3Q,4065,1
313,1,0.9026556015014648,1,JRA3Q,4065,1
320,0,0.070378340780735,0,JRA3Q,4065,1
321,1,0.7753402590751648,1,JRA3Q,4065,1
332,0,0.1001421213150024,0,JRA3Q,4065,1
333,1,0.8528088927268982,1,JRA3Q,4065,1
346,0,0.1453993022441864,0,JRA3Q,4065,1
347,1,0.8724036812782288,1,JRA3Q,4065,1
358,0,0.1478693038225174,0,JRA3Q,4065,1
359,1,0.2084026932716369,0,JRA3Q,4065,1
360,0,0.0935468152165412,0,JRA3Q,4065,1
361,1,0.0820572301745414,0,JRA3Q,4065,1
370,0,0.1163519620895385,0,JRA3Q,4065,1
371,1,0.4548507034778595,0,JRA3Q,4065,1
380,0,0.2593665719032287,0,JRA3Q,4065,1
381,1,0.549228310585022,1,JRA3Q,4065,1
386,0,0.167905792593956,0,JRA3Q,4065,1
387,1,0.4112138152122497,0,JRA3Q,4065,1
396,0,0.085707351565361,0,JRA3Q,4065,1
397,1,0.4271139800548553,0,JRA3Q,4065,1
22,0,0.8867719173431396,1,JRA3Q,4065,2
23,1,0.9024924039840698,1,JRA3Q,4065,2
24,0,0.2277599573135376,0,JRA3Q,4065,2
25,1,0.8792561888694763,1,JRA3Q,4065,2
26,0,0.1062452942132949,0,JRA3Q,4065,2
27,1,0.5082643032073975,1,JRA3Q,4065,2
42,0,0.727702260017395,1,JRA3Q,4065,2
43,1,0.650188148021698,1,JRA3Q,4065,2
44,0,0.1349897384643554,0,JRA3Q,4065,2
45,1,0.0925201699137687,0,JRA3Q,4065,2
52,0,0.8836327791213989,1,JRA3Q,4065,2
53,1,0.746716320514679,1,JRA3Q,4065,2
56,0,0.3779805302619934,0,JRA3Q,4065,2
57,1,0.9517636895179749,1,JRA3Q,4065,2
60,0,0.1060978844761848,0,JRA3Q,4065,2
61,1,0.975219190120697,1,JRA3Q,4065,2
68,0,0.8499012589454651,1,JRA3Q,4065,2
69,1,0.9422693252563475,1,JRA3Q,4065,2
70,0,0.9313748478889464,1,JRA3Q,4065,2
71,1,0.2283365279436111,0,JRA3Q,4065,2
82,0,0.8208596706390381,1,JRA3Q,4065,2
83,1,0.877014696598053,1,JRA3Q,4065,2
88,0,0.1943757981061935,0,JRA3Q,4065,2
89,1,0.2230727970600128,0,JRA3Q,4065,2
106,0,0.207719475030899,0,JRA3Q,4065,2
107,1,0.8419458866119385,1,JRA3Q,4065,2
136,0,0.8916680812835693,1,JRA3Q,4065,2
137,1,0.9585212469100952,1,JRA3Q,4065,2
152,0,0.1678672879934311,0,JRA3Q,4065,2
153,1,0.9585212469100952,1,JRA3Q,4065,2
158,0,0.1287100166082382,0,JRA3Q,4065,2
159,1,0.9585212469100952,1,JRA3Q,4065,2
180,0,0.4889794588088989,0,JRA3Q,4065,2
181,1,0.9419305920600892,1,JRA3Q,4065,2
192,0,0.8448764681816101,1,JRA3Q,4065,2
193,1,0.605048418045044,1,JRA3Q,4065,2
208,0,0.0694539546966552,0,JRA3Q,4065,2
209,1,0.96684730052948,1,JRA3Q,4065,2
216,0,0.0694539546966552,0,JRA3Q,4065,2
217,1,0.96684730052948,1,JRA3Q,4065,2
220,0,0.8394302725791931,1,JRA3Q,4065,2
221,1,0.8060941696166992,1,JRA3Q,4065,2
222,0,0.3536106050014496,0,JRA3Q,4065,2
223,1,0.9553794264793396,1,JRA3Q,4065,2
232,0,0.1019932255148887,0,JRA3Q,4065,2
233,1,0.8624816536903381,1,JRA3Q,4065,2
242,0,0.0598625019192695,0,JRA3Q,4065,2
243,1,0.8526627421379089,1,JRA3Q,4065,2
270,0,0.0589700788259506,0,JRA3Q,4065,2
271,1,0.9189668893814088,1,JRA3Q,4065,2
276,0,0.1013741120696067,0,JRA3Q,4065,2
277,1,0.5435965657234192,1,JRA3Q,4065,2
280,0,0.2635020613670349,0,JRA3Q,4065,2
281,1,0.2842419147491455,0,JRA3Q,4065,2
284,0,0.650210440158844,1,JRA3Q,4065,2
285,1,0.8839807510375977,1,JRA3Q,4065,2
286,0,0.1678152680397033,0,JRA3Q,4065,2
287,1,0.465558797121048,0,JRA3Q,4065,2
298,0,0.4148598909378052,0,JRA3Q,4065,2
299,1,0.8874102234840393,1,JRA3Q,4065,2
302,0,0.5708197355270386,1,JRA3Q,4065,2
303,1,0.8932063579559326,1,JRA3Q,4065,2
314,0,0.1635269224643707,0,JRA3Q,4065,2
315,1,0.1364784836769104,0,JRA3Q,4065,2
326,0,0.119342565536499,0,JRA3Q,4065,2
327,1,0.7798573970794678,1,JRA3Q,4065,2
328,0,0.3340060710906982,0,JRA3Q,4065,2
329,1,0.9347742199897766,1,JRA3Q,4065,2
366,0,0.0783119201660156,0,JRA3Q,4065,2
367,1,0.7950937747955322,1,JRA3Q,4065,2
368,0,0.0424489825963974,0,JRA3Q,4065,2
369,1,0.874191164970398,1,JRA3Q,4065,2
372,0,0.4026984870433807,0,JRA3Q,4065,2
373,1,0.9522722363471984,1,JRA3Q,4065,2
384,0,0.0804116129875183,0,JRA3Q,4065,2
385,1,0.9535660147666932,1,JRA3Q,4065,2
388,0,0.0690813362598419,0,JRA3Q,4065,2
389,1,0.7330765724182129,1,JRA3Q,4065,2
392,0,0.0992251336574554,0,JRA3Q,4065,2
393,1,0.599295973777771,1,JRA3Q,4065,2
8,0,0.5139756798744202,1,JRA3Q,4065,3
9,1,0.5051225423812866,1,JRA3Q,4065,3
34,0,0.8339081406593323,1,JRA3Q,4065,3
35,1,0.2145996391773224,0,JRA3Q,4065,3
38,0,0.3753498494625091,0,JRA3Q,4065,3
39,1,0.2475809156894683,0,JRA3Q,4065,3
62,0,0.220644012093544,0,JRA3Q,4065,3
63,1,0.8803410530090332,1,JRA3Q,4065,3
74,0,0.703203022480011,1,JRA3Q,4065,3
75,1,0.9185730814933776,1,JRA3Q,4065,3
76,0,0.3816797435283661,0,JRA3Q,4065,3
77,1,0.883612871170044,1,JRA3Q,4065,3
78,0,0.1622775942087173,0,JRA3Q,4065,3
79,1,0.874932587146759,1,JRA3Q,4065,3
80,0,0.3383446037769317,0,JRA3Q,4065,3
81,1,0.2735360860824585,0,JRA3Q,4065,3
84,0,0.9426011443138124,1,JRA3Q,4065,3
85,1,0.9341064095497132,1,JRA3Q,4065,3
108,0,0.1864788234233856,0,JRA3Q,4065,3
109,1,0.7185236215591431,1,JRA3Q,4065,3
112,0,0.2039735019207,0,JRA3Q,4065,3
113,1,0.8376337289810181,1,JRA3Q,4065,3
118,0,0.2789683640003204,0,JRA3Q,4065,3
119,1,0.8842085599899292,1,JRA3Q,4065,3
128,0,0.1471583098173141,0,JRA3Q,4065,3
129,1,0.5469321608543396,1,JRA3Q,4065,3
130,0,0.3629507720470428,0,JRA3Q,4065,3
131,1,0.8795678019523621,1,JRA3Q,4065,3
142,0,0.0981393828988075,0,JRA3Q,4065,3
143,1,0.6929678320884705,1,JRA3Q,4065,3
148,0,0.3954181969165802,0,JRA3Q,4065,3
149,1,0.2101788520812988,0,JRA3Q,4065,3
154,0,0.5564067363739014,1,JRA3Q,4065,3
155,1,0.2101788520812988,0,JRA3Q,4065,3
160,0,0.0981393828988075,0,JRA3Q,4065,3
161,1,0.8999519944190979,1,JRA3Q,4065,3
164,0,0.0580709502100944,0,JRA3Q,4065,3
165,1,0.3460587561130523,0,JRA3Q,4065,3
168,0,0.2741444706916809,0,JRA3Q,4065,3
169,1,0.2886862456798553,0,JRA3Q,4065,3
170,0,0.5685591101646423,1,JRA3Q,4065,3
171,1,0.760081946849823,1,JRA3Q,4065,3
176,0,0.765208899974823,1,JRA3Q,4065,3
177,1,0.848646342754364,1,JRA3Q,4065,3
190,0,0.4670231342315674,0,JRA3Q,4065,3
191,1,0.3405034244060516,0,JRA3Q,4065,3
228,0,0.7140684723854065,1,JRA3Q,4065,3
229,1,0.7268632650375366,1,JRA3Q,4065,3
230,0,0.7882619500160217,1,JRA3Q,4065,3
231,1,0.1678924858570099,0,JRA3Q,4065,3
236,0,0.4011465907096863,0,JRA3Q,4065,3
237,1,0.518016517162323,1,JRA3Q,4065,3
260,0,0.170229822397232,0,JRA3Q,4065,3
261,1,0.8690553307533264,1,JRA3Q,4065,3
264,0,0.6830054521560669,1,JRA3Q,4065,3
265,1,0.7695714831352234,1,JRA3Q,4065,3
266,0,0.4306124150753021,0,JRA3Q,4065,3
267,1,0.6904714703559875,1,JRA3Q,4065,3
282,0,0.2395784705877304,0,JRA3Q,4065,3
283,1,0.7530243992805481,1,JRA3Q,4065,3
290,0,0.1831186115741729,0,JRA3Q,4065,3
291,1,0.6058868765830994,1,JRA3Q,4065,3
296,0,0.2101788520812988,0,JRA3Q,4065,3
297,1,0.8842085599899292,1,JRA3Q,4065,3
304,0,0.3538974821567535,0,JRA3Q,4065,3
305,1,0.5619691014289856,1,JRA3Q,4065,3
322,0,0.3083386719226837,0,JRA3Q,4065,3
323,1,0.8093434572219849,1,JRA3Q,4065,3
324,0,0.1560427695512771,0,JRA3Q,4065,3
325,1,0.4119706749916076,0,JRA3Q,4065,3
336,0,0.1479856669902801,0,JRA3Q,4065,3
337,1,0.648608386516571,1,JRA3Q,4065,3
354,0,0.4824695289134979,0,JRA3Q,4065,3
355,1,0.878129243850708,1,JRA3Q,4065,3
356,0,0.2622718811035156,0,JRA3Q,4065,3
357,1,0.5174717903137207,1,JRA3Q,4065,3
364,0,0.2119529396295547,0,JRA3Q,4065,3
365,1,0.5262542366981506,1,JRA3Q,4065,3
378,0,0.5277487635612488,1,JRA3Q,4065,3
379,1,0.7718091011047363,1,JRA3Q,4065,3
394,0,0.2984883785247803,0,JRA3Q,4065,3
395,1,0.5139756798744202,1,JRA3Q,4065,3
0,0,0.3508729040622711,0,JRA3Q,4065,4
1,1,0.5645198225975037,1,JRA3Q,4065,4
4,0,0.8541139960289001,1,JRA3Q,4065,4
5,1,0.805171012878418,1,JRA3Q,4065,4
20,0,0.6139034628868103,1,JRA3Q,4065,4
21,1,0.4103542566299438,0,JRA3Q,4065,4
36,0,0.1638099998235702,0,JRA3Q,4065,4
37,1,0.5762895941734314,1,JRA3Q,4065,4
40,0,0.5913290977478027,1,JRA3Q,4065,4
41,1,0.4837312400341034,0,JRA3Q,4065,4
50,0,0.5070233941078186,1,JRA3Q,4065,4
51,1,0.3327355086803436,0,JRA3Q,4065,4
58,0,0.0376512855291366,0,JRA3Q,4065,4
59,1,0.9910846948623656,1,JRA3Q,4065,4
64,0,0.0055337683297693,0,JRA3Q,4065,4
65,1,0.9492124319076538,1,JRA3Q,4065,4
86,0,0.221328854560852,0,JRA3Q,4065,4
87,1,0.0184130147099494,0,JRA3Q,4065,4
94,0,0.8693329095840454,1,JRA3Q,4065,4
95,1,0.8238034844398499,1,JRA3Q,4065,4
96,0,0.1524356007575988,0,JRA3Q,4065,4
97,1,0.0157716237008571,0,JRA3Q,4065,4
100,0,0.0284197814762592,0,JRA3Q,4065,4
101,1,0.9583827257156372,1,JRA3Q,4065,4
114,0,0.3255536258220672,0,JRA3Q,4065,4
115,1,0.5289990901947021,1,JRA3Q,4065,4
144,0,0.9215009212493896,1,JRA3Q,4065,4
145,1,0.0257521234452724,0,JRA3Q,4065,4
150,0,0.0175099428743124,0,JRA3Q,4065,4
151,1,0.8912255764007568,1,JRA3Q,4065,4
156,0,0.0057616364210844,0,JRA3Q,4065,4
157,1,0.8912255764007568,1,JRA3Q,4065,4
174,0,0.0144474795088171,0,JRA3Q,4065,4
175,1,0.5095592141151428,1,JRA3Q,4065,4
178,0,0.0028014879208058,0,JRA3Q,4065,4
179,1,0.0883032381534576,0,JRA3Q,4065,4
188,0,0.3119222819805145,0,JRA3Q,4065,4
189,1,0.6349787712097168,1,JRA3Q,4065,4
196,0,0.5050514340400696,1,JRA3Q,4065,4
197,1,0.9820143580436708,1,JRA3Q,4065,4
204,0,0.1911640167236328,0,JRA3Q,4065,4
205,1,0.262400209903717,0,JRA3Q,4065,4
224,0,0.5075742602348328,1,JRA3Q,4065,4
225,1,0.3638005554676056,0,JRA3Q,4065,4
238,0,0.1993699669837951,0,JRA3Q,4065,4
239,1,0.4185289740562439,0,JRA3Q,4065,4
240,0,0.0239259898662567,0,JRA3Q,4065,4
241,1,0.0728057473897934,0,JRA3Q,4065,4
248,0,0.0033481072168797,0,JRA3Q,4065,4
249,1,0.90255606174469,1,JRA3Q,4065,4
268,0,0.6792546510696411,1,JRA3Q,4065,4
269,1,0.835205078125,1,JRA3Q,4065,4
272,0,0.4316144585609436,0,JRA3Q,4065,4
273,1,0.221328854560852,0,JRA3Q,4065,4
274,0,0.4551146626472473,0,JRA3Q,4065,4
275,1,0.974230945110321,1,JRA3Q,4065,4
288,0,0.5050514340400696,1,JRA3Q,4065,4
289,1,0.934869349002838,1,JRA3Q,4065,4
306,0,0.0255719125270843,0,JRA3Q,4065,4
307,1,0.9897566437721252,1,JRA3Q,4065,4
308,0,0.469689279794693,0,JRA3Q,4065,4
309,1,0.9657990336418152,1,JRA3Q,4065,4
316,0,0.1995554268360138,0,JRA3Q,4065,4
317,1,0.7562093138694763,1,JRA3Q,4065,4
330,0,0.0033585233613848,0,JRA3Q,4065,4
331,1,0.353908360004425,0,JRA3Q,4065,4
338,0,0.097949780523777,0,JRA3Q,4065,4
339,1,0.088182047009468,0,JRA3Q,4065,4
340,0,0.0339135341346263,0,JRA3Q,4065,4
341,1,0.0931415036320686,0,JRA3Q,4065,4
362,0,0.0675935894250869,0,JRA3Q,4065,4
363,1,0.0238989889621734,0,JRA3Q,4065,4
374,0,0.1033932119607925,0,JRA3Q,4065,4
375,1,0.0752543807029724,0,JRA3Q,4065,4
382,0,0.1928045451641082,0,JRA3Q,4065,4
383,1,0.1577726155519485,0,JRA3Q,4065,4
398,0,0.0083346432074904,0,JRA3Q,4065,4
399,1,0.1398783177137375,0,JRA3Q,4065,4
12,0,0.0865014791488647,0,JRA3Q,4065,5
13,1,0.8754013776779175,1,JRA3Q,4065,5
14,0,0.6202244758605957,1,JRA3Q,4065,5
15,1,0.8218411803245544,1,JRA3Q,4065,5
18,0,0.1808498352766037,0,JRA3Q,4065,5
19,1,0.8006767630577087,1,JRA3Q,4065,5
46,0,0.559613823890686,1,JRA3Q,4065,5
47,1,0.2871668338775635,0,JRA3Q,4065,5
66,0,0.1387871950864792,0,JRA3Q,4065,5
67,1,0.7075439691543579,1,JRA3Q,4065,5
90,0,0.0423797219991683,0,JRA3Q,4065,5
91,1,0.4989928603172302,0,JRA3Q,4065,5
102,0,0.3949479758739471,0,JRA3Q,4065,5
103,1,0.9570913314819336,1,JRA3Q,4065,5
104,0,0.3634629249572754,0,JRA3Q,4065,5
105,1,0.9461888074874878,1,JRA3Q,4065,5
110,0,0.4654019773006439,0,JRA3Q,4065,5
111,1,0.7518812417984009,1,JRA3Q,4065,5
116,0,0.657487154006958,1,JRA3Q,4065,5
117,1,0.3944127261638641,0,JRA3Q,4065,5
120,0,0.1682013422250747,0,JRA3Q,4065,5
121,1,0.9678303003311156,1,JRA3Q,4065,5
126,0,0.1709211021661758,0,JRA3Q,4065,5
127,1,0.657487154006958,1,JRA3Q,4065,5
134,0,0.656297504901886,1,JRA3Q,4065,5
135,1,0.8704007267951965,1,JRA3Q,4065,5
138,0,0.8299568295478821,1,JRA3Q,4065,5
139,1,0.9680250883102416,1,JRA3Q,4065,5
140,0,0.2815429866313934,0,JRA3Q,4065,5
141,1,0.8192427158355713,1,JRA3Q,4065,5
146,0,0.0925382077693939,0,JRA3Q,4065,5
147,1,0.9763779640197754,1,JRA3Q,4065,5
166,0,0.465130090713501,0,JRA3Q,4065,5
167,1,0.6610653400421143,1,JRA3Q,4065,5
184,0,0.0309352856129407,0,JRA3Q,4065,5
185,1,0.8762284517288208,1,JRA3Q,4065,5
194,0,0.5165609121322632,1,JRA3Q,4065,5
195,1,0.4063592851161957,0,JRA3Q,4065,5
200,0,0.0787423029541969,0,JRA3Q,4065,5
201,1,0.9490401744842528,1,JRA3Q,4065,5
210,0,0.8311606645584106,1,JRA3Q,4065,5
211,1,0.8732244372367859,1,JRA3Q,4065,5
212,0,0.615082323551178,1,JRA3Q,4065,5
213,1,0.8072888851165771,1,JRA3Q,4065,5
234,0,0.6440169215202332,1,JRA3Q,4065,5
235,1,0.9285038709640504,1,JRA3Q,4065,5
244,0,0.214689165353775,0,JRA3Q,4065,5
245,1,0.8023810386657715,1,JRA3Q,4065,5
250,0,0.115369901061058,0,JRA3Q,4065,5
251,1,0.8693832159042358,1,JRA3Q,4065,5
252,0,0.0457642897963523,0,JRA3Q,4065,5
253,1,0.9062703847885132,1,JRA3Q,4065,5
256,0,0.729751467704773,1,JRA3Q,4065,5
257,1,0.6334769129753113,1,JRA3Q,4065,5
262,0,0.1189770847558975,0,JRA3Q,4065,5
263,1,0.9570913314819336,1,JRA3Q,4065,5
292,0,0.2686059176921844,0,JRA3Q,4065,5
293,1,0.8871796131134033,1,JRA3Q,4065,5
294,0,0.0024787748698145,0,JRA3Q,4065,5
295,1,0.898845911026001,1,JRA3Q,4065,5
318,0,0.131542831659317,0,JRA3Q,4065,5
319,1,0.9266404509544371,1,JRA3Q,4065,5
334,0,0.4934447407722473,0,JRA3Q,4065,5
335,1,0.1112154573202133,0,JRA3Q,4065,5
342,0,0.0326143540441989,0,JRA3Q,4065,5
343,1,0.9239702820777892,1,JRA3Q,4065,5
344,0,0.1354252994060516,0,JRA3Q,4065,5
345,1,0.9127246737480164,1,JRA3Q,4065,5
348,0,0.3015027642250061,0,JRA3Q,4065,5
349,1,0.95169198513031,1,JRA3Q,4065,5
350,0,0.2386486232280731,0,JRA3Q,4065,5
351,1,0.9588680267333984,1,JRA3Q,4065,5
352,0,0.2102170884609222,0,JRA3Q,4065,5
353,1,0.9434595108032228,1,JRA3Q,4065,5
376,0,0.1736328303813934,0,JRA3Q,4065,5
377,1,0.5611655712127686,1,JRA3Q,4065,5
390,0,0.3663605153560638,0,JRA3Q,4065,5
391,1,0.8143519163131714,1,JRA3Q,4065,5
400,0,0.3015027642250061,0,JRA3Q,4065,5
401,1,0.7099988460540771,1,JRA3Q,4065,5
402,0,0.0770994052290916,0,JRA3Q,4065,5
403,1,0.9171491861343384,1,JRA3Q,4065,5
0,0,0.3952688872814178,0,JRA3Q,5018,1
1,1,0.1387668251991272,0,JRA3Q,5018,1
8,0,0.901353359222412,1,JRA3Q,5018,1
9,1,0.6634851098060608,1,JRA3Q,5018,1
36,0,0.2105720788240432,0,JRA3Q,5018,1
37,1,0.3676678538322449,0,JRA3Q,5018,1
40,0,0.6160513758659363,1,JRA3Q,5018,1
41,1,0.3697822093963623,0,JRA3Q,5018,1
58,0,0.1471743583679199,0,JRA3Q,5018,1
59,1,0.953313946723938,1,JRA3Q,5018,1
62,0,0.0890634432435035,0,JRA3Q,5018,1
63,1,0.8337368369102478,1,JRA3Q,5018,1
86,0,0.8442556858062744,1,JRA3Q,5018,1
87,1,0.5695174932479858,1,JRA3Q,5018,1
92,0,0.0652398467063903,0,JRA3Q,5018,1
93,1,0.8837612867355347,1,JRA3Q,5018,1
94,0,0.7214668393135071,1,JRA3Q,5018,1
95,1,0.2589808702468872,0,JRA3Q,5018,1
104,0,0.4822797477245331,0,JRA3Q,5018,1
105,1,0.9145255088806152,1,JRA3Q,5018,1
114,0,0.8927404284477234,1,JRA3Q,5018,1
115,1,0.4309002459049225,0,JRA3Q,5018,1
122,0,0.0166837330907583,0,JRA3Q,5018,1
123,1,0.0080593414604663,0,JRA3Q,5018,1
128,0,0.6442826390266418,1,JRA3Q,5018,1
129,1,0.7351469993591309,1,JRA3Q,5018,1
138,0,0.9073495268821716,1,JRA3Q,5018,1
139,1,0.8501347899436951,1,JRA3Q,5018,1
140,0,0.0218353495001792,0,JRA3Q,5018,1
141,1,0.8058809041976929,1,JRA3Q,5018,1
148,0,0.0660178139805793,0,JRA3Q,5018,1
149,1,0.7938555479049683,1,JRA3Q,5018,1
152,0,0.0582419335842132,0,JRA3Q,5018,1
153,1,0.9547985792160034,1,JRA3Q,5018,1
164,0,0.0840523019433021,0,JRA3Q,5018,1
165,1,0.4630804657936096,0,JRA3Q,5018,1
168,0,0.0315345451235771,0,JRA3Q,5018,1
169,1,0.0496828779578208,0,JRA3Q,5018,1
174,0,0.2073310166597366,0,JRA3Q,5018,1
175,1,0.926999568939209,1,JRA3Q,5018,1
176,0,0.4371688663959503,0,JRA3Q,5018,1
177,1,0.7506662011146545,1,JRA3Q,5018,1
180,0,0.386990875005722,0,JRA3Q,5018,1
181,1,0.8056017160415649,1,JRA3Q,5018,1
192,0,0.8735145926475525,1,JRA3Q,5018,1
193,1,0.4902723431587219,0,JRA3Q,5018,1
200,0,0.3881334662437439,0,JRA3Q,5018,1
201,1,0.9466290473937988,1,JRA3Q,5018,1
202,0,0.0147321373224258,0,JRA3Q,5018,1
203,1,0.0231634173542261,0,JRA3Q,5018,1
206,0,0.0147321373224258,0,JRA3Q,5018,1
207,1,0.0231634173542261,0,JRA3Q,5018,1
218,0,0.0147321373224258,0,JRA3Q,5018,1
219,1,0.0231634173542261,0,JRA3Q,5018,1
234,0,0.1452541053295135,0,JRA3Q,5018,1
235,1,0.8305128216743469,1,JRA3Q,5018,1
248,0,0.1308280974626541,0,JRA3Q,5018,1
249,1,0.6176577210426331,1,JRA3Q,5018,1
256,0,0.5527875423431396,1,JRA3Q,5018,1
257,1,0.2500213086605072,0,JRA3Q,5018,1
270,0,0.0136564690619707,0,JRA3Q,5018,1
271,1,0.952686846256256,1,JRA3Q,5018,1
276,0,0.0037659918889403,0,JRA3Q,5018,1
277,1,0.1421654671430587,0,JRA3Q,5018,1
284,0,0.070746824145317,0,JRA3Q,5018,1
285,1,0.798058032989502,1,JRA3Q,5018,1
296,0,0.7938555479049683,1,JRA3Q,5018,1
297,1,0.9547985792160034,1,JRA3Q,5018,1
312,0,0.020186822861433,0,JRA3Q,5018,1
313,1,0.91737699508667,1,JRA3Q,5018,1
320,0,0.0036968393251299,0,JRA3Q,5018,1
321,1,0.8992320895195007,1,JRA3Q,5018,1
324,0,0.1198415979743003,0,JRA3Q,5018,1
325,1,0.9069789052009584,1,JRA3Q,5018,1
332,0,0.0210856776684522,0,JRA3Q,5018,1
333,1,0.9431920051574708,1,JRA3Q,5018,1
340,0,0.1490018814802169,0,JRA3Q,5018,1
341,1,0.9270936250686646,1,JRA3Q,5018,1
346,0,0.0024000280536711,0,JRA3Q,5018,1
347,1,0.7790356278419495,1,JRA3Q,5018,1
382,0,0.1947742849588394,0,JRA3Q,5018,1
383,1,0.0253732167184352,0,JRA3Q,5018,1
4,0,0.9123308062553406,1,JRA3Q,5018,2
5,1,0.9325067400932312,1,JRA3Q,5018,2
18,0,0.4426270127296448,0,JRA3Q,5018,2
19,1,0.6931093335151672,1,JRA3Q,5018,2
24,0,0.0731815993785858,0,JRA3Q,5018,2
25,1,0.377106249332428,0,JRA3Q,5018,2
26,0,0.2387950867414474,0,JRA3Q,5018,2
27,1,0.6704514622688293,1,JRA3Q,5018,2
34,0,0.0654945224523544,0,JRA3Q,5018,2
35,1,0.98325115442276,1,JRA3Q,5018,2
44,0,0.8973494172096252,1,JRA3Q,5018,2
45,1,0.5033191442489624,1,JRA3Q,5018,2
48,0,0.7271783947944641,1,JRA3Q,5018,2
49,1,0.6431730389595032,1,JRA3Q,5018,2
68,0,0.9866735935211182,1,JRA3Q,5018,2
69,1,0.9815333485603333,1,JRA3Q,5018,2
72,0,0.4394129812717438,0,JRA3Q,5018,2
73,1,0.6208778023719788,1,JRA3Q,5018,2
82,0,0.994368016719818,1,JRA3Q,5018,2
83,1,0.9966276288032532,1,JRA3Q,5018,2
84,0,0.9952552914619446,1,JRA3Q,5018,2
85,1,0.9872183799743652,1,JRA3Q,5018,2
98,0,0.994368016719818,1,JRA3Q,5018,2
99,1,0.9966276288032532,1,JRA3Q,5018,2
106,0,0.3272848725318908,0,JRA3Q,5018,2
107,1,0.9965805411338806,1,JRA3Q,5018,2
108,0,0.0474765449762344,0,JRA3Q,5018,2
109,1,0.99702650308609,1,JRA3Q,5018,2
120,0,0.0180643405765295,0,JRA3Q,5018,2
121,1,0.9989327788352966,1,JRA3Q,5018,2
126,0,0.0238116402179002,0,JRA3Q,5018,2
127,1,0.5998234748840332,1,JRA3Q,5018,2
156,0,0.0250764489173889,0,JRA3Q,5018,2
157,1,0.9957610964775084,1,JRA3Q,5018,2
158,0,0.5998234748840332,1,JRA3Q,5018,2
159,1,0.9989327788352966,1,JRA3Q,5018,2
170,0,0.0364589095115661,0,JRA3Q,5018,2
171,1,0.9967327117919922,1,JRA3Q,5018,2
186,0,0.0142845185473561,0,JRA3Q,5018,2
187,1,0.9978160858154296,1,JRA3Q,5018,2
198,0,0.9833637475967408,1,JRA3Q,5018,2
199,1,0.8800303936004639,1,JRA3Q,5018,2
208,0,0.030034851282835,0,JRA3Q,5018,2
209,1,0.9752737879753112,1,JRA3Q,5018,2
210,0,0.9774001240730286,1,JRA3Q,5018,2
211,1,0.0802391842007637,0,JRA3Q,5018,2
214,0,0.9015744924545288,1,JRA3Q,5018,2
215,1,0.0802391842007637,0,JRA3Q,5018,2
220,0,0.1245100423693656,0,JRA3Q,5018,2
221,1,0.988242208957672,1,JRA3Q,5018,2
224,0,0.9836618304252625,1,JRA3Q,5018,2
225,1,0.5709519982337952,1,JRA3Q,5018,2
230,0,0.8004099130630493,1,JRA3Q,5018,2
231,1,0.0333228595554828,0,JRA3Q,5018,2
246,0,0.0071997502818703,0,JRA3Q,5018,2
247,1,0.9769936203956604,1,JRA3Q,5018,2
254,0,0.088301882147789,0,JRA3Q,5018,2
255,1,0.9966249465942384,1,JRA3Q,5018,2
258,0,0.0079622250050306,0,JRA3Q,5018,2
259,1,0.4670116901397705,0,JRA3Q,5018,2
264,0,0.9046744108200072,1,JRA3Q,5018,2
265,1,0.7354585528373718,1,JRA3Q,5018,2
268,0,0.8909609913825989,1,JRA3Q,5018,2
269,1,0.883025050163269,1,JRA3Q,5018,2
290,0,0.0809553861618042,0,JRA3Q,5018,2
291,1,0.9859710335731506,1,JRA3Q,5018,2
334,0,0.0417375229299068,0,JRA3Q,5018,2
335,1,0.5470405220985413,1,JRA3Q,5018,2
342,0,0.0034980005584657,0,JRA3Q,5018,2
343,1,0.8278675675392151,1,JRA3Q,5018,2
360,0,0.0275890547782182,0,JRA3Q,5018,2
361,1,0.0184296388179063,0,JRA3Q,5018,2
368,0,0.0141836432740092,0,JRA3Q,5018,2
369,1,0.99775630235672,1,JRA3Q,5018,2
370,0,0.0726882442831993,0,JRA3Q,5018,2
371,1,0.2513234317302704,0,JRA3Q,5018,2
372,0,0.7862775325775146,1,JRA3Q,5018,2
373,1,0.9412492513656616,1,JRA3Q,5018,2
394,0,0.0087777273729443,0,JRA3Q,5018,2
395,1,0.7005506753921509,1,JRA3Q,5018,2
402,0,0.0544852092862129,0,JRA3Q,5018,2
403,1,0.7669216394424438,1,JRA3Q,5018,2
22,0,0.8043230175971985,1,JRA3Q,5018,3
23,1,0.9188995957374572,1,JRA3Q,5018,3
32,0,0.3261497318744659,0,JRA3Q,5018,3
33,1,0.8484225869178772,1,JRA3Q,5018,3
42,0,0.4172902703285217,0,JRA3Q,5018,3
43,1,0.4156738817691803,0,JRA3Q,5018,3
46,0,0.5908012390136719,1,JRA3Q,5018,3
47,1,0.4216555655002594,0,JRA3Q,5018,3
52,0,0.7143294215202332,1,JRA3Q,5018,3
53,1,0.8766810894012451,1,JRA3Q,5018,3
64,0,0.0189302135258913,0,JRA3Q,5018,3
65,1,0.983254373073578,1,JRA3Q,5018,3
66,0,0.051815927028656,0,JRA3Q,5018,3
67,1,0.1151896640658378,0,JRA3Q,5018,3
80,0,0.1242766752839088,0,JRA3Q,5018,3
81,1,0.1501843631267547,0,JRA3Q,5018,3
96,0,0.1501843631267547,0,JRA3Q,5018,3
97,1,0.6744292974472046,1,JRA3Q,5018,3
112,0,0.1335155814886093,0,JRA3Q,5018,3
113,1,0.9827508330345154,1,JRA3Q,5018,3
116,0,0.2037275433540344,0,JRA3Q,5018,3
117,1,0.7596802115440369,1,JRA3Q,5018,3
124,0,0.9729607701301576,1,JRA3Q,5018,3
125,1,0.9239929914474488,1,JRA3Q,5018,3
132,0,0.0162967126816511,0,JRA3Q,5018,3
133,1,0.1683462858200073,0,JRA3Q,5018,3
136,0,0.9189468622207642,1,JRA3Q,5018,3
137,1,0.9928213953971864,1,JRA3Q,5018,3
142,0,0.0090718893334269,0,JRA3Q,5018,3
143,1,0.9870943427085876,1,JRA3Q,5018,3
144,0,0.9364386200904846,1,JRA3Q,5018,3
145,1,0.004244967829436,0,JRA3Q,5018,3
146,0,0.0125540206208825,0,JRA3Q,5018,3
147,1,0.9916845560073853,1,JRA3Q,5018,3
154,0,0.9710977077484132,1,JRA3Q,5018,3
155,1,0.2037275433540344,0,JRA3Q,5018,3
190,0,0.6236545443534851,1,JRA3Q,5018,3
191,1,0.1300790160894394,0,JRA3Q,5018,3
204,0,0.4644550383090973,0,JRA3Q,5018,3
205,1,0.8811855316162109,1,JRA3Q,5018,3
226,0,0.1201041489839553,0,JRA3Q,5018,3
227,1,0.3588699698448181,0,JRA3Q,5018,3
228,0,0.950849175453186,1,JRA3Q,5018,3
229,1,0.7748956680297852,1,JRA3Q,5018,3
232,0,0.0278047658503055,0,JRA3Q,5018,3
233,1,0.830426812171936,1,JRA3Q,5018,3
240,0,0.2028203606605529,0,JRA3Q,5018,3
241,1,0.8460432887077332,1,JRA3Q,5018,3
242,0,0.0177115593105554,0,JRA3Q,5018,3
243,1,0.858276903629303,1,JRA3Q,5018,3
260,0,0.0250553730875253,0,JRA3Q,5018,3
261,1,0.8546161651611328,1,JRA3Q,5018,3
262,0,0.0232214424759149,0,JRA3Q,5018,3
263,1,0.9860288500785828,1,JRA3Q,5018,3
266,0,0.1682247668504715,0,JRA3Q,5018,3
267,1,0.9501059651374816,1,JRA3Q,5018,3
278,0,0.7604708671569824,1,JRA3Q,5018,3
279,1,0.9625000953674316,1,JRA3Q,5018,3
292,0,0.0189875345677137,0,JRA3Q,5018,3
293,1,0.9463225603103638,1,JRA3Q,5018,3
298,0,0.0414349064230918,0,JRA3Q,5018,3
299,1,0.986604630947113,1,JRA3Q,5018,3
304,0,0.2332391589879989,0,JRA3Q,5018,3
305,1,0.8233640789985657,1,JRA3Q,5018,3
306,0,0.0275853965431451,0,JRA3Q,5018,3
307,1,0.9831483364105223,1,JRA3Q,5018,3
314,0,0.0376008637249469,0,JRA3Q,5018,3
315,1,0.0533875934779644,0,JRA3Q,5018,3
316,0,0.3424905240535736,0,JRA3Q,5018,3
317,1,0.0487438216805458,0,JRA3Q,5018,3
322,0,0.019162630662322,0,JRA3Q,5018,3
323,1,0.9781127572059632,1,JRA3Q,5018,3
336,0,0.0182531103491783,0,JRA3Q,5018,3
337,1,0.9296464323997498,1,JRA3Q,5018,3
350,0,0.0049560191109776,0,JRA3Q,5018,3
351,1,0.8460283279418945,1,JRA3Q,5018,3
362,0,0.0727167427539825,0,JRA3Q,5018,3
363,1,0.0293057784438133,0,JRA3Q,5018,3
364,0,0.7203618884086609,1,JRA3Q,5018,3
365,1,0.9614251852035522,1,JRA3Q,5018,3
380,0,0.1803700476884842,0,JRA3Q,5018,3
381,1,0.4726924300193786,0,JRA3Q,5018,3
2,0,0.7552143931388855,1,JRA3Q,5018,4
3,1,0.3316677212715149,0,JRA3Q,5018,4
16,0,0.6008660793304443,1,JRA3Q,5018,4
17,1,0.6551856398582458,1,JRA3Q,5018,4
20,0,0.358408659696579,0,JRA3Q,5018,4
21,1,0.7759843468666077,1,JRA3Q,5018,4
50,0,0.7895154356956482,1,JRA3Q,5018,4
51,1,0.5955545902252197,1,JRA3Q,5018,4
54,0,0.0372845008969306,0,JRA3Q,5018,4
55,1,0.9642170071601868,1,JRA3Q,5018,4
60,0,0.0372845008969306,0,JRA3Q,5018,4
61,1,0.9642170071601868,1,JRA3Q,5018,4
70,0,0.9051353335380554,1,JRA3Q,5018,4
71,1,0.3292061388492584,0,JRA3Q,5018,4
76,0,0.5648182034492493,1,JRA3Q,5018,4
77,1,0.882282018661499,1,JRA3Q,5018,4
90,0,0.0993588343262672,0,JRA3Q,5018,4
91,1,0.7161014676094055,1,JRA3Q,5018,4
102,0,0.1497314423322677,0,JRA3Q,5018,4
103,1,0.8881126642227173,1,JRA3Q,5018,4
118,0,0.0960765108466148,0,JRA3Q,5018,4
119,1,0.9820489287376404,1,JRA3Q,5018,4
130,0,0.6693621277809143,1,JRA3Q,5018,4
131,1,0.6511759161949158,1,JRA3Q,5018,4
134,0,0.3422120809555053,0,JRA3Q,5018,4
135,1,0.4584750533103943,0,JRA3Q,5018,4
160,0,0.1602136194705963,0,JRA3Q,5018,4
161,1,0.7493886351585388,1,JRA3Q,5018,4
162,0,0.059626568108797,0,JRA3Q,5018,4
163,1,0.9786946177482604,1,JRA3Q,5018,4
172,0,0.8156609535217285,1,JRA3Q,5018,4
173,1,0.7828945517539978,1,JRA3Q,5018,4
188,0,0.8214858770370483,1,JRA3Q,5018,4
189,1,0.5676889419555664,1,JRA3Q,5018,4
194,0,0.2864346802234649,0,JRA3Q,5018,4
195,1,0.5492333769798279,1,JRA3Q,5018,4
196,0,0.5492333769798279,1,JRA3Q,5018,4
197,1,0.9712708592414856,1,JRA3Q,5018,4
212,0,0.6084275841712952,1,JRA3Q,5018,4
213,1,0.6513588428497314,1,JRA3Q,5018,4
222,0,0.4210399091243744,0,JRA3Q,5018,4
223,1,0.6724044680595398,1,JRA3Q,5018,4
238,0,0.224703311920166,0,JRA3Q,5018,4
239,1,0.095334805548191,0,JRA3Q,5018,4
244,0,0.4535481929779053,0,JRA3Q,5018,4
245,1,0.6881717443466187,1,JRA3Q,5018,4
250,0,0.2295048981904983,0,JRA3Q,5018,4
251,1,0.8455665707588196,1,JRA3Q,5018,4
252,0,0.1313308477401733,0,JRA3Q,5018,4
253,1,0.7657521963119507,1,JRA3Q,5018,4
272,0,0.2117925882339477,0,JRA3Q,5018,4
273,1,0.2014380842447281,0,JRA3Q,5018,4
274,0,0.3316677212715149,0,JRA3Q,5018,4
275,1,0.9430012106895448,1,JRA3Q,5018,4
280,0,0.335932970046997,0,JRA3Q,5018,4
281,1,0.495943009853363,0,JRA3Q,5018,4
300,0,0.140285849571228,0,JRA3Q,5018,4
301,1,0.9275854825973512,1,JRA3Q,5018,4
302,0,0.5278292894363403,1,JRA3Q,5018,4
303,1,0.8043310046195984,1,JRA3Q,5018,4
308,0,0.1966015100479126,0,JRA3Q,5018,4
309,1,0.800123393535614,1,JRA3Q,5018,4
318,0,0.1289996802806854,0,JRA3Q,5018,4
319,1,0.9406848549842834,1,JRA3Q,5018,4
328,0,0.4295243918895721,0,JRA3Q,5018,4
329,1,0.8388100266456604,1,JRA3Q,5018,4
330,0,0.0040263389237225,0,JRA3Q,5018,4
331,1,0.0553209818899631,0,JRA3Q,5018,4
344,0,0.1315965801477432,0,JRA3Q,5018,4
345,1,0.9552785754203796,1,JRA3Q,5018,4
366,0,0.4526322484016418,0,JRA3Q,5018,4
367,1,0.5891632437705994,1,JRA3Q,5018,4
376,0,0.2129832506179809,0,JRA3Q,5018,4
377,1,0.5227840542793274,1,JRA3Q,5018,4
384,0,0.1636466979980468,0,JRA3Q,5018,4
385,1,0.8308591246604919,1,JRA3Q,5018,4
392,0,0.1154394745826721,0,JRA3Q,5018,4
393,1,0.316784918308258,0,JRA3Q,5018,4
398,0,0.0993270874023437,0,JRA3Q,5018,4
399,1,0.0383454672992229,0,JRA3Q,5018,4
6,0,0.3538088798522949,0,JRA3Q,5018,5
7,1,0.7338998913764954,1,JRA3Q,5018,5
10,0,0.6705130338668823,1,JRA3Q,5018,5
11,1,0.7234501242637634,1,JRA3Q,5018,5
12,0,0.2096824944019317,0,JRA3Q,5018,5
13,1,0.7348517775535583,1,JRA3Q,5018,5
14,0,0.2669421732425689,0,JRA3Q,5018,5
15,1,0.4528763592243194,0,JRA3Q,5018,5
28,0,0.2334872633218765,0,JRA3Q,5018,5
29,1,0.4044901430606842,0,JRA3Q,5018,5
30,0,0.3780742287635803,0,JRA3Q,5018,5
31,1,0.7446161508560181,1,JRA3Q,5018,5
38,0,0.256517618894577,0,JRA3Q,5018,5
39,1,0.2940792143344879,0,JRA3Q,5018,5
56,0,0.2743175625801086,0,JRA3Q,5018,5
57,1,0.9394772052764891,1,JRA3Q,5018,5
74,0,0.4759730994701385,0,JRA3Q,5018,5
75,1,0.911270558834076,1,JRA3Q,5018,5
78,0,0.1138835921883583,0,JRA3Q,5018,5
79,1,0.8925544619560242,1,JRA3Q,5018,5
88,0,0.225540280342102,0,JRA3Q,5018,5
89,1,0.2195688337087631,0,JRA3Q,5018,5
100,0,0.2333949357271194,0,JRA3Q,5018,5
101,1,0.9225022196769714,1,JRA3Q,5018,5
110,0,0.2198430448770523,0,JRA3Q,5018,5
111,1,0.5748797655105591,1,JRA3Q,5018,5
150,0,0.0797631964087486,0,JRA3Q,5018,5
151,1,0.582025945186615,1,JRA3Q,5018,5
166,0,0.1871218532323837,0,JRA3Q,5018,5
167,1,0.3732819557189941,0,JRA3Q,5018,5
178,0,0.2824327647686004,0,JRA3Q,5018,5
179,1,0.6989142894744873,1,JRA3Q,5018,5
182,0,0.8341326117515564,1,JRA3Q,5018,5
183,1,0.8651089072227478,1,JRA3Q,5018,5
184,0,0.0678334534168243,0,JRA3Q,5018,5
185,1,0.5139684677124023,1,JRA3Q,5018,5
216,0,0.0973442792892456,0,JRA3Q,5018,5
217,1,0.9228065609931946,1,JRA3Q,5018,5
236,0,0.0929023548960685,0,JRA3Q,5018,5
237,1,0.2518793046474457,0,JRA3Q,5018,5
282,0,0.4229452013969421,0,JRA3Q,5018,5
283,1,0.759053111076355,1,JRA3Q,5018,5
286,0,0.0832919925451278,0,JRA3Q,5018,5
287,1,0.5608181357383728,1,JRA3Q,5018,5
288,0,0.4560161232948303,0,JRA3Q,5018,5
289,1,0.9468055367469788,1,JRA3Q,5018,5
294,0,0.0374539867043495,0,JRA3Q,5018,5
295,1,0.8467037081718445,1,JRA3Q,5018,5
310,0,0.1187966242432594,0,JRA3Q,5018,5
311,1,0.8284786343574524,1,JRA3Q,5018,5
326,0,0.162198781967163,0,JRA3Q,5018,5
327,1,0.7617789506912231,1,JRA3Q,5018,5
338,0,0.4135332405567169,0,JRA3Q,5018,5
339,1,0.2547762393951416,0,JRA3Q,5018,5
348,0,0.3229599297046661,0,JRA3Q,5018,5
349,1,0.7853283882141113,1,JRA3Q,5018,5
352,0,0.345505028963089,0,JRA3Q,5018,5
353,1,0.8794037699699402,1,JRA3Q,5018,5
354,0,0.2892860174179077,0,JRA3Q,5018,5
355,1,0.9095751643180848,1,JRA3Q,5018,5
356,0,0.1377856880426406,0,JRA3Q,5018,5
357,1,0.4578770399093628,0,JRA3Q,5018,5
358,0,0.1601856052875518,0,JRA3Q,5018,5
359,1,0.448554128408432,0,JRA3Q,5018,5
374,0,0.4039001166820526,0,JRA3Q,5018,5
375,1,0.3653691411018371,0,JRA3Q,5018,5
378,0,0.2549766302108764,0,JRA3Q,5018,5
379,1,0.8167014122009277,1,JRA3Q,5018,5
386,0,0.3538502752780914,0,JRA3Q,5018,5
387,1,0.4695607125759125,0,JRA3Q,5018,5
388,0,0.2117809057235717,0,JRA3Q,5018,5
389,1,0.5023029446601868,1,JRA3Q,5018,5
390,0,0.3538088798522949,0,JRA3Q,5018,5
391,1,0.5023029446601868,1,JRA3Q,5018,5
396,0,0.1866819858551025,0,JRA3Q,5018,5
397,1,0.3536952137947082,0,JRA3Q,5018,5
400,0,0.3229599297046661,0,JRA3Q,5018,5
401,1,0.5797993540763855,1,JRA3Q,5018,5
6,0,0.2211543172597885,0,JRA3Q,5168,1
7,1,0.6836907267570496,1,JRA3Q,5168,1
24,0,0.3920876979827881,0,JRA3Q,5168,1
25,1,0.7832573056221008,1,JRA3Q,5168,1
26,0,0.3735397756099701,0,JRA3Q,5168,1
27,1,0.3083308339118957,0,JRA3Q,5168,1
28,0,0.2666714787483215,0,JRA3Q,5168,1
29,1,0.3083308339118957,0,JRA3Q,5168,1
34,0,0.6854078769683838,1,JRA3Q,5168,1
35,1,0.5138365626335144,1,JRA3Q,5168,1
56,0,0.4182664752006531,0,JRA3Q,5168,1
57,1,0.9630146622657776,1,JRA3Q,5168,1
82,0,0.7720693945884705,1,JRA3Q,5168,1
83,1,0.839591920375824,1,JRA3Q,5168,1
84,0,0.9744214415550232,1,JRA3Q,5168,1
85,1,0.9672188758850098,1,JRA3Q,5168,1
110,0,0.2842794954776764,0,JRA3Q,5168,1
111,1,0.4493935704231262,0,JRA3Q,5168,1
112,0,0.3600853383541107,0,JRA3Q,5168,1
113,1,0.9006901383399963,1,JRA3Q,5168,1
128,0,0.2414801269769668,0,JRA3Q,5168,1
129,1,0.5149461627006531,1,JRA3Q,5168,1
132,0,0.2170245945453643,0,JRA3Q,5168,1
133,1,0.2549446225166321,0,JRA3Q,5168,1
144,0,0.8207452893257141,1,JRA3Q,5168,1
145,1,0.1120587438344955,0,JRA3Q,5168,1
146,0,0.0924197733402252,0,JRA3Q,5168,1
147,1,0.9613389372825624,1,JRA3Q,5168,1
148,0,0.5230545997619629,1,JRA3Q,5168,1
149,1,0.2749005258083343,0,JRA3Q,5168,1
194,0,0.4457823932170868,0,JRA3Q,5168,1
195,1,0.4053630828857422,0,JRA3Q,5168,1
196,0,0.4053630828857422,0,JRA3Q,5168,1
197,1,0.9611850380897522,1,JRA3Q,5168,1
202,0,0.1202011033892631,0,JRA3Q,5168,1
203,1,0.3839224278926849,0,JRA3Q,5168,1
208,0,0.2049935758113861,0,JRA3Q,5168,1
209,1,0.9361492991447448,1,JRA3Q,5168,1
222,0,0.5399627089500427,1,JRA3Q,5168,1
223,1,0.7784907221794128,1,JRA3Q,5168,1
224,0,0.668541431427002,1,JRA3Q,5168,1
225,1,0.5533890724182129,1,JRA3Q,5168,1
226,0,0.3145166635513305,0,JRA3Q,5168,1
227,1,0.5339620113372803,1,JRA3Q,5168,1
240,0,0.7222974300384521,1,JRA3Q,5168,1
241,1,0.807978093624115,1,JRA3Q,5168,1
244,0,0.8424015641212463,1,JRA3Q,5168,1
245,1,0.7933430075645447,1,JRA3Q,5168,1
262,0,0.2579988837242126,0,JRA3Q,5168,1
263,1,0.9462234973907472,1,JRA3Q,5168,1
264,0,0.5020250678062439,1,JRA3Q,5168,1
265,1,0.7481952905654907,1,JRA3Q,5168,1
282,0,0.2032380849123001,0,JRA3Q,5168,1
283,1,0.5683343410491943,1,JRA3Q,5168,1
286,0,0.1318607032299041,0,JRA3Q,5168,1
287,1,0.3794715404510498,0,JRA3Q,5168,1
290,0,0.2463674843311309,0,JRA3Q,5168,1
291,1,0.7121884226799011,1,JRA3Q,5168,1
304,0,0.388731986284256,0,JRA3Q,5168,1
305,1,0.6048096418380737,1,JRA3Q,5168,1
316,0,0.5069854855537415,1,JRA3Q,5168,1
317,1,0.4388222992420196,0,JRA3Q,5168,1
322,0,0.3743415772914886,0,JRA3Q,5168,1
323,1,0.8091641664505005,1,JRA3Q,5168,1
326,0,0.269175261259079,0,JRA3Q,5168,1
327,1,0.8201338052749634,1,JRA3Q,5168,1
336,0,0.2087777853012085,0,JRA3Q,5168,1
337,1,0.5404521226882935,1,JRA3Q,5168,1
344,0,0.2194826900959015,0,JRA3Q,5168,1
345,1,0.8661197423934937,1,JRA3Q,5168,1
352,0,0.2612382173538208,0,JRA3Q,5168,1
353,1,0.8948978781700134,1,JRA3Q,5168,1
362,0,0.2078371047973632,0,JRA3Q,5168,1
363,1,0.1290081292390823,0,JRA3Q,5168,1
390,0,0.2211543172597885,0,JRA3Q,5168,1
391,1,0.4982974231243133,0,JRA3Q,5168,1
396,0,0.093938298523426,0,JRA3Q,5168,1
397,1,0.4179989993572235,0,JRA3Q,5168,1
400,0,0.1950342506170272,0,JRA3Q,5168,1
401,1,0.6443396806716919,1,JRA3Q,5168,1
402,0,0.3844428956508636,0,JRA3Q,5168,1
403,1,0.9254888892173768,1,JRA3Q,5168,1
2,0,0.8277395367622375,1,JRA3Q,5168,2
3,1,0.203241690993309,0,JRA3Q,5168,2
4,0,0.9085192680358888,1,JRA3Q,5168,2
5,1,0.9867428541183472,1,JRA3Q,5168,2
8,0,0.9479584097862244,1,JRA3Q,5168,2
9,1,0.3750485181808471,0,JRA3Q,5168,2
12,0,0.0262123458087444,0,JRA3Q,5168,2
13,1,0.9934319853782654,1,JRA3Q,5168,2
14,0,0.0677177309989929,0,JRA3Q,5168,2
15,1,0.99250727891922,1,JRA3Q,5168,2
36,0,0.4290100336074829,0,JRA3Q,5168,2
37,1,0.0796107277274131,0,JRA3Q,5168,2
38,0,0.4290100336074829,0,JRA3Q,5168,2
39,1,0.0796107277274131,0,JRA3Q,5168,2
40,0,0.7396504878997803,1,JRA3Q,5168,2
41,1,0.5371718406677246,1,JRA3Q,5168,2
44,0,0.1746567487716674,0,JRA3Q,5168,2
45,1,0.1098260059952735,0,JRA3Q,5168,2
58,0,0.0180250890552997,0,JRA3Q,5168,2
59,1,0.9137927293777466,1,JRA3Q,5168,2
76,0,0.9379737973213196,1,JRA3Q,5168,2
77,1,0.9775757789611816,1,JRA3Q,5168,2
90,0,0.0658443048596382,0,JRA3Q,5168,2
91,1,0.7324294447898865,1,JRA3Q,5168,2
94,0,0.8266860246658325,1,JRA3Q,5168,2
95,1,0.7324294447898865,1,JRA3Q,5168,2
114,0,0.1521891206502914,0,JRA3Q,5168,2
115,1,0.963064432144165,1,JRA3Q,5168,2
116,0,0.7877985239028931,1,JRA3Q,5168,2
117,1,0.1521891206502914,0,JRA3Q,5168,2
130,0,0.1313983500003814,0,JRA3Q,5168,2
131,1,0.7829029560089111,1,JRA3Q,5168,2
134,0,0.7617654204368591,1,JRA3Q,5168,2
135,1,0.373879998922348,0,JRA3Q,5168,2
136,0,0.7718748450279236,1,JRA3Q,5168,2
137,1,0.9936487078666688,1,JRA3Q,5168,2
150,0,0.0243413262069225,0,JRA3Q,5168,2
151,1,0.9939016103744508,1,JRA3Q,5168,2
172,0,0.9876402020454408,1,JRA3Q,5168,2
173,1,0.9409422874450684,1,JRA3Q,5168,2
186,0,0.0235634967684745,0,JRA3Q,5168,2
187,1,0.9768690466880798,1,JRA3Q,5168,2
200,0,0.040384043008089,0,JRA3Q,5168,2
201,1,0.953669548034668,1,JRA3Q,5168,2
206,0,0.0275106821209192,0,JRA3Q,5168,2
207,1,0.3216065466403961,0,JRA3Q,5168,2
228,0,0.9750559329986572,1,JRA3Q,5168,2
229,1,0.8326261043548584,1,JRA3Q,5168,2
234,0,0.2484995424747467,0,JRA3Q,5168,2
235,1,0.993928074836731,1,JRA3Q,5168,2
254,0,0.2257308512926101,0,JRA3Q,5168,2
255,1,0.980761706829071,1,JRA3Q,5168,2
272,0,0.3617359697818756,0,JRA3Q,5168,2
273,1,0.153809443116188,0,JRA3Q,5168,2
294,0,0.0816388726234436,0,JRA3Q,5168,2
295,1,0.6411845088005066,1,JRA3Q,5168,2
302,0,0.087413340806961,0,JRA3Q,5168,2
303,1,0.7657933235168457,1,JRA3Q,5168,2
310,0,0.0356713905930519,0,JRA3Q,5168,2
311,1,0.9668005108833312,1,JRA3Q,5168,2
314,0,0.6808459758758545,1,JRA3Q,5168,2
315,1,0.0634845271706581,0,JRA3Q,5168,2
318,0,0.0463628023862838,0,JRA3Q,5168,2
319,1,0.9911701679229736,1,JRA3Q,5168,2
330,0,0.0172021891921758,0,JRA3Q,5168,2
331,1,0.756020724773407,1,JRA3Q,5168,2
332,0,0.0445310324430465,0,JRA3Q,5168,2
333,1,0.9939016103744508,1,JRA3Q,5168,2
358,0,0.0159434415400028,0,JRA3Q,5168,2
359,1,0.752065896987915,1,JRA3Q,5168,2
360,0,0.3132504224777221,0,JRA3Q,5168,2
361,1,0.1452364772558212,0,JRA3Q,5168,2
364,0,0.4231206774711609,0,JRA3Q,5168,2
365,1,0.952995240688324,1,JRA3Q,5168,2
372,0,0.6866394281387329,1,JRA3Q,5168,2
373,1,0.956934690475464,1,JRA3Q,5168,2
378,0,0.2992957830429077,0,JRA3Q,5168,2
379,1,0.7264032959938049,1,JRA3Q,5168,2
388,0,0.0184371322393417,0,JRA3Q,5168,2
389,1,0.9286664724349976,1,JRA3Q,5168,2
10,0,0.7749300003051758,1,JRA3Q,5168,3
11,1,0.7136175036430359,1,JRA3Q,5168,3
18,0,0.0975093021988868,0,JRA3Q,5168,3
19,1,0.916663944721222,1,JRA3Q,5168,3
22,0,0.4742422699928283,0,JRA3Q,5168,3
23,1,0.916663944721222,1,JRA3Q,5168,3
32,0,0.3636578023433685,0,JRA3Q,5168,3
33,1,0.931533694267273,1,JRA3Q,5168,3
52,0,0.5144864320755005,1,JRA3Q,5168,3
53,1,0.8765264749526978,1,JRA3Q,5168,3
64,0,0.0605310313403606,0,JRA3Q,5168,3
65,1,0.9333733320236206,1,JRA3Q,5168,3
68,0,0.869152843952179,1,JRA3Q,5168,3
69,1,0.9064902067184448,1,JRA3Q,5168,3
78,0,0.0812013000249862,0,JRA3Q,5168,3
79,1,0.9332275390625,1,JRA3Q,5168,3
80,0,0.0799123048782348,0,JRA3Q,5168,3
81,1,0.1390431821346283,0,JRA3Q,5168,3
86,0,0.8697646856307983,1,JRA3Q,5168,3
87,1,0.3338105082511902,0,JRA3Q,5168,3
100,0,0.1226744726300239,0,JRA3Q,5168,3
101,1,0.9723516702651978,1,JRA3Q,5168,3
102,0,0.1226744726300239,0,JRA3Q,5168,3
103,1,0.9723516702651978,1,JRA3Q,5168,3
106,0,0.1524190604686737,0,JRA3Q,5168,3
107,1,0.2988922297954559,0,JRA3Q,5168,3
154,0,0.8435308337211609,1,JRA3Q,5168,3
155,1,0.4511453807353973,0,JRA3Q,5168,3
156,0,0.0553223006427288,0,JRA3Q,5168,3
157,1,0.920577108860016,1,JRA3Q,5168,3
158,0,0.4511453807353973,0,JRA3Q,5168,3
159,1,0.9738519787788392,1,JRA3Q,5168,3
162,0,0.1679484099149704,0,JRA3Q,5168,3
163,1,0.9753437638282776,1,JRA3Q,5168,3
166,0,0.2923530340194702,0,JRA3Q,5168,3
167,1,0.6319438815116882,1,JRA3Q,5168,3
168,0,0.3536301553249359,0,JRA3Q,5168,3
169,1,0.1662566810846328,0,JRA3Q,5168,3
170,0,0.1599319130182266,0,JRA3Q,5168,3
171,1,0.6868808269500732,1,JRA3Q,5168,3
178,0,0.039092369377613,0,JRA3Q,5168,3
179,1,0.4939152896404266,0,JRA3Q,5168,3
192,0,0.7873566746711731,1,JRA3Q,5168,3
193,1,0.3726581633090973,0,JRA3Q,5168,3
198,0,0.2273627370595932,0,JRA3Q,5168,3
199,1,0.7013326287269592,1,JRA3Q,5168,3
214,0,0.5031488537788391,1,JRA3Q,5168,3
215,1,0.8356847763061523,1,JRA3Q,5168,3
216,0,0.0755740329623222,0,JRA3Q,5168,3
217,1,0.9725999236106871,1,JRA3Q,5168,3
220,0,0.8828417658805847,1,JRA3Q,5168,3
221,1,0.5456302165985107,1,JRA3Q,5168,3
238,0,0.0777142420411109,0,JRA3Q,5168,3
239,1,0.3919744193553924,0,JRA3Q,5168,3
250,0,0.0817332863807678,0,JRA3Q,5168,3
251,1,0.9225995540618896,1,JRA3Q,5168,3
252,0,0.0694900974631309,0,JRA3Q,5168,3
253,1,0.644593358039856,1,JRA3Q,5168,3
256,0,0.8715342879295349,1,JRA3Q,5168,3
257,1,0.7745821475982666,1,JRA3Q,5168,3
258,0,0.2438539415597915,0,JRA3Q,5168,3
259,1,0.9633692502975464,1,JRA3Q,5168,3
268,0,0.5805842280387878,1,JRA3Q,5168,3
269,1,0.587674081325531,1,JRA3Q,5168,3
278,0,0.3350552916526794,0,JRA3Q,5168,3
279,1,0.9294565320014954,1,JRA3Q,5168,3
280,0,0.2948470115661621,0,JRA3Q,5168,3
281,1,0.1319338530302047,0,JRA3Q,5168,3
296,0,0.4511453807353973,0,JRA3Q,5168,3
297,1,0.9738519787788392,1,JRA3Q,5168,3
320,0,0.0688182413578033,0,JRA3Q,5168,3
321,1,0.9587081670761108,1,JRA3Q,5168,3
340,0,0.1272419393062591,0,JRA3Q,5168,3
341,1,0.2303297817707061,0,JRA3Q,5168,3
366,0,0.1157342195510864,0,JRA3Q,5168,3
367,1,0.1692125648260116,0,JRA3Q,5168,3
374,0,0.1769803911447525,0,JRA3Q,5168,3
375,1,0.2033468037843704,0,JRA3Q,5168,3
382,0,0.5187680125236511,1,JRA3Q,5168,3
383,1,0.2260685265064239,0,JRA3Q,5168,3
392,0,0.1270708739757537,0,JRA3Q,5168,3
393,1,0.4861114919185638,0,JRA3Q,5168,3
0,0,0.6619109511375427,1,JRA3Q,5168,4
1,1,0.5345519185066223,1,JRA3Q,5168,4
30,0,0.2471883893013,0,JRA3Q,5168,4
31,1,0.7807347774505615,1,JRA3Q,5168,4
50,0,0.8818861842155457,1,JRA3Q,5168,4
51,1,0.3552761971950531,0,JRA3Q,5168,4
62,0,0.2542831599712372,0,JRA3Q,5168,4
63,1,0.8272393941879272,1,JRA3Q,5168,4
66,0,0.3036227226257324,0,JRA3Q,5168,4
67,1,0.5839973092079163,1,JRA3Q,5168,4
96,0,0.590832531452179,1,JRA3Q,5168,4
97,1,0.7128375768661499,1,JRA3Q,5168,4
118,0,0.2919788658618927,0,JRA3Q,5168,4
119,1,0.9297964572906494,1,JRA3Q,5168,4
122,0,0.1447483450174331,0,JRA3Q,5168,4
123,1,0.4082893133163452,0,JRA3Q,5168,4
124,0,0.825698971748352,1,JRA3Q,5168,4
125,1,0.8291906714439392,1,JRA3Q,5168,4
138,0,0.7735694646835327,1,JRA3Q,5168,4
139,1,0.9003057479858398,1,JRA3Q,5168,4
140,0,0.2799053788185119,0,JRA3Q,5168,4
141,1,0.7197455167770386,1,JRA3Q,5168,4
152,0,0.2919788658618927,0,JRA3Q,5168,4
153,1,0.9297964572906494,1,JRA3Q,5168,4
164,0,0.1609417647123336,0,JRA3Q,5168,4
165,1,0.3571162521839142,0,JRA3Q,5168,4
174,0,0.3988694250583648,0,JRA3Q,5168,4
175,1,0.6352421045303345,1,JRA3Q,5168,4
176,0,0.6005075573921204,1,JRA3Q,5168,4
177,1,0.7370979189872742,1,JRA3Q,5168,4
182,0,0.7890164256095886,1,JRA3Q,5168,4
183,1,0.8552755117416382,1,JRA3Q,5168,4
184,0,0.1755005121231079,0,JRA3Q,5168,4
185,1,0.4655002057552337,0,JRA3Q,5168,4
190,0,0.5687892436981201,1,JRA3Q,5168,4
191,1,0.3682309985160827,0,JRA3Q,5168,4
210,0,0.5496364831924438,1,JRA3Q,5168,4
211,1,0.8381158709526062,1,JRA3Q,5168,4
212,0,0.8038866519927979,1,JRA3Q,5168,4
213,1,0.6069518327713013,1,JRA3Q,5168,4
236,0,0.3796369731426239,0,JRA3Q,5168,4
237,1,0.7469124794006348,1,JRA3Q,5168,4
242,0,0.3330645263195038,0,JRA3Q,5168,4
243,1,0.4414489865303039,0,JRA3Q,5168,4
248,0,0.1737295240163803,0,JRA3Q,5168,4
249,1,0.5345649719238281,1,JRA3Q,5168,4
260,0,0.1982428729534149,0,JRA3Q,5168,4
261,1,0.7986046075820923,1,JRA3Q,5168,4
270,0,0.2288291156291961,0,JRA3Q,5168,4
271,1,0.7161871194839478,1,JRA3Q,5168,4
284,0,0.2672147750854492,0,JRA3Q,5168,4
285,1,0.8688158988952637,1,JRA3Q,5168,4
298,0,0.3253313302993774,0,JRA3Q,5168,4
299,1,0.7836704850196838,1,JRA3Q,5168,4
306,0,0.2771544456481933,0,JRA3Q,5168,4
307,1,0.9644477367401124,1,JRA3Q,5168,4
308,0,0.3057169616222381,0,JRA3Q,5168,4
309,1,0.926970362663269,1,JRA3Q,5168,4
328,0,0.1949545443058014,0,JRA3Q,5168,4
329,1,0.5825567245483398,1,JRA3Q,5168,4
334,0,0.3047949969768524,0,JRA3Q,5168,4
335,1,0.4178813993930816,0,JRA3Q,5168,4
348,0,0.3226403295993805,0,JRA3Q,5168,4
349,1,0.9059390425682068,1,JRA3Q,5168,4
354,0,0.4129610061645508,0,JRA3Q,5168,4
355,1,0.949283003807068,1,JRA3Q,5168,4
368,0,0.1997513771057129,0,JRA3Q,5168,4
369,1,0.6560362577438354,1,JRA3Q,5168,4
370,0,0.2226411700248718,0,JRA3Q,5168,4
371,1,0.7263723611831665,1,JRA3Q,5168,4
376,0,0.3599319756031036,0,JRA3Q,5168,4
377,1,0.3425177037715912,0,JRA3Q,5168,4
380,0,0.3038260042667389,0,JRA3Q,5168,4
381,1,0.4176505506038666,0,JRA3Q,5168,4
386,0,0.213286817073822,0,JRA3Q,5168,4
387,1,0.3623321950435638,0,JRA3Q,5168,4
394,0,0.2531757652759552,0,JRA3Q,5168,4
395,1,0.5254644751548767,1,JRA3Q,5168,4
16,0,0.2846061885356903,0,JRA3Q,5168,5
17,1,0.7499558329582214,1,JRA3Q,5168,5
20,0,0.7842865586280823,1,JRA3Q,5168,5
21,1,0.5681193470954895,1,JRA3Q,5168,5
42,0,0.3574540615081787,0,JRA3Q,5168,5
43,1,0.3246364593505859,0,JRA3Q,5168,5
46,0,0.641426146030426,1,JRA3Q,5168,5
47,1,0.2492997646331787,0,JRA3Q,5168,5
48,0,0.6490233540534973,1,JRA3Q,5168,5
49,1,0.5981591939926147,1,JRA3Q,5168,5
54,0,0.4054503142833709,0,JRA3Q,5168,5
55,1,0.91357684135437,1,JRA3Q,5168,5
60,0,0.4054503142833709,0,JRA3Q,5168,5
61,1,0.91357684135437,1,JRA3Q,5168,5
70,0,0.676426887512207,1,JRA3Q,5168,5
71,1,0.343292236328125,0,JRA3Q,5168,5
72,0,0.4065137803554535,0,JRA3Q,5168,5
73,1,0.4587165415287018,0,JRA3Q,5168,5
74,0,0.4601946175098419,0,JRA3Q,5168,5
75,1,0.8963388800621033,1,JRA3Q,5168,5
88,0,0.2794632911682129,0,JRA3Q,5168,5
89,1,0.4958052337169647,0,JRA3Q,5168,5
92,0,0.1738127768039703,0,JRA3Q,5168,5
93,1,0.7841246724128723,1,JRA3Q,5168,5
98,0,0.6326957941055298,1,JRA3Q,5168,5
99,1,0.6878220438957214,1,JRA3Q,5168,5
104,0,0.2916882336139679,0,JRA3Q,5168,5
105,1,0.6878220438957214,1,JRA3Q,5168,5
108,0,0.1717857867479324,0,JRA3Q,5168,5
109,1,0.775860607624054,1,JRA3Q,5168,5
120,0,0.3887255489826202,0,JRA3Q,5168,5
121,1,0.9159293174743652,1,JRA3Q,5168,5
126,0,0.3889019787311554,0,JRA3Q,5168,5
127,1,0.1714798212051391,0,JRA3Q,5168,5
142,0,0.3087645471096039,0,JRA3Q,5168,5
143,1,0.8996855616569519,1,JRA3Q,5168,5
160,0,0.3087645471096039,0,JRA3Q,5168,5
161,1,0.8178988695144653,1,JRA3Q,5168,5
180,0,0.5334604382514954,1,JRA3Q,5168,5
181,1,0.8241626024246216,1,JRA3Q,5168,5
188,0,0.3775618076324463,0,JRA3Q,5168,5
189,1,0.4758577048778534,0,JRA3Q,5168,5
204,0,0.5192921757698059,1,JRA3Q,5168,5
205,1,0.5911539196968079,1,JRA3Q,5168,5
218,0,0.1117900609970092,0,JRA3Q,5168,5
219,1,0.3966233730316162,0,JRA3Q,5168,5
230,0,0.6950265765190125,1,JRA3Q,5168,5
231,1,0.1503632515668869,0,JRA3Q,5168,5
232,0,0.5295254588127136,1,JRA3Q,5168,5
233,1,0.5623207092285156,1,JRA3Q,5168,5
246,0,0.1972919255495071,0,JRA3Q,5168,5
247,1,0.487549215555191,0,JRA3Q,5168,5
266,0,0.2826907336711883,0,JRA3Q,5168,5
267,1,0.6094381809234619,1,JRA3Q,5168,5
274,0,0.6395323276519775,1,JRA3Q,5168,5
275,1,0.8015474081039429,1,JRA3Q,5168,5
276,0,0.5486404299736023,1,JRA3Q,5168,5
277,1,0.536663830280304,1,JRA3Q,5168,5
288,0,0.3142355382442474,0,JRA3Q,5168,5
289,1,0.918641209602356,1,JRA3Q,5168,5
292,0,0.156194120645523,0,JRA3Q,5168,5
293,1,0.7426130771636963,1,JRA3Q,5168,5
300,0,0.2167461216449737,0,JRA3Q,5168,5
301,1,0.8127689361572266,1,JRA3Q,5168,5
312,0,0.3738104999065399,0,JRA3Q,5168,5
313,1,0.7368065118789673,1,JRA3Q,5168,5
324,0,0.3157095611095428,0,JRA3Q,5168,5
325,1,0.7664212584495544,1,JRA3Q,5168,5
338,0,0.3178686797618866,0,JRA3Q,5168,5
339,1,0.385273277759552,0,JRA3Q,5168,5
342,0,0.2318838089704513,0,JRA3Q,5168,5
343,1,0.8127689361572266,1,JRA3Q,5168,5
346,0,0.2428524643182754,0,JRA3Q,5168,5
347,1,0.7467101812362671,1,JRA3Q,5168,5
350,0,0.2682988047599792,0,JRA3Q,5168,5
351,1,0.7559115886688232,1,JRA3Q,5168,5
356,0,0.3255446851253509,0,JRA3Q,5168,5
357,1,0.6879985928535461,1,JRA3Q,5168,5
384,0,0.2026868313550949,0,JRA3Q,5168,5
385,1,0.7371020913124084,1,JRA3Q,5168,5
398,0,0.1881967782974243,0,JRA3Q,5168,5
399,1,0.4520049095153808,0,JRA3Q,5168,5
2,0,0.6455342769622803,1,JRA3Q,5319,1
3,1,0.4197582006454468,0,JRA3Q,5319,1
4,0,0.551114022731781,1,JRA3Q,5319,1
5,1,0.6000848412513733,1,JRA3Q,5319,1
12,0,0.0715395286679267,0,JRA3Q,5319,1
13,1,0.771920919418335,1,JRA3Q,5319,1
18,0,0.2321323156356811,0,JRA3Q,5319,1
19,1,0.7854056358337402,1,JRA3Q,5319,1
20,0,0.8968262672424316,1,JRA3Q,5319,1
21,1,0.61000657081604,1,JRA3Q,5319,1
26,0,0.2147696316242218,0,JRA3Q,5319,1
27,1,0.3031224310398102,0,JRA3Q,5319,1
30,0,0.371705949306488,0,JRA3Q,5319,1
31,1,0.8399165868759155,1,JRA3Q,5319,1
38,0,0.4395922124385834,0,JRA3Q,5319,1
39,1,0.220084086060524,0,JRA3Q,5319,1
62,0,0.165857195854187,0,JRA3Q,5319,1
63,1,0.9166367053985596,1,JRA3Q,5319,1
84,0,0.9877386093139648,1,JRA3Q,5319,1
85,1,0.9842203855514526,1,JRA3Q,5319,1
92,0,0.0328122042119503,0,JRA3Q,5319,1
93,1,0.9492801427841188,1,JRA3Q,5319,1
98,0,0.8896740078926086,1,JRA3Q,5319,1
99,1,0.9449921250343324,1,JRA3Q,5319,1
128,0,0.0415498800575733,0,JRA3Q,5319,1
129,1,0.4989557564258575,0,JRA3Q,5319,1
144,0,0.9133614897727966,1,JRA3Q,5319,1
145,1,0.0807613059878349,0,JRA3Q,5319,1
154,0,0.7450488209724426,1,JRA3Q,5319,1
155,1,0.2815422713756561,0,JRA3Q,5319,1
162,0,0.1490623503923416,0,JRA3Q,5319,1
163,1,0.987564742565155,1,JRA3Q,5319,1
164,0,0.0663774609565734,0,JRA3Q,5319,1
165,1,0.4887863993644714,0,JRA3Q,5319,1
166,0,0.2532310783863067,0,JRA3Q,5319,1
167,1,0.6540767550468445,1,JRA3Q,5319,1
170,0,0.1383934766054153,0,JRA3Q,5319,1
171,1,0.6258420348167419,1,JRA3Q,5319,1
182,0,0.9065021872520448,1,JRA3Q,5319,1
183,1,0.920738160610199,1,JRA3Q,5319,1
208,0,0.0617109164595603,0,JRA3Q,5319,1
209,1,0.9803712964057922,1,JRA3Q,5319,1
210,0,0.6544300317764282,1,JRA3Q,5319,1
211,1,0.9029966592788696,1,JRA3Q,5319,1
216,0,0.0617109164595603,0,JRA3Q,5319,1
217,1,0.9803712964057922,1,JRA3Q,5319,1
220,0,0.8611284494400024,1,JRA3Q,5319,1
221,1,0.7397734522819519,1,JRA3Q,5319,1
224,0,0.7799599170684814,1,JRA3Q,5319,1
225,1,0.8504518866539001,1,JRA3Q,5319,1
238,0,0.6464540362358093,1,JRA3Q,5319,1
239,1,0.7457055449485779,1,JRA3Q,5319,1
240,0,0.2600355446338653,0,JRA3Q,5319,1
241,1,0.3543859124183655,0,JRA3Q,5319,1
246,0,0.0673789381980896,0,JRA3Q,5319,1
247,1,0.3384012877941131,0,JRA3Q,5319,1
262,0,0.0750117674469947,0,JRA3Q,5319,1
263,1,0.964292287826538,1,JRA3Q,5319,1
264,0,0.3975211679935455,0,JRA3Q,5319,1
265,1,0.8427426218986511,1,JRA3Q,5319,1
266,0,0.4714628159999847,0,JRA3Q,5319,1
267,1,0.5422058701515198,1,JRA3Q,5319,1
270,0,0.1167154610157013,0,JRA3Q,5319,1
271,1,0.8799571990966797,1,JRA3Q,5319,1
272,0,0.3137675523757934,0,JRA3Q,5319,1
273,1,0.5545497536659241,1,JRA3Q,5319,1
290,0,0.278116226196289,0,JRA3Q,5319,1
291,1,0.7520604729652405,1,JRA3Q,5319,1
306,0,0.175562098622322,0,JRA3Q,5319,1
307,1,0.9891036748886108,1,JRA3Q,5319,1
310,0,0.0470715649425983,0,JRA3Q,5319,1
311,1,0.7920318841934204,1,JRA3Q,5319,1
314,0,0.263627290725708,0,JRA3Q,5319,1
315,1,0.078226163983345,0,JRA3Q,5319,1
326,0,0.0362869128584861,0,JRA3Q,5319,1
327,1,0.9425204396247864,1,JRA3Q,5319,1
332,0,0.0625383034348487,0,JRA3Q,5319,1
333,1,0.7089704871177673,1,JRA3Q,5319,1
346,0,0.2515991926193237,0,JRA3Q,5319,1
347,1,0.9588112235069276,1,JRA3Q,5319,1
348,0,0.2167578339576721,0,JRA3Q,5319,1
349,1,0.9619469046592712,1,JRA3Q,5319,1
400,0,0.2167578339576721,0,JRA3Q,5319,1
401,1,0.6756360530853271,1,JRA3Q,5319,1
0,0,0.1257711052894592,0,JRA3Q,5319,2
1,1,0.195437952876091,0,JRA3Q,5319,2
24,0,0.2099410593509674,0,JRA3Q,5319,2
25,1,0.9287707209587096,1,JRA3Q,5319,2
32,0,0.2664030492305755,0,JRA3Q,5319,2
33,1,0.8420451879501343,1,JRA3Q,5319,2
40,0,0.5459612011909485,1,JRA3Q,5319,2
41,1,0.3902052342891693,0,JRA3Q,5319,2
54,0,0.0718222856521606,0,JRA3Q,5319,2
55,1,0.9634742736816406,1,JRA3Q,5319,2
64,0,0.0755629241466522,0,JRA3Q,5319,2
65,1,0.9725804924964904,1,JRA3Q,5319,2
68,0,0.399321436882019,0,JRA3Q,5319,2
69,1,0.7819607853889465,1,JRA3Q,5319,2
80,0,0.0910597965121269,0,JRA3Q,5319,2
81,1,0.2545127272605896,0,JRA3Q,5319,2
82,0,0.623763382434845,1,JRA3Q,5319,2
83,1,0.7089932560920715,1,JRA3Q,5319,2
88,0,0.1082155704498291,0,JRA3Q,5319,2
89,1,0.3586045503616333,0,JRA3Q,5319,2
104,0,0.2410555630922317,0,JRA3Q,5319,2
105,1,0.7089932560920715,1,JRA3Q,5319,2
106,0,0.1659757196903228,0,JRA3Q,5319,2
107,1,0.593962550163269,1,JRA3Q,5319,2
112,0,0.1383771300315857,0,JRA3Q,5319,2
113,1,0.9826802611351012,1,JRA3Q,5319,2
116,0,0.2964013218879699,0,JRA3Q,5319,2
117,1,0.2360714375972747,0,JRA3Q,5319,2
124,0,0.985519289970398,1,JRA3Q,5319,2
125,1,0.6579062938690186,1,JRA3Q,5319,2
142,0,0.1300100088119506,0,JRA3Q,5319,2
143,1,0.9958475828170776,1,JRA3Q,5319,2
146,0,0.0643524453043937,0,JRA3Q,5319,2
147,1,0.9958751797676086,1,JRA3Q,5319,2
160,0,0.1300100088119506,0,JRA3Q,5319,2
161,1,0.6717472076416016,1,JRA3Q,5319,2
168,0,0.1906069070100784,0,JRA3Q,5319,2
169,1,0.234811782836914,0,JRA3Q,5319,2
172,0,0.8937005996704102,1,JRA3Q,5319,2
173,1,0.735381007194519,1,JRA3Q,5319,2
174,0,0.1053920537233352,0,JRA3Q,5319,2
175,1,0.545512855052948,1,JRA3Q,5319,2
178,0,0.0309964511543512,0,JRA3Q,5319,2
179,1,0.8937005996704102,1,JRA3Q,5319,2
188,0,0.9546733498573304,1,JRA3Q,5319,2
189,1,0.5190144777297974,1,JRA3Q,5319,2
190,0,0.9546733498573304,1,JRA3Q,5319,2
191,1,0.1005980595946312,0,JRA3Q,5319,2
194,0,0.2217488139867782,0,JRA3Q,5319,2
195,1,0.2569617033004761,0,JRA3Q,5319,2
218,0,0.0438108257949352,0,JRA3Q,5319,2
219,1,0.9217056632041932,1,JRA3Q,5319,2
230,0,0.6990586519241333,1,JRA3Q,5319,2
231,1,0.0996975749731063,0,JRA3Q,5319,2
258,0,0.0907124504446983,0,JRA3Q,5319,2
259,1,0.5666378140449524,1,JRA3Q,5319,2
278,0,0.1268900632858276,0,JRA3Q,5319,2
279,1,0.982045352458954,1,JRA3Q,5319,2
300,0,0.1034695133566856,0,JRA3Q,5319,2
301,1,0.9862756729125975,1,JRA3Q,5319,2
328,0,0.281745582818985,0,JRA3Q,5319,2
329,1,0.938666045665741,1,JRA3Q,5319,2
330,0,0.0100849196314811,0,JRA3Q,5319,2
331,1,0.0918995067477226,0,JRA3Q,5319,2
340,0,0.1256919950246811,0,JRA3Q,5319,2
341,1,0.187717005610466,0,JRA3Q,5319,2
342,0,0.0516462698578834,0,JRA3Q,5319,2
343,1,0.9862756729125975,1,JRA3Q,5319,2
366,0,0.4088515639305115,0,JRA3Q,5319,2
367,1,0.5249879956245422,1,JRA3Q,5319,2
368,0,0.0973208397626876,0,JRA3Q,5319,2
369,1,0.8865609765052795,1,JRA3Q,5319,2
382,0,0.1323650032281875,0,JRA3Q,5319,2
383,1,0.1406319141387939,0,JRA3Q,5319,2
390,0,0.0665963664650917,0,JRA3Q,5319,2
391,1,0.8164443969726562,1,JRA3Q,5319,2
392,0,0.0888989120721817,0,JRA3Q,5319,2
393,1,0.6494630575180054,1,JRA3Q,5319,2
394,0,0.092186227440834,0,JRA3Q,5319,2
395,1,0.5475161671638489,1,JRA3Q,5319,2
8,0,0.6528204679489136,1,JRA3Q,5319,3
9,1,0.4866401851177215,0,JRA3Q,5319,3
14,0,0.3609289526939392,0,JRA3Q,5319,3
15,1,0.9667738676071168,1,JRA3Q,5319,3
36,0,0.2905540764331817,0,JRA3Q,5319,3
37,1,0.5649552345275879,1,JRA3Q,5319,3
48,0,0.8760088086128235,1,JRA3Q,5319,3
49,1,0.9386510252952576,1,JRA3Q,5319,3
60,0,0.0150957647711038,0,JRA3Q,5319,3
61,1,0.9949129819869996,1,JRA3Q,5319,3
70,0,0.9908474683761596,1,JRA3Q,5319,3
71,1,0.1227172240614891,0,JRA3Q,5319,3
72,0,0.4494450688362121,0,JRA3Q,5319,3
73,1,0.4327437579631805,0,JRA3Q,5319,3
76,0,0.3496825993061065,0,JRA3Q,5319,3
77,1,0.9842482209205629,1,JRA3Q,5319,3
78,0,0.2642269432544708,0,JRA3Q,5319,3
79,1,0.9645054936408995,1,JRA3Q,5319,3
94,0,0.8748027086257935,1,JRA3Q,5319,3
95,1,0.4302016496658325,0,JRA3Q,5319,3
100,0,0.2626432478427887,0,JRA3Q,5319,3
101,1,0.9834186434745787,1,JRA3Q,5319,3
102,0,0.2626432478427887,0,JRA3Q,5319,3
103,1,0.9834186434745787,1,JRA3Q,5319,3
108,0,0.4391939640045166,0,JRA3Q,5319,3
109,1,0.2926437258720398,0,JRA3Q,5319,3
114,0,0.6914615035057068,1,JRA3Q,5319,3
115,1,0.16627798974514,0,JRA3Q,5319,3
118,0,0.035184558480978,0,JRA3Q,5319,3
119,1,0.9946668148040771,1,JRA3Q,5319,3
148,0,0.1143771931529045,0,JRA3Q,5319,3
149,1,0.1780919730663299,0,JRA3Q,5319,3
150,0,0.1025200113654136,0,JRA3Q,5319,3
151,1,0.945791721343994,1,JRA3Q,5319,3
180,0,0.7610408067703247,1,JRA3Q,5319,3
181,1,0.9918301701545716,1,JRA3Q,5319,3
186,0,0.0269413273781538,0,JRA3Q,5319,3
187,1,0.9256343841552734,1,JRA3Q,5319,3
196,0,0.6239299178123474,1,JRA3Q,5319,3
197,1,0.9974774718284608,1,JRA3Q,5319,3
198,0,0.5535585880279541,1,JRA3Q,5319,3
199,1,0.5476750731468201,1,JRA3Q,5319,3
212,0,0.667361855506897,1,JRA3Q,5319,3
213,1,0.9165793061256408,1,JRA3Q,5319,3
226,0,0.1877349764108657,0,JRA3Q,5319,3
227,1,0.746202826499939,1,JRA3Q,5319,3
232,0,0.3776793181896209,0,JRA3Q,5319,3
233,1,0.6855732202529907,1,JRA3Q,5319,3
248,0,0.1379419565200805,0,JRA3Q,5319,3
249,1,0.8645275831222534,1,JRA3Q,5319,3
254,0,0.0941479504108429,0,JRA3Q,5319,3
255,1,0.3773051500320434,0,JRA3Q,5319,3
284,0,0.071000650525093,0,JRA3Q,5319,3
285,1,0.8953515887260437,1,JRA3Q,5319,3
288,0,0.6239299178123474,1,JRA3Q,5319,3
289,1,0.996076762676239,1,JRA3Q,5319,3
292,0,0.0614235326647758,0,JRA3Q,5319,3
293,1,0.5530975461006165,1,JRA3Q,5319,3
296,0,0.1780919730663299,0,JRA3Q,5319,3
297,1,0.9946668148040771,1,JRA3Q,5319,3
302,0,0.1209180727601051,0,JRA3Q,5319,3
303,1,0.9873654842376708,1,JRA3Q,5319,3
304,0,0.8716359734535217,1,JRA3Q,5319,3
305,1,0.1775677800178527,0,JRA3Q,5319,3
312,0,0.087321825325489,0,JRA3Q,5319,3
313,1,0.971471071243286,1,JRA3Q,5319,3
336,0,0.0422528497874736,0,JRA3Q,5319,3
337,1,0.8912816047668457,1,JRA3Q,5319,3
338,0,0.1629858911037445,0,JRA3Q,5319,3
339,1,0.2177139222621917,0,JRA3Q,5319,3
350,0,0.0451171211898326,0,JRA3Q,5319,3
351,1,0.9945122003555298,1,JRA3Q,5319,3
358,0,0.0270266309380531,0,JRA3Q,5319,3
359,1,0.2070047408342361,0,JRA3Q,5319,3
364,0,0.1740174293518066,0,JRA3Q,5319,3
365,1,0.5476750731468201,1,JRA3Q,5319,3
370,0,0.4617316722869873,0,JRA3Q,5319,3
371,1,0.6029312014579773,1,JRA3Q,5319,3
372,0,0.2071317732334137,0,JRA3Q,5319,3
373,1,0.96966814994812,1,JRA3Q,5319,3
384,0,0.1074624061584472,0,JRA3Q,5319,3
385,1,0.9406119585037231,1,JRA3Q,5319,3
22,0,0.8064860105514526,1,JRA3Q,5319,4
23,1,0.7627585530281067,1,JRA3Q,5319,4
28,0,0.2773350179195404,0,JRA3Q,5319,4
29,1,0.3941359519958496,0,JRA3Q,5319,4
34,0,0.6772387623786926,1,JRA3Q,5319,4
35,1,0.1114011257886886,0,JRA3Q,5319,4
42,0,0.1953873336315155,0,JRA3Q,5319,4
43,1,0.2398578524589538,0,JRA3Q,5319,4
44,0,0.2248322963714599,0,JRA3Q,5319,4
45,1,0.1410480439662933,0,JRA3Q,5319,4
46,0,0.6772387623786926,1,JRA3Q,5319,4
47,1,0.1114011257886886,0,JRA3Q,5319,4
52,0,0.83466637134552,1,JRA3Q,5319,4
53,1,0.593780517578125,1,JRA3Q,5319,4
58,0,0.2795718312263489,0,JRA3Q,5319,4
59,1,0.9041375517845154,1,JRA3Q,5319,4
86,0,0.5982059836387634,1,JRA3Q,5319,4
87,1,0.4807044565677643,0,JRA3Q,5319,4
90,0,0.1884807050228119,0,JRA3Q,5319,4
91,1,0.4420363008975982,0,JRA3Q,5319,4
96,0,0.3051172494888305,0,JRA3Q,5319,4
97,1,0.5281264185905457,1,JRA3Q,5319,4
110,0,0.0813958272337913,0,JRA3Q,5319,4
111,1,0.5955736041069031,1,JRA3Q,5319,4
120,0,0.3891915380954742,0,JRA3Q,5319,4
121,1,0.9148815274238586,1,JRA3Q,5319,4
134,0,0.0783163383603096,0,JRA3Q,5319,4
135,1,0.6472316384315491,1,JRA3Q,5319,4
138,0,0.7883201241493225,1,JRA3Q,5319,4
139,1,0.9048351049423218,1,JRA3Q,5319,4
152,0,0.3234930336475372,0,JRA3Q,5319,4
153,1,0.9148815274238586,1,JRA3Q,5319,4
156,0,0.13392174243927,0,JRA3Q,5319,4
157,1,0.594810962677002,1,JRA3Q,5319,4
158,0,0.1524698287248611,0,JRA3Q,5319,4
159,1,0.9148815274238586,1,JRA3Q,5319,4
200,0,0.101088672876358,0,JRA3Q,5319,4
201,1,0.8354020714759827,1,JRA3Q,5319,4
222,0,0.6052270531654358,1,JRA3Q,5319,4
223,1,0.8055583834648132,1,JRA3Q,5319,4
234,0,0.0778274238109588,0,JRA3Q,5319,4
235,1,0.706974446773529,1,JRA3Q,5319,4
236,0,0.3656803667545318,0,JRA3Q,5319,4
237,1,0.6708049774169922,1,JRA3Q,5319,4
242,0,0.1278860121965408,0,JRA3Q,5319,4
243,1,0.2155826240777969,0,JRA3Q,5319,4
250,0,0.0801072120666503,0,JRA3Q,5319,4
251,1,0.6828931570053101,1,JRA3Q,5319,4
252,0,0.0541194155812263,0,JRA3Q,5319,4
253,1,0.5898532867431641,1,JRA3Q,5319,4
260,0,0.154719203710556,0,JRA3Q,5319,4
261,1,0.8457520604133606,1,JRA3Q,5319,4
268,0,0.5013860464096069,1,JRA3Q,5319,4
269,1,0.5447686910629272,1,JRA3Q,5319,4
274,0,0.3445090353488922,0,JRA3Q,5319,4
275,1,0.9123815894126892,1,JRA3Q,5319,4
276,0,0.1549085825681686,0,JRA3Q,5319,4
277,1,0.401785135269165,0,JRA3Q,5319,4
286,0,0.1560700833797454,0,JRA3Q,5319,4
287,1,0.4204765558242798,0,JRA3Q,5319,4
316,0,0.1536953896284103,0,JRA3Q,5319,4
317,1,0.2028082013130188,0,JRA3Q,5319,4
320,0,0.2150753289461136,0,JRA3Q,5319,4
321,1,0.7640717029571533,1,JRA3Q,5319,4
344,0,0.2269817888736724,0,JRA3Q,5319,4
345,1,0.9072260856628418,1,JRA3Q,5319,4
352,0,0.2159018665552139,0,JRA3Q,5319,4
353,1,0.8949819207191467,1,JRA3Q,5319,4
362,0,0.232453241944313,0,JRA3Q,5319,4
363,1,0.1956642866134643,0,JRA3Q,5319,4
374,0,0.1346604228019714,0,JRA3Q,5319,4
375,1,0.3373610079288482,0,JRA3Q,5319,4
376,0,0.3934254050254822,0,JRA3Q,5319,4
377,1,0.4023695588111877,0,JRA3Q,5319,4
380,0,0.2919217050075531,0,JRA3Q,5319,4
381,1,0.334240049123764,0,JRA3Q,5319,4
388,0,0.1704255491495132,0,JRA3Q,5319,4
389,1,0.4087131917476654,0,JRA3Q,5319,4
398,0,0.1462890058755874,0,JRA3Q,5319,4
399,1,0.4679073691368103,0,JRA3Q,5319,4
6,0,0.127803161740303,0,JRA3Q,5319,5
7,1,0.3826148808002472,0,JRA3Q,5319,5
10,0,0.5253303647041321,1,JRA3Q,5319,5
11,1,0.4079627990722656,0,JRA3Q,5319,5
16,0,0.4323177933692932,0,JRA3Q,5319,5
17,1,0.6645528674125671,1,JRA3Q,5319,5
50,0,0.6627082824707031,1,JRA3Q,5319,5
51,1,0.5567610263824463,1,JRA3Q,5319,5
56,0,0.5088530778884888,1,JRA3Q,5319,5
57,1,0.9755380749702454,1,JRA3Q,5319,5
66,0,0.0807592198252677,0,JRA3Q,5319,5
67,1,0.5107603073120117,1,JRA3Q,5319,5
74,0,0.376903623342514,0,JRA3Q,5319,5
75,1,0.8955077528953552,1,JRA3Q,5319,5
122,0,0.1087876707315445,0,JRA3Q,5319,5
123,1,0.1871491521596908,0,JRA3Q,5319,5
126,0,0.2367713451385498,0,JRA3Q,5319,5
127,1,0.1657478064298629,0,JRA3Q,5319,5
130,0,0.1871491521596908,0,JRA3Q,5319,5
131,1,0.8736962676048279,1,JRA3Q,5319,5
132,0,0.1087876707315445,0,JRA3Q,5319,5
133,1,0.2238355576992035,0,JRA3Q,5319,5
136,0,0.4793456196784973,0,JRA3Q,5319,5
137,1,0.967864453792572,1,JRA3Q,5319,5
140,0,0.097197376191616,0,JRA3Q,5319,5
141,1,0.796648383140564,1,JRA3Q,5319,5
176,0,0.396133542060852,0,JRA3Q,5319,5
177,1,0.5873763561248779,1,JRA3Q,5319,5
184,0,0.0498298592865467,0,JRA3Q,5319,5
185,1,0.5249396562576294,1,JRA3Q,5319,5
192,0,0.5782973766326904,1,JRA3Q,5319,5
193,1,0.4356918036937713,0,JRA3Q,5319,5
202,0,0.0510063394904136,0,JRA3Q,5319,5
203,1,0.6382180452346802,1,JRA3Q,5319,5
204,0,0.691223680973053,1,JRA3Q,5319,5
205,1,0.5762943625450134,1,JRA3Q,5319,5
206,0,0.0510063394904136,0,JRA3Q,5319,5
207,1,0.6382180452346802,1,JRA3Q,5319,5
214,0,0.5972146987915039,1,JRA3Q,5319,5
215,1,0.5083264708518982,1,JRA3Q,5319,5
228,0,0.5582922101020813,1,JRA3Q,5319,5
229,1,0.5711135864257812,1,JRA3Q,5319,5
244,0,0.4137807190418243,0,JRA3Q,5319,5
245,1,0.8882032632827759,1,JRA3Q,5319,5
256,0,0.5402037501335144,1,JRA3Q,5319,5
257,1,0.2977983653545379,0,JRA3Q,5319,5
280,0,0.1670004725456237,0,JRA3Q,5319,5
281,1,0.1457263976335525,0,JRA3Q,5319,5
282,0,0.3047084212303161,0,JRA3Q,5319,5
283,1,0.5782973766326904,1,JRA3Q,5319,5
294,0,0.0225238241255283,0,JRA3Q,5319,5
295,1,0.4421145021915436,0,JRA3Q,5319,5
298,0,0.1322231888771057,0,JRA3Q,5319,5
299,1,0.874712347984314,1,JRA3Q,5319,5
308,0,0.2021113336086273,0,JRA3Q,5319,5
309,1,0.7432059049606323,1,JRA3Q,5319,5
318,0,0.193897858262062,0,JRA3Q,5319,5
319,1,0.9370552897453308,1,JRA3Q,5319,5
322,0,0.069675974547863,0,JRA3Q,5319,5
323,1,0.7363694906234741,1,JRA3Q,5319,5
324,0,0.2196162492036819,0,JRA3Q,5319,5
325,1,0.6485684514045715,1,JRA3Q,5319,5
334,0,0.3052154779434204,0,JRA3Q,5319,5
335,1,0.194280058145523,0,JRA3Q,5319,5
354,0,0.4666556715965271,0,JRA3Q,5319,5
355,1,0.7111800909042358,1,JRA3Q,5319,5
356,0,0.361577421426773,0,JRA3Q,5319,5
357,1,0.8656448721885681,1,JRA3Q,5319,5
360,0,0.2025097012519836,0,JRA3Q,5319,5
361,1,0.0626957938075065,0,JRA3Q,5319,5
378,0,0.129695326089859,0,JRA3Q,5319,5
379,1,0.488442987203598,0,JRA3Q,5319,5
386,0,0.1910922676324844,0,JRA3Q,5319,5
387,1,0.562673807144165,1,JRA3Q,5319,5
396,0,0.0470590442419052,0,JRA3Q,5319,5
397,1,0.3485885560512543,0,JRA3Q,5319,5
402,0,0.1895681172609329,0,JRA3Q,5319,5
403,1,0.7111800312995911,1,JRA3Q,5319,5
16,0,0.4370849132537842,0,JRA3Q,6469,1
17,1,0.7201860547065735,1,JRA3Q,6469,1
22,0,0.7163225412368774,1,JRA3Q,6469,1
23,1,0.7477058172225952,1,JRA3Q,6469,1
24,0,0.5373907685279846,1,JRA3Q,6469,1
25,1,0.7165539264678955,1,JRA3Q,6469,1
40,0,0.3461229205131531,0,JRA3Q,6469,1
41,1,0.7157348394393921,1,JRA3Q,6469,1
56,0,0.5968680381774902,1,JRA3Q,6469,1
57,1,0.9668993353843688,1,JRA3Q,6469,1
62,0,0.104666456580162,0,JRA3Q,6469,1
63,1,0.5893740653991699,1,JRA3Q,6469,1
68,0,0.8782474994659424,1,JRA3Q,6469,1
69,1,0.5531393885612488,1,JRA3Q,6469,1
74,0,0.0965732261538505,0,JRA3Q,6469,1
75,1,0.9739911556243896,1,JRA3Q,6469,1
80,0,0.0276744347065687,0,JRA3Q,6469,1
81,1,0.0524435527622699,0,JRA3Q,6469,1
86,0,0.6161416172981262,1,JRA3Q,6469,1
87,1,0.1494031995534896,0,JRA3Q,6469,1
90,0,0.0296159144490957,0,JRA3Q,6469,1
91,1,0.8760623335838318,1,JRA3Q,6469,1
96,0,0.0524435527622699,0,JRA3Q,6469,1
97,1,0.297792375087738,0,JRA3Q,6469,1
100,0,0.1943836957216262,0,JRA3Q,6469,1
101,1,0.941467821598053,1,JRA3Q,6469,1
136,0,0.785652756690979,1,JRA3Q,6469,1
137,1,0.9607354998588562,1,JRA3Q,6469,1
140,0,0.2299831062555313,0,JRA3Q,6469,1
141,1,0.6472751498222351,1,JRA3Q,6469,1
142,0,0.0739356875419616,0,JRA3Q,6469,1
143,1,0.8458589911460876,1,JRA3Q,6469,1
150,0,0.4525569975376129,0,JRA3Q,6469,1
151,1,0.6736874580383301,1,JRA3Q,6469,1
152,0,0.0239117108285427,0,JRA3Q,6469,1
153,1,0.9607354998588562,1,JRA3Q,6469,1
170,0,0.035647977143526,0,JRA3Q,6469,1
171,1,0.7379243969917297,1,JRA3Q,6469,1
178,0,0.0150169059634208,0,JRA3Q,6469,1
179,1,0.73438560962677,1,JRA3Q,6469,1
188,0,0.6386286020278931,1,JRA3Q,6469,1
189,1,0.9341875314712524,1,JRA3Q,6469,1
194,0,0.1609113663434982,0,JRA3Q,6469,1
195,1,0.0589636527001857,0,JRA3Q,6469,1
212,0,0.598451554775238,1,JRA3Q,6469,1
213,1,0.9054688811302184,1,JRA3Q,6469,1
218,0,0.0159272216260433,0,JRA3Q,6469,1
219,1,0.8565099835395813,1,JRA3Q,6469,1
228,0,0.62218177318573,1,JRA3Q,6469,1
229,1,0.577518105506897,1,JRA3Q,6469,1
232,0,0.5324710607528687,1,JRA3Q,6469,1
233,1,0.6577874422073364,1,JRA3Q,6469,1
236,0,0.0238835718482732,0,JRA3Q,6469,1
237,1,0.9587850570678712,1,JRA3Q,6469,1
250,0,0.0169917047023773,0,JRA3Q,6469,1
251,1,0.7187737226486206,1,JRA3Q,6469,1
252,0,0.0754846632480621,0,JRA3Q,6469,1
253,1,0.7585409283638,1,JRA3Q,6469,1
274,0,0.5984581112861633,1,JRA3Q,6469,1
275,1,0.9659409523010254,1,JRA3Q,6469,1
276,0,0.3902275860309601,0,JRA3Q,6469,1
277,1,0.3187516927719116,0,JRA3Q,6469,1
288,0,0.0589636527001857,0,JRA3Q,6469,1
289,1,0.9626176357269288,1,JRA3Q,6469,1
318,0,0.1047955602407455,0,JRA3Q,6469,1
319,1,0.9399545192718506,1,JRA3Q,6469,1
324,0,0.1260046958923339,0,JRA3Q,6469,1
325,1,0.8951321244239807,1,JRA3Q,6469,1
326,0,0.0454392023384571,0,JRA3Q,6469,1
327,1,0.9283254742622375,1,JRA3Q,6469,1
336,0,0.0234906859695911,0,JRA3Q,6469,1
337,1,0.5048106908798218,1,JRA3Q,6469,1
354,0,0.3348575234413147,0,JRA3Q,6469,1
355,1,0.7812914848327637,1,JRA3Q,6469,1
364,0,0.7451232671737671,1,JRA3Q,6469,1
365,1,0.8924274444580078,1,JRA3Q,6469,1
370,0,0.6256418228149414,1,JRA3Q,6469,1
371,1,0.8020634055137634,1,JRA3Q,6469,1
372,0,0.1367713510990142,0,JRA3Q,6469,1
373,1,0.7753806710243225,1,JRA3Q,6469,1
374,0,0.3456060290336609,0,JRA3Q,6469,1
375,1,0.5991600751876831,1,JRA3Q,6469,1
0,0,0.3082663118839264,0,JRA3Q,6469,2
1,1,0.4603951573371887,0,JRA3Q,6469,2
6,0,0.2923018932342529,0,JRA3Q,6469,2
7,1,0.9069355726242064,1,JRA3Q,6469,2
34,0,0.5180577039718628,1,JRA3Q,6469,2
35,1,0.0928712785243988,0,JRA3Q,6469,2
36,0,0.1319625973701477,0,JRA3Q,6469,2
37,1,0.0703514441847801,0,JRA3Q,6469,2
42,0,0.0490453951060771,0,JRA3Q,6469,2
43,1,0.1275510638952255,0,JRA3Q,6469,2
60,0,0.0674055814743042,0,JRA3Q,6469,2
61,1,0.9347320795059204,1,JRA3Q,6469,2
78,0,0.211205169558525,0,JRA3Q,6469,2
79,1,0.942860186100006,1,JRA3Q,6469,2
82,0,0.8234395980834961,1,JRA3Q,6469,2
83,1,0.7458246946334839,1,JRA3Q,6469,2
92,0,0.1423756331205368,0,JRA3Q,6469,2
93,1,0.942860186100006,1,JRA3Q,6469,2
94,0,0.59987872838974,1,JRA3Q,6469,2
95,1,0.3182221055030823,0,JRA3Q,6469,2
98,0,0.8234395980834961,1,JRA3Q,6469,2
99,1,0.7458246946334839,1,JRA3Q,6469,2
104,0,0.2166533023118972,0,JRA3Q,6469,2
105,1,0.7458246946334839,1,JRA3Q,6469,2
114,0,0.4777849018573761,0,JRA3Q,6469,2
115,1,0.8565128445625305,1,JRA3Q,6469,2
116,0,0.3925676643848419,0,JRA3Q,6469,2
117,1,0.4777849018573761,0,JRA3Q,6469,2
118,0,0.0825015231966972,0,JRA3Q,6469,2
119,1,0.9689379334449768,1,JRA3Q,6469,2
124,0,0.894875168800354,1,JRA3Q,6469,2
125,1,0.7684789896011353,1,JRA3Q,6469,2
146,0,0.0603510253131389,0,JRA3Q,6469,2
147,1,0.9757378697395324,1,JRA3Q,6469,2
172,0,0.7928892374038696,1,JRA3Q,6469,2
173,1,0.7602725028991699,1,JRA3Q,6469,2
192,0,0.7363569736480713,1,JRA3Q,6469,2
193,1,0.7033180594444275,1,JRA3Q,6469,2
202,0,0.0387524701654911,0,JRA3Q,6469,2
203,1,0.228580042719841,0,JRA3Q,6469,2
206,0,0.0387524701654911,0,JRA3Q,6469,2
207,1,0.228580042719841,0,JRA3Q,6469,2
214,0,0.1767326295375824,0,JRA3Q,6469,2
215,1,0.7613592147827148,1,JRA3Q,6469,2
220,0,0.7191897034645081,1,JRA3Q,6469,2
221,1,0.6223391890525818,1,JRA3Q,6469,2
238,0,0.6638613939285278,1,JRA3Q,6469,2
239,1,0.7032119035720825,1,JRA3Q,6469,2
240,0,0.2040415853261947,0,JRA3Q,6469,2
241,1,0.4161583185195923,0,JRA3Q,6469,2
244,0,0.6573024988174438,1,JRA3Q,6469,2
245,1,0.8273919820785522,1,JRA3Q,6469,2
246,0,0.1088585630059242,0,JRA3Q,6469,2
247,1,0.3169446289539337,0,JRA3Q,6469,2
258,0,0.3709949254989624,0,JRA3Q,6469,2
259,1,0.7737535834312439,1,JRA3Q,6469,2
260,0,0.120830550789833,0,JRA3Q,6469,2
261,1,0.8020009994506836,1,JRA3Q,6469,2
262,0,0.061270285397768,0,JRA3Q,6469,2
263,1,0.9604439735412598,1,JRA3Q,6469,2
272,0,0.1954308450222015,0,JRA3Q,6469,2
273,1,0.4431650936603546,0,JRA3Q,6469,2
284,0,0.2621352076530456,0,JRA3Q,6469,2
285,1,0.8793152570724487,1,JRA3Q,6469,2
286,0,0.1735899299383163,0,JRA3Q,6469,2
287,1,0.2418908923864364,0,JRA3Q,6469,2
308,0,0.1174948513507843,0,JRA3Q,6469,2
309,1,0.942860186100006,1,JRA3Q,6469,2
320,0,0.253745973110199,0,JRA3Q,6469,2
321,1,0.8077462315559387,1,JRA3Q,6469,2
332,0,0.0708808675408363,0,JRA3Q,6469,2
333,1,0.7501139044761658,1,JRA3Q,6469,2
346,0,0.1789142191410064,0,JRA3Q,6469,2
347,1,0.9192326068878174,1,JRA3Q,6469,2
376,0,0.248902752995491,0,JRA3Q,6469,2
377,1,0.4490325152873993,0,JRA3Q,6469,2
380,0,0.2220127582550048,0,JRA3Q,6469,2
381,1,0.3723063766956329,0,JRA3Q,6469,2
388,0,0.0373901315033435,0,JRA3Q,6469,2
389,1,0.5814822912216187,1,JRA3Q,6469,2
396,0,0.1703563928604126,0,JRA3Q,6469,2
397,1,0.5930646061897278,1,JRA3Q,6469,2
28,0,0.0904969796538353,0,JRA3Q,6469,3
29,1,0.5416324138641357,1,JRA3Q,6469,3
32,0,0.545612633228302,1,JRA3Q,6469,3
33,1,0.8708044290542603,1,JRA3Q,6469,3
38,0,0.5349565744400024,1,JRA3Q,6469,3
39,1,0.4676099419593811,0,JRA3Q,6469,3
46,0,0.5336114168167114,1,JRA3Q,6469,3
47,1,0.3809193670749664,0,JRA3Q,6469,3
50,0,0.971166491508484,1,JRA3Q,6469,3
51,1,0.570664644241333,1,JRA3Q,6469,3
52,0,0.971166491508484,1,JRA3Q,6469,3
53,1,0.570664644241333,1,JRA3Q,6469,3
54,0,0.0424508489668369,0,JRA3Q,6469,3
55,1,0.962864339351654,1,JRA3Q,6469,3
64,0,0.1051806434988975,0,JRA3Q,6469,3
65,1,0.9344879984855652,1,JRA3Q,6469,3
66,0,0.0531436689198017,0,JRA3Q,6469,3
67,1,0.8278037309646606,1,JRA3Q,6469,3
72,0,0.0280720572918653,0,JRA3Q,6469,3
73,1,0.2822482883930206,0,JRA3Q,6469,3
84,0,0.9650862812995912,1,JRA3Q,6469,3
85,1,0.9350378513336182,1,JRA3Q,6469,3
106,0,0.2928957343101501,0,JRA3Q,6469,3
107,1,0.8762890100479126,1,JRA3Q,6469,3
122,0,0.0637232959270477,0,JRA3Q,6469,3
123,1,0.206935703754425,0,JRA3Q,6469,3
132,0,0.0637232959270477,0,JRA3Q,6469,3
133,1,0.2309374064207077,0,JRA3Q,6469,3
144,0,0.8428086638450623,1,JRA3Q,6469,3
145,1,0.0248551089316606,0,JRA3Q,6469,3
148,0,0.3901000320911407,0,JRA3Q,6469,3
149,1,0.4656882882118225,0,JRA3Q,6469,3
160,0,0.0407241806387901,0,JRA3Q,6469,3
161,1,0.8134174942970276,1,JRA3Q,6469,3
166,0,0.4057425260543823,0,JRA3Q,6469,3
167,1,0.8520779013633728,1,JRA3Q,6469,3
176,0,0.3350343108177185,0,JRA3Q,6469,3
177,1,0.8566868305206299,1,JRA3Q,6469,3
182,0,0.6692936420440674,1,JRA3Q,6469,3
183,1,0.8359185457229614,1,JRA3Q,6469,3
186,0,0.1408454179763794,0,JRA3Q,6469,3
187,1,0.8828426003456116,1,JRA3Q,6469,3
208,0,0.0820725858211517,0,JRA3Q,6469,3
209,1,0.966156005859375,1,JRA3Q,6469,3
224,0,0.9096083045005798,1,JRA3Q,6469,3
225,1,0.6059266328811646,1,JRA3Q,6469,3
254,0,0.7528071403503418,1,JRA3Q,6469,3
255,1,0.9554880261421204,1,JRA3Q,6469,3
264,0,0.6755460500717163,1,JRA3Q,6469,3
265,1,0.8702963590621948,1,JRA3Q,6469,3
266,0,0.3004669845104217,0,JRA3Q,6469,3
267,1,0.742597758769989,1,JRA3Q,6469,3
268,0,0.7316562533378601,1,JRA3Q,6469,3
269,1,0.6621392965316772,1,JRA3Q,6469,3
280,0,0.2533840537071228,0,JRA3Q,6469,3
281,1,0.3196077942848205,0,JRA3Q,6469,3
282,0,0.3697452843189239,0,JRA3Q,6469,3
283,1,0.4615546464920044,0,JRA3Q,6469,3
290,0,0.4815719723701477,0,JRA3Q,6469,3
291,1,0.8609266877174377,1,JRA3Q,6469,3
296,0,0.4656882882118225,0,JRA3Q,6469,3
297,1,0.9746056199073792,1,JRA3Q,6469,3
300,0,0.1221459731459617,0,JRA3Q,6469,3
301,1,0.9686411023139954,1,JRA3Q,6469,3
302,0,0.5059571862220764,1,JRA3Q,6469,3
303,1,0.7575948238372803,1,JRA3Q,6469,3
310,0,0.0644900947809219,0,JRA3Q,6469,3
311,1,0.8983393311500549,1,JRA3Q,6469,3
314,0,0.1318192929029464,0,JRA3Q,6469,3
315,1,0.1504366397857666,0,JRA3Q,6469,3
328,0,0.3934122025966644,0,JRA3Q,6469,3
329,1,0.9662015438079834,1,JRA3Q,6469,3
352,0,0.3753302991390228,0,JRA3Q,6469,3
353,1,0.951301634311676,1,JRA3Q,6469,3
362,0,0.0271046888083219,0,JRA3Q,6469,3
363,1,0.0929667726159095,0,JRA3Q,6469,3
368,0,0.0319848284125328,0,JRA3Q,6469,3
369,1,0.5732053518295288,1,JRA3Q,6469,3
378,0,0.1866007596254348,0,JRA3Q,6469,3
379,1,0.6795466542243958,1,JRA3Q,6469,3
394,0,0.3231413960456848,0,JRA3Q,6469,3
395,1,0.6280262470245361,1,JRA3Q,6469,3
2,0,0.7316470146179199,1,JRA3Q,6469,4
3,1,0.0891455560922622,0,JRA3Q,6469,4
8,0,0.8208191394805908,1,JRA3Q,6469,4
9,1,0.6395297646522522,1,JRA3Q,6469,4
10,0,0.7871223092079163,1,JRA3Q,6469,4
11,1,0.7649000287055969,1,JRA3Q,6469,4
14,0,0.2272321879863739,0,JRA3Q,6469,4
15,1,0.8551317453384399,1,JRA3Q,6469,4
18,0,0.4512439668178558,0,JRA3Q,6469,4
19,1,0.8083927035331726,1,JRA3Q,6469,4
26,0,0.2681781649589538,0,JRA3Q,6469,4
27,1,0.2458279728889465,0,JRA3Q,6469,4
48,0,0.8551185131072998,1,JRA3Q,6469,4
49,1,0.8234053254127502,1,JRA3Q,6469,4
70,0,0.8502436876296997,1,JRA3Q,6469,4
71,1,0.3477183580398559,0,JRA3Q,6469,4
76,0,0.7496819496154785,1,JRA3Q,6469,4
77,1,0.9526495337486268,1,JRA3Q,6469,4
108,0,0.1074080765247345,0,JRA3Q,6469,4
109,1,0.8551862239837646,1,JRA3Q,6469,4
112,0,0.207021564245224,0,JRA3Q,6469,4
113,1,0.945103883743286,1,JRA3Q,6469,4
126,0,0.1069085672497749,0,JRA3Q,6469,4
127,1,0.4242148697376251,0,JRA3Q,6469,4
138,0,0.924367904663086,1,JRA3Q,6469,4
139,1,0.9525174498558044,1,JRA3Q,6469,4
154,0,0.7974959015846252,1,JRA3Q,6469,4
155,1,0.4242148697376251,0,JRA3Q,6469,4
158,0,0.4242148697376251,0,JRA3Q,6469,4
159,1,0.967513144016266,1,JRA3Q,6469,4
180,0,0.6091302633285522,1,JRA3Q,6469,4
181,1,0.9448744654655457,1,JRA3Q,6469,4
190,0,0.7134791016578674,1,JRA3Q,6469,4
191,1,0.0621722787618637,0,JRA3Q,6469,4
200,0,0.0741019919514656,0,JRA3Q,6469,4
201,1,0.9360867142677308,1,JRA3Q,6469,4
210,0,0.7853769659996033,1,JRA3Q,6469,4
211,1,0.918590486049652,1,JRA3Q,6469,4
216,0,0.0284842159599065,0,JRA3Q,6469,4
217,1,0.9371572732925416,1,JRA3Q,6469,4
222,0,0.7003402709960938,1,JRA3Q,6469,4
223,1,0.9173969626426696,1,JRA3Q,6469,4
226,0,0.2376504987478256,0,JRA3Q,6469,4
227,1,0.7266543507575989,1,JRA3Q,6469,4
230,0,0.8727679252624512,1,JRA3Q,6469,4
231,1,0.1013517901301384,0,JRA3Q,6469,4
256,0,0.766387939453125,1,JRA3Q,6469,4
257,1,0.731858491897583,1,JRA3Q,6469,4
270,0,0.0277481004595756,0,JRA3Q,6469,4
271,1,0.9580021500587464,1,JRA3Q,6469,4
294,0,0.0132789285853505,0,JRA3Q,6469,4
295,1,0.7712234258651733,1,JRA3Q,6469,4
298,0,0.1257465332746505,0,JRA3Q,6469,4
299,1,0.8846738338470459,1,JRA3Q,6469,4
306,0,0.1380231976509094,0,JRA3Q,6469,4
307,1,0.9554021954536438,1,JRA3Q,6469,4
312,0,0.1437096446752548,0,JRA3Q,6469,4
313,1,0.9234652519226074,1,JRA3Q,6469,4
316,0,0.152060329914093,0,JRA3Q,6469,4
317,1,0.4827430248260498,0,JRA3Q,6469,4
330,0,0.0072090439498424,0,JRA3Q,6469,4
331,1,0.6470462679862976,1,JRA3Q,6469,4
334,0,0.0710801854729652,0,JRA3Q,6469,4
335,1,0.2362862229347229,0,JRA3Q,6469,4
342,0,0.0184403043240308,0,JRA3Q,6469,4
343,1,0.9090400338172911,1,JRA3Q,6469,4
344,0,0.2213037461042404,0,JRA3Q,6469,4
345,1,0.9228459596633912,1,JRA3Q,6469,4
356,0,0.0885445177555084,0,JRA3Q,6469,4
357,1,0.7653093934059143,1,JRA3Q,6469,4
358,0,0.0399607047438621,0,JRA3Q,6469,4
359,1,0.3258756101131439,0,JRA3Q,6469,4
390,0,0.342327743768692,0,JRA3Q,6469,4
391,1,0.7801773548126221,1,JRA3Q,6469,4
392,0,0.5076114535331726,1,JRA3Q,6469,4
393,1,0.7534553408622742,1,JRA3Q,6469,4
398,0,0.0528464466333389,0,JRA3Q,6469,4
399,1,0.6179179549217224,1,JRA3Q,6469,4
4,0,0.7511775493621826,1,JRA3Q,6469,5
5,1,0.442249596118927,0,JRA3Q,6469,5
12,0,0.0873673632740974,0,JRA3Q,6469,5
13,1,0.7940874695777893,1,JRA3Q,6469,5
20,0,0.7131646871566772,1,JRA3Q,6469,5
21,1,0.6886342167854309,1,JRA3Q,6469,5
30,0,0.2267544567584991,0,JRA3Q,6469,5
31,1,0.735298752784729,1,JRA3Q,6469,5
44,0,0.2747724056243896,0,JRA3Q,6469,5
45,1,0.2002088874578476,0,JRA3Q,6469,5
58,0,0.0528440587222576,0,JRA3Q,6469,5
59,1,0.8849489688873291,1,JRA3Q,6469,5
88,0,0.5382804870605469,1,JRA3Q,6469,5
89,1,0.2213730812072754,0,JRA3Q,6469,5
102,0,0.1935004591941833,0,JRA3Q,6469,5
103,1,0.9180252552032472,1,JRA3Q,6469,5
110,0,0.2344967126846313,0,JRA3Q,6469,5
111,1,0.7589578628540039,1,JRA3Q,6469,5
120,0,0.2777678072452545,0,JRA3Q,6469,5
121,1,0.9189736843109132,1,JRA3Q,6469,5
128,0,0.0268086735159158,0,JRA3Q,6469,5
129,1,0.3695348501205444,0,JRA3Q,6469,5
130,0,0.4135314524173736,0,JRA3Q,6469,5
131,1,0.8725047707557678,1,JRA3Q,6469,5
134,0,0.043604914098978,0,JRA3Q,6469,5
135,1,0.5566691160202026,1,JRA3Q,6469,5
156,0,0.0550481118261814,0,JRA3Q,6469,5
157,1,0.6624425053596497,1,JRA3Q,6469,5
162,0,0.0983281582593917,0,JRA3Q,6469,5
163,1,0.9391846060752868,1,JRA3Q,6469,5
164,0,0.0755162015557289,0,JRA3Q,6469,5
165,1,0.1357794553041458,0,JRA3Q,6469,5
168,0,0.1499076038599014,0,JRA3Q,6469,5
169,1,0.3964515924453735,0,JRA3Q,6469,5
174,0,0.1330620050430297,0,JRA3Q,6469,5
175,1,0.8464519381523132,1,JRA3Q,6469,5
184,0,0.0530337020754814,0,JRA3Q,6469,5
185,1,0.4764906167984009,0,JRA3Q,6469,5
196,0,0.3273363709449768,0,JRA3Q,6469,5
197,1,0.9387866854667664,1,JRA3Q,6469,5
198,0,0.2252572774887085,0,JRA3Q,6469,5
199,1,0.6237841248512268,1,JRA3Q,6469,5
204,0,0.6893104910850525,1,JRA3Q,6469,5
205,1,0.570660412311554,1,JRA3Q,6469,5
234,0,0.0597671680152416,0,JRA3Q,6469,5
235,1,0.4837526679039001,0,JRA3Q,6469,5
242,0,0.1409141421318054,0,JRA3Q,6469,5
243,1,0.7429693937301636,1,JRA3Q,6469,5
248,0,0.0920575484633445,0,JRA3Q,6469,5
249,1,0.5080153942108154,1,JRA3Q,6469,5
278,0,0.7398351430892944,1,JRA3Q,6469,5
279,1,0.8961696028709412,1,JRA3Q,6469,5
292,0,0.0598285235464572,0,JRA3Q,6469,5
293,1,0.8396103978157043,1,JRA3Q,6469,5
304,0,0.2622166275978088,0,JRA3Q,6469,5
305,1,0.5456284284591675,1,JRA3Q,6469,5
322,0,0.0256402362138032,0,JRA3Q,6469,5
323,1,0.8035754561424255,1,JRA3Q,6469,5
338,0,0.2143462747335434,0,JRA3Q,6469,5
339,1,0.3761819005012512,0,JRA3Q,6469,5
340,0,0.0929006561636924,0,JRA3Q,6469,5
341,1,0.4785040318965912,0,JRA3Q,6469,5
348,0,0.2123086750507354,0,JRA3Q,6469,5
349,1,0.8837428092956543,1,JRA3Q,6469,5
350,0,0.07005475461483,0,JRA3Q,6469,5
351,1,0.8443973660469055,1,JRA3Q,6469,5
360,0,0.3569483757019043,0,JRA3Q,6469,5
361,1,0.2225712984800338,0,JRA3Q,6469,5
366,0,0.0358673781156539,0,JRA3Q,6469,5
367,1,0.4335557818412781,0,JRA3Q,6469,5
382,0,0.1598431020975113,0,JRA3Q,6469,5
383,1,0.54252690076828,1,JRA3Q,6469,5
384,0,0.0767153277993202,0,JRA3Q,6469,5
385,1,0.8112875819206238,1,JRA3Q,6469,5
386,0,0.1824830323457718,0,JRA3Q,6469,5
387,1,0.3290618062019348,0,JRA3Q,6469,5
400,0,0.2123086750507354,0,JRA3Q,6469,5
401,1,0.5846837162971497,1,JRA3Q,6469,5
402,0,0.068389669060707,0,JRA3Q,6469,5
403,1,0.8825896978378296,1,JRA3Q,6469,5
6,0,0.0330195091664791,0,JRA3Q,9919,1
7,1,0.6445614695549011,1,JRA3Q,9919,1
12,0,0.6651530265808105,1,JRA3Q,9919,1
13,1,0.9147146344184875,1,JRA3Q,9919,1
54,0,0.0268095806241035,0,JRA3Q,9919,1
55,1,0.9826732873916626,1,JRA3Q,9919,1
70,0,0.755918025970459,1,JRA3Q,9919,1
71,1,0.0835379436612129,0,JRA3Q,9919,1
72,0,0.0637011677026748,0,JRA3Q,9919,1
73,1,0.0806823670864105,0,JRA3Q,9919,1
76,0,0.4276626408100128,0,JRA3Q,9919,1
77,1,0.9363168478012084,1,JRA3Q,9919,1
78,0,0.0240911189466714,0,JRA3Q,9919,1
79,1,0.8934121131896973,1,JRA3Q,9919,1
80,0,0.2600502967834472,0,JRA3Q,9919,1
81,1,0.2182099223136901,0,JRA3Q,9919,1
86,0,0.6180422902107239,1,JRA3Q,9919,1
87,1,0.6980849504470825,1,JRA3Q,9919,1
96,0,0.2182099223136901,0,JRA3Q,9919,1
97,1,0.2342016398906707,0,JRA3Q,9919,1
98,0,0.9567688703536988,1,JRA3Q,9919,1
99,1,0.9745867252349854,1,JRA3Q,9919,1
100,0,0.0605488084256649,0,JRA3Q,9919,1
101,1,0.957673728466034,1,JRA3Q,9919,1
114,0,0.9698067307472228,1,JRA3Q,9919,1
115,1,0.809929609298706,1,JRA3Q,9919,1
128,0,0.0151746748015284,0,JRA3Q,9919,1
129,1,0.5901361107826233,1,JRA3Q,9919,1
138,0,0.9648721218109132,1,JRA3Q,9919,1
139,1,0.9874663949012756,1,JRA3Q,9919,1
146,0,0.1368779242038726,0,JRA3Q,9919,1
147,1,0.9845957159996032,1,JRA3Q,9919,1
152,0,0.1821063905954361,0,JRA3Q,9919,1
153,1,0.9782546758651732,1,JRA3Q,9919,1
210,0,0.4098542630672455,0,JRA3Q,9919,1
211,1,0.2153678685426712,0,JRA3Q,9919,1
226,0,0.1110986992716789,0,JRA3Q,9919,1
227,1,0.4338802695274353,0,JRA3Q,9919,1
228,0,0.7872692346572876,1,JRA3Q,9919,1
229,1,0.8324095606803894,1,JRA3Q,9919,1
234,0,0.0252627171576023,0,JRA3Q,9919,1
235,1,0.8152768611907959,1,JRA3Q,9919,1
236,0,0.0460438914597034,0,JRA3Q,9919,1
237,1,0.8320946097373962,1,JRA3Q,9919,1
242,0,0.0517881028354167,0,JRA3Q,9919,1
243,1,0.6997495293617249,1,JRA3Q,9919,1
258,0,0.0684895664453506,0,JRA3Q,9919,1
259,1,0.8285465836524963,1,JRA3Q,9919,1
264,0,0.4400486946105957,0,JRA3Q,9919,1
265,1,0.935801923274994,1,JRA3Q,9919,1
290,0,0.0276468358933925,0,JRA3Q,9919,1
291,1,0.7512190937995911,1,JRA3Q,9919,1
296,0,0.1855592131614685,0,JRA3Q,9919,1
297,1,0.9782546758651732,1,JRA3Q,9919,1
302,0,0.7468679547309875,1,JRA3Q,9919,1
303,1,0.720984935760498,1,JRA3Q,9919,1
306,0,0.0211269967257976,0,JRA3Q,9919,1
307,1,0.9918158650398254,1,JRA3Q,9919,1
308,0,0.2542759478092193,0,JRA3Q,9919,1
309,1,0.8934121131896973,1,JRA3Q,9919,1
312,0,0.0151827940717339,0,JRA3Q,9919,1
313,1,0.9713318943977356,1,JRA3Q,9919,1
342,0,0.1469891667366027,0,JRA3Q,9919,1
343,1,0.910050094127655,1,JRA3Q,9919,1
348,0,0.0277029406279325,0,JRA3Q,9919,1
349,1,0.8891669511795044,1,JRA3Q,9919,1
352,0,0.0228609405457973,0,JRA3Q,9919,1
353,1,0.8636409044265747,1,JRA3Q,9919,1
354,0,0.5567120909690857,1,JRA3Q,9919,1
355,1,0.8755320310592651,1,JRA3Q,9919,1
360,0,0.2260348051786422,0,JRA3Q,9919,1
361,1,0.0182617213577032,0,JRA3Q,9919,1
366,0,0.0803057923913002,0,JRA3Q,9919,1
367,1,0.6119001507759094,1,JRA3Q,9919,1
372,0,0.7509577870368958,1,JRA3Q,9919,1
373,1,0.8741743564605713,1,JRA3Q,9919,1
374,0,0.0520131327211856,0,JRA3Q,9919,1
375,1,0.0229359045624732,0,JRA3Q,9919,1
382,0,0.1033512726426124,0,JRA3Q,9919,1
383,1,0.2281626313924789,0,JRA3Q,9919,1
392,0,0.0337973237037658,0,JRA3Q,9919,1
393,1,0.6504604816436768,1,JRA3Q,9919,1
10,0,0.8246201276779175,1,JRA3Q,9919,2
11,1,0.1490079313516616,0,JRA3Q,9919,2
14,0,0.093796320259571,0,JRA3Q,9919,2
15,1,0.9975001215934752,1,JRA3Q,9919,2
16,0,0.9852547645568848,1,JRA3Q,9919,2
17,1,0.962987780570984,1,JRA3Q,9919,2
22,0,0.7817943692207336,1,JRA3Q,9919,2
23,1,0.948046863079071,1,JRA3Q,9919,2
24,0,0.5631676912307739,1,JRA3Q,9919,2
25,1,0.8474014401435852,1,JRA3Q,9919,2
26,0,0.0043151737190783,0,JRA3Q,9919,2
27,1,0.9520162343978882,1,JRA3Q,9919,2
32,0,0.0149110071361064,0,JRA3Q,9919,2
33,1,0.8655258417129517,1,JRA3Q,9919,2
38,0,0.016772611066699,0,JRA3Q,9919,2
39,1,0.0039595537818968,0,JRA3Q,9919,2
40,0,0.885252833366394,1,JRA3Q,9919,2
41,1,0.5364258289337158,1,JRA3Q,9919,2
44,0,0.0042341439984738,0,JRA3Q,9919,2
45,1,0.0407976582646369,0,JRA3Q,9919,2
48,0,0.9236792325973512,1,JRA3Q,9919,2
49,1,0.9497382640838624,1,JRA3Q,9919,2
50,0,0.9933475852012634,1,JRA3Q,9919,2
51,1,0.9335355758666992,1,JRA3Q,9919,2
60,0,0.0031980096828192,0,JRA3Q,9919,2
61,1,0.9981390237808228,1,JRA3Q,9919,2
84,0,0.99302738904953,1,JRA3Q,9919,2
85,1,0.9970679879188538,1,JRA3Q,9919,2
88,0,0.4152155518531799,0,JRA3Q,9919,2
89,1,0.1281890422105789,0,JRA3Q,9919,2
112,0,0.1013717874884605,0,JRA3Q,9919,2
113,1,0.999541401863098,1,JRA3Q,9919,2
116,0,0.8109807372093201,1,JRA3Q,9919,2
117,1,0.2110307216644287,0,JRA3Q,9919,2
136,0,0.3279586732387543,0,JRA3Q,9919,2
137,1,0.995798647403717,1,JRA3Q,9919,2
140,0,0.0097913397476077,0,JRA3Q,9919,2
141,1,0.8701871037483215,1,JRA3Q,9919,2
162,0,0.0058513637632131,0,JRA3Q,9919,2
163,1,0.9983445405960084,1,JRA3Q,9919,2
172,0,0.9806677103042604,1,JRA3Q,9919,2
173,1,0.9936583638191224,1,JRA3Q,9919,2
176,0,0.0333996824920177,0,JRA3Q,9919,2
177,1,0.9034401178359984,1,JRA3Q,9919,2
178,0,0.0035887106787413,0,JRA3Q,9919,2
179,1,0.9806677103042604,1,JRA3Q,9919,2
182,0,0.7998416423797607,1,JRA3Q,9919,2
183,1,0.9762949347496032,1,JRA3Q,9919,2
194,0,0.433460384607315,0,JRA3Q,9919,2
195,1,0.3181193172931671,0,JRA3Q,9919,2
214,0,0.9423858523368835,1,JRA3Q,9919,2
215,1,0.7719165086746216,1,JRA3Q,9919,2
220,0,0.6813444495201111,1,JRA3Q,9919,2
221,1,0.964917778968811,1,JRA3Q,9919,2
238,0,0.3124551177024841,0,JRA3Q,9919,2
239,1,0.7983288168907166,1,JRA3Q,9919,2
248,0,0.001915912842378,0,JRA3Q,9919,2
249,1,0.9920191168785096,1,JRA3Q,9919,2
254,0,0.0094287246465682,0,JRA3Q,9919,2
255,1,0.9890807867050172,1,JRA3Q,9919,2
256,0,0.9893264770507812,1,JRA3Q,9919,2
257,1,0.7588216662406921,1,JRA3Q,9919,2
262,0,0.0070377960801124,0,JRA3Q,9919,2
263,1,0.9926537275314332,1,JRA3Q,9919,2
272,0,0.0923912227153778,0,JRA3Q,9919,2
273,1,0.3332945704460144,0,JRA3Q,9919,2
284,0,0.5072399377822876,1,JRA3Q,9919,2
285,1,0.865693211555481,1,JRA3Q,9919,2
294,0,0.0021743711549788,0,JRA3Q,9919,2
295,1,0.9582907557487488,1,JRA3Q,9919,2
334,0,0.1308109909296035,0,JRA3Q,9919,2
335,1,0.1972225904464721,0,JRA3Q,9919,2
338,0,0.5134797692298889,1,JRA3Q,9919,2
339,1,0.0063577871769666,0,JRA3Q,9919,2
376,0,0.1042115539312362,0,JRA3Q,9919,2
377,1,0.600657045841217,1,JRA3Q,9919,2
378,0,0.0342909954488277,0,JRA3Q,9919,2
379,1,0.8477765917778015,1,JRA3Q,9919,2
402,0,0.0020687850192189,0,JRA3Q,9919,2
403,1,0.9483107328414916,1,JRA3Q,9919,2
2,0,0.8834430575370789,1,JRA3Q,9919,3
3,1,0.2543086409568786,0,JRA3Q,9919,3
8,0,0.902445375919342,1,JRA3Q,9919,3
9,1,0.1995496451854705,0,JRA3Q,9919,3
20,0,0.949903666973114,1,JRA3Q,9919,3
21,1,0.490176260471344,0,JRA3Q,9919,3
28,0,0.0507779419422149,0,JRA3Q,9919,3
29,1,0.2436582297086715,0,JRA3Q,9919,3
30,0,0.3766618967056274,0,JRA3Q,9919,3
31,1,0.9352074861526488,1,JRA3Q,9919,3
34,0,0.787264347076416,1,JRA3Q,9919,3
35,1,0.0537842325866222,0,JRA3Q,9919,3
46,0,0.787264347076416,1,JRA3Q,9919,3
47,1,0.0537842325866222,0,JRA3Q,9919,3
56,0,0.1747012138366699,0,JRA3Q,9919,3
57,1,0.9919226169586182,1,JRA3Q,9919,3
62,0,0.1517001539468765,0,JRA3Q,9919,3
63,1,0.8551247715950012,1,JRA3Q,9919,3
64,0,0.0365890525281429,0,JRA3Q,9919,3
65,1,0.968176007270813,1,JRA3Q,9919,3
68,0,0.7185693979263306,1,JRA3Q,9919,3
69,1,0.9409455060958862,1,JRA3Q,9919,3
92,0,0.0888981223106384,0,JRA3Q,9919,3
93,1,0.977433145046234,1,JRA3Q,9919,3
106,0,0.2153858542442321,0,JRA3Q,9919,3
107,1,0.868954598903656,1,JRA3Q,9919,3
122,0,0.0341429933905601,0,JRA3Q,9919,3
123,1,0.2243026047945022,0,JRA3Q,9919,3
142,0,0.1168635785579681,0,JRA3Q,9919,3
143,1,0.9875126481056212,1,JRA3Q,9919,3
150,0,0.0495264194905757,0,JRA3Q,9919,3
151,1,0.7268354892730713,1,JRA3Q,9919,3
158,0,0.5040504336357117,1,JRA3Q,9919,3
159,1,0.9733744263648988,1,JRA3Q,9919,3
174,0,0.3467322289943695,0,JRA3Q,9919,3
175,1,0.9055768251419068,1,JRA3Q,9919,3
180,0,0.0331291146576404,0,JRA3Q,9919,3
181,1,0.9640771746635436,1,JRA3Q,9919,3
188,0,0.325560450553894,0,JRA3Q,9919,3
189,1,0.8437390327453613,1,JRA3Q,9919,3
192,0,0.9160184264183044,1,JRA3Q,9919,3
193,1,0.8891486525535583,1,JRA3Q,9919,3
198,0,0.4990825951099396,0,JRA3Q,9919,3
199,1,0.847761332988739,1,JRA3Q,9919,3
218,0,0.0658310055732727,0,JRA3Q,9919,3
219,1,0.5238717794418335,1,JRA3Q,9919,3
246,0,0.045999277383089,0,JRA3Q,9919,3
247,1,0.6110323667526245,1,JRA3Q,9919,3
282,0,0.4187342822551727,0,JRA3Q,9919,3
283,1,0.9160184264183044,1,JRA3Q,9919,3
286,0,0.1573231518268585,0,JRA3Q,9919,3
287,1,0.8670941591262817,1,JRA3Q,9919,3
288,0,0.205918475985527,0,JRA3Q,9919,3
289,1,0.9818063974380492,1,JRA3Q,9919,3
292,0,0.0789816230535507,0,JRA3Q,9919,3
293,1,0.9884013533592224,1,JRA3Q,9919,3
298,0,0.126187264919281,0,JRA3Q,9919,3
299,1,0.9530814290046692,1,JRA3Q,9919,3
310,0,0.0420117974281311,0,JRA3Q,9919,3
311,1,0.94392067193985,1,JRA3Q,9919,3
314,0,0.4607751667499542,0,JRA3Q,9919,3
315,1,0.0710045173764228,0,JRA3Q,9919,3
326,0,0.0388791672885417,0,JRA3Q,9919,3
327,1,0.9000819325447083,1,JRA3Q,9919,3
330,0,0.0448452308773994,0,JRA3Q,9919,3
331,1,0.6680328845977783,1,JRA3Q,9919,3
332,0,0.0932361632585525,0,JRA3Q,9919,3
333,1,0.7268354892730713,1,JRA3Q,9919,3
346,0,0.0724280476570129,0,JRA3Q,9919,3
347,1,0.9410345554351808,1,JRA3Q,9919,3
350,0,0.0866671651601791,0,JRA3Q,9919,3
351,1,0.9766108989715576,1,JRA3Q,9919,3
370,0,0.4125931560993194,0,JRA3Q,9919,3
371,1,0.8205563426017761,1,JRA3Q,9919,3
384,0,0.2040135562419891,0,JRA3Q,9919,3
385,1,0.9294516444206238,1,JRA3Q,9919,3
386,0,0.4495894014835357,0,JRA3Q,9919,3
387,1,0.8298190832138062,1,JRA3Q,9919,3
388,0,0.0971390679478645,0,JRA3Q,9919,3
389,1,0.9133152365684508,1,JRA3Q,9919,3
398,0,0.0575398318469524,0,JRA3Q,9919,3
399,1,0.0284710954874753,0,JRA3Q,9919,3
400,0,0.1585620194673538,0,JRA3Q,9919,3
401,1,0.4276221096515655,0,JRA3Q,9919,3
36,0,0.2937486469745636,0,JRA3Q,9919,4
37,1,0.3413938879966736,0,JRA3Q,9919,4
58,0,0.5064505934715271,1,JRA3Q,9919,4
59,1,0.9434751272201538,1,JRA3Q,9919,4
66,0,0.1651792079210281,0,JRA3Q,9919,4
67,1,0.5650727152824402,1,JRA3Q,9919,4
74,0,0.4012891948223114,0,JRA3Q,9919,4
75,1,0.920751929283142,1,JRA3Q,9919,4
82,0,0.8577687740325928,1,JRA3Q,9919,4
83,1,0.8705952167510986,1,JRA3Q,9919,4
90,0,0.1282528787851333,0,JRA3Q,9919,4
91,1,0.4104304015636444,0,JRA3Q,9919,4
94,0,0.3748524188995361,0,JRA3Q,9919,4
95,1,0.4104304015636444,0,JRA3Q,9919,4
110,0,0.4013116657733917,0,JRA3Q,9919,4
111,1,0.675412118434906,1,JRA3Q,9919,4
118,0,0.2108574211597442,0,JRA3Q,9919,4
119,1,0.9408600926399232,1,JRA3Q,9919,4
120,0,0.7676966190338135,1,JRA3Q,9919,4
121,1,0.9408600926399232,1,JRA3Q,9919,4
124,0,0.8597168326377869,1,JRA3Q,9919,4
125,1,0.873964250087738,1,JRA3Q,9919,4
130,0,0.7590922117233276,1,JRA3Q,9919,4
131,1,0.873964250087738,1,JRA3Q,9919,4
144,0,0.5245023965835571,1,JRA3Q,9919,4
145,1,0.0217063333839178,0,JRA3Q,9919,4
148,0,0.5992200374603271,1,JRA3Q,9919,4
149,1,0.2171707600355148,0,JRA3Q,9919,4
160,0,0.0615331605076789,0,JRA3Q,9919,4
161,1,0.9234654903411864,1,JRA3Q,9919,4
166,0,0.4146279394626617,0,JRA3Q,9919,4
167,1,0.515122652053833,1,JRA3Q,9919,4
170,0,0.3733254969120025,0,JRA3Q,9919,4
171,1,0.6699948310852051,1,JRA3Q,9919,4
184,0,0.0303825587034225,0,JRA3Q,9919,4
185,1,0.6170258522033691,1,JRA3Q,9919,4
190,0,0.7885052561759949,1,JRA3Q,9919,4
191,1,0.1346823871135711,0,JRA3Q,9919,4
196,0,0.4065211713314056,0,JRA3Q,9919,4
197,1,0.931608259677887,1,JRA3Q,9919,4
202,0,0.0361403413116931,0,JRA3Q,9919,4
203,1,0.818481981754303,1,JRA3Q,9919,4
204,0,0.6451785564422607,1,JRA3Q,9919,4
205,1,0.8104192018508911,1,JRA3Q,9919,4
208,0,0.1985540241003036,0,JRA3Q,9919,4
209,1,0.9425312280654908,1,JRA3Q,9919,4
212,0,0.8443147540092468,1,JRA3Q,9919,4
213,1,0.7921069264411926,1,JRA3Q,9919,4
216,0,0.1985540241003036,0,JRA3Q,9919,4
217,1,0.9425312280654908,1,JRA3Q,9919,4
222,0,0.5409775376319885,1,JRA3Q,9919,4
223,1,0.5347219109535217,1,JRA3Q,9919,4
232,0,0.0812061578035354,0,JRA3Q,9919,4
233,1,0.8315787315368652,1,JRA3Q,9919,4
260,0,0.1735294610261917,0,JRA3Q,9919,4
261,1,0.7610801458358765,1,JRA3Q,9919,4
266,0,0.571000337600708,1,JRA3Q,9919,4
267,1,0.539125382900238,1,JRA3Q,9919,4
268,0,0.2368075996637344,0,JRA3Q,9919,4
269,1,0.716320276260376,1,JRA3Q,9919,4
274,0,0.549092710018158,1,JRA3Q,9919,4
275,1,0.927806556224823,1,JRA3Q,9919,4
280,0,0.1373834162950515,0,JRA3Q,9919,4
281,1,0.8009200692176819,1,JRA3Q,9919,4
300,0,0.1089676395058631,0,JRA3Q,9919,4
301,1,0.8436917066574097,1,JRA3Q,9919,4
316,0,0.4580413699150085,0,JRA3Q,9919,4
317,1,0.3528768420219421,0,JRA3Q,9919,4
322,0,0.1288039833307266,0,JRA3Q,9919,4
323,1,0.8484938144683838,1,JRA3Q,9919,4
328,0,0.2081504464149475,0,JRA3Q,9919,4
329,1,0.7391071319580078,1,JRA3Q,9919,4
336,0,0.0577939637005329,0,JRA3Q,9919,4
337,1,0.669373095035553,1,JRA3Q,9919,4
362,0,0.0959297120571136,0,JRA3Q,9919,4
363,1,0.1111613512039184,0,JRA3Q,9919,4
364,0,0.5968472361564636,1,JRA3Q,9919,4
365,1,0.7084839940071106,1,JRA3Q,9919,4
0,0,0.9429599046707152,1,JRA3Q,9919,5
1,1,0.2255831211805343,0,JRA3Q,9919,5
4,0,0.8386737704277039,1,JRA3Q,9919,5
5,1,0.3806140124797821,0,JRA3Q,9919,5
18,0,0.0370706841349601,0,JRA3Q,9919,5
19,1,0.6102007031440735,1,JRA3Q,9919,5
42,0,0.2252276688814163,0,JRA3Q,9919,5
43,1,0.1446750611066818,0,JRA3Q,9919,5
52,0,0.9131894707679749,1,JRA3Q,9919,5
53,1,0.1623060256242752,0,JRA3Q,9919,5
102,0,0.056815255433321,0,JRA3Q,9919,5
103,1,0.9718837141990662,1,JRA3Q,9919,5
104,0,0.1358061581850052,0,JRA3Q,9919,5
105,1,0.9614848494529724,1,JRA3Q,9919,5
108,0,0.1752098351716995,0,JRA3Q,9919,5
109,1,0.9316785335540771,1,JRA3Q,9919,5
126,0,0.0654978305101394,0,JRA3Q,9919,5
127,1,0.0515075102448463,0,JRA3Q,9919,5
132,0,0.0192606057971715,0,JRA3Q,9919,5
133,1,0.0544279366731643,0,JRA3Q,9919,5
134,0,0.0904723703861236,0,JRA3Q,9919,5
135,1,0.64635169506073,1,JRA3Q,9919,5
154,0,0.900153398513794,1,JRA3Q,9919,5
155,1,0.0515075102448463,0,JRA3Q,9919,5
156,0,0.0245360936969518,0,JRA3Q,9919,5
157,1,0.7534595727920532,1,JRA3Q,9919,5
164,0,0.0297821592539548,0,JRA3Q,9919,5
165,1,0.6132349371910095,1,JRA3Q,9919,5
168,0,0.0607861690223217,0,JRA3Q,9919,5
169,1,0.1289556622505188,0,JRA3Q,9919,5
186,0,0.0232192408293485,0,JRA3Q,9919,5
187,1,0.9197317957878112,1,JRA3Q,9919,5
200,0,0.0295998044312,0,JRA3Q,9919,5
201,1,0.9578575491905212,1,JRA3Q,9919,5
206,0,0.022080136463046,0,JRA3Q,9919,5
207,1,0.7822332382202148,1,JRA3Q,9919,5
224,0,0.8740763664245605,1,JRA3Q,9919,5
225,1,0.5232143998146057,1,JRA3Q,9919,5
230,0,0.7174593806266785,1,JRA3Q,9919,5
231,1,0.0196393486112356,0,JRA3Q,9919,5
240,0,0.0565219484269619,0,JRA3Q,9919,5
241,1,0.131304532289505,0,JRA3Q,9919,5
244,0,0.9397419095039368,1,JRA3Q,9919,5
245,1,0.9494167566299438,1,JRA3Q,9919,5
250,0,0.0193569995462894,0,JRA3Q,9919,5
251,1,0.8751417398452759,1,JRA3Q,9919,5
252,0,0.0384261310100555,0,JRA3Q,9919,5
253,1,0.7283704280853271,1,JRA3Q,9919,5
270,0,0.0527534857392311,0,JRA3Q,9919,5
271,1,0.983913779258728,1,JRA3Q,9919,5
276,0,0.075321651995182,0,JRA3Q,9919,5
277,1,0.3044433295726776,0,JRA3Q,9919,5
278,0,0.7928738594055176,1,JRA3Q,9919,5
279,1,0.9912140965461732,1,JRA3Q,9919,5
304,0,0.2896784842014313,0,JRA3Q,9919,5
305,1,0.1825748234987259,0,JRA3Q,9919,5
318,0,0.0507207103073596,0,JRA3Q,9919,5
319,1,0.9695402979850768,1,JRA3Q,9919,5
320,0,0.0195478145033121,0,JRA3Q,9919,5
321,1,0.8881144523620605,1,JRA3Q,9919,5
324,0,0.0843592882156372,0,JRA3Q,9919,5
325,1,0.7842006087303162,1,JRA3Q,9919,5
340,0,0.0396481230854988,0,JRA3Q,9919,5
341,1,0.2022485435009002,0,JRA3Q,9919,5
344,0,0.1191303208470344,0,JRA3Q,9919,5
345,1,0.9647281169891356,1,JRA3Q,9919,5
356,0,0.0855858400464057,0,JRA3Q,9919,5
357,1,0.9317570924758912,1,JRA3Q,9919,5
358,0,0.0477667823433876,0,JRA3Q,9919,5
359,1,0.6994519829750061,1,JRA3Q,9919,5
368,0,0.0595151558518409,0,JRA3Q,9919,5
369,1,0.1602623611688614,0,JRA3Q,9919,5
380,0,0.0734001621603965,0,JRA3Q,9919,5
381,1,0.0979779884219169,0,JRA3Q,9919,5
390,0,0.0624620541930198,0,JRA3Q,9919,5
391,1,0.4457179605960846,0,JRA3Q,9919,5
394,0,0.098088689148426,0,JRA3Q,9919,5
395,1,0.4401229619979858,0,JRA3Q,9919,5
396,0,0.0349923335015773,0,JRA3Q,9919,5
397,1,0.6541775465011597,1,JRA3Q,9919,5
18,0,0.0503810606896877,0,MERRA2,1497,1
19,1,0.8989567756652832,1,MERRA2,1497,1
28,0,0.0688455328345298,0,MERRA2,1497,1
29,1,0.0525466762483119,0,MERRA2,1497,1
34,0,0.7904671430587769,1,MERRA2,1497,1
35,1,0.4561896622180938,0,MERRA2,1497,1
54,0,0.2470949292182922,0,MERRA2,1497,1
55,1,0.9379092454910278,1,MERRA2,1497,1
70,0,0.9001486897468567,1,MERRA2,1497,1
71,1,0.4885287880897522,0,MERRA2,1497,1
88,0,0.3416385352611542,0,MERRA2,1497,1
89,1,0.363151341676712,0,MERRA2,1497,1
98,0,0.9123986959457396,1,MERRA2,1497,1
99,1,0.9235227108001708,1,MERRA2,1497,1
142,0,0.0814487338066101,0,MERRA2,1497,1
143,1,0.6300504803657532,1,MERRA2,1497,1
154,0,0.5237365961074829,1,MERRA2,1497,1
155,1,0.1943593472242355,0,MERRA2,1497,1
164,0,0.0534226521849632,0,MERRA2,1497,1
165,1,0.6474074125289917,1,MERRA2,1497,1
186,0,0.0704833939671516,0,MERRA2,1497,1
187,1,0.92816823720932,1,MERRA2,1497,1
190,0,0.6917756199836731,1,MERRA2,1497,1
191,1,0.5770387053489685,1,MERRA2,1497,1
192,0,0.9236363172531128,1,MERRA2,1497,1
193,1,0.700379490852356,1,MERRA2,1497,1
198,0,0.3731710016727447,0,MERRA2,1497,1
199,1,0.8373540639877319,1,MERRA2,1497,1
200,0,0.2085830569267273,0,MERRA2,1497,1
201,1,0.9270001649856568,1,MERRA2,1497,1
204,0,0.8396162986755371,1,MERRA2,1497,1
205,1,0.8694688677787781,1,MERRA2,1497,1
214,0,0.3124326765537262,0,MERRA2,1497,1
215,1,0.9296643733978271,1,MERRA2,1497,1
218,0,0.0490538366138935,0,MERRA2,1497,1
219,1,0.4558250308036804,0,MERRA2,1497,1
228,0,0.8559948801994324,1,MERRA2,1497,1
229,1,0.8095242381095886,1,MERRA2,1497,1
232,0,0.0784430801868438,0,MERRA2,1497,1
233,1,0.9151723384857178,1,MERRA2,1497,1
248,0,0.0507737025618553,0,MERRA2,1497,1
249,1,0.8335060477256775,1,MERRA2,1497,1
250,0,0.0507737025618553,0,MERRA2,1497,1
251,1,0.8335060477256775,1,MERRA2,1497,1
252,0,0.39996337890625,0,MERRA2,1497,1
253,1,0.929129421710968,1,MERRA2,1497,1
260,0,0.1461036801338195,0,MERRA2,1497,1
261,1,0.9166172742843628,1,MERRA2,1497,1
266,0,0.1021011024713516,0,MERRA2,1497,1
267,1,0.9022371768951416,1,MERRA2,1497,1
268,0,0.6937719583511353,1,MERRA2,1497,1
269,1,0.395829975605011,0,MERRA2,1497,1
274,0,0.0776318609714508,0,MERRA2,1497,1
275,1,0.933800458908081,1,MERRA2,1497,1
296,0,0.1943593472242355,0,MERRA2,1497,1
297,1,0.9686500430107116,1,MERRA2,1497,1
312,0,0.2470949292182922,0,MERRA2,1497,1
313,1,0.9379092454910278,1,MERRA2,1497,1
328,0,0.0551909394562244,0,MERRA2,1497,1
329,1,0.796181857585907,1,MERRA2,1497,1
332,0,0.0430540069937706,0,MERRA2,1497,1
333,1,0.6474074125289917,1,MERRA2,1497,1
334,0,0.4996086955070495,0,MERRA2,1497,1
335,1,0.8286624550819397,1,MERRA2,1497,1
336,0,0.3978154957294464,0,MERRA2,1497,1
337,1,0.3845539689064026,0,MERRA2,1497,1
344,0,0.1677289307117462,0,MERRA2,1497,1
345,1,0.9317641258239746,1,MERRA2,1497,1
358,0,0.1474911421537399,0,MERRA2,1497,1
359,1,0.3930697739124298,0,MERRA2,1497,1
360,0,0.5415985584259033,1,MERRA2,1497,1
361,1,0.4604734182357788,0,MERRA2,1497,1
376,0,0.3899704813957214,0,MERRA2,1497,1
377,1,0.686229407787323,1,MERRA2,1497,1
380,0,0.5698376893997192,1,MERRA2,1497,1
381,1,0.8476951122283936,1,MERRA2,1497,1
388,0,0.1218416169285774,0,MERRA2,1497,1
389,1,0.8944811820983887,1,MERRA2,1497,1
392,0,0.1827167570590973,0,MERRA2,1497,1
393,1,0.885425865650177,1,MERRA2,1497,1
402,0,0.2139894664287567,0,MERRA2,1497,1
403,1,0.9444140791893004,1,MERRA2,1497,1
0,0,0.4594107568264007,0,MERRA2,1497,2
1,1,0.2163963466882705,0,MERRA2,1497,2
4,0,0.675347626209259,1,MERRA2,1497,2
5,1,0.6164899468421936,1,MERRA2,1497,2
20,0,0.4066822230815887,0,MERRA2,1497,2
21,1,0.1059262454509735,0,MERRA2,1497,2
30,0,0.1672395318746566,0,MERRA2,1497,2
31,1,0.7891945838928223,1,MERRA2,1497,2
32,0,0.1672395318746566,0,MERRA2,1497,2
33,1,0.7891945838928223,1,MERRA2,1497,2
36,0,0.1127202659845352,0,MERRA2,1497,2
37,1,0.2457931041717529,0,MERRA2,1497,2
40,0,0.7696019411087036,1,MERRA2,1497,2
41,1,0.847230851650238,1,MERRA2,1497,2
44,0,0.2650405764579773,0,MERRA2,1497,2
45,1,0.0605448894202709,0,MERRA2,1497,2
46,0,0.5159552693367004,1,MERRA2,1497,2
47,1,0.6798101663589478,1,MERRA2,1497,2
56,0,0.5567417144775391,1,MERRA2,1497,2
57,1,0.9903374910354614,1,MERRA2,1497,2
74,0,0.4311720430850982,0,MERRA2,1497,2
75,1,0.8997471332550049,1,MERRA2,1497,2
82,0,0.8890505433082581,1,MERRA2,1497,2
83,1,0.9366676211357116,1,MERRA2,1497,2
84,0,0.9663282036781312,1,MERRA2,1497,2
85,1,0.8215493559837341,1,MERRA2,1497,2
100,0,0.25221648812294,0,MERRA2,1497,2
101,1,0.9801554083824158,1,MERRA2,1497,2
136,0,0.4887135624885559,0,MERRA2,1497,2
137,1,0.9933335185050964,1,MERRA2,1497,2
140,0,0.0874043405055999,0,MERRA2,1497,2
141,1,0.9944714307785034,1,MERRA2,1497,2
144,0,0.6780372858047485,1,MERRA2,1497,2
145,1,0.1587673425674438,0,MERRA2,1497,2
184,0,0.0484259948134422,0,MERRA2,1497,2
185,1,0.975209414958954,1,MERRA2,1497,2
188,0,0.5781763792037964,1,MERRA2,1497,2
189,1,0.8537065982818604,1,MERRA2,1497,2
210,0,0.1575823426246643,0,MERRA2,1497,2
211,1,0.9401325583457948,1,MERRA2,1497,2
212,0,0.961827039718628,1,MERRA2,1497,2
213,1,0.6703596115112305,1,MERRA2,1497,2
220,0,0.961827039718628,1,MERRA2,1497,2
221,1,0.6703596115112305,1,MERRA2,1497,2
240,0,0.5099291801452637,1,MERRA2,1497,2
241,1,0.2907748520374298,0,MERRA2,1497,2
242,0,0.3477364182472229,0,MERRA2,1497,2
243,1,0.4057390987873077,0,MERRA2,1497,2
246,0,0.3477364182472229,0,MERRA2,1497,2
247,1,0.4057390987873077,0,MERRA2,1497,2
262,0,0.5703702569007874,1,MERRA2,1497,2
263,1,0.9801554083824158,1,MERRA2,1497,2
276,0,0.2440208792686462,0,MERRA2,1497,2
277,1,0.9041786789894104,1,MERRA2,1497,2
292,0,0.0874043405055999,0,MERRA2,1497,2
293,1,0.9944714307785034,1,MERRA2,1497,2
294,0,0.1844998151063919,0,MERRA2,1497,2
295,1,0.415676087141037,0,MERRA2,1497,2
302,0,0.4933769404888153,0,MERRA2,1497,2
303,1,0.7113847732543945,1,MERRA2,1497,2
314,0,0.4821197986602783,0,MERRA2,1497,2
315,1,0.2705084085464477,0,MERRA2,1497,2
320,0,0.1220996901392936,0,MERRA2,1497,2
321,1,0.9406071305274964,1,MERRA2,1497,2
322,0,0.0833758488297462,0,MERRA2,1497,2
323,1,0.905497133731842,1,MERRA2,1497,2
324,0,0.2929750382900238,0,MERRA2,1497,2
325,1,0.5014899373054504,1,MERRA2,1497,2
340,0,0.1121693104505539,0,MERRA2,1497,2
341,1,0.7583853006362915,1,MERRA2,1497,2
350,0,0.2755482196807861,0,MERRA2,1497,2
351,1,0.9585155844688416,1,MERRA2,1497,2
356,0,0.4507847428321838,0,MERRA2,1497,2
357,1,0.4635732471942901,0,MERRA2,1497,2
386,0,0.1376638412475586,0,MERRA2,1497,2
387,1,0.904456913471222,1,MERRA2,1497,2
390,0,0.1962616294622421,0,MERRA2,1497,2
391,1,0.9496322870254515,1,MERRA2,1497,2
398,0,0.3767817318439483,0,MERRA2,1497,2
399,1,0.9233726859092712,1,MERRA2,1497,2
400,0,0.2755482196807861,0,MERRA2,1497,2
401,1,0.9841126799583436,1,MERRA2,1497,2
2,0,0.2986140847206116,0,MERRA2,1497,3
3,1,0.0281272325664758,0,MERRA2,1497,3
26,0,0.2196077853441238,0,MERRA2,1497,3
27,1,0.0147870536893606,0,MERRA2,1497,3
38,0,0.141182005405426,0,MERRA2,1497,3
39,1,0.81120765209198,1,MERRA2,1497,3
50,0,0.6685292720794678,1,MERRA2,1497,3
51,1,0.1029940471053123,0,MERRA2,1497,3
58,0,0.0732170417904853,0,MERRA2,1497,3
59,1,0.956380009651184,1,MERRA2,1497,3
62,0,0.4188710451126098,0,MERRA2,1497,3
63,1,0.4580410718917846,0,MERRA2,1497,3
64,0,0.0318870469927787,0,MERRA2,1497,3
65,1,0.7512376308441162,1,MERRA2,1497,3
76,0,0.4773824214935303,0,MERRA2,1497,3
77,1,0.9339725375175476,1,MERRA2,1497,3
78,0,0.0792008116841316,0,MERRA2,1497,3
79,1,0.8293393850326538,1,MERRA2,1497,3
86,0,0.0566499643027782,0,MERRA2,1497,3
87,1,0.4526650607585907,0,MERRA2,1497,3
94,0,0.7728601098060608,1,MERRA2,1497,3
95,1,0.6478790044784546,1,MERRA2,1497,3
108,0,0.1074357777833938,0,MERRA2,1497,3
109,1,0.8293393850326538,1,MERRA2,1497,3
110,0,0.1889749318361282,0,MERRA2,1497,3
111,1,0.5900227427482605,1,MERRA2,1497,3
118,0,0.0577778965234756,0,MERRA2,1497,3
119,1,0.9712191224098206,1,MERRA2,1497,3
120,0,0.126158207654953,0,MERRA2,1497,3
121,1,0.9712191224098206,1,MERRA2,1497,3
124,0,0.9569578170776368,1,MERRA2,1497,3
125,1,0.8783053159713745,1,MERRA2,1497,3
128,0,0.0525112859904766,0,MERRA2,1497,3
129,1,0.9494016170501708,1,MERRA2,1497,3
146,0,0.0807679966092109,0,MERRA2,1497,3
147,1,0.986724317073822,1,MERRA2,1497,3
152,0,0.0807679966092109,0,MERRA2,1497,3
153,1,0.986724317073822,1,MERRA2,1497,3
156,0,0.0190074406564235,0,MERRA2,1497,3
157,1,0.97644704580307,1,MERRA2,1497,3
172,0,0.7926919460296631,1,MERRA2,1497,3
173,1,0.6608326435089111,1,MERRA2,1497,3
178,0,0.0628942251205444,0,MERRA2,1497,3
179,1,0.7926919460296631,1,MERRA2,1497,3
182,0,0.3293623030185699,0,MERRA2,1497,3
183,1,0.5410116910934448,1,MERRA2,1497,3
202,0,0.0337722860276699,0,MERRA2,1497,3
203,1,0.9581236243247986,1,MERRA2,1497,3
208,0,0.0291296169161796,0,MERRA2,1497,3
209,1,0.9712191224098206,1,MERRA2,1497,3
224,0,0.1752912551164627,0,MERRA2,1497,3
225,1,0.4888385236263275,0,MERRA2,1497,3
226,0,0.4543132185935974,0,MERRA2,1497,3
227,1,0.5437238216400146,1,MERRA2,1497,3
234,0,0.0374946184456348,0,MERRA2,1497,3
235,1,0.819729208946228,1,MERRA2,1497,3
236,0,0.3612389266490936,0,MERRA2,1497,3
237,1,0.3745446801185608,0,MERRA2,1497,3
238,0,0.1002473756670951,0,MERRA2,1497,3
239,1,0.628318727016449,1,MERRA2,1497,3
264,0,0.3253664672374725,0,MERRA2,1497,3
265,1,0.481236845254898,0,MERRA2,1497,3
278,0,0.0371573604643344,0,MERRA2,1497,3
279,1,0.5266581177711487,1,MERRA2,1497,3
280,0,0.5618919730186462,1,MERRA2,1497,3
281,1,0.7313975691795349,1,MERRA2,1497,3
290,0,0.4806731641292572,0,MERRA2,1497,3
291,1,0.4230899512767792,0,MERRA2,1497,3
306,0,0.0281272325664758,0,MERRA2,1497,3
307,1,0.9424915313720704,1,MERRA2,1497,3
310,0,0.026490107178688,0,MERRA2,1497,3
311,1,0.9704158902168274,1,MERRA2,1497,3
330,0,0.0190074406564235,0,MERRA2,1497,3
331,1,0.9864331483840942,1,MERRA2,1497,3
342,0,0.026490107178688,0,MERRA2,1497,3
343,1,0.9851072430610656,1,MERRA2,1497,3
354,0,0.2653653025627136,0,MERRA2,1497,3
355,1,0.8142411708831787,1,MERRA2,1497,3
374,0,0.7157850861549377,1,MERRA2,1497,3
375,1,0.2986140847206116,0,MERRA2,1497,3
384,0,0.1102386713027954,0,MERRA2,1497,3
385,1,0.801254153251648,1,MERRA2,1497,3
8,0,0.980841875076294,1,MERRA2,1497,4
9,1,0.527155339717865,1,MERRA2,1497,4
14,0,0.4985470175743103,0,MERRA2,1497,4
15,1,0.5188134908676147,1,MERRA2,1497,4
16,0,0.4755949676036834,0,MERRA2,1497,4
17,1,0.6478840112686157,1,MERRA2,1497,4
22,0,0.8603061437606812,1,MERRA2,1497,4
23,1,0.8179267644882202,1,MERRA2,1497,4
24,0,0.0337442718446254,0,MERRA2,1497,4
25,1,0.8190745115280151,1,MERRA2,1497,4
48,0,0.3358246386051178,0,MERRA2,1497,4
49,1,0.5272127985954285,1,MERRA2,1497,4
60,0,0.0718222856521606,0,MERRA2,1497,4
61,1,0.9770506620407104,1,MERRA2,1497,4
66,0,0.7027539610862732,1,MERRA2,1497,4
67,1,0.7046626210212708,1,MERRA2,1497,4
68,0,0.8645938634872437,1,MERRA2,1497,4
69,1,0.952413022518158,1,MERRA2,1497,4
72,0,0.0368559919297695,0,MERRA2,1497,4
73,1,0.0821307450532913,0,MERRA2,1497,4
104,0,0.1212392225861549,0,MERRA2,1497,4
105,1,0.8220610618591309,1,MERRA2,1497,4
114,0,0.9408571720123292,1,MERRA2,1497,4
115,1,0.4497444927692413,0,MERRA2,1497,4
122,0,0.0889439731836319,0,MERRA2,1497,4
123,1,0.1719153076410293,0,MERRA2,1497,4
130,0,0.1719153076410293,0,MERRA2,1497,4
131,1,0.9408571720123292,1,MERRA2,1497,4
148,0,0.0550315454602241,0,MERRA2,1497,4
149,1,0.2559530436992645,0,MERRA2,1497,4
150,0,0.0442527271807193,0,MERRA2,1497,4
151,1,0.9155395030975342,1,MERRA2,1497,4
158,0,0.3417568504810333,0,MERRA2,1497,4
159,1,0.9970093965530396,1,MERRA2,1497,4
162,0,0.1521980762481689,0,MERRA2,1497,4
163,1,0.9970093965530396,1,MERRA2,1497,4
166,0,0.4936699271202087,0,MERRA2,1497,4
167,1,0.5106242299079895,1,MERRA2,1497,4
176,0,0.8249222636222839,1,MERRA2,1497,4
177,1,0.9531981348991394,1,MERRA2,1497,4
180,0,0.4571369290351867,0,MERRA2,1497,4
181,1,0.7512596845626831,1,MERRA2,1497,4
194,0,0.0112349744886159,0,MERRA2,1497,4
195,1,0.0151132866740226,0,MERRA2,1497,4
222,0,0.9039987921714784,1,MERRA2,1497,4
223,1,0.8099222183227539,1,MERRA2,1497,4
230,0,0.3830185532569885,0,MERRA2,1497,4
231,1,0.8810248970985413,1,MERRA2,1497,4
244,0,0.453114777803421,0,MERRA2,1497,4
245,1,0.9715796709060668,1,MERRA2,1497,4
254,0,0.4785709977149963,0,MERRA2,1497,4
255,1,0.5083264112472534,1,MERRA2,1497,4
256,0,0.9502999186515808,1,MERRA2,1497,4
257,1,0.8304353952407837,1,MERRA2,1497,4
272,0,0.0437348522245883,0,MERRA2,1497,4
273,1,0.0614598579704761,0,MERRA2,1497,4
282,0,0.0182577464729547,0,MERRA2,1497,4
283,1,0.0708597302436828,0,MERRA2,1497,4
284,0,0.0549614354968071,0,MERRA2,1497,4
285,1,0.3093631267547607,0,MERRA2,1497,4
298,0,0.1036698222160339,0,MERRA2,1497,4
299,1,0.985760509967804,1,MERRA2,1497,4
304,0,0.0451743155717849,0,MERRA2,1497,4
305,1,0.8217079043388367,1,MERRA2,1497,4
316,0,0.169788047671318,0,MERRA2,1497,4
317,1,0.9977053999900818,1,MERRA2,1497,4
326,0,0.3829304575920105,0,MERRA2,1497,4
327,1,0.6230836510658264,1,MERRA2,1497,4
338,0,0.0337542928755283,0,MERRA2,1497,4
339,1,0.7903475165367126,1,MERRA2,1497,4
352,0,0.0180919505655765,0,MERRA2,1497,4
353,1,0.539027214050293,1,MERRA2,1497,4
366,0,0.0278976373374462,0,MERRA2,1497,4
367,1,0.9250821471214294,1,MERRA2,1497,4
368,0,0.3983426094055176,0,MERRA2,1497,4
369,1,0.4547813832759857,0,MERRA2,1497,4
378,0,0.0538686215877532,0,MERRA2,1497,4
379,1,0.8736438751220703,1,MERRA2,1497,4
6,0,0.0920460522174835,0,MERRA2,1497,5
7,1,0.8549713492393494,1,MERRA2,1497,5
10,0,0.512750506401062,1,MERRA2,1497,5
11,1,0.9449419975280762,1,MERRA2,1497,5
12,0,0.3449813425540924,0,MERRA2,1497,5
13,1,0.8124860525131226,1,MERRA2,1497,5
42,0,0.4625154733657837,0,MERRA2,1497,5
43,1,0.4075982570648193,0,MERRA2,1497,5
52,0,0.7090016007423401,1,MERRA2,1497,5
53,1,0.3212672472000122,0,MERRA2,1497,5
80,0,0.1611717790365219,0,MERRA2,1497,5
81,1,0.172340989112854,0,MERRA2,1497,5
90,0,0.162695899605751,0,MERRA2,1497,5
91,1,0.2484207451343536,0,MERRA2,1497,5
92,0,0.1069073155522346,0,MERRA2,1497,5
93,1,0.8607569932937622,1,MERRA2,1497,5
96,0,0.172340989112854,0,MERRA2,1497,5
97,1,0.854407787322998,1,MERRA2,1497,5
102,0,0.2069765627384185,0,MERRA2,1497,5
103,1,0.9700744152069092,1,MERRA2,1497,5
106,0,0.1263629794120788,0,MERRA2,1497,5
107,1,0.5869303941726685,1,MERRA2,1497,5
112,0,0.1493958681821823,0,MERRA2,1497,5
113,1,0.9731820225715636,1,MERRA2,1497,5
116,0,0.3349270224571228,0,MERRA2,1497,5
117,1,0.9648741483688354,1,MERRA2,1497,5
126,0,0.1486230194568634,0,MERRA2,1497,5
127,1,0.3349270224571228,0,MERRA2,1497,5
132,0,0.1298280656337738,0,MERRA2,1497,5
133,1,0.311574786901474,0,MERRA2,1497,5
134,0,0.173927366733551,0,MERRA2,1497,5
135,1,0.6728591322898865,1,MERRA2,1497,5
138,0,0.513515293598175,1,MERRA2,1497,5
139,1,0.8164342641830444,1,MERRA2,1497,5
160,0,0.0864611491560936,0,MERRA2,1497,5
161,1,0.8066570162773132,1,MERRA2,1497,5
168,0,0.6062061786651611,1,MERRA2,1497,5
169,1,0.3276535272598266,0,MERRA2,1497,5
170,0,0.699402928352356,1,MERRA2,1497,5
171,1,0.6615999341011047,1,MERRA2,1497,5
174,0,0.699402928352356,1,MERRA2,1497,5
175,1,0.6615999341011047,1,MERRA2,1497,5
196,0,0.8298282027244568,1,MERRA2,1497,5
197,1,0.9845669865608216,1,MERRA2,1497,5
206,0,0.0671049430966377,0,MERRA2,1497,5
207,1,0.2811303734779358,0,MERRA2,1497,5
216,0,0.1384978145360946,0,MERRA2,1497,5
217,1,0.9224449992179872,1,MERRA2,1497,5
258,0,0.1839077919721603,0,MERRA2,1497,5
259,1,0.7644730806350708,1,MERRA2,1497,5
270,0,0.2319553345441818,0,MERRA2,1497,5
271,1,0.8852457404136658,1,MERRA2,1497,5
286,0,0.167912557721138,0,MERRA2,1497,5
287,1,0.7021247744560242,1,MERRA2,1497,5
288,0,0.8298282027244568,1,MERRA2,1497,5
289,1,0.9738928079605104,1,MERRA2,1497,5
300,0,0.0713385269045829,0,MERRA2,1497,5
301,1,0.9706321954727172,1,MERRA2,1497,5
308,0,0.1127334758639335,0,MERRA2,1497,5
309,1,0.8607569932937622,1,MERRA2,1497,5
318,0,0.1601285934448242,0,MERRA2,1497,5
319,1,0.943749189376831,1,MERRA2,1497,5
346,0,0.1122698560357093,0,MERRA2,1497,5
347,1,0.9120745658874512,1,MERRA2,1497,5
348,0,0.1950913816690445,0,MERRA2,1497,5
349,1,0.9184778332710266,1,MERRA2,1497,5
362,0,0.1553408801555633,0,MERRA2,1497,5
363,1,0.1840646862983703,0,MERRA2,1497,5
364,0,0.2534543871879577,0,MERRA2,1497,5
365,1,0.3760126829147339,0,MERRA2,1497,5
370,0,0.0843138918280601,0,MERRA2,1497,5
371,1,0.5736908316612244,1,MERRA2,1497,5
372,0,0.3119365870952606,0,MERRA2,1497,5
373,1,0.8103971481323242,1,MERRA2,1497,5
382,0,0.1636288613080978,0,MERRA2,1497,5
383,1,0.3372830152511596,0,MERRA2,1497,5
394,0,0.1564013957977295,0,MERRA2,1497,5
395,1,0.7236114740371704,1,MERRA2,1497,5
396,0,0.0920460522174835,0,MERRA2,1497,5
397,1,0.7299631834030151,1,MERRA2,1497,5
22,0,0.8078137040138245,1,MERRA2,174,1
23,1,0.8431505560874939,1,MERRA2,174,1
28,0,0.0679929479956626,0,MERRA2,174,1
29,1,0.0545340776443481,0,MERRA2,174,1
36,0,0.1201898604631424,0,MERRA2,174,1
37,1,0.255445122718811,0,MERRA2,174,1
42,0,0.4503280222415924,0,MERRA2,174,1
43,1,0.2750537693500519,0,MERRA2,174,1
50,0,0.6355440616607666,1,MERRA2,174,1
51,1,0.5184913277626038,1,MERRA2,174,1
60,0,0.2559579610824585,0,MERRA2,174,1
61,1,0.9544296264648438,1,MERRA2,174,1
62,0,0.1649485379457473,0,MERRA2,174,1
63,1,0.8027803301811218,1,MERRA2,174,1
64,0,0.1049795523285865,0,MERRA2,174,1
65,1,0.7402150630950928,1,MERRA2,174,1
70,0,0.8822513222694397,1,MERRA2,174,1
71,1,0.4508404433727264,0,MERRA2,174,1
82,0,0.5512076020240784,1,MERRA2,174,1
83,1,0.6139621734619141,1,MERRA2,174,1
94,0,0.9115424752235411,1,MERRA2,174,1
95,1,0.3964562714099884,0,MERRA2,174,1
100,0,0.2326609641313552,0,MERRA2,174,1
101,1,0.9808552861213684,1,MERRA2,174,1
108,0,0.2256280779838562,0,MERRA2,174,1
109,1,0.9076851010322572,1,MERRA2,174,1
118,0,0.1718499362468719,0,MERRA2,174,1
119,1,0.9612069725990297,1,MERRA2,174,1
122,0,0.1718499362468719,0,MERRA2,174,1
123,1,0.1398712992668151,0,MERRA2,174,1
124,0,0.9194936752319336,1,MERRA2,174,1
125,1,0.8011001944541931,1,MERRA2,174,1
126,0,0.1382006853818893,0,MERRA2,174,1
127,1,0.118702083826065,0,MERRA2,174,1
128,0,0.067290686070919,0,MERRA2,174,1
129,1,0.9445616006851196,1,MERRA2,174,1
138,0,0.6385659575462341,1,MERRA2,174,1
139,1,0.6832486987113953,1,MERRA2,174,1
146,0,0.2988385856151581,0,MERRA2,174,1
147,1,0.9822935461997986,1,MERRA2,174,1
158,0,0.176869660615921,0,MERRA2,174,1
159,1,0.9822935461997986,1,MERRA2,174,1
190,0,0.235904574394226,0,MERRA2,174,1
191,1,0.4008958637714386,0,MERRA2,174,1
196,0,0.539185106754303,1,MERRA2,174,1
197,1,0.9302570819854736,1,MERRA2,174,1
202,0,0.0653815641999244,0,MERRA2,174,1
203,1,0.2002213597297668,0,MERRA2,174,1
206,0,0.0653815641999244,0,MERRA2,174,1
207,1,0.2002213597297668,0,MERRA2,174,1
222,0,0.8581699728965759,1,MERRA2,174,1
223,1,0.8172250986099243,1,MERRA2,174,1
228,0,0.9211142659187316,1,MERRA2,174,1
229,1,0.6936519145965576,1,MERRA2,174,1
234,0,0.0914822444319725,0,MERRA2,174,1
235,1,0.8272385001182556,1,MERRA2,174,1
246,0,0.5334749817848206,1,MERRA2,174,1
247,1,0.5249611139297485,1,MERRA2,174,1
250,0,0.0838289186358451,0,MERRA2,174,1
251,1,0.9536908268928528,1,MERRA2,174,1
252,0,0.1038212552666664,0,MERRA2,174,1
253,1,0.6463927030563354,1,MERRA2,174,1
268,0,0.4527811706066131,0,MERRA2,174,1
269,1,0.4240860939025879,0,MERRA2,174,1
300,0,0.0490490421652793,0,MERRA2,174,1
301,1,0.9636911749839784,1,MERRA2,174,1
302,0,0.4330583214759826,0,MERRA2,174,1
303,1,0.7739918231964111,1,MERRA2,174,1
304,0,0.0574729852378368,0,MERRA2,174,1
305,1,0.8300545811653137,1,MERRA2,174,1
306,0,0.0669253468513488,0,MERRA2,174,1
307,1,0.9497178792953492,1,MERRA2,174,1
314,0,0.4914151430130005,0,MERRA2,174,1
315,1,0.4476811289787292,0,MERRA2,174,1
324,0,0.2794538736343384,0,MERRA2,174,1
325,1,0.4719704389572143,0,MERRA2,174,1
332,0,0.0668998435139656,0,MERRA2,174,1
333,1,0.8791506290435791,1,MERRA2,174,1
364,0,0.6361451148986816,1,MERRA2,174,1
365,1,0.7921943664550781,1,MERRA2,174,1
374,0,0.1456983685493469,0,MERRA2,174,1
375,1,0.0842944681644439,0,MERRA2,174,1
4,0,0.7043125629425049,1,MERRA2,174,2
5,1,0.6296404004096985,1,MERRA2,174,2
10,0,0.9362128973007202,1,MERRA2,174,2
11,1,0.9815401434898376,1,MERRA2,174,2
14,0,0.310689240694046,0,MERRA2,174,2
15,1,0.9651052355766296,1,MERRA2,174,2
18,0,0.1146030277013778,0,MERRA2,174,2
19,1,0.7964432835578918,1,MERRA2,174,2
30,0,0.1341929733753204,0,MERRA2,174,2
31,1,0.8519429564476013,1,MERRA2,174,2
34,0,0.2698778808116913,0,MERRA2,174,2
35,1,0.8221388459205627,1,MERRA2,174,2
48,0,0.7539176940917969,1,MERRA2,174,2
49,1,0.5860269665718079,1,MERRA2,174,2
54,0,0.0334942266345024,0,MERRA2,174,2
55,1,0.9920493960380554,1,MERRA2,174,2
72,0,0.0421754866838455,0,MERRA2,174,2
73,1,0.2901547253131866,0,MERRA2,174,2
80,0,0.1747741550207138,0,MERRA2,174,2
81,1,0.0466691628098487,0,MERRA2,174,2
84,0,0.9738081097602844,1,MERRA2,174,2
85,1,0.9310999512672424,1,MERRA2,174,2
88,0,0.1977267563343048,0,MERRA2,174,2
89,1,0.1629469245672226,0,MERRA2,174,2
104,0,0.0498231761157512,0,MERRA2,174,2
105,1,0.9584405422210692,1,MERRA2,174,2
110,0,0.1629469245672226,0,MERRA2,174,2
111,1,0.3310429155826568,0,MERRA2,174,2
140,0,0.0222774278372526,0,MERRA2,174,2
141,1,0.9275012612342834,1,MERRA2,174,2
164,0,0.0132066486403346,0,MERRA2,174,2
165,1,0.910330295562744,1,MERRA2,174,2
168,0,0.3362294137477875,0,MERRA2,174,2
169,1,0.5334596633911133,1,MERRA2,174,2
170,0,0.5542445182800293,1,MERRA2,174,2
171,1,0.8356773853302002,1,MERRA2,174,2
184,0,0.0172312185168266,0,MERRA2,174,2
185,1,0.9855382442474364,1,MERRA2,174,2
192,0,0.9551218748092652,1,MERRA2,174,2
193,1,0.8380534052848816,1,MERRA2,174,2
204,0,0.8332645893096924,1,MERRA2,174,2
205,1,0.8504507541656494,1,MERRA2,174,2
212,0,0.9107760190963744,1,MERRA2,174,2
213,1,0.8036516904830933,1,MERRA2,174,2
216,0,0.1105455011129379,0,MERRA2,174,2
217,1,0.9590184092521667,1,MERRA2,174,2
218,0,0.0403309948742389,0,MERRA2,174,2
219,1,0.2916279435157776,0,MERRA2,174,2
224,0,0.2037525475025177,0,MERRA2,174,2
225,1,0.11241115629673,0,MERRA2,174,2
232,0,0.2500131130218506,0,MERRA2,174,2
233,1,0.9678823351860046,1,MERRA2,174,2
238,0,0.0276466812938451,0,MERRA2,174,2
239,1,0.2974961400032043,0,MERRA2,174,2
254,0,0.2824844419956207,0,MERRA2,174,2
255,1,0.8441798686981201,1,MERRA2,174,2
270,0,0.1693901270627975,0,MERRA2,174,2
271,1,0.955248475074768,1,MERRA2,174,2
272,0,0.1183594316244125,0,MERRA2,174,2
273,1,0.0991809144616127,0,MERRA2,174,2
280,0,0.5638383030891418,1,MERRA2,174,2
281,1,0.6769937872886658,1,MERRA2,174,2
284,0,0.3622902035713196,0,MERRA2,174,2
285,1,0.8447347283363342,1,MERRA2,174,2
292,0,0.0222774278372526,0,MERRA2,174,2
293,1,0.9275012612342834,1,MERRA2,174,2
310,0,0.0446831211447715,0,MERRA2,174,2
311,1,0.9539092183113098,1,MERRA2,174,2
328,0,0.0085516655817627,0,MERRA2,174,2
329,1,0.9633480906486512,1,MERRA2,174,2
350,0,0.0349509753286838,0,MERRA2,174,2
351,1,0.9442843794822692,1,MERRA2,174,2
368,0,0.343686044216156,0,MERRA2,174,2
369,1,0.9793335795402528,1,MERRA2,174,2
388,0,0.0400079451501369,0,MERRA2,174,2
389,1,0.8616810441017151,1,MERRA2,174,2
390,0,0.0985399782657623,0,MERRA2,174,2
391,1,0.8616810441017151,1,MERRA2,174,2
392,0,0.0854157730937004,0,MERRA2,174,2
393,1,0.8910508155822754,1,MERRA2,174,2
396,0,0.0349509827792644,0,MERRA2,174,2
397,1,0.9200725555419922,1,MERRA2,174,2
6,0,0.1961129605770111,0,MERRA2,174,3
7,1,0.8310583829879761,1,MERRA2,174,3
8,0,0.8387165665626526,1,MERRA2,174,3
9,1,0.5139756202697754,1,MERRA2,174,3
12,0,0.2085783183574676,0,MERRA2,174,3
13,1,0.736348032951355,1,MERRA2,174,3
20,0,0.4943830668926239,0,MERRA2,174,3
21,1,0.1833288669586181,0,MERRA2,174,3
26,0,0.3109863400459289,0,MERRA2,174,3
27,1,0.0829784572124481,0,MERRA2,174,3
38,0,0.1757304221391677,0,MERRA2,174,3
39,1,0.3286232054233551,0,MERRA2,174,3
68,0,0.7986610531806946,1,MERRA2,174,3
69,1,0.9158875942230223,1,MERRA2,174,3
74,0,0.4256744384765625,0,MERRA2,174,3
75,1,0.8413842916488647,1,MERRA2,174,3
92,0,0.2236336171627044,0,MERRA2,174,3
93,1,0.8238890171051025,1,MERRA2,174,3
96,0,0.387452632188797,0,MERRA2,174,3
97,1,0.6602410674095154,1,MERRA2,174,3
112,0,0.17568339407444,0,MERRA2,174,3
113,1,0.8365716338157654,1,MERRA2,174,3
132,0,0.2409387379884719,0,MERRA2,174,3
133,1,0.247298464179039,0,MERRA2,174,3
142,0,0.1024900302290916,0,MERRA2,174,3
143,1,0.5643822550773621,1,MERRA2,174,3
148,0,0.2522016763687134,0,MERRA2,174,3
149,1,0.2494136691093444,0,MERRA2,174,3
150,0,0.0990056321024894,0,MERRA2,174,3
151,1,0.5156596302986145,1,MERRA2,174,3
152,0,0.2650366127490997,0,MERRA2,174,3
153,1,0.9453829526901244,1,MERRA2,174,3
154,0,0.6342202425003052,1,MERRA2,174,3
155,1,0.2687452137470245,0,MERRA2,174,3
156,0,0.0938816219568252,0,MERRA2,174,3
157,1,0.6845706105232239,1,MERRA2,174,3
166,0,0.2569518983364105,0,MERRA2,174,3
167,1,0.4895821809768677,0,MERRA2,174,3
174,0,0.5999055504798889,1,MERRA2,174,3
175,1,0.5365867018699646,1,MERRA2,174,3
182,0,0.3143113553524017,0,MERRA2,174,3
183,1,0.6519485712051392,1,MERRA2,174,3
200,0,0.1138351187109947,0,MERRA2,174,3
201,1,0.8086304068565369,1,MERRA2,174,3
240,0,0.5255864858627319,1,MERRA2,174,3
241,1,0.3975885510444641,0,MERRA2,174,3
248,0,0.0924976170063018,0,MERRA2,174,3
249,1,0.8111526966094971,1,MERRA2,174,3
260,0,0.2250572144985199,0,MERRA2,174,3
261,1,0.8156645894050598,1,MERRA2,174,3
262,0,0.323175847530365,0,MERRA2,174,3
263,1,0.8727191686630249,1,MERRA2,174,3
264,0,0.3050060570240021,0,MERRA2,174,3
265,1,0.3644035458564758,0,MERRA2,174,3
274,0,0.1390161216259002,0,MERRA2,174,3
275,1,0.8365733027458191,1,MERRA2,174,3
278,0,0.119564950466156,0,MERRA2,174,3
279,1,0.215774267911911,0,MERRA2,174,3
286,0,0.2617647647857666,0,MERRA2,174,3
287,1,0.4504446983337402,0,MERRA2,174,3
290,0,0.588144063949585,1,MERRA2,174,3
291,1,0.3275807797908783,0,MERRA2,174,3
296,0,0.2687452137470245,0,MERRA2,174,3
297,1,0.9453829526901244,1,MERRA2,174,3
312,0,0.2602393329143524,0,MERRA2,174,3
313,1,0.8710455894470215,1,MERRA2,174,3
316,0,0.185161679983139,0,MERRA2,174,3
317,1,0.9089494347572328,1,MERRA2,174,3
342,0,0.0811271592974662,0,MERRA2,174,3
343,1,0.903681218624115,1,MERRA2,174,3
346,0,0.2858551144599914,0,MERRA2,174,3
347,1,0.8767208456993103,1,MERRA2,174,3
356,0,0.4492049217224121,0,MERRA2,174,3
357,1,0.4890173077583313,0,MERRA2,174,3
358,0,0.1831808239221573,0,MERRA2,174,3
359,1,0.3310152888298034,0,MERRA2,174,3
378,0,0.1720892786979675,0,MERRA2,174,3
379,1,0.5465647578239441,1,MERRA2,174,3
386,0,0.2181226462125778,0,MERRA2,174,3
387,1,0.7583989500999451,1,MERRA2,174,3
394,0,0.2018362432718277,0,MERRA2,174,3
395,1,0.8387165665626526,1,MERRA2,174,3
400,0,0.1961129605770111,0,MERRA2,174,3
401,1,0.8011990785598755,1,MERRA2,174,3
0,0,0.8092247247695923,1,MERRA2,174,4
1,1,0.0398552939295768,0,MERRA2,174,4
2,0,0.3986998498439789,0,MERRA2,174,4
3,1,0.005429046228528,0,MERRA2,174,4
40,0,0.9092098474502563,1,MERRA2,174,4
41,1,0.925967574119568,1,MERRA2,174,4
44,0,0.0418462343513965,0,MERRA2,174,4
45,1,0.0086769824847579,0,MERRA2,174,4
52,0,0.8537020683288574,1,MERRA2,174,4
53,1,0.1589463651180267,0,MERRA2,174,4
78,0,0.0074079735204577,0,MERRA2,174,4
79,1,0.9379518628120422,1,MERRA2,174,4
86,0,0.3159967362880707,0,MERRA2,174,4
87,1,0.0254590380936861,0,MERRA2,174,4
102,0,0.0204689651727676,0,MERRA2,174,4
103,1,0.9683648943901062,1,MERRA2,174,4
106,0,0.0489654168486595,0,MERRA2,174,4
107,1,0.261454313993454,0,MERRA2,174,4
116,0,0.5131315588951111,1,MERRA2,174,4
117,1,0.8167735934257507,1,MERRA2,174,4
160,0,0.0191803928464651,0,MERRA2,174,4
161,1,0.938900351524353,1,MERRA2,174,4
162,0,0.08417609333992,0,MERRA2,174,4
163,1,0.996206521987915,1,MERRA2,174,4
176,0,0.7789440155029297,1,MERRA2,174,4
177,1,0.7201716303825378,1,MERRA2,174,4
180,0,0.2174745798110962,0,MERRA2,174,4
181,1,0.953089952468872,1,MERRA2,174,4
188,0,0.1059810444712638,0,MERRA2,174,4
189,1,0.131414532661438,0,MERRA2,174,4
194,0,0.0053024808876216,0,MERRA2,174,4
195,1,0.0028183413669466,0,MERRA2,174,4
226,0,0.2011563181877136,0,MERRA2,174,4
227,1,0.9107060432434082,1,MERRA2,174,4
236,0,0.2877218723297119,0,MERRA2,174,4
237,1,0.3257187604904175,0,MERRA2,174,4
242,0,0.0158935356885194,0,MERRA2,174,4
243,1,0.9781142473220824,1,MERRA2,174,4
244,0,0.0158935356885194,0,MERRA2,174,4
245,1,0.9781142473220824,1,MERRA2,174,4
256,0,0.839309811592102,1,MERRA2,174,4
257,1,0.6534649729728699,1,MERRA2,174,4
258,0,0.0662810876965522,0,MERRA2,174,4
259,1,0.4294131696224212,0,MERRA2,174,4
266,0,0.0134087670594453,0,MERRA2,174,4
267,1,0.7935935258865356,1,MERRA2,174,4
276,0,0.0031321800779551,0,MERRA2,174,4
277,1,0.9819067120552064,1,MERRA2,174,4
282,0,0.0141362696886062,0,MERRA2,174,4
283,1,0.2181457877159118,0,MERRA2,174,4
294,0,0.0957518219947815,0,MERRA2,174,4
295,1,0.1113020554184913,0,MERRA2,174,4
298,0,0.0708443820476532,0,MERRA2,174,4
299,1,0.8798735737800598,1,MERRA2,174,4
308,0,0.2072276622056961,0,MERRA2,174,4
309,1,0.9379518628120422,1,MERRA2,174,4
320,0,0.0078191477805376,0,MERRA2,174,4
321,1,0.9369876980781556,1,MERRA2,174,4
322,0,0.0049278601072728,0,MERRA2,174,4
323,1,0.9199155569076538,1,MERRA2,174,4
326,0,0.092169664800167,0,MERRA2,174,4
327,1,0.8129489421844482,1,MERRA2,174,4
336,0,0.7266120910644531,1,MERRA2,174,4
337,1,0.5396217107772827,1,MERRA2,174,4
340,0,0.0793666541576385,0,MERRA2,174,4
341,1,0.2055530846118927,0,MERRA2,174,4
352,0,0.0026124874129891,0,MERRA2,174,4
353,1,0.8643985986709595,1,MERRA2,174,4
354,0,0.647572934627533,1,MERRA2,174,4
355,1,0.5916078686714172,1,MERRA2,174,4
362,0,0.2884122729301452,0,MERRA2,174,4
363,1,0.967641294002533,1,MERRA2,174,4
366,0,0.0064561604522168,0,MERRA2,174,4
367,1,0.902225375175476,1,MERRA2,174,4
372,0,0.6178348064422607,1,MERRA2,174,4
373,1,0.1623827219009399,0,MERRA2,174,4
380,0,0.8229849934577942,1,MERRA2,174,4
381,1,0.8475068807601929,1,MERRA2,174,4
16,0,0.5896326303482056,1,MERRA2,174,5
17,1,0.8962305784225464,1,MERRA2,174,5
24,0,0.0358537510037422,0,MERRA2,174,5
25,1,0.4379658997058868,0,MERRA2,174,5
32,0,0.0792015269398689,0,MERRA2,174,5
33,1,0.872056782245636,1,MERRA2,174,5
46,0,0.2311910688877105,0,MERRA2,174,5
47,1,0.8914892673492432,1,MERRA2,174,5
56,0,0.7835458517074585,1,MERRA2,174,5
57,1,0.9956388473510742,1,MERRA2,174,5
58,0,0.0512728132307529,0,MERRA2,174,5
59,1,0.9977821707725524,1,MERRA2,174,5
66,0,0.9573870301246644,1,MERRA2,174,5
67,1,0.9272493720054626,1,MERRA2,174,5
76,0,0.963774025440216,1,MERRA2,174,5
77,1,0.9968170523643494,1,MERRA2,174,5
90,0,0.0204001516103744,0,MERRA2,174,5
91,1,0.8928715586662292,1,MERRA2,174,5
98,0,0.9147111177444458,1,MERRA2,174,5
99,1,0.9430767297744752,1,MERRA2,174,5
114,0,0.9923612475395204,1,MERRA2,174,5
115,1,0.9922745823860168,1,MERRA2,174,5
120,0,0.0308949369937181,0,MERRA2,174,5
121,1,0.966277003288269,1,MERRA2,174,5
130,0,0.8416681289672852,1,MERRA2,174,5
131,1,0.9923612475395204,1,MERRA2,174,5
134,0,0.2663780152797699,0,MERRA2,174,5
135,1,0.9404473304748536,1,MERRA2,174,5
136,0,0.3581484854221344,0,MERRA2,174,5
137,1,0.9981289505958556,1,MERRA2,174,5
144,0,0.0819752514362335,0,MERRA2,174,5
145,1,0.0940956026315689,0,MERRA2,174,5
172,0,0.9823949933052064,1,MERRA2,174,5
173,1,0.9684289693832396,1,MERRA2,174,5
178,0,0.1640453338623047,0,MERRA2,174,5
179,1,0.9823949933052064,1,MERRA2,174,5
186,0,0.0131180305033922,0,MERRA2,174,5
187,1,0.8663740754127502,1,MERRA2,174,5
198,0,0.0629336908459663,0,MERRA2,174,5
199,1,0.9886707067489624,1,MERRA2,174,5
208,0,0.0667594745755195,0,MERRA2,174,5
209,1,0.966277003288269,1,MERRA2,174,5
210,0,0.1359449476003646,0,MERRA2,174,5
211,1,0.9850425720214844,1,MERRA2,174,5
214,0,0.9439111351966858,1,MERRA2,174,5
215,1,0.9850425720214844,1,MERRA2,174,5
220,0,0.237372025847435,0,MERRA2,174,5
221,1,0.9920377731323242,1,MERRA2,174,5
230,0,0.3578823506832123,0,MERRA2,174,5
231,1,0.2265920042991638,0,MERRA2,174,5
288,0,0.8309184908866882,1,MERRA2,174,5
289,1,0.9718583226203918,1,MERRA2,174,5
318,0,0.1353648006916046,0,MERRA2,174,5
319,1,0.990835428237915,1,MERRA2,174,5
330,0,0.0100280838087201,0,MERRA2,174,5
331,1,0.9913452863693236,1,MERRA2,174,5
334,0,0.2821756601333618,0,MERRA2,174,5
335,1,0.2438992410898208,0,MERRA2,174,5
338,0,0.1245865523815155,0,MERRA2,174,5
339,1,0.9549167156219482,1,MERRA2,174,5
344,0,0.0844072550535202,0,MERRA2,174,5
345,1,0.3849413096904754,0,MERRA2,174,5
348,0,0.7934852838516235,1,MERRA2,174,5
349,1,0.8772411346435547,1,MERRA2,174,5
360,0,0.9501829147338868,1,MERRA2,174,5
361,1,0.7046695947647095,1,MERRA2,174,5
370,0,0.0477647632360458,0,MERRA2,174,5
371,1,0.8888140320777893,1,MERRA2,174,5
376,0,0.0616260580718517,0,MERRA2,174,5
377,1,0.9931952953338624,1,MERRA2,174,5
382,0,0.0536295920610427,0,MERRA2,174,5
383,1,0.2517737448215484,0,MERRA2,174,5
384,0,0.0737641677260398,0,MERRA2,174,5
385,1,0.9764254689216614,1,MERRA2,174,5
398,0,0.1948832273483276,0,MERRA2,174,5
399,1,0.1519622802734375,0,MERRA2,174,5
402,0,0.0487554371356964,0,MERRA2,174,5
403,1,0.7590187191963196,1,MERRA2,174,5
0,0,0.8956131339073181,1,MERRA2,3299,1
1,1,0.6046609878540039,1,MERRA2,3299,1
14,0,0.1452360302209854,0,MERRA2,3299,1
15,1,0.9938002228736876,1,MERRA2,3299,1
18,0,0.0199595186859369,0,MERRA2,3299,1
19,1,0.9289608001708984,1,MERRA2,3299,1
40,0,0.9383963942527772,1,MERRA2,3299,1
41,1,0.9829120635986328,1,MERRA2,3299,1
52,0,0.6092755198478699,1,MERRA2,3299,1
53,1,0.5882545113563538,1,MERRA2,3299,1
58,0,0.030207609757781,0,MERRA2,3299,1
59,1,0.9844207763671876,1,MERRA2,3299,1
62,0,0.0305234510451555,0,MERRA2,3299,1
63,1,0.94087815284729,1,MERRA2,3299,1
72,0,0.1007499620318412,0,MERRA2,3299,1
73,1,0.4886825382709503,0,MERRA2,3299,1
74,0,0.6073871850967407,1,MERRA2,3299,1
75,1,0.9942111372947692,1,MERRA2,3299,1
82,0,0.9447791576385498,1,MERRA2,3299,1
83,1,0.9582207798957824,1,MERRA2,3299,1
84,0,0.9894556403160096,1,MERRA2,3299,1
85,1,0.9383867383003236,1,MERRA2,3299,1
98,0,0.9447791576385498,1,MERRA2,3299,1
99,1,0.9582207798957824,1,MERRA2,3299,1
102,0,0.3583227396011352,0,MERRA2,3299,1
103,1,0.9876012802124025,1,MERRA2,3299,1
106,0,0.3783857524394989,0,MERRA2,3299,1
107,1,0.9412027597427368,1,MERRA2,3299,1
118,0,0.0269752703607082,0,MERRA2,3299,1
119,1,0.9093713760375975,1,MERRA2,3299,1
146,0,0.0753700882196426,0,MERRA2,3299,1
147,1,0.9969794750213624,1,MERRA2,3299,1
182,0,0.6596359610557556,1,MERRA2,3299,1
183,1,0.9217582941055298,1,MERRA2,3299,1
192,0,0.741922914981842,1,MERRA2,3299,1
193,1,0.6963059306144714,1,MERRA2,3299,1
196,0,0.4803293347358703,0,MERRA2,3299,1
197,1,0.994186282157898,1,MERRA2,3299,1
212,0,0.7478122711181641,1,MERRA2,3299,1
213,1,0.8677295446395874,1,MERRA2,3299,1
214,0,0.1521175354719162,0,MERRA2,3299,1
215,1,0.8000503778457642,1,MERRA2,3299,1
228,0,0.9930620789527892,1,MERRA2,3299,1
229,1,0.868172287940979,1,MERRA2,3299,1
232,0,0.0838818103075027,0,MERRA2,3299,1
233,1,0.8651599287986755,1,MERRA2,3299,1
242,0,0.1759262979030609,0,MERRA2,3299,1
243,1,0.762641191482544,1,MERRA2,3299,1
254,0,0.4467175602912903,0,MERRA2,3299,1
255,1,0.9607240557670592,1,MERRA2,3299,1
256,0,0.8474451899528503,1,MERRA2,3299,1
257,1,0.968464970588684,1,MERRA2,3299,1
258,0,0.1435290575027465,0,MERRA2,3299,1
259,1,0.506406307220459,1,MERRA2,3299,1
272,0,0.0191189516335725,0,MERRA2,3299,1
273,1,0.2775583863258362,0,MERRA2,3299,1
282,0,0.0084656039252877,0,MERRA2,3299,1
283,1,0.741922914981842,1,MERRA2,3299,1
316,0,0.6695853471755981,1,MERRA2,3299,1
317,1,0.9968186616897584,1,MERRA2,3299,1
324,0,0.1434892266988754,0,MERRA2,3299,1
325,1,0.0522227697074413,0,MERRA2,3299,1
328,0,0.0156235583126544,0,MERRA2,3299,1
329,1,0.993109941482544,1,MERRA2,3299,1
330,0,0.0063451002351939,0,MERRA2,3299,1
331,1,0.9888595342636108,1,MERRA2,3299,1
334,0,0.0707256272435188,0,MERRA2,3299,1
335,1,0.6299350261688232,1,MERRA2,3299,1
348,0,0.1469448357820511,0,MERRA2,3299,1
349,1,0.6673348546028137,1,MERRA2,3299,1
352,0,0.0024087284691631,0,MERRA2,3299,1
353,1,0.4627088606357574,0,MERRA2,3299,1
364,0,0.352633386850357,0,MERRA2,3299,1
365,1,0.7577615976333618,1,MERRA2,3299,1
378,0,0.0298765618354082,0,MERRA2,3299,1
379,1,0.9689003229141236,1,MERRA2,3299,1
394,0,0.0341728962957859,0,MERRA2,3299,1
395,1,0.9775015115737916,1,MERRA2,3299,1
398,0,0.0658186003565788,0,MERRA2,3299,1
399,1,0.3054046630859375,0,MERRA2,3299,1
6,0,0.0427864417433738,0,MERRA2,3299,2
7,1,0.9803715348243712,1,MERRA2,3299,2
8,0,0.996823787689209,1,MERRA2,3299,2
9,1,0.9877911806106568,1,MERRA2,3299,2
22,0,0.9787792563438416,1,MERRA2,3299,2
23,1,0.8000715970993042,1,MERRA2,3299,2
48,0,0.8931974172592163,1,MERRA2,3299,2
49,1,0.9919841885566713,1,MERRA2,3299,2
56,0,0.8925349116325378,1,MERRA2,3299,2
57,1,0.9952979683876038,1,MERRA2,3299,2
86,0,0.8188928365707397,1,MERRA2,3299,2
87,1,0.4910081923007965,0,MERRA2,3299,2
92,0,0.0622171498835086,0,MERRA2,3299,2
93,1,0.9826394319534302,1,MERRA2,3299,2
108,0,0.0622171498835086,0,MERRA2,3299,2
109,1,0.9826394319534302,1,MERRA2,3299,2
120,0,0.199685588479042,0,MERRA2,3299,2
121,1,0.9756039977073668,1,MERRA2,3299,2
132,0,0.1647118926048278,0,MERRA2,3299,2
133,1,0.3263976871967315,0,MERRA2,3299,2
136,0,0.2451120018959045,0,MERRA2,3299,2
137,1,0.9978278279304504,1,MERRA2,3299,2
140,0,0.0319025665521621,0,MERRA2,3299,2
141,1,0.9786478281021118,1,MERRA2,3299,2
142,0,0.0624411217868328,0,MERRA2,3299,2
143,1,0.9814037084579468,1,MERRA2,3299,2
144,0,0.2690099775791168,0,MERRA2,3299,2
145,1,0.0682903304696083,0,MERRA2,3299,2
150,0,0.0914134010672569,0,MERRA2,3299,2
151,1,0.9817789793014526,1,MERRA2,3299,2
158,0,0.0944308787584304,0,MERRA2,3299,2
159,1,0.9978278279304504,1,MERRA2,3299,2
164,0,0.0683789998292923,0,MERRA2,3299,2
165,1,0.9352466464042664,1,MERRA2,3299,2
166,0,0.4248472154140472,0,MERRA2,3299,2
167,1,0.9731603264808656,1,MERRA2,3299,2
190,0,0.2052884548902511,0,MERRA2,3299,2
191,1,0.5865278244018555,1,MERRA2,3299,2
200,0,0.2797182202339172,0,MERRA2,3299,2
201,1,0.9496570825576782,1,MERRA2,3299,2
206,0,0.0577483475208282,0,MERRA2,3299,2
207,1,0.8805047869682312,1,MERRA2,3299,2
208,0,0.2305036783218383,0,MERRA2,3299,2
209,1,0.9756039977073668,1,MERRA2,3299,2
238,0,0.0879603326320648,0,MERRA2,3299,2
239,1,0.9458959102630616,1,MERRA2,3299,2
240,0,0.841046154499054,1,MERRA2,3299,2
241,1,0.7422648072242737,1,MERRA2,3299,2
270,0,0.0533503256738185,0,MERRA2,3299,2
271,1,0.973492443561554,1,MERRA2,3299,2
280,0,0.7510436177253723,1,MERRA2,3299,2
281,1,0.9942975640296936,1,MERRA2,3299,2
292,0,0.0319025665521621,0,MERRA2,3299,2
293,1,0.9786478281021118,1,MERRA2,3299,2
294,0,0.5079516172409058,1,MERRA2,3299,2
295,1,0.2017817348241806,0,MERRA2,3299,2
298,0,0.3579117059707641,0,MERRA2,3299,2
299,1,0.9637802243232728,1,MERRA2,3299,2
302,0,0.2226811647415161,0,MERRA2,3299,2
303,1,0.9967520236968994,1,MERRA2,3299,2
304,0,0.0518997237086296,0,MERRA2,3299,2
305,1,0.8793696761131287,1,MERRA2,3299,2
308,0,0.0701584070920944,0,MERRA2,3299,2
309,1,0.9826394319534302,1,MERRA2,3299,2
322,0,0.0664477348327636,0,MERRA2,3299,2
323,1,0.9539990425109864,1,MERRA2,3299,2
332,0,0.0226415544748306,0,MERRA2,3299,2
333,1,0.9352466464042664,1,MERRA2,3299,2
340,0,0.0341884009540081,0,MERRA2,3299,2
341,1,0.5871953964233398,1,MERRA2,3299,2
342,0,0.0664477348327636,0,MERRA2,3299,2
343,1,0.9938995838165284,1,MERRA2,3299,2
346,0,0.1668827980756759,0,MERRA2,3299,2
347,1,0.938049614429474,1,MERRA2,3299,2
350,0,0.0427864417433738,0,MERRA2,3299,2
351,1,0.9803715348243712,1,MERRA2,3299,2
374,0,0.5742310285568237,1,MERRA2,3299,2
375,1,0.0661455169320106,0,MERRA2,3299,2
376,0,0.2550033926963806,0,MERRA2,3299,2
377,1,0.9902352690696716,1,MERRA2,3299,2
386,0,0.3352862894535064,0,MERRA2,3299,2
387,1,0.9943081736564636,1,MERRA2,3299,2
400,0,0.0427864417433738,0,MERRA2,3299,2
401,1,0.9925618767738342,1,MERRA2,3299,2
2,0,0.4123108685016632,0,MERRA2,3299,3
3,1,0.0779227539896965,0,MERRA2,3299,3
4,0,0.9694967865943908,1,MERRA2,3299,3
5,1,0.6898379921913147,1,MERRA2,3299,3
20,0,0.2091206312179565,0,MERRA2,3299,3
21,1,0.0865682810544967,0,MERRA2,3299,3
24,0,0.1515290886163711,0,MERRA2,3299,3
25,1,0.8978278636932373,1,MERRA2,3299,3
28,0,0.0761231482028961,0,MERRA2,3299,3
29,1,0.0563684850931167,0,MERRA2,3299,3
30,0,0.2809924781322479,0,MERRA2,3299,3
31,1,0.8003358840942383,1,MERRA2,3299,3
54,0,0.1806875318288803,0,MERRA2,3299,3
55,1,0.9594321846961976,1,MERRA2,3299,3
76,0,0.7036577463150024,1,MERRA2,3299,3
77,1,0.9780904054641724,1,MERRA2,3299,3
112,0,0.0675126165151596,0,MERRA2,3299,3
113,1,0.9780904054641724,1,MERRA2,3299,3
130,0,0.6312870383262634,1,MERRA2,3299,3
131,1,0.8265204429626465,1,MERRA2,3299,3
134,0,0.4348311722278595,0,MERRA2,3299,3
135,1,0.7366806864738464,1,MERRA2,3299,3
138,0,0.2625186443328857,0,MERRA2,3299,3
139,1,0.9403794407844543,1,MERRA2,3299,3
160,0,0.0843891277909278,0,MERRA2,3299,3
161,1,0.9030012488365172,1,MERRA2,3299,3
162,0,0.095471903681755,0,MERRA2,3299,3
163,1,0.9859550595283508,1,MERRA2,3299,3
172,0,0.8991715908050537,1,MERRA2,3299,3
173,1,0.871854305267334,1,MERRA2,3299,3
174,0,0.4672432541847229,0,MERRA2,3299,3
175,1,0.7706421613693237,1,MERRA2,3299,3
180,0,0.3294066488742828,0,MERRA2,3299,3
181,1,0.8705244064331055,1,MERRA2,3299,3
186,0,0.0533203855156898,0,MERRA2,3299,3
187,1,0.9527034163475036,1,MERRA2,3299,3
198,0,0.2734603881835937,0,MERRA2,3299,3
199,1,0.7841927409172058,1,MERRA2,3299,3
218,0,0.0583330169320106,0,MERRA2,3299,3
219,1,0.8054396510124207,1,MERRA2,3299,3
224,0,0.3908426165580749,0,MERRA2,3299,3
225,1,0.143478512763977,0,MERRA2,3299,3
260,0,0.2334410548210144,0,MERRA2,3299,3
261,1,0.7252541184425354,1,MERRA2,3299,3
262,0,0.3555220663547516,0,MERRA2,3299,3
263,1,0.97592031955719,1,MERRA2,3299,3
264,0,0.3078462779521942,0,MERRA2,3299,3
265,1,0.7376740574836731,1,MERRA2,3299,3
266,0,0.0792106389999389,0,MERRA2,3299,3
267,1,0.8918598294258118,1,MERRA2,3299,3
274,0,0.0779227539896965,0,MERRA2,3299,3
275,1,0.9657986164093018,1,MERRA2,3299,3
276,0,0.3653205633163452,0,MERRA2,3299,3
277,1,0.7994204163551331,1,MERRA2,3299,3
284,0,0.097647987306118,0,MERRA2,3299,3
285,1,0.8791741132736206,1,MERRA2,3299,3
286,0,0.2903259098529815,0,MERRA2,3299,3
287,1,0.6762352585792542,1,MERRA2,3299,3
290,0,0.5866943597793579,1,MERRA2,3299,3
291,1,0.779076337814331,1,MERRA2,3299,3
296,0,0.4348311722278595,0,MERRA2,3299,3
297,1,0.9859550595283508,1,MERRA2,3299,3
306,0,0.0779227539896965,0,MERRA2,3299,3
307,1,0.9657986164093018,1,MERRA2,3299,3
314,0,0.8008077144622803,1,MERRA2,3299,3
315,1,0.2745027244091034,0,MERRA2,3299,3
336,0,0.4554708898067474,0,MERRA2,3299,3
337,1,0.2464130520820617,0,MERRA2,3299,3
358,0,0.1598981171846389,0,MERRA2,3299,3
359,1,0.8142574429512024,1,MERRA2,3299,3
362,0,0.2422906458377838,0,MERRA2,3299,3
363,1,0.8483729362487793,1,MERRA2,3299,3
366,0,0.0565635152161121,0,MERRA2,3299,3
367,1,0.6059455871582031,1,MERRA2,3299,3
372,0,0.5228390097618103,1,MERRA2,3299,3
373,1,0.7640657424926758,1,MERRA2,3299,3
380,0,0.720988392829895,1,MERRA2,3299,3
381,1,0.9481542706489564,1,MERRA2,3299,3
382,0,0.1074210852384567,0,MERRA2,3299,3
383,1,0.1621544957160949,0,MERRA2,3299,3
396,0,0.0810779705643653,0,MERRA2,3299,3
397,1,0.8754103183746338,1,MERRA2,3299,3
16,0,0.3779240548610687,0,MERRA2,3299,4
17,1,0.6027182340621948,1,MERRA2,3299,4
26,0,0.4105257987976074,0,MERRA2,3299,4
27,1,0.0639048516750335,0,MERRA2,3299,4
36,0,0.0932692810893058,0,MERRA2,3299,4
37,1,0.1641076803207397,0,MERRA2,3299,4
42,0,0.5048351883888245,1,MERRA2,3299,4
43,1,0.4051280915737152,0,MERRA2,3299,4
46,0,0.7458416223526001,1,MERRA2,3299,4
47,1,0.5028462409973145,1,MERRA2,3299,4
66,0,0.5640979409217834,1,MERRA2,3299,4
67,1,0.8015576601028442,1,MERRA2,3299,4
68,0,0.7961361408233643,1,MERRA2,3299,4
69,1,0.9047799110412598,1,MERRA2,3299,4
90,0,0.4485228359699249,0,MERRA2,3299,4
91,1,0.3348295092582702,0,MERRA2,3299,4
104,0,0.1837625801563263,0,MERRA2,3299,4
105,1,0.802560031414032,1,MERRA2,3299,4
110,0,0.2602943778038025,0,MERRA2,3299,4
111,1,0.6935392618179321,1,MERRA2,3299,4
114,0,0.9052524566650392,1,MERRA2,3299,4
115,1,0.8427885174751282,1,MERRA2,3299,4
116,0,0.1973670721054077,0,MERRA2,3299,4
117,1,0.9052524566650392,1,MERRA2,3299,4
148,0,0.1522816717624664,0,MERRA2,3299,4
149,1,0.1973670721054077,0,MERRA2,3299,4
154,0,0.4944109916687011,0,MERRA2,3299,4
155,1,0.3012266457080841,0,MERRA2,3299,4
168,0,0.5366525650024414,1,MERRA2,3299,4
169,1,0.3838657438755035,0,MERRA2,3299,4
170,0,0.6130411624908447,1,MERRA2,3299,4
171,1,0.6221567392349243,1,MERRA2,3299,4
176,0,0.6084026098251343,1,MERRA2,3299,4
177,1,0.7113275527954102,1,MERRA2,3299,4
184,0,0.0977662429213523,0,MERRA2,3299,4
185,1,0.7127477526664734,1,MERRA2,3299,4
188,0,0.3436905145645141,0,MERRA2,3299,4
189,1,0.8453303575515747,1,MERRA2,3299,4
194,0,0.7072960138320923,1,MERRA2,3299,4
195,1,0.7057577967643738,1,MERRA2,3299,4
202,0,0.0756837874650955,0,MERRA2,3299,4
203,1,0.3810391724109649,0,MERRA2,3299,4
204,0,0.8504152894020081,1,MERRA2,3299,4
205,1,0.7270297408103943,1,MERRA2,3299,4
210,0,0.1128977239131927,0,MERRA2,3299,4
211,1,0.9112611413002014,1,MERRA2,3299,4
220,0,0.8776719570159912,1,MERRA2,3299,4
221,1,0.7726641893386841,1,MERRA2,3299,4
244,0,0.4571335315704345,0,MERRA2,3299,4
245,1,0.4641578495502472,0,MERRA2,3299,4
268,0,0.6331538558006287,1,MERRA2,3299,4
269,1,0.5514670610427856,1,MERRA2,3299,4
278,0,0.3005920350551605,0,MERRA2,3299,4
279,1,0.5604011416435242,1,MERRA2,3299,4
300,0,0.0805963203310966,0,MERRA2,3299,4
301,1,0.8564540147781372,1,MERRA2,3299,4
318,0,0.1057207286357879,0,MERRA2,3299,4
319,1,0.9055155515670776,1,MERRA2,3299,4
320,0,0.1516832560300827,0,MERRA2,3299,4
321,1,0.8281206488609314,1,MERRA2,3299,4
326,0,0.5937982201576233,1,MERRA2,3299,4
327,1,0.7217130661010742,1,MERRA2,3299,4
354,0,0.224993884563446,0,MERRA2,3299,4
355,1,0.8722869157791138,1,MERRA2,3299,4
356,0,0.6305132508277893,1,MERRA2,3299,4
357,1,0.6393852233886719,1,MERRA2,3299,4
368,0,0.393052339553833,0,MERRA2,3299,4
369,1,0.8575844168663025,1,MERRA2,3299,4
370,0,0.0409949049353599,0,MERRA2,3299,4
371,1,0.6663107872009277,1,MERRA2,3299,4
384,0,0.1566084176301956,0,MERRA2,3299,4
385,1,0.7242626547813416,1,MERRA2,3299,4
390,0,0.1689638495445251,0,MERRA2,3299,4
391,1,0.7216089367866516,1,MERRA2,3299,4
392,0,0.1172016561031341,0,MERRA2,3299,4
393,1,0.6738684177398682,1,MERRA2,3299,4
402,0,0.1890792548656463,0,MERRA2,3299,4
403,1,0.8722869157791138,1,MERRA2,3299,4
10,0,0.7954655885696411,1,MERRA2,3299,5
11,1,0.9924874305725098,1,MERRA2,3299,5
12,0,0.1510411649942398,0,MERRA2,3299,5
13,1,0.8505347967147827,1,MERRA2,3299,5
32,0,0.0478998906910419,0,MERRA2,3299,5
33,1,0.7620899677276611,1,MERRA2,3299,5
34,0,0.3920652568340301,0,MERRA2,3299,5
35,1,0.5367677211761475,1,MERRA2,3299,5
38,0,0.0274835713207721,0,MERRA2,3299,5
39,1,0.4849680662155151,0,MERRA2,3299,5
44,0,0.042572658509016,0,MERRA2,3299,5
45,1,0.0131172034889459,0,MERRA2,3299,5
50,0,0.4878696203231811,0,MERRA2,3299,5
51,1,0.3228161931037903,0,MERRA2,3299,5
60,0,0.0535863786935806,0,MERRA2,3299,5
61,1,0.9019768834114076,1,MERRA2,3299,5
64,0,0.0155187137424945,0,MERRA2,3299,5
65,1,0.7052902579307556,1,MERRA2,3299,5
70,0,0.9662979245185852,1,MERRA2,3299,5
71,1,0.2930343151092529,0,MERRA2,3299,5
78,0,0.1808768361806869,0,MERRA2,3299,5
79,1,0.9687343835830688,1,MERRA2,3299,5
80,0,0.1484239846467971,0,MERRA2,3299,5
81,1,0.0903678387403488,0,MERRA2,3299,5
88,0,0.0942652970552444,0,MERRA2,3299,5
89,1,0.1265716254711151,0,MERRA2,3299,5
94,0,0.7803887724876404,1,MERRA2,3299,5
95,1,0.328401654958725,0,MERRA2,3299,5
96,0,0.0903678387403488,0,MERRA2,3299,5
97,1,0.5013320446014404,1,MERRA2,3299,5
100,0,0.1001278311014175,0,MERRA2,3299,5
101,1,0.9898541569709778,1,MERRA2,3299,5
122,0,0.1000197827816009,0,MERRA2,3299,5
123,1,0.1100254133343696,0,MERRA2,3299,5
124,0,0.9676092267036438,1,MERRA2,3299,5
125,1,0.6047418117523193,1,MERRA2,3299,5
126,0,0.4689404368400574,0,MERRA2,3299,5
127,1,0.0905805081129074,0,MERRA2,3299,5
128,0,0.0225620921701192,0,MERRA2,3299,5
129,1,0.9553923010826112,1,MERRA2,3299,5
152,0,0.0914516448974609,0,MERRA2,3299,5
153,1,0.9912210702896118,1,MERRA2,3299,5
156,0,0.0133684314787387,0,MERRA2,3299,5
157,1,0.9179776310920716,1,MERRA2,3299,5
178,0,0.368960976600647,0,MERRA2,3299,5
179,1,0.7845569252967834,1,MERRA2,3299,5
216,0,0.120376817882061,0,MERRA2,3299,5
217,1,0.9846726059913636,1,MERRA2,3299,5
222,0,0.8705123066902161,1,MERRA2,3299,5
223,1,0.5004181861877441,1,MERRA2,3299,5
226,0,0.3680367767810821,0,MERRA2,3299,5
227,1,0.7764880061149597,1,MERRA2,3299,5
230,0,0.4134764075279236,0,MERRA2,3299,5
231,1,0.3439947664737701,0,MERRA2,3299,5
234,0,0.087578073143959,0,MERRA2,3299,5
235,1,0.6281120777130127,1,MERRA2,3299,5
236,0,0.2590632438659668,0,MERRA2,3299,5
237,1,0.3115180432796478,0,MERRA2,3299,5
246,0,0.1517383456230163,0,MERRA2,3299,5
247,1,0.5139448046684265,1,MERRA2,3299,5
248,0,0.0140630519017577,0,MERRA2,3299,5
249,1,0.9638045430183412,1,MERRA2,3299,5
250,0,0.0140630519017577,0,MERRA2,3299,5
251,1,0.9638045430183412,1,MERRA2,3299,5
252,0,0.0537715554237365,0,MERRA2,3299,5
253,1,0.8465135097503662,1,MERRA2,3299,5
288,0,0.7003504037857056,1,MERRA2,3299,5
289,1,0.4926233291625976,0,MERRA2,3299,5
310,0,0.0152464527636766,0,MERRA2,3299,5
311,1,0.9673124551773072,1,MERRA2,3299,5
312,0,0.0535863786935806,0,MERRA2,3299,5
313,1,0.9019768834114076,1,MERRA2,3299,5
338,0,0.0933020859956741,0,MERRA2,3299,5
339,1,0.3410809636116028,0,MERRA2,3299,5
344,0,0.1639242172241211,0,MERRA2,3299,5
345,1,0.9621537923812866,1,MERRA2,3299,5
360,0,0.5482060313224792,1,MERRA2,3299,5
361,1,0.2417646050453186,0,MERRA2,3299,5
388,0,0.0705716535449028,0,MERRA2,3299,5
389,1,0.711769700050354,1,MERRA2,3299,5
10,0,0.5239207148551941,1,MERRA2,3489,1
11,1,0.9230621457099916,1,MERRA2,3489,1
14,0,0.2955368459224701,0,MERRA2,3489,1
15,1,0.5680549144744873,1,MERRA2,3489,1
22,0,0.8010432124137878,1,MERRA2,3489,1
23,1,0.6843630075454712,1,MERRA2,3489,1
24,0,0.0600347742438316,0,MERRA2,3489,1
25,1,0.8586724400520325,1,MERRA2,3489,1
26,0,0.3266741335391998,0,MERRA2,3489,1
27,1,0.0509309768676757,0,MERRA2,3489,1
32,0,0.1434722393751144,0,MERRA2,3489,1
33,1,0.6978606581687927,1,MERRA2,3489,1
40,0,0.7468007802963257,1,MERRA2,3489,1
41,1,0.8048917651176453,1,MERRA2,3489,1
58,0,0.1219805479049682,0,MERRA2,3489,1
59,1,0.7934241890907288,1,MERRA2,3489,1
68,0,0.7492364048957825,1,MERRA2,3489,1
69,1,0.8709864616394043,1,MERRA2,3489,1
70,0,0.8765312433242798,1,MERRA2,3489,1
71,1,0.6405029892921448,1,MERRA2,3489,1
88,0,0.1997091472148895,0,MERRA2,3489,1
89,1,0.3986003398895263,0,MERRA2,3489,1
102,0,0.1554352790117263,0,MERRA2,3489,1
103,1,0.9355335235595704,1,MERRA2,3489,1
106,0,0.1430752873420715,0,MERRA2,3489,1
107,1,0.5956705212593079,1,MERRA2,3489,1
108,0,0.0970885381102562,0,MERRA2,3489,1
109,1,0.7260161638259888,1,MERRA2,3489,1
122,0,0.07504703104496,0,MERRA2,3489,1
123,1,0.1582993119955063,0,MERRA2,3489,1
130,0,0.1582993119955063,0,MERRA2,3489,1
131,1,0.8699244260787964,1,MERRA2,3489,1
132,0,0.07504703104496,0,MERRA2,3489,1
133,1,0.1501487046480178,0,MERRA2,3489,1
198,0,0.2703733146190643,0,MERRA2,3489,1
199,1,0.6172577738761902,1,MERRA2,3489,1
200,0,0.0697510689496994,0,MERRA2,3489,1
201,1,0.9198237657546996,1,MERRA2,3489,1
202,0,0.0548318214714527,0,MERRA2,3489,1
203,1,0.3568391501903534,0,MERRA2,3489,1
218,0,0.0548318214714527,0,MERRA2,3489,1
219,1,0.3568391501903534,0,MERRA2,3489,1
228,0,0.9012822508811952,1,MERRA2,3489,1
229,1,0.7632591128349304,1,MERRA2,3489,1
242,0,0.4765925407409668,0,MERRA2,3489,1
243,1,0.5422026515007019,1,MERRA2,3489,1
244,0,0.4765925407409668,0,MERRA2,3489,1
245,1,0.5422026515007019,1,MERRA2,3489,1
254,0,0.2167956382036209,0,MERRA2,3489,1
255,1,0.4269568026065826,0,MERRA2,3489,1
258,0,0.0822751820087432,0,MERRA2,3489,1
259,1,0.4573822021484375,0,MERRA2,3489,1
264,0,0.558752715587616,1,MERRA2,3489,1
265,1,0.6733741164207458,1,MERRA2,3489,1
284,0,0.0559532307088375,0,MERRA2,3489,1
285,1,0.9288108348846436,1,MERRA2,3489,1
286,0,0.1905074566602707,0,MERRA2,3489,1
287,1,0.7150050401687622,1,MERRA2,3489,1
288,0,0.5958876013755798,1,MERRA2,3489,1
289,1,0.9150214195251464,1,MERRA2,3489,1
290,0,0.4568909704685211,0,MERRA2,3489,1
291,1,0.1787516921758651,0,MERRA2,3489,1
298,0,0.2063088566064834,0,MERRA2,3489,1
299,1,0.8060703277587891,1,MERRA2,3489,1
302,0,0.2060733288526535,0,MERRA2,3489,1
303,1,0.8507238030433655,1,MERRA2,3489,1
310,0,0.0475538112223148,0,MERRA2,3489,1
311,1,0.7851084470748901,1,MERRA2,3489,1
338,0,0.1509906202554702,0,MERRA2,3489,1
339,1,0.6488577723503113,1,MERRA2,3489,1
342,0,0.0475538112223148,0,MERRA2,3489,1
343,1,0.9101195931434632,1,MERRA2,3489,1
370,0,0.0820247456431388,0,MERRA2,3489,1
371,1,0.327305257320404,0,MERRA2,3489,1
380,0,0.2071015834808349,0,MERRA2,3489,1
381,1,0.7123895883560181,1,MERRA2,3489,1
384,0,0.1293989568948745,0,MERRA2,3489,1
385,1,0.6195839047431946,1,MERRA2,3489,1
386,0,0.1560980081558227,0,MERRA2,3489,1
387,1,0.701481282711029,1,MERRA2,3489,1
398,0,0.1803623586893081,0,MERRA2,3489,1
399,1,0.4322682619094848,0,MERRA2,3489,1
16,0,0.0208910536020994,0,MERRA2,3489,2
17,1,0.980705738067627,1,MERRA2,3489,2
20,0,0.0979329645633697,0,MERRA2,3489,2
21,1,0.7727269530296326,1,MERRA2,3489,2
50,0,0.1394767612218856,0,MERRA2,3489,2
51,1,0.8889039754867554,1,MERRA2,3489,2
54,0,0.0457266718149185,0,MERRA2,3489,2
55,1,0.99145245552063,1,MERRA2,3489,2
66,0,0.9687806963920592,1,MERRA2,3489,2
67,1,0.8439260721206665,1,MERRA2,3489,2
76,0,0.923966646194458,1,MERRA2,3489,2
77,1,0.9693822860717772,1,MERRA2,3489,2
84,0,0.9655570387840272,1,MERRA2,3489,2
85,1,0.949840247631073,1,MERRA2,3489,2
86,0,0.9283410906791688,1,MERRA2,3489,2
87,1,0.9813544750213624,1,MERRA2,3489,2
98,0,0.8291182518005371,1,MERRA2,3489,2
99,1,0.7819787263870239,1,MERRA2,3489,2
110,0,0.8701286315917969,1,MERRA2,3489,2
111,1,0.8291182518005371,1,MERRA2,3489,2
114,0,0.9841963052749634,1,MERRA2,3489,2
115,1,0.6861323714256287,1,MERRA2,3489,2
140,0,0.014773666858673,0,MERRA2,3489,2
141,1,0.961547076702118,1,MERRA2,3489,2
144,0,0.8002764582633972,1,MERRA2,3489,2
145,1,0.0070310211740434,0,MERRA2,3489,2
148,0,0.0089366286993026,0,MERRA2,3489,2
149,1,0.1818771958351135,0,MERRA2,3489,2
154,0,0.8002764582633972,1,MERRA2,3489,2
155,1,0.0105428406968712,0,MERRA2,3489,2
164,0,0.0146559895947575,0,MERRA2,3489,2
165,1,0.9926422238349916,1,MERRA2,3489,2
168,0,0.0111271748319268,0,MERRA2,3489,2
169,1,0.0318471007049083,0,MERRA2,3489,2
172,0,0.935545802116394,1,MERRA2,3489,2
173,1,0.9721024036407472,1,MERRA2,3489,2
184,0,0.0073038428090512,0,MERRA2,3489,2
185,1,0.970725953578949,1,MERRA2,3489,2
204,0,0.9938172698020936,1,MERRA2,3489,2
205,1,0.9888089299201964,1,MERRA2,3489,2
206,0,0.010325257666409,0,MERRA2,3489,2
207,1,0.9359886050224304,1,MERRA2,3489,2
210,0,0.1098437011241912,0,MERRA2,3489,2
211,1,0.966645121574402,1,MERRA2,3489,2
212,0,0.9232836365699768,1,MERRA2,3489,2
213,1,0.6694616079330444,1,MERRA2,3489,2
216,0,0.0144279915839433,0,MERRA2,3489,2
217,1,0.936981737613678,1,MERRA2,3489,2
220,0,0.9232836365699768,1,MERRA2,3489,2
221,1,0.6694616079330444,1,MERRA2,3489,2
222,0,0.91972815990448,1,MERRA2,3489,2
223,1,0.9377689957618712,1,MERRA2,3489,2
236,0,0.4033239781856537,0,MERRA2,3489,2
237,1,0.3458437621593475,0,MERRA2,3489,2
238,0,0.0349758826196193,0,MERRA2,3489,2
239,1,0.9859212040901184,1,MERRA2,3489,2
250,0,0.0154315782710909,0,MERRA2,3489,2
251,1,0.9879536628723145,1,MERRA2,3489,2
252,0,0.0150784840807318,0,MERRA2,3489,2
253,1,0.6666897535324097,1,MERRA2,3489,2
268,0,0.9590874910354614,1,MERRA2,3489,2
269,1,0.0597790256142616,0,MERRA2,3489,2
300,0,0.218404471874237,0,MERRA2,3489,2
301,1,0.9665097594261168,1,MERRA2,3489,2
308,0,0.0249030478298664,0,MERRA2,3489,2
309,1,0.9232779741287231,1,MERRA2,3489,2
314,0,0.8809666037559509,1,MERRA2,3489,2
315,1,0.0080868769437074,0,MERRA2,3489,2
318,0,0.0452824085950851,0,MERRA2,3489,2
319,1,0.983595848083496,1,MERRA2,3489,2
324,0,0.0555242151021957,0,MERRA2,3489,2
325,1,0.8076221942901611,1,MERRA2,3489,2
332,0,0.0084989741444587,0,MERRA2,3489,2
333,1,0.9926422238349916,1,MERRA2,3489,2
334,0,0.0371129550039768,0,MERRA2,3489,2
335,1,0.4432674646377563,0,MERRA2,3489,2
340,0,0.0165190957486629,0,MERRA2,3489,2
341,1,0.0610750913619995,0,MERRA2,3489,2
374,0,0.0611660443246364,0,MERRA2,3489,2
375,1,0.0373585633933544,0,MERRA2,3489,2
376,0,0.0928407162427902,0,MERRA2,3489,2
377,1,0.9849476218223572,1,MERRA2,3489,2
0,0,0.6102268695831299,1,MERRA2,3489,3
1,1,0.1665801256895065,0,MERRA2,3489,3
30,0,0.0764784961938858,0,MERRA2,3489,3
31,1,0.680270791053772,1,MERRA2,3489,3
34,0,0.5980416536331177,1,MERRA2,3489,3
35,1,0.5053173303604126,1,MERRA2,3489,3
42,0,0.3598478138446808,0,MERRA2,3489,3
43,1,0.1946953386068344,0,MERRA2,3489,3
46,0,0.5980416536331177,1,MERRA2,3489,3
47,1,0.5053173303604126,1,MERRA2,3489,3
48,0,0.4654367864131927,0,MERRA2,3489,3
49,1,0.5331419110298157,1,MERRA2,3489,3
64,0,0.2612072825431824,0,MERRA2,3489,3
65,1,0.823592483997345,1,MERRA2,3489,3
74,0,0.5777234435081482,1,MERRA2,3489,3
75,1,0.915907859802246,1,MERRA2,3489,3
80,0,0.5435600280761719,1,MERRA2,3489,3
81,1,0.2868274450302124,0,MERRA2,3489,3
94,0,0.7182915210723877,1,MERRA2,3489,3
95,1,0.5491324663162231,1,MERRA2,3489,3
96,0,0.2868274450302124,0,MERRA2,3489,3
97,1,0.6626663208007812,1,MERRA2,3489,3
118,0,0.2363283783197403,0,MERRA2,3489,3
119,1,0.9209629893302916,1,MERRA2,3489,3
120,0,0.4638253450393677,0,MERRA2,3489,3
121,1,0.9209629893302916,1,MERRA2,3489,3
124,0,0.8325513005256653,1,MERRA2,3489,3
125,1,0.8319254517555237,1,MERRA2,3489,3
126,0,0.4709545075893402,0,MERRA2,3489,3
127,1,0.3468025028705597,0,MERRA2,3489,3
128,0,0.0980733558535575,0,MERRA2,3489,3
129,1,0.7616856694221497,1,MERRA2,3489,3
146,0,0.1936230361461639,0,MERRA2,3489,3
147,1,0.9402968287467957,1,MERRA2,3489,3
160,0,0.1343045383691787,0,MERRA2,3489,3
161,1,0.8266949653625488,1,MERRA2,3489,3
166,0,0.4753952622413635,0,MERRA2,3489,3
167,1,0.3883769512176513,0,MERRA2,3489,3
186,0,0.1245715171098709,0,MERRA2,3489,3
187,1,0.7871436476707458,1,MERRA2,3489,3
192,0,0.7613400816917419,1,MERRA2,3489,3
193,1,0.7913663983345032,1,MERRA2,3489,3
196,0,0.6107208728790283,1,MERRA2,3489,3
197,1,0.9459751844406128,1,MERRA2,3489,3
208,0,0.2431179583072662,0,MERRA2,3489,3
209,1,0.9209629893302916,1,MERRA2,3489,3
226,0,0.5257933735847473,1,MERRA2,3489,3
227,1,0.3366675972938537,0,MERRA2,3489,3
234,0,0.062184203416109,0,MERRA2,3489,3
235,1,0.5115603804588318,1,MERRA2,3489,3
240,0,0.5367967486381531,1,MERRA2,3489,3
241,1,0.424978494644165,0,MERRA2,3489,3
248,0,0.0822754353284835,0,MERRA2,3489,3
249,1,0.8697531223297119,1,MERRA2,3489,3
274,0,0.0753077045083046,0,MERRA2,3489,3
275,1,0.8464241027832031,1,MERRA2,3489,3
296,0,0.2224829196929931,0,MERRA2,3489,3
297,1,0.9402968287467957,1,MERRA2,3489,3
306,0,0.0753077045083046,0,MERRA2,3489,3
307,1,0.8464241027832031,1,MERRA2,3489,3
312,0,0.190474271774292,0,MERRA2,3489,3
313,1,0.8779698610305786,1,MERRA2,3489,3
316,0,0.2782364189624786,0,MERRA2,3489,3
317,1,0.940555989742279,1,MERRA2,3489,3
322,0,0.0434853881597518,0,MERRA2,3489,3
323,1,0.7541033029556274,1,MERRA2,3489,3
336,0,0.3547269105911255,0,MERRA2,3489,3
337,1,0.3812820017337799,0,MERRA2,3489,3
352,0,0.0884513035416603,0,MERRA2,3489,3
353,1,0.6804245710372925,1,MERRA2,3489,3
356,0,0.4827919006347656,0,MERRA2,3489,3
357,1,0.6478769183158875,1,MERRA2,3489,3
364,0,0.535207986831665,1,MERRA2,3489,3
365,1,0.7298592329025269,1,MERRA2,3489,3
378,0,0.209013745188713,0,MERRA2,3489,3
379,1,0.6327217221260071,1,MERRA2,3489,3
390,0,0.1184517219662666,0,MERRA2,3489,3
391,1,0.8434447646141052,1,MERRA2,3489,3
402,0,0.2226694822311401,0,MERRA2,3489,3
403,1,0.8260900974273682,1,MERRA2,3489,3
6,0,0.0820236131548881,0,MERRA2,3489,4
7,1,0.7856893539428711,1,MERRA2,3489,4
8,0,0.9329110383987428,1,MERRA2,3489,4
9,1,0.7683050632476807,1,MERRA2,3489,4
18,0,0.0381216257810592,0,MERRA2,3489,4
19,1,0.6663962602615356,1,MERRA2,3489,4
36,0,0.068879023194313,0,MERRA2,3489,4
37,1,0.549636721611023,1,MERRA2,3489,4
44,0,0.0850672721862793,0,MERRA2,3489,4
45,1,0.0431520976126194,0,MERRA2,3489,4
60,0,0.2176436930894851,0,MERRA2,3489,4
61,1,0.8939459323883057,1,MERRA2,3489,4
62,0,0.0837384089827537,0,MERRA2,3489,4
63,1,0.544405996799469,1,MERRA2,3489,4
72,0,0.0904206484556198,0,MERRA2,3489,4
73,1,0.1568527668714523,0,MERRA2,3489,4
90,0,0.0472876913845539,0,MERRA2,3489,4
91,1,0.2234098017215728,0,MERRA2,3489,4
100,0,0.1270173341035843,0,MERRA2,3489,4
101,1,0.957322597503662,1,MERRA2,3489,4
104,0,0.1136021465063095,0,MERRA2,3489,4
105,1,0.4546941518783569,0,MERRA2,3489,4
112,0,0.0722744390368461,0,MERRA2,3489,4
113,1,0.952016830444336,1,MERRA2,3489,4
116,0,0.3869721889495849,0,MERRA2,3489,4
117,1,0.8433195352554321,1,MERRA2,3489,4
142,0,0.0501391403377056,0,MERRA2,3489,4
143,1,0.6253297924995422,1,MERRA2,3489,4
150,0,0.0573113001883029,0,MERRA2,3489,4
151,1,0.752234935760498,1,MERRA2,3489,4
152,0,0.0697799623012542,0,MERRA2,3489,4
153,1,0.9563077092170716,1,MERRA2,3489,4
156,0,0.029253851622343,0,MERRA2,3489,4
157,1,0.6865227818489075,1,MERRA2,3489,4
170,0,0.5826798677444458,1,MERRA2,3489,4
171,1,0.6740847826004028,1,MERRA2,3489,4
174,0,0.5826798677444458,1,MERRA2,3489,4
175,1,0.6740847826004028,1,MERRA2,3489,4
180,0,0.4715123176574707,0,MERRA2,3489,4
181,1,0.8858554363250732,1,MERRA2,3489,4
188,0,0.2074272334575653,0,MERRA2,3489,4
189,1,0.3932478725910187,0,MERRA2,3489,4
190,0,0.2074272334575653,0,MERRA2,3489,4
191,1,0.3144812881946563,0,MERRA2,3489,4
214,0,0.3397701382637024,0,MERRA2,3489,4
215,1,0.892907977104187,1,MERRA2,3489,4
230,0,0.5174322724342346,1,MERRA2,3489,4
231,1,0.2667537927627563,0,MERRA2,3489,4
232,0,0.0510652549564838,0,MERRA2,3489,4
233,1,0.7241701483726501,1,MERRA2,3489,4
246,0,0.6819289922714233,1,MERRA2,3489,4
247,1,0.8757768273353577,1,MERRA2,3489,4
256,0,0.8797945380210876,1,MERRA2,3489,4
257,1,0.6779087781906128,1,MERRA2,3489,4
260,0,0.0522670820355415,0,MERRA2,3489,4
261,1,0.6444250345230103,1,MERRA2,3489,4
262,0,0.16673444211483,0,MERRA2,3489,4
263,1,0.957322597503662,1,MERRA2,3489,4
278,0,0.2707355618476867,0,MERRA2,3489,4
279,1,0.9066883325576782,1,MERRA2,3489,4
282,0,0.055616445839405,0,MERRA2,3489,4
283,1,0.5250368714332581,1,MERRA2,3489,4
294,0,0.2621759474277496,0,MERRA2,3489,4
295,1,0.1511683762073516,0,MERRA2,3489,4
344,0,0.114405021071434,0,MERRA2,3489,4
345,1,0.8008893728256226,1,MERRA2,3489,4
348,0,0.3682425320148468,0,MERRA2,3489,4
349,1,0.7796372175216675,1,MERRA2,3489,4
358,0,0.1694279462099075,0,MERRA2,3489,4
359,1,0.5358490943908691,1,MERRA2,3489,4
366,0,0.1572241485118866,0,MERRA2,3489,4
367,1,0.5869837403297424,1,MERRA2,3489,4
372,0,0.2530024945735931,0,MERRA2,3489,4
373,1,0.7513962984085083,1,MERRA2,3489,4
392,0,0.1208329498767852,0,MERRA2,3489,4
393,1,0.888611376285553,1,MERRA2,3489,4
396,0,0.0820236131548881,0,MERRA2,3489,4
397,1,0.7539536952972412,1,MERRA2,3489,4
2,0,0.1251873224973678,0,MERRA2,3489,5
3,1,0.0575350224971771,0,MERRA2,3489,5
4,0,0.9609555602073668,1,MERRA2,3489,5
5,1,0.4581559300422668,0,MERRA2,3489,5
12,0,0.1549797803163528,0,MERRA2,3489,5
13,1,0.9366436004638672,1,MERRA2,3489,5
28,0,0.061919204890728,0,MERRA2,3489,5
29,1,0.1153958141803741,0,MERRA2,3489,5
38,0,0.1181383356451988,0,MERRA2,3489,5
39,1,0.8121247887611389,1,MERRA2,3489,5
52,0,0.7502445578575134,1,MERRA2,3489,5
53,1,0.4431632459163666,0,MERRA2,3489,5
56,0,0.4431632459163666,0,MERRA2,3489,5
57,1,0.9872136116027832,1,MERRA2,3489,5
78,0,0.0647127255797386,0,MERRA2,3489,5
79,1,0.9605686068534852,1,MERRA2,3489,5
82,0,0.7803783416748047,1,MERRA2,3489,5
83,1,0.7406567335128784,1,MERRA2,3489,5
92,0,0.0787617713212966,0,MERRA2,3489,5
93,1,0.9605686068534852,1,MERRA2,3489,5
134,0,0.369756132364273,0,MERRA2,3489,5
135,1,0.6759106516838074,1,MERRA2,3489,5
136,0,0.67552649974823,1,MERRA2,3489,5
137,1,0.9961976408958436,1,MERRA2,3489,5
138,0,0.2437128573656082,0,MERRA2,3489,5
139,1,0.9623252153396606,1,MERRA2,3489,5
158,0,0.369756132364273,0,MERRA2,3489,5
159,1,0.9961976408958436,1,MERRA2,3489,5
162,0,0.2375550121068954,0,MERRA2,3489,5
163,1,0.9961976408958436,1,MERRA2,3489,5
176,0,0.7370011806488037,1,MERRA2,3489,5
177,1,0.973591446876526,1,MERRA2,3489,5
178,0,0.1319364607334137,0,MERRA2,3489,5
179,1,0.9279539585113524,1,MERRA2,3489,5
182,0,0.2721669971942901,0,MERRA2,3489,5
183,1,0.8368591070175171,1,MERRA2,3489,5
194,0,0.0267505049705505,0,MERRA2,3489,5
195,1,0.0528989061713218,0,MERRA2,3489,5
224,0,0.1738430857658386,0,MERRA2,3489,5
225,1,0.2340295910835266,0,MERRA2,3489,5
266,0,0.0705558434128761,0,MERRA2,3489,5
267,1,0.638093888759613,1,MERRA2,3489,5
270,0,0.0313607826828956,0,MERRA2,3489,5
271,1,0.9030163288116456,1,MERRA2,3489,5
272,0,0.0860394090414047,0,MERRA2,3489,5
273,1,0.159138023853302,0,MERRA2,3489,5
276,0,0.0144227799028158,0,MERRA2,3489,5
277,1,0.191424548625946,0,MERRA2,3489,5
280,0,0.7933069467544556,1,MERRA2,3489,5
281,1,0.9201738238334656,1,MERRA2,3489,5
292,0,0.1007572412490844,0,MERRA2,3489,5
293,1,0.988947868347168,1,MERRA2,3489,5
304,0,0.0914146974682807,0,MERRA2,3489,5
305,1,0.8118945360183716,1,MERRA2,3489,5
320,0,0.058859072625637,0,MERRA2,3489,5
321,1,0.957036554813385,1,MERRA2,3489,5
326,0,0.1641295552253723,0,MERRA2,3489,5
327,1,0.75046706199646,1,MERRA2,3489,5
328,0,0.0411110632121562,0,MERRA2,3489,5
329,1,0.9590438604354858,1,MERRA2,3489,5
330,0,0.0529057085514068,0,MERRA2,3489,5
331,1,0.9653299450874328,1,MERRA2,3489,5
346,0,0.1125921607017517,0,MERRA2,3489,5
347,1,0.7261486053466797,1,MERRA2,3489,5
350,0,0.049560185521841,0,MERRA2,3489,5
351,1,0.7919628024101257,1,MERRA2,3489,5
354,0,0.2929883301258087,0,MERRA2,3489,5
355,1,0.9090327620506288,1,MERRA2,3489,5
360,0,0.8056163787841797,1,MERRA2,3489,5
361,1,0.2048213183879852,0,MERRA2,3489,5
362,0,0.3112048208713531,0,MERRA2,3489,5
363,1,0.4037030935287475,0,MERRA2,3489,5
368,0,0.1053590327501297,0,MERRA2,3489,5
369,1,0.9153871536254884,1,MERRA2,3489,5
382,0,0.2373436838388443,0,MERRA2,3489,5
383,1,0.1751577407121658,0,MERRA2,3489,5
388,0,0.0698319301009178,0,MERRA2,3489,5
389,1,0.8897880911827087,1,MERRA2,3489,5
394,0,0.0820814743638038,0,MERRA2,3489,5
395,1,0.8897880911827087,1,MERRA2,3489,5
400,0,0.0495601743459701,0,MERRA2,3489,5
401,1,0.9225584268569946,1,MERRA2,3489,5
2,0,0.0576658770442009,0,MERRA2,4065,1
3,1,0.0139275165274739,0,MERRA2,4065,1
6,0,0.0152097539976239,0,MERRA2,4065,1
7,1,0.8169026374816895,1,MERRA2,4065,1
10,0,0.6971525549888611,1,MERRA2,4065,1
11,1,0.9749028086662292,1,MERRA2,4065,1
16,0,0.2666522860527038,0,MERRA2,4065,1
17,1,0.387249082326889,0,MERRA2,4065,1
28,0,0.1740540564060211,0,MERRA2,4065,1
29,1,0.0465963333845138,0,MERRA2,4065,1
30,0,0.0426171012222766,0,MERRA2,4065,1
31,1,0.7691684365272522,1,MERRA2,4065,1
32,0,0.0426171012222766,0,MERRA2,4065,1
33,1,0.7691684365272522,1,MERRA2,4065,1
48,0,0.6345130801200867,1,MERRA2,4065,1
49,1,0.4974625706672668,0,MERRA2,4065,1
54,0,0.4041190445423126,0,MERRA2,4065,1
55,1,0.8613656759262085,1,MERRA2,4065,1
72,0,0.0442919582128524,0,MERRA2,4065,1
73,1,0.0852465853095054,0,MERRA2,4065,1
92,0,0.1838171184062957,0,MERRA2,4065,1
93,1,0.9259738326072692,1,MERRA2,4065,1
98,0,0.6725875735282898,1,MERRA2,4065,1
99,1,0.660221517086029,1,MERRA2,4065,1
122,0,0.1855728477239608,0,MERRA2,4065,1
123,1,0.0687981471419334,0,MERRA2,4065,1
124,0,0.8233210444450378,1,MERRA2,4065,1
125,1,0.8189785480499268,1,MERRA2,4065,1
132,0,0.1855728477239608,0,MERRA2,4065,1
133,1,0.1662664413452148,0,MERRA2,4065,1
162,0,0.4022332429885864,0,MERRA2,4065,1
163,1,0.9779807925224304,1,MERRA2,4065,1
172,0,0.8824643492698669,1,MERRA2,4065,1
173,1,0.8596941828727722,1,MERRA2,4065,1
182,0,0.4748966693878174,0,MERRA2,4065,1
183,1,0.5515938401222229,1,MERRA2,4065,1
186,0,0.0594747625291347,0,MERRA2,4065,1
187,1,0.8454914689064026,1,MERRA2,4065,1
198,0,0.0596151910722255,0,MERRA2,4065,1
199,1,0.5569436550140381,1,MERRA2,4065,1
202,0,0.0452190823853015,0,MERRA2,4065,1
203,1,0.0878243446350097,0,MERRA2,4065,1
206,0,0.0452190823853015,0,MERRA2,4065,1
207,1,0.0878243446350097,0,MERRA2,4065,1
214,0,0.0271108392626047,0,MERRA2,4065,1
215,1,0.7920717597007751,1,MERRA2,4065,1
218,0,0.0452190823853015,0,MERRA2,4065,1
219,1,0.0878243446350097,0,MERRA2,4065,1
226,0,0.4166506826877594,0,MERRA2,4065,1
227,1,0.538006067276001,1,MERRA2,4065,1
246,0,0.2704564034938812,0,MERRA2,4065,1
247,1,0.5207051634788513,1,MERRA2,4065,1
254,0,0.2078046053647995,0,MERRA2,4065,1
255,1,0.2881784737110138,0,MERRA2,4065,1
258,0,0.3487060666084289,0,MERRA2,4065,1
259,1,0.5745893120765686,1,MERRA2,4065,1
278,0,0.2008378803730011,0,MERRA2,4065,1
279,1,0.5259550213813782,1,MERRA2,4065,1
300,0,0.0218040160834789,0,MERRA2,4065,1
301,1,0.976873815059662,1,MERRA2,4065,1
310,0,0.014405932277441,0,MERRA2,4065,1
311,1,0.955640971660614,1,MERRA2,4065,1
312,0,0.4041190445423126,0,MERRA2,4065,1
313,1,0.8613656759262085,1,MERRA2,4065,1
320,0,0.1244772151112556,0,MERRA2,4065,1
321,1,0.8855745196342468,1,MERRA2,4065,1
332,0,0.0449680909514427,0,MERRA2,4065,1
333,1,0.8407398462295532,1,MERRA2,4065,1
346,0,0.052351027727127,0,MERRA2,4065,1
347,1,0.8084518313407898,1,MERRA2,4065,1
358,0,0.0753866210579872,0,MERRA2,4065,1
359,1,0.3617768585681915,0,MERRA2,4065,1
360,0,0.7913755774497986,1,MERRA2,4065,1
361,1,0.4804247319698334,0,MERRA2,4065,1
370,0,0.0191319715231657,0,MERRA2,4065,1
371,1,0.6387336254119873,1,MERRA2,4065,1
380,0,0.1219600588083267,0,MERRA2,4065,1
381,1,0.79643315076828,1,MERRA2,4065,1
386,0,0.0841008126735687,0,MERRA2,4065,1
387,1,0.6605132222175598,1,MERRA2,4065,1
396,0,0.015209762379527,0,MERRA2,4065,1
397,1,0.649297297000885,1,MERRA2,4065,1
22,0,0.9319204092025756,1,MERRA2,4065,2
23,1,0.8924577236175537,1,MERRA2,4065,2
24,0,0.1058053076267242,0,MERRA2,4065,2
25,1,0.9477982521057128,1,MERRA2,4065,2
26,0,0.0641751438379287,0,MERRA2,4065,2
27,1,0.265866219997406,0,MERRA2,4065,2
42,0,0.5974140167236328,1,MERRA2,4065,2
43,1,0.393707275390625,0,MERRA2,4065,2
44,0,0.0627738907933235,0,MERRA2,4065,2
45,1,0.0533296167850494,0,MERRA2,4065,2
52,0,0.8220838904380798,1,MERRA2,4065,2
53,1,0.3143416345119476,0,MERRA2,4065,2
56,0,0.3143416345119476,0,MERRA2,4065,2
57,1,0.9676012992858888,1,MERRA2,4065,2
60,0,0.1064483523368835,0,MERRA2,4065,2
61,1,0.94949209690094,1,MERRA2,4065,2
68,0,0.7631881237030029,1,MERRA2,4065,2
69,1,0.9069209694862366,1,MERRA2,4065,2
70,0,0.9654251337051392,1,MERRA2,4065,2
71,1,0.3026736974716186,0,MERRA2,4065,2
82,0,0.8770705461502075,1,MERRA2,4065,2
83,1,0.8719967603683472,1,MERRA2,4065,2
88,0,0.1968259960412979,0,MERRA2,4065,2
89,1,0.1255493462085724,0,MERRA2,4065,2
106,0,0.1718040406703949,0,MERRA2,4065,2
107,1,0.8581919074058533,1,MERRA2,4065,2
136,0,0.588897168636322,1,MERRA2,4065,2
137,1,0.9838348627090454,1,MERRA2,4065,2
152,0,0.1296556890010833,0,MERRA2,4065,2
153,1,0.9838348627090454,1,MERRA2,4065,2
158,0,0.1386224627494812,0,MERRA2,4065,2
159,1,0.9838348627090454,1,MERRA2,4065,2
180,0,0.3825019001960754,0,MERRA2,4065,2
181,1,0.701044499874115,1,MERRA2,4065,2
192,0,0.9410619139671326,1,MERRA2,4065,2
193,1,0.6848176121711731,1,MERRA2,4065,2
208,0,0.2640906572341919,0,MERRA2,4065,2
209,1,0.963811457157135,1,MERRA2,4065,2
216,0,0.2640906572341919,0,MERRA2,4065,2
217,1,0.963811457157135,1,MERRA2,4065,2
220,0,0.8687347769737244,1,MERRA2,4065,2
221,1,0.8776522278785706,1,MERRA2,4065,2
222,0,0.901187777519226,1,MERRA2,4065,2
223,1,0.9410830140113832,1,MERRA2,4065,2
232,0,0.2394521385431289,0,MERRA2,4065,2
233,1,0.869133710861206,1,MERRA2,4065,2
242,0,0.2450684309005737,0,MERRA2,4065,2
243,1,0.7272098064422607,1,MERRA2,4065,2
270,0,0.0443003661930561,0,MERRA2,4065,2
271,1,0.9481714963912964,1,MERRA2,4065,2
276,0,0.0512177757918834,0,MERRA2,4065,2
277,1,0.8902091979980469,1,MERRA2,4065,2
280,0,0.3425140082836151,0,MERRA2,4065,2
281,1,0.7160563468933105,1,MERRA2,4065,2
284,0,0.3805717527866363,0,MERRA2,4065,2
285,1,0.9375017285346984,1,MERRA2,4065,2
286,0,0.0514448098838329,0,MERRA2,4065,2
287,1,0.6529887318611145,1,MERRA2,4065,2
298,0,0.5732318162918091,1,MERRA2,4065,2
299,1,0.8222089409828186,1,MERRA2,4065,2
302,0,0.569940447807312,1,MERRA2,4065,2
303,1,0.9517332315444946,1,MERRA2,4065,2
314,0,0.3961896896362304,0,MERRA2,4065,2
315,1,0.2437833100557327,0,MERRA2,4065,2
326,0,0.2258532792329788,0,MERRA2,4065,2
327,1,0.4655082821846008,0,MERRA2,4065,2
328,0,0.0362948440015316,0,MERRA2,4065,2
329,1,0.9552206993103028,1,MERRA2,4065,2
366,0,0.1339849084615707,0,MERRA2,4065,2
367,1,0.8861713409423828,1,MERRA2,4065,2
368,0,0.1136353909969329,0,MERRA2,4065,2
369,1,0.9295193552970886,1,MERRA2,4065,2
372,0,0.2397945970296859,0,MERRA2,4065,2
373,1,0.9352508187294006,1,MERRA2,4065,2
384,0,0.0687100663781166,0,MERRA2,4065,2
385,1,0.8174659013748169,1,MERRA2,4065,2
388,0,0.04982815310359,0,MERRA2,4065,2
389,1,0.8964217305183411,1,MERRA2,4065,2
392,0,0.0457743965089321,0,MERRA2,4065,2
393,1,0.8769068717956543,1,MERRA2,4065,2
8,0,0.9376387000083924,1,MERRA2,4065,3
9,1,0.4032880663871765,0,MERRA2,4065,3
34,0,0.8496015667915344,1,MERRA2,4065,3
35,1,0.3522411286830902,0,MERRA2,4065,3
38,0,0.0998846367001533,0,MERRA2,4065,3
39,1,0.6115313768386841,1,MERRA2,4065,3
62,0,0.1488041430711746,0,MERRA2,4065,3
63,1,0.7132540941238403,1,MERRA2,4065,3
74,0,0.3106862306594848,0,MERRA2,4065,3
75,1,0.9645951986312866,1,MERRA2,4065,3
76,0,0.6134763360023499,1,MERRA2,4065,3
77,1,0.9542805552482604,1,MERRA2,4065,3
78,0,0.3374432921409607,0,MERRA2,4065,3
79,1,0.7357772588729858,1,MERRA2,4065,3
80,0,0.225492313504219,0,MERRA2,4065,3
81,1,0.2305931001901626,0,MERRA2,4065,3
84,0,0.9832680821418762,1,MERRA2,4065,3
85,1,0.9727051258087158,1,MERRA2,4065,3
108,0,0.2030078619718551,0,MERRA2,4065,3
109,1,0.7357772588729858,1,MERRA2,4065,3
112,0,0.1619711816310882,0,MERRA2,4065,3
113,1,0.9542805552482604,1,MERRA2,4065,3
118,0,0.0939176231622695,0,MERRA2,4065,3
119,1,0.928247094154358,1,MERRA2,4065,3
128,0,0.0421065241098403,0,MERRA2,4065,3
129,1,0.7570295333862305,1,MERRA2,4065,3
130,0,0.4794248044490814,0,MERRA2,4065,3
131,1,0.8305908441543579,1,MERRA2,4065,3
142,0,0.0607703030109405,0,MERRA2,4065,3
143,1,0.9223974347114564,1,MERRA2,4065,3
148,0,0.0969754830002784,0,MERRA2,4065,3
149,1,0.2276738435029983,0,MERRA2,4065,3
154,0,0.5546137690544128,1,MERRA2,4065,3
155,1,0.1879700571298599,0,MERRA2,4065,3
160,0,0.0607703030109405,0,MERRA2,4065,3
161,1,0.4610249996185303,0,MERRA2,4065,3
164,0,0.0441022589802742,0,MERRA2,4065,3
165,1,0.7163692116737366,1,MERRA2,4065,3
168,0,0.3352764248847961,0,MERRA2,4065,3
169,1,0.2551097273826599,0,MERRA2,4065,3
170,0,0.5981962084770203,1,MERRA2,4065,3
171,1,0.5157620906829834,1,MERRA2,4065,3
176,0,0.4070106744766235,0,MERRA2,4065,3
177,1,0.8900183439254761,1,MERRA2,4065,3
190,0,0.349961519241333,0,MERRA2,4065,3
191,1,0.3070909082889557,0,MERRA2,4065,3
228,0,0.6503088474273682,1,MERRA2,4065,3
229,1,0.6076483130455017,1,MERRA2,4065,3
230,0,0.8297030925750732,1,MERRA2,4065,3
231,1,0.1636931598186493,0,MERRA2,4065,3
236,0,0.1864170730113983,0,MERRA2,4065,3
237,1,0.2327108979225158,0,MERRA2,4065,3
260,0,0.1555708050727844,0,MERRA2,4065,3
261,1,0.8180884718894958,1,MERRA2,4065,3
264,0,0.3107706010341644,0,MERRA2,4065,3
265,1,0.6776991486549377,1,MERRA2,4065,3
266,0,0.0948754996061325,0,MERRA2,4065,3
267,1,0.4458212852478027,0,MERRA2,4065,3
282,0,0.0804205164313316,0,MERRA2,4065,3
283,1,0.4940069913864136,0,MERRA2,4065,3
290,0,0.1921382248401641,0,MERRA2,4065,3
291,1,0.7336985468864441,1,MERRA2,4065,3
296,0,0.1879700571298599,0,MERRA2,4065,3
297,1,0.9869597554206848,1,MERRA2,4065,3
304,0,0.0502654798328876,0,MERRA2,4065,3
305,1,0.6343278884887695,1,MERRA2,4065,3
322,0,0.0419429875910282,0,MERRA2,4065,3
323,1,0.5073047876358032,1,MERRA2,4065,3
324,0,0.126662939786911,0,MERRA2,4065,3
325,1,0.6972618699073792,1,MERRA2,4065,3
336,0,0.4986494481563568,0,MERRA2,4065,3
337,1,0.2610003352165222,0,MERRA2,4065,3
354,0,0.3788340985774994,0,MERRA2,4065,3
355,1,0.9226231575012208,1,MERRA2,4065,3
356,0,0.3128601014614105,0,MERRA2,4065,3
357,1,0.6387937664985657,1,MERRA2,4065,3
364,0,0.3906330168247223,0,MERRA2,4065,3
365,1,0.5904674530029297,1,MERRA2,4065,3
378,0,0.0843831971287727,0,MERRA2,4065,3
379,1,0.7868287563323975,1,MERRA2,4065,3
394,0,0.125656247138977,0,MERRA2,4065,3
395,1,0.9376387000083924,1,MERRA2,4065,3
0,0,0.4575926065444946,0,MERRA2,4065,4
1,1,0.1117190048098564,0,MERRA2,4065,4
4,0,0.9260305762290956,1,MERRA2,4065,4
5,1,0.871343195438385,1,MERRA2,4065,4
20,0,0.2705624401569366,0,MERRA2,4065,4
21,1,0.2684381008148193,0,MERRA2,4065,4
36,0,0.0489728786051273,0,MERRA2,4065,4
37,1,0.2584259510040283,0,MERRA2,4065,4
40,0,0.9238377809524536,1,MERRA2,4065,4
41,1,0.9525625705718994,1,MERRA2,4065,4
50,0,0.4749283492565155,0,MERRA2,4065,4
51,1,0.0915771201252937,0,MERRA2,4065,4
58,0,0.0704487264156341,0,MERRA2,4065,4
59,1,0.9652829170227052,1,MERRA2,4065,4
64,0,0.02057028375566,0,MERRA2,4065,4
65,1,0.7669588923454285,1,MERRA2,4065,4
86,0,0.0880418047308921,0,MERRA2,4065,4
87,1,0.0831707268953323,0,MERRA2,4065,4
94,0,0.888805627822876,1,MERRA2,4065,4
95,1,0.6253464818000793,1,MERRA2,4065,4
96,0,0.2115400433540344,0,MERRA2,4065,4
97,1,0.3250611126422882,0,MERRA2,4065,4
100,0,0.1620310842990875,0,MERRA2,4065,4
101,1,0.9736156463623048,1,MERRA2,4065,4
114,0,0.9516324996948242,1,MERRA2,4065,4
115,1,0.8868139982223511,1,MERRA2,4065,4
144,0,0.3068599700927734,0,MERRA2,4065,4
145,1,0.0713612139225006,0,MERRA2,4065,4
150,0,0.0332526415586471,0,MERRA2,4065,4
151,1,0.9190748929977416,1,MERRA2,4065,4
156,0,0.0262643229216337,0,MERRA2,4065,4
157,1,0.872252881526947,1,MERRA2,4065,4
174,0,0.60810387134552,1,MERRA2,4065,4
175,1,0.793256938457489,1,MERRA2,4065,4
178,0,0.0494919158518314,0,MERRA2,4065,4
179,1,0.7840036153793335,1,MERRA2,4065,4
188,0,0.044519480317831,0,MERRA2,4065,4
189,1,0.7163935899734497,1,MERRA2,4065,4
196,0,0.5619327425956726,1,MERRA2,4065,4
197,1,0.9595795273780824,1,MERRA2,4065,4
204,0,0.8136833310127258,1,MERRA2,4065,4
205,1,0.7781633138656616,1,MERRA2,4065,4
224,0,0.1420836001634597,0,MERRA2,4065,4
225,1,0.1832673400640487,0,MERRA2,4065,4
238,0,0.0536205805838108,0,MERRA2,4065,4
239,1,0.4847562611103058,0,MERRA2,4065,4
240,0,0.3855787813663482,0,MERRA2,4065,4
241,1,0.0898722112178802,0,MERRA2,4065,4
248,0,0.0339001342654228,0,MERRA2,4065,4
249,1,0.9261289834976196,1,MERRA2,4065,4
268,0,0.9166321754455566,1,MERRA2,4065,4
269,1,0.5126118063926697,1,MERRA2,4065,4
272,0,0.0507634207606315,0,MERRA2,4065,4
273,1,0.0880418047308921,0,MERRA2,4065,4
274,0,0.0415497235953807,0,MERRA2,4065,4
275,1,0.9638436436653136,1,MERRA2,4065,4
288,0,0.5619327425956726,1,MERRA2,4065,4
289,1,0.9249911904335022,1,MERRA2,4065,4
306,0,0.0415497235953807,0,MERRA2,4065,4
307,1,0.9638436436653136,1,MERRA2,4065,4
308,0,0.064919389784336,0,MERRA2,4065,4
309,1,0.8710623383522034,1,MERRA2,4065,4
316,0,0.1106788516044616,0,MERRA2,4065,4
317,1,0.9799904823303224,1,MERRA2,4065,4
330,0,0.0262643229216337,0,MERRA2,4065,4
331,1,0.9199069738388062,1,MERRA2,4065,4
338,0,0.0432742647826671,0,MERRA2,4065,4
339,1,0.6662466526031494,1,MERRA2,4065,4
340,0,0.0429794639348983,0,MERRA2,4065,4
341,1,0.5707082152366638,1,MERRA2,4065,4
362,0,0.2037641406059265,0,MERRA2,4065,4
363,1,0.8158907294273376,1,MERRA2,4065,4
374,0,0.2220383286476135,0,MERRA2,4065,4
375,1,0.0282363183796405,0,MERRA2,4065,4
382,0,0.1331786513328552,0,MERRA2,4065,4
383,1,0.2455051392316818,0,MERRA2,4065,4
398,0,0.1824291348457336,0,MERRA2,4065,4
399,1,0.3794144093990326,0,MERRA2,4065,4
12,0,0.224272072315216,0,MERRA2,4065,5
13,1,0.8823344111442566,1,MERRA2,4065,5
14,0,0.6906318664550781,1,MERRA2,4065,5
15,1,0.851826548576355,1,MERRA2,4065,5
18,0,0.0713869854807853,0,MERRA2,4065,5
19,1,0.8506177663803101,1,MERRA2,4065,5
46,0,0.2832501232624054,0,MERRA2,4065,5
47,1,0.6840161085128784,1,MERRA2,4065,5
66,0,0.8851315975189209,1,MERRA2,4065,5
67,1,0.8155860304832458,1,MERRA2,4065,5
90,0,0.2115864306688308,0,MERRA2,4065,5
91,1,0.119821697473526,0,MERRA2,4065,5
102,0,0.1947398781776428,0,MERRA2,4065,5
103,1,0.9890077114105223,1,MERRA2,4065,5
104,0,0.188575193285942,0,MERRA2,4065,5
105,1,0.8826467990875244,1,MERRA2,4065,5
110,0,0.3311929106712341,0,MERRA2,4065,5
111,1,0.738233208656311,1,MERRA2,4065,5
116,0,0.7526217699050903,1,MERRA2,4065,5
117,1,0.948492169380188,1,MERRA2,4065,5
120,0,0.1246071755886077,0,MERRA2,4065,5
121,1,0.9780685305595398,1,MERRA2,4065,5
126,0,0.1425957083702087,0,MERRA2,4065,5
127,1,0.7526217699050903,1,MERRA2,4065,5
134,0,0.2466151416301727,0,MERRA2,4065,5
135,1,0.8835461735725403,1,MERRA2,4065,5
138,0,0.6936762928962708,1,MERRA2,4065,5
139,1,0.8707389831542969,1,MERRA2,4065,5
140,0,0.0529902800917625,0,MERRA2,4065,5
141,1,0.9709091186523438,1,MERRA2,4065,5
146,0,0.092904046177864,0,MERRA2,4065,5
147,1,0.9935930371284484,1,MERRA2,4065,5
166,0,0.6596177220344543,1,MERRA2,4065,5
167,1,0.8089829683303833,1,MERRA2,4065,5
184,0,0.0555587820708751,0,MERRA2,4065,5
185,1,0.9780473113059998,1,MERRA2,4065,5
194,0,0.6874473690986633,1,MERRA2,4065,5
195,1,0.3989615142345428,0,MERRA2,4065,5
200,0,0.2372107207775116,0,MERRA2,4065,5
201,1,0.9790107011795044,1,MERRA2,4065,5
210,0,0.1215451508760452,0,MERRA2,4065,5
211,1,0.9346097111701964,1,MERRA2,4065,5
212,0,0.8066088557243347,1,MERRA2,4065,5
213,1,0.9727084040641784,1,MERRA2,4065,5
234,0,0.0994053557515144,0,MERRA2,4065,5
235,1,0.3536658585071563,0,MERRA2,4065,5
244,0,0.3454946279525757,0,MERRA2,4065,5
245,1,0.6298174858093262,1,MERRA2,4065,5
250,0,0.0654305890202522,0,MERRA2,4065,5
251,1,0.9775390028953552,1,MERRA2,4065,5
252,0,0.1110603511333465,0,MERRA2,4065,5
253,1,0.8849003911018372,1,MERRA2,4065,5
256,0,0.7504189610481262,1,MERRA2,4065,5
257,1,0.8365574479103088,1,MERRA2,4065,5
262,0,0.4845278859138489,0,MERRA2,4065,5
263,1,0.9890077114105223,1,MERRA2,4065,5
292,0,0.0529902800917625,0,MERRA2,4065,5
293,1,0.9709091186523438,1,MERRA2,4065,5
294,0,0.0863975062966346,0,MERRA2,4065,5
295,1,0.1012952104210853,0,MERRA2,4065,5
318,0,0.2372107207775116,0,MERRA2,4065,5
319,1,0.9790107011795044,1,MERRA2,4065,5
334,0,0.1483551859855651,0,MERRA2,4065,5
335,1,0.5980757474899292,1,MERRA2,4065,5
342,0,0.0709602087736129,0,MERRA2,4065,5
343,1,0.9685453176498412,1,MERRA2,4065,5
344,0,0.0954196602106094,0,MERRA2,4065,5
345,1,0.9283274412155152,1,MERRA2,4065,5
348,0,0.315328985452652,0,MERRA2,4065,5
349,1,0.9248631596565248,1,MERRA2,4065,5
350,0,0.0756938606500625,0,MERRA2,4065,5
351,1,0.8445026874542236,1,MERRA2,4065,5
352,0,0.0492879748344421,0,MERRA2,4065,5
353,1,0.8820568919181824,1,MERRA2,4065,5
376,0,0.1920837759971618,0,MERRA2,4065,5
377,1,0.8416609764099121,1,MERRA2,4065,5
390,0,0.1312449872493744,0,MERRA2,4065,5
391,1,0.7949073314666748,1,MERRA2,4065,5
400,0,0.0756938606500625,0,MERRA2,4065,5
401,1,0.519124448299408,1,MERRA2,4065,5
402,0,0.258432924747467,0,MERRA2,4065,5
403,1,0.948400378227234,1,MERRA2,4065,5
0,0,0.9771379232406616,1,MERRA2,5018,1
1,1,0.0291213653981685,0,MERRA2,5018,1
8,0,0.9938125610351562,1,MERRA2,5018,1
9,1,0.9768053293228148,1,MERRA2,5018,1
36,0,0.0262903161346912,0,MERRA2,5018,1
37,1,0.8304760456085205,1,MERRA2,5018,1
40,0,0.969728946685791,1,MERRA2,5018,1
41,1,0.9426273703575134,1,MERRA2,5018,1
58,0,0.1137658283114433,0,MERRA2,5018,1
59,1,0.9950297474861144,1,MERRA2,5018,1
62,0,0.0299533754587173,0,MERRA2,5018,1
63,1,0.6689087748527527,1,MERRA2,5018,1
86,0,0.7198364734649658,1,MERRA2,5018,1
87,1,0.16898113489151,0,MERRA2,5018,1
92,0,0.0257220119237899,0,MERRA2,5018,1
93,1,0.9749647974967957,1,MERRA2,5018,1
94,0,0.9661548733711244,1,MERRA2,5018,1
95,1,0.2755914032459259,0,MERRA2,5018,1
104,0,0.0439741350710392,0,MERRA2,5018,1
105,1,0.9213685989379884,1,MERRA2,5018,1
114,0,0.985734224319458,1,MERRA2,5018,1
115,1,0.8801578283309937,1,MERRA2,5018,1
122,0,0.0614724420011043,0,MERRA2,5018,1
123,1,0.0771892368793487,0,MERRA2,5018,1
128,0,0.0159356035292148,0,MERRA2,5018,1
129,1,0.9503581523895264,1,MERRA2,5018,1
138,0,0.879612386226654,1,MERRA2,5018,1
139,1,0.9712305665016174,1,MERRA2,5018,1
140,0,0.0316657610237598,0,MERRA2,5018,1
141,1,0.8329525589942932,1,MERRA2,5018,1
148,0,0.0554102249443531,0,MERRA2,5018,1
149,1,0.6457332372665405,1,MERRA2,5018,1
152,0,0.0616509653627872,0,MERRA2,5018,1
153,1,0.9977783560752868,1,MERRA2,5018,1
164,0,0.0113971037790179,0,MERRA2,5018,1
165,1,0.99372535943985,1,MERRA2,5018,1
168,0,0.3733626008033752,0,MERRA2,5018,1
169,1,0.0182360801845788,0,MERRA2,5018,1
174,0,0.3924585282802582,0,MERRA2,5018,1
175,1,0.7695314288139343,1,MERRA2,5018,1
176,0,0.9198511242866516,1,MERRA2,5018,1
177,1,0.866942286491394,1,MERRA2,5018,1
180,0,0.0889588296413421,0,MERRA2,5018,1
181,1,0.9402989149093628,1,MERRA2,5018,1
192,0,0.6430357098579407,1,MERRA2,5018,1
193,1,0.293300598859787,0,MERRA2,5018,1
200,0,0.039650946855545,0,MERRA2,5018,1
201,1,0.9781996607780457,1,MERRA2,5018,1
202,0,0.0183367729187011,0,MERRA2,5018,1
203,1,0.0575598776340484,0,MERRA2,5018,1
206,0,0.0183367729187011,0,MERRA2,5018,1
207,1,0.0575598776340484,0,MERRA2,5018,1
218,0,0.0183367729187011,0,MERRA2,5018,1
219,1,0.0575598776340484,0,MERRA2,5018,1
234,0,0.0229338742792606,0,MERRA2,5018,1
235,1,0.4770975112915039,0,MERRA2,5018,1
248,0,0.0135063296183943,0,MERRA2,5018,1
249,1,0.996496856212616,1,MERRA2,5018,1
256,0,0.9126033782958984,1,MERRA2,5018,1
257,1,0.9421743750572203,1,MERRA2,5018,1
270,0,0.0095218475908041,0,MERRA2,5018,1
271,1,0.836815357208252,1,MERRA2,5018,1
276,0,0.0084251509979367,0,MERRA2,5018,1
277,1,0.9801238775253296,1,MERRA2,5018,1
284,0,0.0172905884683132,0,MERRA2,5018,1
285,1,0.5795226097106934,1,MERRA2,5018,1
296,0,0.7990266680717468,1,MERRA2,5018,1
297,1,0.9977783560752868,1,MERRA2,5018,1
312,0,0.1137658283114433,0,MERRA2,5018,1
313,1,0.9950297474861144,1,MERRA2,5018,1
320,0,0.01604825258255,0,MERRA2,5018,1
321,1,0.9880861043930054,1,MERRA2,5018,1
324,0,0.0304876752197742,0,MERRA2,5018,1
325,1,0.9600710272789,1,MERRA2,5018,1
332,0,0.0080957859754562,0,MERRA2,5018,1
333,1,0.99372535943985,1,MERRA2,5018,1
340,0,0.0292213764041662,0,MERRA2,5018,1
341,1,0.0310491640120744,0,MERRA2,5018,1
346,0,0.1378493160009384,0,MERRA2,5018,1
347,1,0.6858333945274353,1,MERRA2,5018,1
382,0,0.0413435436785221,0,MERRA2,5018,1
383,1,0.8425911068916321,1,MERRA2,5018,1
4,0,0.5350452661514282,1,MERRA2,5018,2
5,1,0.1119027882814407,0,MERRA2,5018,2
18,0,0.0188733991235494,0,MERRA2,5018,2
19,1,0.7793809175491333,1,MERRA2,5018,2
24,0,0.0943057462573051,0,MERRA2,5018,2
25,1,0.8420860767364502,1,MERRA2,5018,2
26,0,0.3066821992397308,0,MERRA2,5018,2
27,1,0.0390020385384559,0,MERRA2,5018,2
34,0,0.4945356249809265,0,MERRA2,5018,2
35,1,0.5329049229621887,1,MERRA2,5018,2
44,0,0.0779406204819679,0,MERRA2,5018,2
45,1,0.0225023552775383,0,MERRA2,5018,2
48,0,0.4553167223930359,0,MERRA2,5018,2
49,1,0.881291389465332,1,MERRA2,5018,2
68,0,0.7936406135559082,1,MERRA2,5018,2
69,1,0.9506153464317322,1,MERRA2,5018,2
72,0,0.0509342513978481,0,MERRA2,5018,2
73,1,0.1222828328609466,0,MERRA2,5018,2
82,0,0.960582971572876,1,MERRA2,5018,2
83,1,0.950386881828308,1,MERRA2,5018,2
84,0,0.9781624674797058,1,MERRA2,5018,2
85,1,0.93037211894989,1,MERRA2,5018,2
98,0,0.960582971572876,1,MERRA2,5018,2
99,1,0.950386881828308,1,MERRA2,5018,2
106,0,0.0627693310379982,0,MERRA2,5018,2
107,1,0.9581881761550904,1,MERRA2,5018,2
108,0,0.0793912783265113,0,MERRA2,5018,2
109,1,0.9782062768936156,1,MERRA2,5018,2
120,0,0.2155919373035431,0,MERRA2,5018,2
121,1,0.9524559378623962,1,MERRA2,5018,2
126,0,0.2079867869615554,0,MERRA2,5018,2
127,1,0.618847668170929,1,MERRA2,5018,2
156,0,0.0217511933296918,0,MERRA2,5018,2
157,1,0.8388074636459351,1,MERRA2,5018,2
158,0,0.4157052636146545,0,MERRA2,5018,2
159,1,0.9936562180519104,1,MERRA2,5018,2
170,0,0.8528303503990173,1,MERRA2,5018,2
171,1,0.8910091519355774,1,MERRA2,5018,2
186,0,0.0963842496275901,0,MERRA2,5018,2
187,1,0.8901030421257019,1,MERRA2,5018,2
198,0,0.2537524402141571,0,MERRA2,5018,2
199,1,0.7372921109199524,1,MERRA2,5018,2
208,0,0.0824147537350654,0,MERRA2,5018,2
209,1,0.9524559378623962,1,MERRA2,5018,2
210,0,0.0703454688191413,0,MERRA2,5018,2
211,1,0.8457236886024475,1,MERRA2,5018,2
214,0,0.20402193069458,0,MERRA2,5018,2
215,1,0.8457236886024475,1,MERRA2,5018,2
220,0,0.8779631853103638,1,MERRA2,5018,2
221,1,0.8021107912063599,1,MERRA2,5018,2
224,0,0.5457063913345337,1,MERRA2,5018,2
225,1,0.4479724764823913,0,MERRA2,5018,2
230,0,0.5038489699363708,1,MERRA2,5018,2
231,1,0.1096873506903648,0,MERRA2,5018,2
246,0,0.3989446759223938,0,MERRA2,5018,2
247,1,0.479889452457428,0,MERRA2,5018,2
254,0,0.3467316031455993,0,MERRA2,5018,2
255,1,0.4706304669380188,0,MERRA2,5018,2
258,0,0.0331536754965782,0,MERRA2,5018,2
259,1,0.5424596071243286,1,MERRA2,5018,2
264,0,0.4226848185062408,0,MERRA2,5018,2
265,1,0.7319567799568176,1,MERRA2,5018,2
268,0,0.4627936482429504,0,MERRA2,5018,2
269,1,0.3737863302230835,0,MERRA2,5018,2
290,0,0.403918445110321,0,MERRA2,5018,2
291,1,0.2557844817638397,0,MERRA2,5018,2
334,0,0.1426785588264465,0,MERRA2,5018,2
335,1,0.6857640743255615,1,MERRA2,5018,2
342,0,0.0117157287895679,0,MERRA2,5018,2
343,1,0.9706769585609436,1,MERRA2,5018,2
360,0,0.5366262197494507,1,MERRA2,5018,2
361,1,0.3311153650283813,0,MERRA2,5018,2
368,0,0.4690145254135132,0,MERRA2,5018,2
369,1,0.8400708436965942,1,MERRA2,5018,2
370,0,0.0218773689121007,0,MERRA2,5018,2
371,1,0.67703777551651,1,MERRA2,5018,2
372,0,0.2698864638805389,0,MERRA2,5018,2
373,1,0.8174428939819336,1,MERRA2,5018,2
394,0,0.0648623704910278,0,MERRA2,5018,2
395,1,0.6719726920127869,1,MERRA2,5018,2
402,0,0.0920830145478248,0,MERRA2,5018,2
403,1,0.9105817675590516,1,MERRA2,5018,2
22,0,0.8651856184005737,1,MERRA2,5018,3
23,1,0.6993646621704102,1,MERRA2,5018,3
32,0,0.0292797815054655,0,MERRA2,5018,3
33,1,0.726600170135498,1,MERRA2,5018,3
42,0,0.6647967100143433,1,MERRA2,5018,3
43,1,0.5765785574913025,1,MERRA2,5018,3
46,0,0.5152586698532104,1,MERRA2,5018,3
47,1,0.7679238319396973,1,MERRA2,5018,3
52,0,0.7405370473861694,1,MERRA2,5018,3
53,1,0.4064407050609588,0,MERRA2,5018,3
64,0,0.0211595725268125,0,MERRA2,5018,3
65,1,0.8858883380889893,1,MERRA2,5018,3
66,0,0.8125789761543274,1,MERRA2,5018,3
67,1,0.838634729385376,1,MERRA2,5018,3
80,0,0.1370937824249267,0,MERRA2,5018,3
81,1,0.1315929740667343,0,MERRA2,5018,3
96,0,0.1315929740667343,0,MERRA2,5018,3
97,1,0.5418432354927063,1,MERRA2,5018,3
112,0,0.1004138812422752,0,MERRA2,5018,3
113,1,0.928095281124115,1,MERRA2,5018,3
116,0,0.8471783995628357,1,MERRA2,5018,3
117,1,0.7450278997421265,1,MERRA2,5018,3
124,0,0.934371292591095,1,MERRA2,5018,3
125,1,0.7450278997421265,1,MERRA2,5018,3
132,0,0.1068814322352409,0,MERRA2,5018,3
133,1,0.729607880115509,1,MERRA2,5018,3
136,0,0.4863073825836181,0,MERRA2,5018,3
137,1,0.9879468083381652,1,MERRA2,5018,3
142,0,0.0297298301011323,0,MERRA2,5018,3
143,1,0.9644358158111572,1,MERRA2,5018,3
144,0,0.7272285223007202,1,MERRA2,5018,3
145,1,0.0465230718255043,0,MERRA2,5018,3
146,0,0.0939307063817977,0,MERRA2,5018,3
147,1,0.9879468083381652,1,MERRA2,5018,3
154,0,0.7272285223007202,1,MERRA2,5018,3
155,1,0.0488786995410919,0,MERRA2,5018,3
190,0,0.4079180657863617,0,MERRA2,5018,3
191,1,0.5526955723762512,1,MERRA2,5018,3
204,0,0.5626014471054077,1,MERRA2,5018,3
205,1,0.7759259343147278,1,MERRA2,5018,3
226,0,0.6398335099220276,1,MERRA2,5018,3
227,1,0.7612519264221191,1,MERRA2,5018,3
228,0,0.9584938883781432,1,MERRA2,5018,3
229,1,0.9068900942802428,1,MERRA2,5018,3
232,0,0.0615867190062999,0,MERRA2,5018,3
233,1,0.903348982334137,1,MERRA2,5018,3
240,0,0.6025664806365967,1,MERRA2,5018,3
241,1,0.4927677512168884,0,MERRA2,5018,3
242,0,0.5446057915687561,1,MERRA2,5018,3
243,1,0.7646562457084656,1,MERRA2,5018,3
260,0,0.0267510451376438,0,MERRA2,5018,3
261,1,0.7031546235084534,1,MERRA2,5018,3
262,0,0.2926853597164154,0,MERRA2,5018,3
263,1,0.9061718583106996,1,MERRA2,5018,3
266,0,0.0377650596201419,0,MERRA2,5018,3
267,1,0.9298839569091796,1,MERRA2,5018,3
278,0,0.1026207953691482,0,MERRA2,5018,3
279,1,0.9501684904098512,1,MERRA2,5018,3
292,0,0.0140874087810516,0,MERRA2,5018,3
293,1,0.9885490536689758,1,MERRA2,5018,3
298,0,0.0667521208524704,0,MERRA2,5018,3
299,1,0.8760481476783752,1,MERRA2,5018,3
304,0,0.0185787715017795,0,MERRA2,5018,3
305,1,0.8868440389633179,1,MERRA2,5018,3
306,0,0.0125241102650761,0,MERRA2,5018,3
307,1,0.952423930168152,1,MERRA2,5018,3
314,0,0.7467373013496399,1,MERRA2,5018,3
315,1,0.6146041750907898,1,MERRA2,5018,3
316,0,0.0751203969120979,0,MERRA2,5018,3
317,1,0.979944944381714,1,MERRA2,5018,3
322,0,0.0121220080181956,0,MERRA2,5018,3
323,1,0.868009090423584,1,MERRA2,5018,3
336,0,0.0692531242966651,0,MERRA2,5018,3
337,1,0.2839964926242828,0,MERRA2,5018,3
350,0,0.0088249454274773,0,MERRA2,5018,3
351,1,0.8631057739257812,1,MERRA2,5018,3
362,0,0.3555107712745666,0,MERRA2,5018,3
363,1,0.5592358112335205,1,MERRA2,5018,3
364,0,0.5033461451530457,1,MERRA2,5018,3
365,1,0.828624963760376,1,MERRA2,5018,3
380,0,0.1145415902137756,0,MERRA2,5018,3
381,1,0.9382780194282532,1,MERRA2,5018,3
2,0,0.085204429924488,0,MERRA2,5018,4
3,1,0.0355523340404033,0,MERRA2,5018,4
16,0,0.415990948677063,0,MERRA2,5018,4
17,1,0.4760515987873077,0,MERRA2,5018,4
20,0,0.4786678552627563,0,MERRA2,5018,4
21,1,0.1434105187654495,0,MERRA2,5018,4
50,0,0.7585175633430481,1,MERRA2,5018,4
51,1,0.3697980940341949,0,MERRA2,5018,4
54,0,0.1527235656976699,0,MERRA2,5018,4
55,1,0.8547401428222656,1,MERRA2,5018,4
60,0,0.1527235656976699,0,MERRA2,5018,4
61,1,0.8547401428222656,1,MERRA2,5018,4
70,0,0.9513483047485352,1,MERRA2,5018,4
71,1,0.3934974372386932,0,MERRA2,5018,4
76,0,0.7983413934707642,1,MERRA2,5018,4
77,1,0.8986222147941589,1,MERRA2,5018,4
90,0,0.2232245206832885,0,MERRA2,5018,4
91,1,0.6780913472175598,1,MERRA2,5018,4
102,0,0.2209784537553787,0,MERRA2,5018,4
103,1,0.9425752758979796,1,MERRA2,5018,4
118,0,0.0853557959198951,0,MERRA2,5018,4
119,1,0.9778493642807008,1,MERRA2,5018,4
130,0,0.5147759914398193,1,MERRA2,5018,4
131,1,0.5968071818351746,1,MERRA2,5018,4
134,0,0.1495357006788253,0,MERRA2,5018,4
135,1,0.3632479906082153,0,MERRA2,5018,4
160,0,0.0451711378991603,0,MERRA2,5018,4
161,1,0.6083790063858032,1,MERRA2,5018,4
162,0,0.1496921479701995,0,MERRA2,5018,4
163,1,0.9869938492774964,1,MERRA2,5018,4
172,0,0.6047155261039734,1,MERRA2,5018,4
173,1,0.5767061710357666,1,MERRA2,5018,4
188,0,0.2753676772117615,0,MERRA2,5018,4
189,1,0.4857968688011169,0,MERRA2,5018,4
194,0,0.0809221491217613,0,MERRA2,5018,4
195,1,0.163609504699707,0,MERRA2,5018,4
196,0,0.163609504699707,0,MERRA2,5018,4
197,1,0.974101424217224,1,MERRA2,5018,4
212,0,0.6051494479179382,1,MERRA2,5018,4
213,1,0.4019491374492645,0,MERRA2,5018,4
222,0,0.8194139003753662,1,MERRA2,5018,4
223,1,0.4796088337898254,0,MERRA2,5018,4
238,0,0.0657741948962211,0,MERRA2,5018,4
239,1,0.5609016418457031,1,MERRA2,5018,4
244,0,0.3592493832111358,0,MERRA2,5018,4
245,1,0.7920106649398804,1,MERRA2,5018,4
250,0,0.0367624014616012,0,MERRA2,5018,4
251,1,0.9374213814735411,1,MERRA2,5018,4
252,0,0.0357785709202289,0,MERRA2,5018,4
253,1,0.8326477408409119,1,MERRA2,5018,4
272,0,0.0585393942892551,0,MERRA2,5018,4
273,1,0.1625339835882187,0,MERRA2,5018,4
274,0,0.0355523340404033,0,MERRA2,5018,4
275,1,0.8948832750320435,1,MERRA2,5018,4
280,0,0.4136758744716644,0,MERRA2,5018,4
281,1,0.7572170495986938,1,MERRA2,5018,4
300,0,0.028969494625926,0,MERRA2,5018,4
301,1,0.9704996943473816,1,MERRA2,5018,4
302,0,0.3390631377696991,0,MERRA2,5018,4
303,1,0.8332213759422302,1,MERRA2,5018,4
308,0,0.2155521363019943,0,MERRA2,5018,4
309,1,0.7961263060569763,1,MERRA2,5018,4
318,0,0.06138177216053,0,MERRA2,5018,4
319,1,0.9237706661224364,1,MERRA2,5018,4
328,0,0.0751005560159683,0,MERRA2,5018,4
329,1,0.9372894167900084,1,MERRA2,5018,4
330,0,0.0639138370752334,0,MERRA2,5018,4
331,1,0.7814949750900269,1,MERRA2,5018,4
344,0,0.1017802953720092,0,MERRA2,5018,4
345,1,0.9638996124267578,1,MERRA2,5018,4
366,0,0.0345807485282421,0,MERRA2,5018,4
367,1,0.6912102699279785,1,MERRA2,5018,4
376,0,0.0820475444197654,0,MERRA2,5018,4
377,1,0.4850520193576813,0,MERRA2,5018,4
384,0,0.0884619206190109,0,MERRA2,5018,4
385,1,0.5009582042694092,1,MERRA2,5018,4
392,0,0.1120703592896461,0,MERRA2,5018,4
393,1,0.8926701545715332,1,MERRA2,5018,4
398,0,0.1534782946109771,0,MERRA2,5018,4
399,1,0.3480905890464782,0,MERRA2,5018,4
6,0,0.05020697042346,0,MERRA2,5018,5
7,1,0.8860448002815247,1,MERRA2,5018,5
10,0,0.725443422794342,1,MERRA2,5018,5
11,1,0.9314740896224976,1,MERRA2,5018,5
12,0,0.106306254863739,0,MERRA2,5018,5
13,1,0.7769514322280884,1,MERRA2,5018,5
14,0,0.4751574397087097,0,MERRA2,5018,5
15,1,0.4555455148220062,0,MERRA2,5018,5
28,0,0.0468771271407604,0,MERRA2,5018,5
29,1,0.0344563946127891,0,MERRA2,5018,5
30,0,0.094905212521553,0,MERRA2,5018,5
31,1,0.6551231145858765,1,MERRA2,5018,5
38,0,0.06485615670681,0,MERRA2,5018,5
39,1,0.5423073172569275,1,MERRA2,5018,5
56,0,0.633736252784729,1,MERRA2,5018,5
57,1,0.975233793258667,1,MERRA2,5018,5
74,0,0.6017099022865295,1,MERRA2,5018,5
75,1,0.8793253302574158,1,MERRA2,5018,5
78,0,0.1508328318595886,0,MERRA2,5018,5
79,1,0.785764217376709,1,MERRA2,5018,5
88,0,0.1210612878203392,0,MERRA2,5018,5
89,1,0.1988017410039901,0,MERRA2,5018,5
100,0,0.0873387679457664,0,MERRA2,5018,5
101,1,0.9551291465759276,1,MERRA2,5018,5
110,0,0.1988017410039901,0,MERRA2,5018,5
111,1,0.6146231889724731,1,MERRA2,5018,5
150,0,0.0384677909314632,0,MERRA2,5018,5
151,1,0.883363664150238,1,MERRA2,5018,5
166,0,0.4407319128513336,0,MERRA2,5018,5
167,1,0.4389871954917907,0,MERRA2,5018,5
178,0,0.1327946484088897,0,MERRA2,5018,5
179,1,0.724445641040802,1,MERRA2,5018,5
182,0,0.5761845707893372,1,MERRA2,5018,5
183,1,0.7075020670890808,1,MERRA2,5018,5
184,0,0.0298420917242765,0,MERRA2,5018,5
185,1,0.917460560798645,1,MERRA2,5018,5
216,0,0.0908362939953804,0,MERRA2,5018,5
217,1,0.9377835392951964,1,MERRA2,5018,5
236,0,0.329927533864975,0,MERRA2,5018,5
237,1,0.3274135291576385,0,MERRA2,5018,5
282,0,0.0330611690878868,0,MERRA2,5018,5
283,1,0.6747499108314514,1,MERRA2,5018,5
286,0,0.1496619433164596,0,MERRA2,5018,5
287,1,0.6709810495376587,1,MERRA2,5018,5
288,0,0.7921537756919861,1,MERRA2,5018,5
289,1,0.8620805740356445,1,MERRA2,5018,5
294,0,0.0906569734215736,0,MERRA2,5018,5
295,1,0.1316983997821808,0,MERRA2,5018,5
310,0,0.0334402248263359,0,MERRA2,5018,5
311,1,0.8894914388656616,1,MERRA2,5018,5
326,0,0.4709849953651428,0,MERRA2,5018,5
327,1,0.7166607975959778,1,MERRA2,5018,5
338,0,0.1587155014276504,0,MERRA2,5018,5
339,1,0.6109884977340698,1,MERRA2,5018,5
348,0,0.5596920847892761,1,MERRA2,5018,5
349,1,0.7751561999320984,1,MERRA2,5018,5
352,0,0.0291764419525861,0,MERRA2,5018,5
353,1,0.8052291870117188,1,MERRA2,5018,5
354,0,0.1795732676982879,0,MERRA2,5018,5
355,1,0.799628496170044,1,MERRA2,5018,5
356,0,0.4892026782035827,0,MERRA2,5018,5
357,1,0.622611403465271,1,MERRA2,5018,5
358,0,0.2516305446624756,0,MERRA2,5018,5
359,1,0.2865892946720123,0,MERRA2,5018,5
374,0,0.2258781045675277,0,MERRA2,5018,5
375,1,0.0549502000212669,0,MERRA2,5018,5
378,0,0.2239890396595001,0,MERRA2,5018,5
379,1,0.8036071062088013,1,MERRA2,5018,5
386,0,0.1133003681898117,0,MERRA2,5018,5
387,1,0.6612947583198547,1,MERRA2,5018,5
388,0,0.0535346493124961,0,MERRA2,5018,5
389,1,0.752920925617218,1,MERRA2,5018,5
390,0,0.1639456450939178,0,MERRA2,5018,5
391,1,0.752920925617218,1,MERRA2,5018,5
396,0,0.05020697042346,0,MERRA2,5018,5
397,1,0.4625482261180877,0,MERRA2,5018,5
400,0,0.0502069629728794,0,MERRA2,5018,5
401,1,0.7827156782150269,1,MERRA2,5018,5
6,0,0.0107100689783692,0,MERRA2,5168,1
7,1,0.9438984990119934,1,MERRA2,5168,1
24,0,0.0187338609248399,0,MERRA2,5168,1
25,1,0.8269343376159668,1,MERRA2,5168,1
26,0,0.0780809968709945,0,MERRA2,5168,1
27,1,0.0098010525107383,0,MERRA2,5168,1
28,0,0.0081932628527283,0,MERRA2,5168,1
29,1,0.0098010525107383,0,MERRA2,5168,1
34,0,0.2532824575901031,0,MERRA2,5168,1
35,1,0.7202308773994446,1,MERRA2,5168,1
56,0,0.8221642971038818,1,MERRA2,5168,1
57,1,0.9876947402954102,1,MERRA2,5168,1
82,0,0.8950343132019043,1,MERRA2,5168,1
83,1,0.8758606314659119,1,MERRA2,5168,1
84,0,0.9912489652633668,1,MERRA2,5168,1
85,1,0.912338137626648,1,MERRA2,5168,1
110,0,0.4574317336082458,0,MERRA2,5168,1
111,1,0.8950343132019043,1,MERRA2,5168,1
112,0,0.0563402064144611,0,MERRA2,5168,1
113,1,0.9879438877105712,1,MERRA2,5168,1
128,0,0.0197986420243978,0,MERRA2,5168,1
129,1,0.971021056175232,1,MERRA2,5168,1
132,0,0.0458744876086711,0,MERRA2,5168,1
133,1,0.1064781323075294,0,MERRA2,5168,1
144,0,0.634455680847168,1,MERRA2,5168,1
145,1,0.0306920334696769,0,MERRA2,5168,1
146,0,0.0422714427113533,0,MERRA2,5168,1
147,1,0.9929414987564088,1,MERRA2,5168,1
148,0,0.233826532959938,0,MERRA2,5168,1
149,1,0.1227862611413002,0,MERRA2,5168,1
194,0,0.2686804533004761,0,MERRA2,5168,1
195,1,0.4592044353485107,0,MERRA2,5168,1
196,0,0.4592044353485107,0,MERRA2,5168,1
197,1,0.997530996799469,1,MERRA2,5168,1
202,0,0.0166990961879491,0,MERRA2,5168,1
203,1,0.6682106256484985,1,MERRA2,5168,1
208,0,0.0349684692919254,0,MERRA2,5168,1
209,1,0.9884280562400818,1,MERRA2,5168,1
222,0,0.9470942616462708,1,MERRA2,5168,1
223,1,0.9724586009979248,1,MERRA2,5168,1
224,0,0.3421044647693634,0,MERRA2,5168,1
225,1,0.2847240269184112,0,MERRA2,5168,1
226,0,0.3099513053894043,0,MERRA2,5168,1
227,1,0.9709526896476746,1,MERRA2,5168,1
240,0,0.2049954682588577,0,MERRA2,5168,1
241,1,0.1541346311569214,0,MERRA2,5168,1
244,0,0.1489544212818145,0,MERRA2,5168,1
245,1,0.8463118076324463,1,MERRA2,5168,1
262,0,0.2300780713558197,0,MERRA2,5168,1
263,1,0.9736900925636292,1,MERRA2,5168,1
264,0,0.1437755078077316,0,MERRA2,5168,1
265,1,0.9913289546966552,1,MERRA2,5168,1
282,0,0.0163909513503313,0,MERRA2,5168,1
283,1,0.8842794895172119,1,MERRA2,5168,1
286,0,0.0116580696776509,0,MERRA2,5168,1
287,1,0.831056535243988,1,MERRA2,5168,1
290,0,0.0833841189742088,0,MERRA2,5168,1
291,1,0.4189271926879883,0,MERRA2,5168,1
304,0,0.0265912506729364,0,MERRA2,5168,1
305,1,0.9772685170173644,1,MERRA2,5168,1
316,0,0.0474572069942951,0,MERRA2,5168,1
317,1,0.9907190203666688,1,MERRA2,5168,1
322,0,0.0310626737773418,0,MERRA2,5168,1
323,1,0.9869866967201232,1,MERRA2,5168,1
326,0,0.2096034437417984,0,MERRA2,5168,1
327,1,0.6099934577941895,1,MERRA2,5168,1
336,0,0.3518101274967193,0,MERRA2,5168,1
337,1,0.2809357941150665,0,MERRA2,5168,1
344,0,0.291338175535202,0,MERRA2,5168,1
345,1,0.8738917112350464,1,MERRA2,5168,1
352,0,0.0074219312518835,0,MERRA2,5168,1
353,1,0.8436205983161926,1,MERRA2,5168,1
362,0,0.1081133931875228,0,MERRA2,5168,1
363,1,0.5767353177070618,1,MERRA2,5168,1
390,0,0.0576325133442878,0,MERRA2,5168,1
391,1,0.903864562511444,1,MERRA2,5168,1
396,0,0.0107100689783692,0,MERRA2,5168,1
397,1,0.6680700778961182,1,MERRA2,5168,1
400,0,0.0107100689783692,0,MERRA2,5168,1
401,1,0.6652984023094177,1,MERRA2,5168,1
402,0,0.1295625567436218,0,MERRA2,5168,1
403,1,0.9321441054344176,1,MERRA2,5168,1
2,0,0.1518601775169372,0,MERRA2,5168,2
3,1,0.0320455878973007,0,MERRA2,5168,2
4,0,0.9758427739143372,1,MERRA2,5168,2
5,1,0.2484722435474395,0,MERRA2,5168,2
8,0,0.993835747241974,1,MERRA2,5168,2
9,1,0.9872259497642516,1,MERRA2,5168,2
12,0,0.2329006940126419,0,MERRA2,5168,2
13,1,0.9762973189353944,1,MERRA2,5168,2
14,0,0.346527636051178,0,MERRA2,5168,2
15,1,0.6642966866493225,1,MERRA2,5168,2
36,0,0.1300221681594848,0,MERRA2,5168,2
37,1,0.8522947430610657,1,MERRA2,5168,2
38,0,0.1300221681594848,0,MERRA2,5168,2
39,1,0.8522947430610657,1,MERRA2,5168,2
40,0,0.9968254566192628,1,MERRA2,5168,2
41,1,0.9980013966560364,1,MERRA2,5168,2
44,0,0.2144665569067001,0,MERRA2,5168,2
45,1,0.0324372500181198,0,MERRA2,5168,2
58,0,0.0949904844164848,0,MERRA2,5168,2
59,1,0.9884682297706604,1,MERRA2,5168,2
76,0,0.8539396524429321,1,MERRA2,5168,2
77,1,0.9967613816261292,1,MERRA2,5168,2
90,0,0.5579113364219666,1,MERRA2,5168,2
91,1,0.1035931408405304,0,MERRA2,5168,2
94,0,0.9914221167564392,1,MERRA2,5168,2
95,1,0.1035931408405304,0,MERRA2,5168,2
114,0,0.8026529550552368,1,MERRA2,5168,2
115,1,0.6287567615509033,1,MERRA2,5168,2
116,0,0.823905348777771,1,MERRA2,5168,2
117,1,0.8026529550552368,1,MERRA2,5168,2
130,0,0.4249968528747558,0,MERRA2,5168,2
131,1,0.8026529550552368,1,MERRA2,5168,2
134,0,0.3976239860057831,0,MERRA2,5168,2
135,1,0.5984039902687073,1,MERRA2,5168,2
136,0,0.704983115196228,1,MERRA2,5168,2
137,1,0.9963473677635192,1,MERRA2,5168,2
150,0,0.0709504708647728,0,MERRA2,5168,2
151,1,0.9584774374961852,1,MERRA2,5168,2
172,0,0.9685927629470824,1,MERRA2,5168,2
173,1,0.7435563802719116,1,MERRA2,5168,2
186,0,0.035929761826992,0,MERRA2,5168,2
187,1,0.9828389286994934,1,MERRA2,5168,2
200,0,0.5543770790100098,1,MERRA2,5168,2
201,1,0.9866079092025756,1,MERRA2,5168,2
206,0,0.0521746724843978,0,MERRA2,5168,2
207,1,0.1591725945472717,0,MERRA2,5168,2
228,0,0.9969493746757508,1,MERRA2,5168,2
229,1,0.9700029492378236,1,MERRA2,5168,2
234,0,0.0463558249175548,0,MERRA2,5168,2
235,1,0.8977183699607849,1,MERRA2,5168,2
254,0,0.1391254663467407,0,MERRA2,5168,2
255,1,0.885878324508667,1,MERRA2,5168,2
272,0,0.0298778377473354,0,MERRA2,5168,2
273,1,0.1617649644613266,0,MERRA2,5168,2
294,0,0.2656428217887878,0,MERRA2,5168,2
295,1,0.6795145869255066,1,MERRA2,5168,2
302,0,0.6051150560379028,1,MERRA2,5168,2
303,1,0.9941827654838562,1,MERRA2,5168,2
310,0,0.0216828938573598,0,MERRA2,5168,2
311,1,0.9688517451286316,1,MERRA2,5168,2
314,0,0.43533456325531,0,MERRA2,5168,2
315,1,0.1568046361207962,0,MERRA2,5168,2
318,0,0.5543770790100098,1,MERRA2,5168,2
319,1,0.9866079092025756,1,MERRA2,5168,2
330,0,0.0245426073670387,0,MERRA2,5168,2
331,1,0.9952436089515686,1,MERRA2,5168,2
332,0,0.0245426073670387,0,MERRA2,5168,2
333,1,0.994755744934082,1,MERRA2,5168,2
358,0,0.1209580302238464,0,MERRA2,5168,2
359,1,0.6594210267066956,1,MERRA2,5168,2
360,0,0.9755419492721558,1,MERRA2,5168,2
361,1,0.4075167179107666,0,MERRA2,5168,2
364,0,0.6514600515365601,1,MERRA2,5168,2
365,1,0.8646107316017151,1,MERRA2,5168,2
372,0,0.2035898268222808,0,MERRA2,5168,2
373,1,0.9116629958152772,1,MERRA2,5168,2
378,0,0.1085915118455886,0,MERRA2,5168,2
379,1,0.986753523349762,1,MERRA2,5168,2
388,0,0.0319065265357494,0,MERRA2,5168,2
389,1,0.993835747241974,1,MERRA2,5168,2
10,0,0.977055549621582,1,MERRA2,5168,3
11,1,0.9511181116104126,1,MERRA2,5168,3
18,0,0.0276985894888639,0,MERRA2,5168,3
19,1,0.809313178062439,1,MERRA2,5168,3
22,0,0.8300158977508545,1,MERRA2,5168,3
23,1,0.809313178062439,1,MERRA2,5168,3
32,0,0.0224300604313612,0,MERRA2,5168,3
33,1,0.7817217707633972,1,MERRA2,5168,3
52,0,0.2100780457258224,0,MERRA2,5168,3
53,1,0.3387784957885742,0,MERRA2,5168,3
64,0,0.0124897230416536,0,MERRA2,5168,3
65,1,0.4750490486621856,0,MERRA2,5168,3
68,0,0.9033524990081788,1,MERRA2,5168,3
69,1,0.9418506622314452,1,MERRA2,5168,3
78,0,0.0502382963895797,0,MERRA2,5168,3
79,1,0.7974776029586792,1,MERRA2,5168,3
80,0,0.1180671155452728,0,MERRA2,5168,3
81,1,0.0901233106851577,0,MERRA2,5168,3
86,0,0.600707471370697,1,MERRA2,5168,3
87,1,0.0234252661466598,0,MERRA2,5168,3
100,0,0.0557278245687484,0,MERRA2,5168,3
101,1,0.9846467971801758,1,MERRA2,5168,3
102,0,0.0557278245687484,0,MERRA2,5168,3
103,1,0.9846467971801758,1,MERRA2,5168,3
106,0,0.070899099111557,0,MERRA2,5168,3
107,1,0.3995897769927978,0,MERRA2,5168,3
154,0,0.0917403548955917,0,MERRA2,5168,3
155,1,0.3447893559932709,0,MERRA2,5168,3
156,0,0.0165073778480291,0,MERRA2,5168,3
157,1,0.9213630557060242,1,MERRA2,5168,3
158,0,0.3447893559932709,0,MERRA2,5168,3
159,1,0.9945376515388488,1,MERRA2,5168,3
162,0,0.0230992566794157,0,MERRA2,5168,3
163,1,0.9945376515388488,1,MERRA2,5168,3
166,0,0.22294582426548,0,MERRA2,5168,3
167,1,0.823342502117157,1,MERRA2,5168,3
168,0,0.0922679007053375,0,MERRA2,5168,3
169,1,0.0826121196150779,0,MERRA2,5168,3
170,0,0.4743946194648742,0,MERRA2,5168,3
171,1,0.3258927464485168,0,MERRA2,5168,3
178,0,0.0488108024001121,0,MERRA2,5168,3
179,1,0.2915664911270141,0,MERRA2,5168,3
192,0,0.795365571975708,1,MERRA2,5168,3
193,1,0.8400217294692993,1,MERRA2,5168,3
198,0,0.1057069227099418,0,MERRA2,5168,3
199,1,0.6277297139167786,1,MERRA2,5168,3
214,0,0.0588797479867935,0,MERRA2,5168,3
215,1,0.9485701322555542,1,MERRA2,5168,3
216,0,0.0569712966680526,0,MERRA2,5168,3
217,1,0.9593117833137512,1,MERRA2,5168,3
220,0,0.6185426712036133,1,MERRA2,5168,3
221,1,0.6394181847572327,1,MERRA2,5168,3
238,0,0.0195879060775041,0,MERRA2,5168,3
239,1,0.3801831901073456,0,MERRA2,5168,3
250,0,0.0166901499032974,0,MERRA2,5168,3
251,1,0.9461225271224976,1,MERRA2,5168,3
252,0,0.0207581762224435,0,MERRA2,5168,3
253,1,0.409375250339508,0,MERRA2,5168,3
256,0,0.9470616579055786,1,MERRA2,5168,3
257,1,0.2087105959653854,0,MERRA2,5168,3
258,0,0.0410980880260467,0,MERRA2,5168,3
259,1,0.4876527786254883,0,MERRA2,5168,3
268,0,0.318351149559021,0,MERRA2,5168,3
269,1,0.1659048348665237,0,MERRA2,5168,3
278,0,0.0278247576206922,0,MERRA2,5168,3
279,1,0.919230580329895,1,MERRA2,5168,3
280,0,0.2774714231491089,0,MERRA2,5168,3
281,1,0.9011144638061525,1,MERRA2,5168,3
296,0,0.3447893559932709,0,MERRA2,5168,3
297,1,0.9945376515388488,1,MERRA2,5168,3
320,0,0.0718144029378891,0,MERRA2,5168,3
321,1,0.9516132473945618,1,MERRA2,5168,3
340,0,0.0360206663608551,0,MERRA2,5168,3
341,1,0.1302266269922256,0,MERRA2,5168,3
366,0,0.0148792350664734,0,MERRA2,5168,3
367,1,0.207473948597908,0,MERRA2,5168,3
374,0,0.0318314209580421,0,MERRA2,5168,3
375,1,0.0223776251077651,0,MERRA2,5168,3
382,0,0.1029734537005424,0,MERRA2,5168,3
383,1,0.1781814992427826,0,MERRA2,5168,3
392,0,0.0238421857357025,0,MERRA2,5168,3
393,1,0.7613492608070374,1,MERRA2,5168,3
0,0,0.6304374933242798,1,MERRA2,5168,4
1,1,0.3864572942256927,0,MERRA2,5168,4
30,0,0.1422760188579559,0,MERRA2,5168,4
31,1,0.4780405759811401,0,MERRA2,5168,4
50,0,0.6819369792938232,1,MERRA2,5168,4
51,1,0.4634123146533966,0,MERRA2,5168,4
62,0,0.2643606066703796,0,MERRA2,5168,4
63,1,0.6069360375404358,1,MERRA2,5168,4
66,0,0.5713805556297302,1,MERRA2,5168,4
67,1,0.6709739565849304,1,MERRA2,5168,4
96,0,0.2417650818824768,0,MERRA2,5168,4
97,1,0.5588482022285461,1,MERRA2,5168,4
118,0,0.1765753030776977,0,MERRA2,5168,4
119,1,0.8769933581352234,1,MERRA2,5168,4
122,0,0.1765753030776977,0,MERRA2,5168,4
123,1,0.1987263262271881,0,MERRA2,5168,4
124,0,0.7945895195007324,1,MERRA2,5168,4
125,1,0.7300650477409363,1,MERRA2,5168,4
138,0,0.3683319389820099,0,MERRA2,5168,4
139,1,0.6361140608787537,1,MERRA2,5168,4
140,0,0.0680582150816917,0,MERRA2,5168,4
141,1,0.9117718935012816,1,MERRA2,5168,4
152,0,0.2083646804094314,0,MERRA2,5168,4
153,1,0.9528234601020812,1,MERRA2,5168,4
164,0,0.0600523352622985,0,MERRA2,5168,4
165,1,0.5395012497901917,1,MERRA2,5168,4
174,0,0.7169651389122009,1,MERRA2,5168,4
175,1,0.6317175626754761,1,MERRA2,5168,4
176,0,0.5123867988586426,1,MERRA2,5168,4
177,1,0.7770264148712158,1,MERRA2,5168,4
182,0,0.5649323463439941,1,MERRA2,5168,4
183,1,0.6386862993240356,1,MERRA2,5168,4
184,0,0.159322127699852,0,MERRA2,5168,4
185,1,0.5640894174575806,1,MERRA2,5168,4
190,0,0.3604462444782257,0,MERRA2,5168,4
191,1,0.4811996817588806,0,MERRA2,5168,4
210,0,0.1383533328771591,0,MERRA2,5168,4
211,1,0.8438308835029602,1,MERRA2,5168,4
212,0,0.7359081506729126,1,MERRA2,5168,4
213,1,0.570810854434967,1,MERRA2,5168,4
236,0,0.442307561635971,0,MERRA2,5168,4
237,1,0.4878654181957245,0,MERRA2,5168,4
242,0,0.439874529838562,0,MERRA2,5168,4
243,1,0.6342116594314575,1,MERRA2,5168,4
248,0,0.0642596557736396,0,MERRA2,5168,4
249,1,0.663434624671936,1,MERRA2,5168,4
260,0,0.2803319096565246,0,MERRA2,5168,4
261,1,0.6545279026031494,1,MERRA2,5168,4
270,0,0.0769258216023445,0,MERRA2,5168,4
271,1,0.5060158967971802,1,MERRA2,5168,4
284,0,0.074112668633461,0,MERRA2,5168,4
285,1,0.8508173227310181,1,MERRA2,5168,4
298,0,0.2869208753108978,0,MERRA2,5168,4
299,1,0.815731942653656,1,MERRA2,5168,4
306,0,0.0394105724990367,0,MERRA2,5168,4
307,1,0.8678363561630249,1,MERRA2,5168,4
308,0,0.2607710361480713,0,MERRA2,5168,4
309,1,0.8025397658348083,1,MERRA2,5168,4
328,0,0.177446112036705,0,MERRA2,5168,4
329,1,0.670905351638794,1,MERRA2,5168,4
334,0,0.2265840172767639,0,MERRA2,5168,4
335,1,0.5965570211410522,1,MERRA2,5168,4
348,0,0.186605304479599,0,MERRA2,5168,4
349,1,0.828131377696991,1,MERRA2,5168,4
354,0,0.4140328168869018,0,MERRA2,5168,4
355,1,0.8799772262573242,1,MERRA2,5168,4
368,0,0.3964628577232361,0,MERRA2,5168,4
369,1,0.8107438683509827,1,MERRA2,5168,4
370,0,0.0392161011695861,0,MERRA2,5168,4
371,1,0.620717465877533,1,MERRA2,5168,4
376,0,0.2856121957302093,0,MERRA2,5168,4
377,1,0.4976416528224945,0,MERRA2,5168,4
380,0,0.4025493264198303,0,MERRA2,5168,4
381,1,0.5727167129516602,1,MERRA2,5168,4
386,0,0.111915647983551,0,MERRA2,5168,4
387,1,0.8106521964073181,1,MERRA2,5168,4
394,0,0.0978370085358619,0,MERRA2,5168,4
395,1,0.8589240908622742,1,MERRA2,5168,4
16,0,0.3146266639232635,0,MERRA2,5168,5
17,1,0.3911997079849243,0,MERRA2,5168,5
20,0,0.5705394744873047,1,MERRA2,5168,5
21,1,0.4073706269264221,0,MERRA2,5168,5
42,0,0.4484877288341522,0,MERRA2,5168,5
43,1,0.2638322412967682,0,MERRA2,5168,5
46,0,0.7916825413703918,1,MERRA2,5168,5
47,1,0.3984134495258331,0,MERRA2,5168,5
48,0,0.8133881688117981,1,MERRA2,5168,5
49,1,0.7476260662078857,1,MERRA2,5168,5
54,0,0.2774840295314789,0,MERRA2,5168,5
55,1,0.7885100841522217,1,MERRA2,5168,5
60,0,0.2774840295314789,0,MERRA2,5168,5
61,1,0.7885100841522217,1,MERRA2,5168,5
70,0,0.9057853817939758,1,MERRA2,5168,5
71,1,0.6644033193588257,1,MERRA2,5168,5
72,0,0.1101853027939796,0,MERRA2,5168,5
73,1,0.2568777203559875,0,MERRA2,5168,5
74,0,0.4365971386432647,0,MERRA2,5168,5
75,1,0.9117341637611388,1,MERRA2,5168,5
88,0,0.3889343738555908,0,MERRA2,5168,5
89,1,0.2726147174835205,0,MERRA2,5168,5
92,0,0.3537110984325409,0,MERRA2,5168,5
93,1,0.7905908226966858,1,MERRA2,5168,5
98,0,0.6626006960868835,1,MERRA2,5168,5
99,1,0.7628766298294067,1,MERRA2,5168,5
104,0,0.1859019249677658,0,MERRA2,5168,5
105,1,0.7628766298294067,1,MERRA2,5168,5
108,0,0.3537110984325409,0,MERRA2,5168,5
109,1,0.7905908226966858,1,MERRA2,5168,5
120,0,0.4174701571464538,0,MERRA2,5168,5
121,1,0.9381971955299376,1,MERRA2,5168,5
126,0,0.4170809686183929,0,MERRA2,5168,5
127,1,0.2224215716123581,0,MERRA2,5168,5
142,0,0.0985233262181282,0,MERRA2,5168,5
143,1,0.3979950547218323,0,MERRA2,5168,5
160,0,0.0985233262181282,0,MERRA2,5168,5
161,1,0.8053805828094482,1,MERRA2,5168,5
180,0,0.4370240271091461,0,MERRA2,5168,5
181,1,0.590423047542572,1,MERRA2,5168,5
188,0,0.5099517703056335,1,MERRA2,5168,5
189,1,0.8330748677253723,1,MERRA2,5168,5
204,0,0.8031402826309204,1,MERRA2,5168,5
205,1,0.7777976393699646,1,MERRA2,5168,5
218,0,0.108104333281517,0,MERRA2,5168,5
219,1,0.418805718421936,0,MERRA2,5168,5
230,0,0.7796863317489624,1,MERRA2,5168,5
231,1,0.1252419650554657,0,MERRA2,5168,5
232,0,0.201193630695343,0,MERRA2,5168,5
233,1,0.6688649654388428,1,MERRA2,5168,5
246,0,0.5011049509048462,1,MERRA2,5168,5
247,1,0.4790005385875702,0,MERRA2,5168,5
266,0,0.2116473764181137,0,MERRA2,5168,5
267,1,0.879611611366272,1,MERRA2,5168,5
274,0,0.1714109927415847,0,MERRA2,5168,5
275,1,0.8732706308364868,1,MERRA2,5168,5
276,0,0.5203816294670105,1,MERRA2,5168,5
277,1,0.5256588459014893,1,MERRA2,5168,5
288,0,0.6388643980026245,1,MERRA2,5168,5
289,1,0.950474202632904,1,MERRA2,5168,5
292,0,0.1469239145517349,0,MERRA2,5168,5
293,1,0.8567373752593994,1,MERRA2,5168,5
300,0,0.1445591002702713,0,MERRA2,5168,5
301,1,0.8883808255195618,1,MERRA2,5168,5
312,0,0.2774840295314789,0,MERRA2,5168,5
313,1,0.7885100841522217,1,MERRA2,5168,5
324,0,0.4038087427616119,0,MERRA2,5168,5
325,1,0.3552794456481933,0,MERRA2,5168,5
338,0,0.2448055297136306,0,MERRA2,5168,5
339,1,0.689885139465332,1,MERRA2,5168,5
342,0,0.0824448019266128,0,MERRA2,5168,5
343,1,0.8883808255195618,1,MERRA2,5168,5
346,0,0.2125295549631118,0,MERRA2,5168,5
347,1,0.9225453734397888,1,MERRA2,5168,5
350,0,0.3123099505901336,0,MERRA2,5168,5
351,1,0.8355247974395752,1,MERRA2,5168,5
356,0,0.56581711769104,1,MERRA2,5168,5
357,1,0.3701706528663635,0,MERRA2,5168,5
384,0,0.1373091340065002,0,MERRA2,5168,5
385,1,0.6104629039764404,1,MERRA2,5168,5
398,0,0.1555674225091934,0,MERRA2,5168,5
399,1,0.2838299870491028,0,MERRA2,5168,5
2,0,0.148792952299118,0,MERRA2,5319,1
3,1,0.0261183399707078,0,MERRA2,5319,1
4,0,0.8132271766662598,1,MERRA2,5319,1
5,1,0.6247434020042419,1,MERRA2,5319,1
12,0,0.4043507874011993,0,MERRA2,5319,1
13,1,0.866844892501831,1,MERRA2,5319,1
18,0,0.0190511848777532,0,MERRA2,5319,1
19,1,0.3951393365859985,0,MERRA2,5319,1
20,0,0.1263630241155624,0,MERRA2,5319,1
21,1,0.0373555123805999,0,MERRA2,5319,1
26,0,0.2534526884555816,0,MERRA2,5319,1
27,1,0.015768339857459,0,MERRA2,5319,1
30,0,0.2047169506549835,0,MERRA2,5319,1
31,1,0.4148401916027069,0,MERRA2,5319,1
38,0,0.1042168885469436,0,MERRA2,5319,1
39,1,0.6234654784202576,1,MERRA2,5319,1
62,0,0.2302394062280655,0,MERRA2,5319,1
63,1,0.6056046485900879,1,MERRA2,5319,1
84,0,0.8861803412437439,1,MERRA2,5319,1
85,1,0.7816051244735718,1,MERRA2,5319,1
92,0,0.0801224932074546,0,MERRA2,5319,1
93,1,0.6884468197822571,1,MERRA2,5319,1
98,0,0.6850924491882324,1,MERRA2,5319,1
99,1,0.6754769682884216,1,MERRA2,5319,1
128,0,0.0172962844371795,0,MERRA2,5319,1
129,1,0.5361054539680481,1,MERRA2,5319,1
144,0,0.6886089444160461,1,MERRA2,5319,1
145,1,0.1190642118453979,0,MERRA2,5319,1
154,0,0.6886089444160461,1,MERRA2,5319,1
155,1,0.1228743493556976,0,MERRA2,5319,1
162,0,0.1374710351228714,0,MERRA2,5319,1
163,1,0.9438445568084716,1,MERRA2,5319,1
164,0,0.0261525567620992,0,MERRA2,5319,1
165,1,0.6335191130638123,1,MERRA2,5319,1
166,0,0.4571553170681,0,MERRA2,5319,1
167,1,0.5462359189987183,1,MERRA2,5319,1
170,0,0.6089425683021545,1,MERRA2,5319,1
171,1,0.5657477378845215,1,MERRA2,5319,1
182,0,0.6167565584182739,1,MERRA2,5319,1
183,1,0.7278108596801758,1,MERRA2,5319,1
208,0,0.059733897447586,0,MERRA2,5319,1
209,1,0.9269452691078186,1,MERRA2,5319,1
210,0,0.0576956570148468,0,MERRA2,5319,1
211,1,0.8642963767051697,1,MERRA2,5319,1
216,0,0.059733897447586,0,MERRA2,5319,1
217,1,0.9269452691078186,1,MERRA2,5319,1
220,0,0.7175524234771729,1,MERRA2,5319,1
221,1,0.6878080368041992,1,MERRA2,5319,1
224,0,0.2476638406515121,0,MERRA2,5319,1
225,1,0.0634514987468719,0,MERRA2,5319,1
238,0,0.0523946322500705,0,MERRA2,5319,1
239,1,0.7048848271369934,1,MERRA2,5319,1
240,0,0.5202046036720276,1,MERRA2,5319,1
241,1,0.2059155404567718,0,MERRA2,5319,1
246,0,0.4595126807689667,0,MERRA2,5319,1
247,1,0.5161715149879456,1,MERRA2,5319,1
262,0,0.36048623919487,0,MERRA2,5319,1
263,1,0.8740018010139465,1,MERRA2,5319,1
264,0,0.4810838997364044,0,MERRA2,5319,1
265,1,0.5650153160095215,1,MERRA2,5319,1
266,0,0.1129831448197364,0,MERRA2,5319,1
267,1,0.7331439852714539,1,MERRA2,5319,1
270,0,0.1554770767688751,0,MERRA2,5319,1
271,1,0.807381272315979,1,MERRA2,5319,1
272,0,0.1126298084855079,0,MERRA2,5319,1
273,1,0.3640584349632263,0,MERRA2,5319,1
290,0,0.2837116718292236,0,MERRA2,5319,1
291,1,0.5241307020187378,1,MERRA2,5319,1
306,0,0.0261183399707078,0,MERRA2,5319,1
307,1,0.8609822988510132,1,MERRA2,5319,1
310,0,0.0208741556853055,0,MERRA2,5319,1
311,1,0.7147814631462097,1,MERRA2,5319,1
314,0,0.6271049976348877,1,MERRA2,5319,1
315,1,0.4645112156867981,0,MERRA2,5319,1
326,0,0.4431164264678955,0,MERRA2,5319,1
327,1,0.7865304350852966,1,MERRA2,5319,1
332,0,0.0321928597986698,0,MERRA2,5319,1
333,1,0.6335191130638123,1,MERRA2,5319,1
346,0,0.1440871357917785,0,MERRA2,5319,1
347,1,0.833446741104126,1,MERRA2,5319,1
348,0,0.4236752092838287,0,MERRA2,5319,1
349,1,0.8305017352104187,1,MERRA2,5319,1
400,0,0.0389430597424507,0,MERRA2,5319,1
401,1,0.835883617401123,1,MERRA2,5319,1
0,0,0.7601831555366516,1,MERRA2,5319,2
1,1,0.4853861331939697,0,MERRA2,5319,2
24,0,0.1044836863875389,0,MERRA2,5319,2
25,1,0.8687968254089355,1,MERRA2,5319,2
32,0,0.160398468375206,0,MERRA2,5319,2
33,1,0.4791425466537475,0,MERRA2,5319,2
40,0,0.8945000171661377,1,MERRA2,5319,2
41,1,0.8830210566520691,1,MERRA2,5319,2
54,0,0.1620825678110122,0,MERRA2,5319,2
55,1,0.9747958779335022,1,MERRA2,5319,2
64,0,0.0538512580096721,0,MERRA2,5319,2
65,1,0.9044403433799744,1,MERRA2,5319,2
68,0,0.325096994638443,0,MERRA2,5319,2
69,1,0.6338821053504944,1,MERRA2,5319,2
80,0,0.1040315404534339,0,MERRA2,5319,2
81,1,0.1134279444813728,0,MERRA2,5319,2
82,0,0.8391979932785034,1,MERRA2,5319,2
83,1,0.7263507843017578,1,MERRA2,5319,2
88,0,0.1255782395601272,0,MERRA2,5319,2
89,1,0.2596076428890228,0,MERRA2,5319,2
104,0,0.1423570364713668,0,MERRA2,5319,2
105,1,0.7263507843017578,1,MERRA2,5319,2
106,0,0.1476833075284958,0,MERRA2,5319,2
107,1,0.8176458477973938,1,MERRA2,5319,2
112,0,0.0880986154079437,0,MERRA2,5319,2
113,1,0.974133312702179,1,MERRA2,5319,2
116,0,0.45901820063591,0,MERRA2,5319,2
117,1,0.5749989748001099,1,MERRA2,5319,2
124,0,0.9487797021865844,1,MERRA2,5319,2
125,1,0.5749989748001099,1,MERRA2,5319,2
142,0,0.0944528803229332,0,MERRA2,5319,2
143,1,0.883543848991394,1,MERRA2,5319,2
146,0,0.1211864873766899,0,MERRA2,5319,2
147,1,0.9943623542785645,1,MERRA2,5319,2
160,0,0.0944528803229332,0,MERRA2,5319,2
161,1,0.7023189663887024,1,MERRA2,5319,2
168,0,0.699038565158844,1,MERRA2,5319,2
169,1,0.5238986611366272,1,MERRA2,5319,2
172,0,0.7098010778427124,1,MERRA2,5319,2
173,1,0.6272072196006775,1,MERRA2,5319,2
174,0,0.7521550059318542,1,MERRA2,5319,2
175,1,0.5052155256271362,1,MERRA2,5319,2
178,0,0.1382093578577041,0,MERRA2,5319,2
179,1,0.7098010778427124,1,MERRA2,5319,2
188,0,0.2657787799835205,0,MERRA2,5319,2
189,1,0.4242859184741974,0,MERRA2,5319,2
190,0,0.2657787799835205,0,MERRA2,5319,2
191,1,0.1619012504816055,0,MERRA2,5319,2
194,0,0.1543033421039581,0,MERRA2,5319,2
195,1,0.2456026673316955,0,MERRA2,5319,2
218,0,0.0572811625897884,0,MERRA2,5319,2
219,1,0.5305750370025635,1,MERRA2,5319,2
230,0,0.5256940722465515,1,MERRA2,5319,2
231,1,0.4239901602268219,0,MERRA2,5319,2
258,0,0.2213736623525619,0,MERRA2,5319,2
259,1,0.5947457551956177,1,MERRA2,5319,2
278,0,0.3981842398643493,0,MERRA2,5319,2
279,1,0.9821917414665222,1,MERRA2,5319,2
300,0,0.030692359432578,0,MERRA2,5319,2
301,1,0.8757858872413635,1,MERRA2,5319,2
328,0,0.0388766638934612,0,MERRA2,5319,2
329,1,0.981575846672058,1,MERRA2,5319,2
330,0,0.0312820635735988,0,MERRA2,5319,2
331,1,0.979174554347992,1,MERRA2,5319,2
340,0,0.1028949692845344,0,MERRA2,5319,2
341,1,0.8451206088066101,1,MERRA2,5319,2
342,0,0.0507518537342548,0,MERRA2,5319,2
343,1,0.8757858872413635,1,MERRA2,5319,2
366,0,0.0638730227947235,0,MERRA2,5319,2
367,1,0.8975286483764648,1,MERRA2,5319,2
368,0,0.6460546255111694,1,MERRA2,5319,2
369,1,0.8971402049064636,1,MERRA2,5319,2
382,0,0.417064219713211,0,MERRA2,5319,2
383,1,0.4267618358135223,0,MERRA2,5319,2
390,0,0.3873364627361297,0,MERRA2,5319,2
391,1,0.954866886138916,1,MERRA2,5319,2
392,0,0.3147020637989044,0,MERRA2,5319,2
393,1,0.9481138586997986,1,MERRA2,5319,2
394,0,0.4032092094421386,0,MERRA2,5319,2
395,1,0.954866886138916,1,MERRA2,5319,2
8,0,0.8786190152168274,1,MERRA2,5319,3
9,1,0.6528138518333435,1,MERRA2,5319,3
14,0,0.5228694677352905,1,MERRA2,5319,3
15,1,0.6882490515708923,1,MERRA2,5319,3
36,0,0.1390994489192962,0,MERRA2,5319,3
37,1,0.6140890121459961,1,MERRA2,5319,3
48,0,0.5182544589042664,1,MERRA2,5319,3
49,1,0.7730117440223694,1,MERRA2,5319,3
60,0,0.2245289981365203,0,MERRA2,5319,3
61,1,0.9279876351356506,1,MERRA2,5319,3
70,0,0.8529098629951477,1,MERRA2,5319,3
71,1,0.4018984735012054,0,MERRA2,5319,3
72,0,0.064347006380558,0,MERRA2,5319,3
73,1,0.1462359279394149,0,MERRA2,5319,3
76,0,0.2886232733726501,0,MERRA2,5319,3
77,1,0.95485657453537,1,MERRA2,5319,3
78,0,0.2368924170732498,0,MERRA2,5319,3
79,1,0.7947729825973511,1,MERRA2,5319,3
94,0,0.7629005908966064,1,MERRA2,5319,3
95,1,0.2947423756122589,0,MERRA2,5319,3
100,0,0.1301697343587875,0,MERRA2,5319,3
101,1,0.9662691950798036,1,MERRA2,5319,3
102,0,0.1301697343587875,0,MERRA2,5319,3
103,1,0.9662691950798036,1,MERRA2,5319,3
108,0,0.1431596130132675,0,MERRA2,5319,3
109,1,0.7947729825973511,1,MERRA2,5319,3
114,0,0.9141538739204408,1,MERRA2,5319,3
115,1,0.7756153345108032,1,MERRA2,5319,3
118,0,0.0935874208807945,0,MERRA2,5319,3
119,1,0.932016909122467,1,MERRA2,5319,3
148,0,0.0830505564808845,0,MERRA2,5319,3
149,1,0.1658616065979004,0,MERRA2,5319,3
150,0,0.05582095682621,0,MERRA2,5319,3
151,1,0.7822646498680115,1,MERRA2,5319,3
180,0,0.5215215086936951,1,MERRA2,5319,3
181,1,0.7890064716339111,1,MERRA2,5319,3
186,0,0.0715966820716857,0,MERRA2,5319,3
187,1,0.8733764886856079,1,MERRA2,5319,3
196,0,0.5763501524925232,1,MERRA2,5319,3
197,1,0.964867115020752,1,MERRA2,5319,3
198,0,0.1893861889839172,0,MERRA2,5319,3
199,1,0.7203407287597656,1,MERRA2,5319,3
212,0,0.711392879486084,1,MERRA2,5319,3
213,1,0.7451397776603699,1,MERRA2,5319,3
226,0,0.492870420217514,0,MERRA2,5319,3
227,1,0.5693982839584351,1,MERRA2,5319,3
232,0,0.0837854593992233,0,MERRA2,5319,3
233,1,0.7223827242851257,1,MERRA2,5319,3
248,0,0.0563219971954822,0,MERRA2,5319,3
249,1,0.856561005115509,1,MERRA2,5319,3
254,0,0.3878008127212524,0,MERRA2,5319,3
255,1,0.4391418099403381,0,MERRA2,5319,3
284,0,0.0824015885591507,0,MERRA2,5319,3
285,1,0.8528470396995544,1,MERRA2,5319,3
288,0,0.5763501524925232,1,MERRA2,5319,3
289,1,0.9722957611083984,1,MERRA2,5319,3
292,0,0.0852203741669654,0,MERRA2,5319,3
293,1,0.9128364324569702,1,MERRA2,5319,3
296,0,0.1081556975841522,0,MERRA2,5319,3
297,1,0.97880619764328,1,MERRA2,5319,3
302,0,0.4131933152675628,0,MERRA2,5319,3
303,1,0.8455501198768616,1,MERRA2,5319,3
304,0,0.0701500102877616,0,MERRA2,5319,3
305,1,0.5520448684692383,1,MERRA2,5319,3
312,0,0.2245289981365203,0,MERRA2,5319,3
313,1,0.9279876351356506,1,MERRA2,5319,3
336,0,0.4238665103912353,0,MERRA2,5319,3
337,1,0.4193705916404724,0,MERRA2,5319,3
338,0,0.1298947632312774,0,MERRA2,5319,3
339,1,0.5117079019546509,1,MERRA2,5319,3
350,0,0.0930842757225036,0,MERRA2,5319,3
351,1,0.792224645614624,1,MERRA2,5319,3
358,0,0.1613787114620208,0,MERRA2,5319,3
359,1,0.4719530642032623,0,MERRA2,5319,3
364,0,0.3521623909473419,0,MERRA2,5319,3
365,1,0.7203407287597656,1,MERRA2,5319,3
370,0,0.0604359321296215,0,MERRA2,5319,3
371,1,0.6585550308227539,1,MERRA2,5319,3
372,0,0.4866247773170471,0,MERRA2,5319,3
373,1,0.786514937877655,1,MERRA2,5319,3
384,0,0.1024364829063415,0,MERRA2,5319,3
385,1,0.767815351486206,1,MERRA2,5319,3
22,0,0.8026646375656128,1,MERRA2,5319,4
23,1,0.5189327001571655,1,MERRA2,5319,4
28,0,0.1381822675466537,0,MERRA2,5319,4
29,1,0.1133092194795608,0,MERRA2,5319,4
34,0,0.6370329856872559,1,MERRA2,5319,4
35,1,0.2795033156871795,0,MERRA2,5319,4
42,0,0.5543769598007202,1,MERRA2,5319,4
43,1,0.4561700522899627,0,MERRA2,5319,4
44,0,0.2726340293884277,0,MERRA2,5319,4
45,1,0.078142374753952,0,MERRA2,5319,4
46,0,0.6370329856872559,1,MERRA2,5319,4
47,1,0.2795033156871795,0,MERRA2,5319,4
52,0,0.7924315929412842,1,MERRA2,5319,4
53,1,0.3643149137496948,0,MERRA2,5319,4
58,0,0.2019430249929428,0,MERRA2,5319,4
59,1,0.9498621821403505,1,MERRA2,5319,4
86,0,0.2736837565898895,0,MERRA2,5319,4
87,1,0.6759493947029114,1,MERRA2,5319,4
90,0,0.2781487703323364,0,MERRA2,5319,4
91,1,0.6035406589508057,1,MERRA2,5319,4
96,0,0.3197344243526459,0,MERRA2,5319,4
97,1,0.5071061849594116,1,MERRA2,5319,4
110,0,0.4471246898174286,0,MERRA2,5319,4
111,1,0.6280809640884399,1,MERRA2,5319,4
120,0,0.284505158662796,0,MERRA2,5319,4
121,1,0.9634510278701782,1,MERRA2,5319,4
134,0,0.3851029276847839,0,MERRA2,5319,4
135,1,0.782265841960907,1,MERRA2,5319,4
138,0,0.610800564289093,1,MERRA2,5319,4
139,1,0.9787166714668274,1,MERRA2,5319,4
152,0,0.2196171283721923,0,MERRA2,5319,4
153,1,0.9718841314315796,1,MERRA2,5319,4
156,0,0.0705020949244499,0,MERRA2,5319,4
157,1,0.6008943915367126,1,MERRA2,5319,4
158,0,0.3851029276847839,0,MERRA2,5319,4
159,1,0.9718841314315796,1,MERRA2,5319,4
200,0,0.1837224960327148,0,MERRA2,5319,4
201,1,0.95283305644989,1,MERRA2,5319,4
222,0,0.8437196016311646,1,MERRA2,5319,4
223,1,0.8779957294464111,1,MERRA2,5319,4
234,0,0.3108209371566772,0,MERRA2,5319,4
235,1,0.8943612575531006,1,MERRA2,5319,4
236,0,0.3071422874927521,0,MERRA2,5319,4
237,1,0.2319929748773574,0,MERRA2,5319,4
242,0,0.6107940077781677,1,MERRA2,5319,4
243,1,0.8570206165313721,1,MERRA2,5319,4
250,0,0.0601801350712776,0,MERRA2,5319,4
251,1,0.8443019986152649,1,MERRA2,5319,4
252,0,0.503323495388031,1,MERRA2,5319,4
253,1,0.6529962420463562,1,MERRA2,5319,4
260,0,0.153970792889595,0,MERRA2,5319,4
261,1,0.825145423412323,1,MERRA2,5319,4
268,0,0.9019622802734376,1,MERRA2,5319,4
269,1,0.1826171427965164,0,MERRA2,5319,4
274,0,0.1052204072475433,0,MERRA2,5319,4
275,1,0.9168683290481568,1,MERRA2,5319,4
276,0,0.7848629951477051,1,MERRA2,5319,4
277,1,0.8803517818450928,1,MERRA2,5319,4
286,0,0.6348981261253357,1,MERRA2,5319,4
287,1,0.3163599371910095,0,MERRA2,5319,4
316,0,0.1818234324455261,0,MERRA2,5319,4
317,1,0.9368271827697754,1,MERRA2,5319,4
320,0,0.1606622338294983,0,MERRA2,5319,4
321,1,0.764367401599884,1,MERRA2,5319,4
344,0,0.382793128490448,0,MERRA2,5319,4
345,1,0.9237849116325378,1,MERRA2,5319,4
352,0,0.0698078870773315,0,MERRA2,5319,4
353,1,0.9574448466300964,1,MERRA2,5319,4
362,0,0.2086462676525116,0,MERRA2,5319,4
363,1,0.8087407946586609,1,MERRA2,5319,4
374,0,0.7116047739982605,1,MERRA2,5319,4
375,1,0.1949664205312729,0,MERRA2,5319,4
376,0,0.3935118913650512,0,MERRA2,5319,4
377,1,0.5533615946769714,1,MERRA2,5319,4
380,0,0.4067548513412475,0,MERRA2,5319,4
381,1,0.6648556590080261,1,MERRA2,5319,4
388,0,0.1681826114654541,0,MERRA2,5319,4
389,1,0.9504964351654052,1,MERRA2,5319,4
398,0,0.431505799293518,0,MERRA2,5319,4
399,1,0.5513986349105835,1,MERRA2,5319,4
6,0,0.1131456270813942,0,MERRA2,5319,5
7,1,0.7585744261741638,1,MERRA2,5319,5
10,0,0.5636230111122131,1,MERRA2,5319,5
11,1,0.9121091961860656,1,MERRA2,5319,5
16,0,0.183282196521759,0,MERRA2,5319,5
17,1,0.3740113973617553,0,MERRA2,5319,5
50,0,0.731683611869812,1,MERRA2,5319,5
51,1,0.6151078939437866,1,MERRA2,5319,5
56,0,0.6151078939437866,1,MERRA2,5319,5
57,1,0.8529998064041138,1,MERRA2,5319,5
66,0,0.3611471354961395,0,MERRA2,5319,5
67,1,0.727295994758606,1,MERRA2,5319,5
74,0,0.5911180973052979,1,MERRA2,5319,5
75,1,0.9042714834213256,1,MERRA2,5319,5
122,0,0.1629370301961898,0,MERRA2,5319,5
123,1,0.104382574558258,0,MERRA2,5319,5
126,0,0.1928780227899551,0,MERRA2,5319,5
127,1,0.1314218938350677,0,MERRA2,5319,5
130,0,0.104382574558258,0,MERRA2,5319,5
131,1,0.8125280141830444,1,MERRA2,5319,5
132,0,0.1629370301961898,0,MERRA2,5319,5
133,1,0.1371145546436309,0,MERRA2,5319,5
136,0,0.3492454290390014,0,MERRA2,5319,5
137,1,0.9184701442718506,1,MERRA2,5319,5
140,0,0.1187585368752479,0,MERRA2,5319,5
141,1,0.8104917407035828,1,MERRA2,5319,5
176,0,0.6940773725509644,1,MERRA2,5319,5
177,1,0.8319088816642761,1,MERRA2,5319,5
184,0,0.1347445845603943,0,MERRA2,5319,5
185,1,0.7398102283477783,1,MERRA2,5319,5
192,0,0.6718469262123108,1,MERRA2,5319,5
193,1,0.5555801391601562,1,MERRA2,5319,5
202,0,0.0992498844861984,0,MERRA2,5319,5
203,1,0.2730628848075866,0,MERRA2,5319,5
204,0,0.6125866770744324,1,MERRA2,5319,5
205,1,0.701680064201355,1,MERRA2,5319,5
206,0,0.0992498844861984,0,MERRA2,5319,5
207,1,0.2730628848075866,0,MERRA2,5319,5
214,0,0.1799284666776657,0,MERRA2,5319,5
215,1,0.8854791522026062,1,MERRA2,5319,5
228,0,0.845271110534668,1,MERRA2,5319,5
229,1,0.840484082698822,1,MERRA2,5319,5
244,0,0.4207800924777984,0,MERRA2,5319,5
245,1,0.3793952465057373,0,MERRA2,5319,5
256,0,0.8023287057876587,1,MERRA2,5319,5
257,1,0.8072741627693176,1,MERRA2,5319,5
280,0,0.5307897329330444,1,MERRA2,5319,5
281,1,0.5451492071151733,1,MERRA2,5319,5
282,0,0.087851881980896,0,MERRA2,5319,5
283,1,0.6718469262123108,1,MERRA2,5319,5
294,0,0.2830150425434112,0,MERRA2,5319,5
295,1,0.3305315673351288,0,MERRA2,5319,5
298,0,0.1900515407323837,0,MERRA2,5319,5
299,1,0.8293266296386719,1,MERRA2,5319,5
308,0,0.1559025943279266,0,MERRA2,5319,5
309,1,0.6850587725639343,1,MERRA2,5319,5
318,0,0.1227978765964508,0,MERRA2,5319,5
319,1,0.8458271026611328,1,MERRA2,5319,5
322,0,0.0711661279201507,0,MERRA2,5319,5
323,1,0.8553805351257324,1,MERRA2,5319,5
324,0,0.2259615212678909,0,MERRA2,5319,5
325,1,0.6287205219268799,1,MERRA2,5319,5
334,0,0.1799077242612838,0,MERRA2,5319,5
335,1,0.616144597530365,1,MERRA2,5319,5
354,0,0.2751276791095733,0,MERRA2,5319,5
355,1,0.942372500896454,1,MERRA2,5319,5
356,0,0.5432036519050598,1,MERRA2,5319,5
357,1,0.6227291822433472,1,MERRA2,5319,5
360,0,0.7568613886833191,1,MERRA2,5319,5
361,1,0.4567221403121948,0,MERRA2,5319,5
378,0,0.1352605521678924,0,MERRA2,5319,5
379,1,0.6977299451828003,1,MERRA2,5319,5
386,0,0.1249778643250465,0,MERRA2,5319,5
387,1,0.7569772601127625,1,MERRA2,5319,5
396,0,0.1131456270813942,0,MERRA2,5319,5
397,1,0.78488689661026,1,MERRA2,5319,5
402,0,0.2108170539140701,0,MERRA2,5319,5
403,1,0.942372500896454,1,MERRA2,5319,5
16,0,0.6265707612037659,1,MERRA2,6469,1
17,1,0.8342783451080322,1,MERRA2,6469,1
22,0,0.9904566407203674,1,MERRA2,6469,1
23,1,0.9852118492126464,1,MERRA2,6469,1
24,0,0.0643498227000236,0,MERRA2,6469,1
25,1,0.9923192858695984,1,MERRA2,6469,1
40,0,0.957214653491974,1,MERRA2,6469,1
41,1,0.9842522740364076,1,MERRA2,6469,1
56,0,0.9375985264778136,1,MERRA2,6469,1
57,1,0.993440568447113,1,MERRA2,6469,1
62,0,0.3886941969394684,0,MERRA2,6469,1
63,1,0.9603598713874816,1,MERRA2,6469,1
68,0,0.9617456197738647,1,MERRA2,6469,1
69,1,0.9707189798355104,1,MERRA2,6469,1
74,0,0.6165867447853088,1,MERRA2,6469,1
75,1,0.9701234698295592,1,MERRA2,6469,1
80,0,0.462706059217453,0,MERRA2,6469,1
81,1,0.3379121422767639,0,MERRA2,6469,1
86,0,0.974251925945282,1,MERRA2,6469,1
87,1,0.1416529864072799,0,MERRA2,6469,1
90,0,0.5254842638969421,1,MERRA2,6469,1
91,1,0.7725009322166443,1,MERRA2,6469,1
96,0,0.3379121422767639,0,MERRA2,6469,1
97,1,0.7034706473350525,1,MERRA2,6469,1
100,0,0.0387262441217899,0,MERRA2,6469,1
101,1,0.9803490042686462,1,MERRA2,6469,1
136,0,0.6573448181152344,1,MERRA2,6469,1
137,1,0.9958433508872986,1,MERRA2,6469,1
140,0,0.0719840973615646,0,MERRA2,6469,1
141,1,0.9941757917404176,1,MERRA2,6469,1
142,0,0.0590973161160945,0,MERRA2,6469,1
143,1,0.9528169631958008,1,MERRA2,6469,1
150,0,0.0770922824740409,0,MERRA2,6469,1
151,1,0.9672738313674928,1,MERRA2,6469,1
152,0,0.0460071489214897,0,MERRA2,6469,1
153,1,0.9958433508872986,1,MERRA2,6469,1
170,0,0.080470398068428,0,MERRA2,6469,1
171,1,0.5917617678642273,1,MERRA2,6469,1
178,0,0.0810054615139961,0,MERRA2,6469,1
179,1,0.7029219269752502,1,MERRA2,6469,1
188,0,0.1742796748876571,0,MERRA2,6469,1
189,1,0.9726029634475708,1,MERRA2,6469,1
194,0,0.7751805782318115,1,MERRA2,6469,1
195,1,0.0529359728097915,0,MERRA2,6469,1
212,0,0.908706545829773,1,MERRA2,6469,1
213,1,0.8779467344284058,1,MERRA2,6469,1
218,0,0.069926843047142,0,MERRA2,6469,1
219,1,0.8229084014892578,1,MERRA2,6469,1
228,0,0.9935171604156494,1,MERRA2,6469,1
229,1,0.9804161190986632,1,MERRA2,6469,1
232,0,0.1739846467971801,0,MERRA2,6469,1
233,1,0.9836626052856444,1,MERRA2,6469,1
236,0,0.0561222247779369,0,MERRA2,6469,1
237,1,0.6171931624412537,1,MERRA2,6469,1
250,0,0.120024524629116,0,MERRA2,6469,1
251,1,0.9742576479911804,1,MERRA2,6469,1
252,0,0.1035733968019485,0,MERRA2,6469,1
253,1,0.986559510231018,1,MERRA2,6469,1
274,0,0.6377128958702087,1,MERRA2,6469,1
275,1,0.9849711060523988,1,MERRA2,6469,1
276,0,0.0082442304119467,0,MERRA2,6469,1
277,1,0.9524251222610474,1,MERRA2,6469,1
288,0,0.0529359728097915,0,MERRA2,6469,1
289,1,0.9891223311424256,1,MERRA2,6469,1
318,0,0.089950755238533,0,MERRA2,6469,1
319,1,0.9740850329399108,1,MERRA2,6469,1
324,0,0.0118723092600703,0,MERRA2,6469,1
325,1,0.647248387336731,1,MERRA2,6469,1
326,0,0.0356917344033718,0,MERRA2,6469,1
327,1,0.7263720631599426,1,MERRA2,6469,1
336,0,0.1312391012907028,0,MERRA2,6469,1
337,1,0.0808876305818557,0,MERRA2,6469,1
354,0,0.6055227518081665,1,MERRA2,6469,1
355,1,0.9634719491004944,1,MERRA2,6469,1
364,0,0.8414826989173889,1,MERRA2,6469,1
365,1,0.889955461025238,1,MERRA2,6469,1
370,0,0.0668041929602623,0,MERRA2,6469,1
371,1,0.9339207410812378,1,MERRA2,6469,1
372,0,0.1276261508464813,0,MERRA2,6469,1
373,1,0.9569959044456482,1,MERRA2,6469,1
374,0,0.0874986574053764,0,MERRA2,6469,1
375,1,0.0534053444862365,0,MERRA2,6469,1
0,0,0.6377394795417786,1,MERRA2,6469,2
1,1,0.3297924399375915,0,MERRA2,6469,2
6,0,0.0662425011396408,0,MERRA2,6469,2
7,1,0.8412544131278992,1,MERRA2,6469,2
34,0,0.4296874403953552,0,MERRA2,6469,2
35,1,0.3562584817409515,0,MERRA2,6469,2
36,0,0.1117148846387863,0,MERRA2,6469,2
37,1,0.4880209565162658,0,MERRA2,6469,2
42,0,0.5193265080451965,1,MERRA2,6469,2
43,1,0.4799026548862457,0,MERRA2,6469,2
60,0,0.3199570178985595,0,MERRA2,6469,2
61,1,0.9218331575393676,1,MERRA2,6469,2
78,0,0.2544909119606018,0,MERRA2,6469,2
79,1,0.2900674939155578,0,MERRA2,6469,2
82,0,0.3212524056434631,0,MERRA2,6469,2
83,1,0.2663668990135193,0,MERRA2,6469,2
92,0,0.2357119172811508,0,MERRA2,6469,2
93,1,0.2900674939155578,0,MERRA2,6469,2
94,0,0.6422120928764343,1,MERRA2,6469,2
95,1,0.2201586961746215,0,MERRA2,6469,2
98,0,0.3212524056434631,0,MERRA2,6469,2
99,1,0.2663668990135193,0,MERRA2,6469,2
104,0,0.2641650736331939,0,MERRA2,6469,2
105,1,0.2663668990135193,0,MERRA2,6469,2
114,0,0.7993888258934021,1,MERRA2,6469,2
115,1,0.8259751200675964,1,MERRA2,6469,2
116,0,0.6896169185638428,1,MERRA2,6469,2
117,1,0.7993888258934021,1,MERRA2,6469,2
118,0,0.1113406047224998,0,MERRA2,6469,2
119,1,0.9651898741722108,1,MERRA2,6469,2
124,0,0.9068785309791564,1,MERRA2,6469,2
125,1,0.7993888258934021,1,MERRA2,6469,2
146,0,0.1959802210330963,0,MERRA2,6469,2
147,1,0.9667206406593324,1,MERRA2,6469,2
172,0,0.7964610457420349,1,MERRA2,6469,2
173,1,0.6689425706863403,1,MERRA2,6469,2
192,0,0.8742013573646545,1,MERRA2,6469,2
193,1,0.6907966732978821,1,MERRA2,6469,2
202,0,0.0579878278076648,0,MERRA2,6469,2
203,1,0.4209199547767639,0,MERRA2,6469,2
206,0,0.0579878278076648,0,MERRA2,6469,2
207,1,0.4209199547767639,0,MERRA2,6469,2
214,0,0.3170435130596161,0,MERRA2,6469,2
215,1,0.9489155411720276,1,MERRA2,6469,2
220,0,0.8066934943199158,1,MERRA2,6469,2
221,1,0.7183449268341064,1,MERRA2,6469,2
238,0,0.0838075280189514,0,MERRA2,6469,2
239,1,0.6916503310203552,1,MERRA2,6469,2
240,0,0.5379908084869385,1,MERRA2,6469,2
241,1,0.4805591702461242,0,MERRA2,6469,2
244,0,0.5414103865623474,1,MERRA2,6469,2
245,1,0.6482659578323364,1,MERRA2,6469,2
246,0,0.5414103865623474,1,MERRA2,6469,2
247,1,0.6482659578323364,1,MERRA2,6469,2
258,0,0.2558992803096771,0,MERRA2,6469,2
259,1,0.5912002921104431,1,MERRA2,6469,2
260,0,0.2392073571681976,0,MERRA2,6469,2
261,1,0.3223000168800354,0,MERRA2,6469,2
262,0,0.4623946845531463,0,MERRA2,6469,2
263,1,0.9202357530593872,1,MERRA2,6469,2
272,0,0.073362648487091,0,MERRA2,6469,2
273,1,0.3582392632961273,0,MERRA2,6469,2
284,0,0.1334436684846878,0,MERRA2,6469,2
285,1,0.93779319524765,1,MERRA2,6469,2
286,0,0.1352269202470779,0,MERRA2,6469,2
287,1,0.4335564970970154,0,MERRA2,6469,2
308,0,0.2143044918775558,0,MERRA2,6469,2
309,1,0.2900674939155578,0,MERRA2,6469,2
320,0,0.2258439362049102,0,MERRA2,6469,2
321,1,0.5579928755760193,1,MERRA2,6469,2
332,0,0.0726857706904411,0,MERRA2,6469,2
333,1,0.848103404045105,1,MERRA2,6469,2
346,0,0.2609912157058716,0,MERRA2,6469,2
347,1,0.6990203857421875,1,MERRA2,6469,2
376,0,0.2819882333278656,0,MERRA2,6469,2
377,1,0.5087156295776367,1,MERRA2,6469,2
380,0,0.4106884002685547,0,MERRA2,6469,2
381,1,0.6559449434280396,1,MERRA2,6469,2
388,0,0.0741465762257576,0,MERRA2,6469,2
389,1,0.8447360992431641,1,MERRA2,6469,2
396,0,0.0662424862384796,0,MERRA2,6469,2
397,1,0.8320341110229492,1,MERRA2,6469,2
28,0,0.1002484485507011,0,MERRA2,6469,3
29,1,0.1519252955913543,0,MERRA2,6469,3
32,0,0.1815488636493683,0,MERRA2,6469,3
33,1,0.6541811227798462,1,MERRA2,6469,3
38,0,0.1133995950222015,0,MERRA2,6469,3
39,1,0.3128544688224792,0,MERRA2,6469,3
46,0,0.596530020236969,1,MERRA2,6469,3
47,1,0.5260668396949768,1,MERRA2,6469,3
50,0,0.9405133724212646,1,MERRA2,6469,3
51,1,0.4474817812442779,0,MERRA2,6469,3
52,0,0.9405133724212646,1,MERRA2,6469,3
53,1,0.4474817812442779,0,MERRA2,6469,3
54,0,0.2304028868675232,0,MERRA2,6469,3
55,1,0.9216778874397278,1,MERRA2,6469,3
64,0,0.1270819902420044,0,MERRA2,6469,3
65,1,0.6173219084739685,1,MERRA2,6469,3
66,0,0.7057086825370789,1,MERRA2,6469,3
67,1,0.8875777125358582,1,MERRA2,6469,3
72,0,0.1107714399695396,0,MERRA2,6469,3
73,1,0.112435445189476,0,MERRA2,6469,3
84,0,0.9691940546035768,1,MERRA2,6469,3
85,1,0.9313913583755492,1,MERRA2,6469,3
106,0,0.1845768541097641,0,MERRA2,6469,3
107,1,0.5183820128440857,1,MERRA2,6469,3
122,0,0.1525499820709228,0,MERRA2,6469,3
123,1,0.2134053260087967,0,MERRA2,6469,3
132,0,0.1525499820709228,0,MERRA2,6469,3
133,1,0.174783706665039,0,MERRA2,6469,3
144,0,0.2761220335960388,0,MERRA2,6469,3
145,1,0.1626581251621246,0,MERRA2,6469,3
148,0,0.1765644997358322,0,MERRA2,6469,3
149,1,0.1595901697874069,0,MERRA2,6469,3
160,0,0.0940538048744201,0,MERRA2,6469,3
161,1,0.5989517569541931,1,MERRA2,6469,3
166,0,0.2564220130443573,0,MERRA2,6469,3
167,1,0.7223089933395386,1,MERRA2,6469,3
176,0,0.5800557732582092,1,MERRA2,6469,3
177,1,0.910297691822052,1,MERRA2,6469,3
182,0,0.3458027243614197,0,MERRA2,6469,3
183,1,0.7956534028053284,1,MERRA2,6469,3
186,0,0.145436942577362,0,MERRA2,6469,3
187,1,0.9397683143615724,1,MERRA2,6469,3
208,0,0.161417618393898,0,MERRA2,6469,3
209,1,0.9449161887168884,1,MERRA2,6469,3
224,0,0.2302140593528747,0,MERRA2,6469,3
225,1,0.1997604966163635,0,MERRA2,6469,3
254,0,0.2077262252569198,0,MERRA2,6469,3
255,1,0.2339919060468673,0,MERRA2,6469,3
264,0,0.2854897975921631,0,MERRA2,6469,3
265,1,0.8270019888877869,1,MERRA2,6469,3
266,0,0.1052135452628135,0,MERRA2,6469,3
267,1,0.7599738240242004,1,MERRA2,6469,3
268,0,0.5565512180328369,1,MERRA2,6469,3
269,1,0.2183092087507248,0,MERRA2,6469,3
280,0,0.5251826643943787,1,MERRA2,6469,3
281,1,0.4159625172615051,0,MERRA2,6469,3
282,0,0.101988784968853,0,MERRA2,6469,3
283,1,0.7614279985427856,1,MERRA2,6469,3
290,0,0.1913086324930191,0,MERRA2,6469,3
291,1,0.3124348819255829,0,MERRA2,6469,3
296,0,0.1513348370790481,0,MERRA2,6469,3
297,1,0.9882586002349854,1,MERRA2,6469,3
300,0,0.1354788094758987,0,MERRA2,6469,3
301,1,0.9145768880844116,1,MERRA2,6469,3
302,0,0.3869493305683136,0,MERRA2,6469,3
303,1,0.9352848529815674,1,MERRA2,6469,3
310,0,0.0715745612978935,0,MERRA2,6469,3
311,1,0.7161761522293091,1,MERRA2,6469,3
314,0,0.3270420730113983,0,MERRA2,6469,3
315,1,0.2012545764446258,0,MERRA2,6469,3
328,0,0.1485936790704727,0,MERRA2,6469,3
329,1,0.9655458331108092,1,MERRA2,6469,3
352,0,0.0632819458842277,0,MERRA2,6469,3
353,1,0.9383617639541626,1,MERRA2,6469,3
362,0,0.1488985568284988,0,MERRA2,6469,3
363,1,0.407005101442337,0,MERRA2,6469,3
368,0,0.1681729406118393,0,MERRA2,6469,3
369,1,0.9315901398658752,1,MERRA2,6469,3
378,0,0.1549167931079864,0,MERRA2,6469,3
379,1,0.6521210074424744,1,MERRA2,6469,3
394,0,0.0949833765625953,0,MERRA2,6469,3
395,1,0.9468295574188232,1,MERRA2,6469,3
2,0,0.0568243153393268,0,MERRA2,6469,4
3,1,0.0282830316573381,0,MERRA2,6469,4
8,0,0.831850528717041,1,MERRA2,6469,4
9,1,0.6525342464447021,1,MERRA2,6469,4
10,0,0.8125884532928467,1,MERRA2,6469,4
11,1,0.8704073429107666,1,MERRA2,6469,4
14,0,0.5538163185119629,1,MERRA2,6469,4
15,1,0.6192718148231506,1,MERRA2,6469,4
18,0,0.0257306341081857,0,MERRA2,6469,4
19,1,0.8110182285308838,1,MERRA2,6469,4
26,0,0.0733035132288932,0,MERRA2,6469,4
27,1,0.0228408314287662,0,MERRA2,6469,4
48,0,0.7152151465415955,1,MERRA2,6469,4
49,1,0.6925377249717712,1,MERRA2,6469,4
70,0,0.8837490677833557,1,MERRA2,6469,4
71,1,0.3487821221351623,0,MERRA2,6469,4
76,0,0.6951509714126587,1,MERRA2,6469,4
77,1,0.8912168741226196,1,MERRA2,6469,4
108,0,0.0716640502214431,0,MERRA2,6469,4
109,1,0.7234473824501038,1,MERRA2,6469,4
112,0,0.1418224573135376,0,MERRA2,6469,4
113,1,0.8912168741226196,1,MERRA2,6469,4
126,0,0.0984430387616157,0,MERRA2,6469,4
127,1,0.3387515246868133,0,MERRA2,6469,4
138,0,0.6874372363090515,1,MERRA2,6469,4
139,1,0.6643595099449158,1,MERRA2,6469,4
154,0,0.5194317102432251,1,MERRA2,6469,4
155,1,0.1073872819542884,0,MERRA2,6469,4
158,0,0.1073872819542884,0,MERRA2,6469,4
159,1,0.9547150731086732,1,MERRA2,6469,4
180,0,0.4934498071670532,0,MERRA2,6469,4
181,1,0.595266580581665,1,MERRA2,6469,4
190,0,0.5746013522148132,1,MERRA2,6469,4
191,1,0.3541184663772583,0,MERRA2,6469,4
200,0,0.0403346754610538,0,MERRA2,6469,4
201,1,0.8996126055717468,1,MERRA2,6469,4
210,0,0.1127300933003425,0,MERRA2,6469,4
211,1,0.8778162598609924,1,MERRA2,6469,4
216,0,0.0481378100812435,0,MERRA2,6469,4
217,1,0.9057841897010804,1,MERRA2,6469,4
222,0,0.8626318573951721,1,MERRA2,6469,4
223,1,0.7665096521377563,1,MERRA2,6469,4
226,0,0.5326935052871704,1,MERRA2,6469,4
227,1,0.6220691800117493,1,MERRA2,6469,4
230,0,0.5839852094650269,1,MERRA2,6469,4
231,1,0.3241377770900726,0,MERRA2,6469,4
256,0,0.600530207157135,1,MERRA2,6469,4
257,1,0.7810930609703064,1,MERRA2,6469,4
270,0,0.0402734279632568,0,MERRA2,6469,4
271,1,0.73257976770401,1,MERRA2,6469,4
294,0,0.2497635036706924,0,MERRA2,6469,4
295,1,0.3866229653358459,0,MERRA2,6469,4
298,0,0.4140523970127105,0,MERRA2,6469,4
299,1,0.8023432493209839,1,MERRA2,6469,4
306,0,0.0282830316573381,0,MERRA2,6469,4
307,1,0.8954019546508789,1,MERRA2,6469,4
312,0,0.1046819016337394,0,MERRA2,6469,4
313,1,0.8906674385070801,1,MERRA2,6469,4
316,0,0.0991055890917778,0,MERRA2,6469,4
317,1,0.9476971626281738,1,MERRA2,6469,4
330,0,0.0270276349037885,0,MERRA2,6469,4
331,1,0.8826514482498169,1,MERRA2,6469,4
334,0,0.1185689866542816,0,MERRA2,6469,4
335,1,0.6330719590187073,1,MERRA2,6469,4
342,0,0.0230242181569337,0,MERRA2,6469,4
343,1,0.9250048398971558,1,MERRA2,6469,4
344,0,0.2650609016418457,0,MERRA2,6469,4
345,1,0.8388375043869019,1,MERRA2,6469,4
356,0,0.5740638375282288,1,MERRA2,6469,4
357,1,0.6526588201522827,1,MERRA2,6469,4
358,0,0.1167254894971847,0,MERRA2,6469,4
359,1,0.4031117260456085,0,MERRA2,6469,4
390,0,0.0790189281105995,0,MERRA2,6469,4
391,1,0.831850528717041,1,MERRA2,6469,4
392,0,0.0707399621605873,0,MERRA2,6469,4
393,1,0.7981240749359131,1,MERRA2,6469,4
398,0,0.2010900527238845,0,MERRA2,6469,4
399,1,0.2819370329380035,0,MERRA2,6469,4
4,0,0.8979361057281494,1,MERRA2,6469,5
5,1,0.8479381203651428,1,MERRA2,6469,5
12,0,0.3745538294315338,0,MERRA2,6469,5
13,1,0.9707182049751282,1,MERRA2,6469,5
20,0,0.5210674405097961,1,MERRA2,6469,5
21,1,0.2207978814840316,0,MERRA2,6469,5
30,0,0.1949560344219207,0,MERRA2,6469,5
31,1,0.8708731532096863,1,MERRA2,6469,5
44,0,0.0766533762216568,0,MERRA2,6469,5
45,1,0.036884319037199,0,MERRA2,6469,5
58,0,0.0498446151614189,0,MERRA2,6469,5
59,1,0.978352427482605,1,MERRA2,6469,5
88,0,0.7603474259376526,1,MERRA2,6469,5
89,1,0.4013940095901489,0,MERRA2,6469,5
102,0,0.1242139190435409,0,MERRA2,6469,5
103,1,0.9807224869728088,1,MERRA2,6469,5
110,0,0.4013940095901489,0,MERRA2,6469,5
111,1,0.8338496685028076,1,MERRA2,6469,5
120,0,0.1704946160316467,0,MERRA2,6469,5
121,1,0.9749792218208312,1,MERRA2,6469,5
128,0,0.3304375112056732,0,MERRA2,6469,5
129,1,0.8449161648750305,1,MERRA2,6469,5
130,0,0.7959594130516052,1,MERRA2,6469,5
131,1,0.8733967542648315,1,MERRA2,6469,5
134,0,0.1401170194149017,0,MERRA2,6469,5
135,1,0.9390947222709656,1,MERRA2,6469,5
156,0,0.0267656743526458,0,MERRA2,6469,5
157,1,0.98004812002182,1,MERRA2,6469,5
162,0,0.1285446584224701,0,MERRA2,6469,5
163,1,0.994394063949585,1,MERRA2,6469,5
164,0,0.1484626233577728,0,MERRA2,6469,5
165,1,0.98004812002182,1,MERRA2,6469,5
168,0,0.3069058358669281,0,MERRA2,6469,5
169,1,0.185524120926857,0,MERRA2,6469,5
174,0,0.6028313636779785,1,MERRA2,6469,5
175,1,0.8341138362884521,1,MERRA2,6469,5
184,0,0.048299916088581,0,MERRA2,6469,5
185,1,0.9288132786750792,1,MERRA2,6469,5
196,0,0.592391848564148,1,MERRA2,6469,5
197,1,0.9822351336479188,1,MERRA2,6469,5
198,0,0.3774321675300598,0,MERRA2,6469,5
199,1,0.8438504934310913,1,MERRA2,6469,5
204,0,0.7842486500740051,1,MERRA2,6469,5
205,1,0.9054876565933228,1,MERRA2,6469,5
234,0,0.2689352035522461,0,MERRA2,6469,5
235,1,0.8599991202354431,1,MERRA2,6469,5
242,0,0.2946017384529114,0,MERRA2,6469,5
243,1,0.5743663311004639,1,MERRA2,6469,5
248,0,0.110721930861473,0,MERRA2,6469,5
249,1,0.9867792129516602,1,MERRA2,6469,5
278,0,0.098590962588787,0,MERRA2,6469,5
279,1,0.7872267365455627,1,MERRA2,6469,5
292,0,0.0912986174225807,0,MERRA2,6469,5
293,1,0.990569233894348,1,MERRA2,6469,5
304,0,0.5543416142463684,1,MERRA2,6469,5
305,1,0.9584617614746094,1,MERRA2,6469,5
322,0,0.0649771317839622,0,MERRA2,6469,5
323,1,0.9611726999282836,1,MERRA2,6469,5
338,0,0.5404550433158875,1,MERRA2,6469,5
339,1,0.917662501335144,1,MERRA2,6469,5
340,0,0.4915143251419067,0,MERRA2,6469,5
341,1,0.9562406539916992,1,MERRA2,6469,5
348,0,0.8200209736824036,1,MERRA2,6469,5
349,1,0.809331476688385,1,MERRA2,6469,5
350,0,0.3839285969734192,0,MERRA2,6469,5
351,1,0.9436997175216676,1,MERRA2,6469,5
360,0,0.926044762134552,1,MERRA2,6469,5
361,1,0.4064505994319916,0,MERRA2,6469,5
366,0,0.115127146244049,0,MERRA2,6469,5
367,1,0.7225317358970642,1,MERRA2,6469,5
382,0,0.1431740969419479,0,MERRA2,6469,5
383,1,0.4640493988990783,0,MERRA2,6469,5
384,0,0.0646726787090301,0,MERRA2,6469,5
385,1,0.9492906332015992,1,MERRA2,6469,5
386,0,0.5032603144645691,1,MERRA2,6469,5
387,1,0.9101001620292664,1,MERRA2,6469,5
400,0,0.3839285969734192,0,MERRA2,6469,5
401,1,0.8123041391372681,1,MERRA2,6469,5
402,0,0.0701372101902961,0,MERRA2,6469,5
403,1,0.848490834236145,1,MERRA2,6469,5
6,0,0.1189058199524879,0,MERRA2,9919,1
7,1,0.5436704158782959,1,MERRA2,9919,1
12,0,0.4832433760166168,0,MERRA2,9919,1
13,1,0.6806795001029968,1,MERRA2,9919,1
54,0,0.3783420026302337,0,MERRA2,9919,1
55,1,0.8074257969856262,1,MERRA2,9919,1
70,0,0.7335115075111389,1,MERRA2,9919,1
71,1,0.6622639894485474,1,MERRA2,9919,1
72,0,0.1298167258501052,0,MERRA2,9919,1
73,1,0.1995007991790771,0,MERRA2,9919,1
76,0,0.4174701273441314,0,MERRA2,9919,1
77,1,0.8416193127632141,1,MERRA2,9919,1
78,0,0.3624485433101654,0,MERRA2,9919,1
79,1,0.7236825823783875,1,MERRA2,9919,1
80,0,0.400187611579895,0,MERRA2,9919,1
81,1,0.3012243509292602,0,MERRA2,9919,1
86,0,0.6195998191833496,1,MERRA2,9919,1
87,1,0.6176328063011169,1,MERRA2,9919,1
96,0,0.3012243509292602,0,MERRA2,9919,1
97,1,0.7453679442405701,1,MERRA2,9919,1
98,0,0.7151874303817749,1,MERRA2,9919,1
99,1,0.7257455587387085,1,MERRA2,9919,1
100,0,0.3154139518737793,0,MERRA2,9919,1
101,1,0.8459556698799133,1,MERRA2,9919,1
114,0,0.8714425563812256,1,MERRA2,9919,1
115,1,0.8206626176834106,1,MERRA2,9919,1
128,0,0.1028474271297454,0,MERRA2,9919,1
129,1,0.5453828573226929,1,MERRA2,9919,1
138,0,0.4533562362194061,0,MERRA2,9919,1
139,1,0.7114570140838623,1,MERRA2,9919,1
146,0,0.2634263038635254,0,MERRA2,9919,1
147,1,0.8995903730392456,1,MERRA2,9919,1
152,0,0.2634263038635254,0,MERRA2,9919,1
153,1,0.8995903730392456,1,MERRA2,9919,1
210,0,0.1110178977251052,0,MERRA2,9919,1
211,1,0.8173044919967651,1,MERRA2,9919,1
226,0,0.4755472540855407,0,MERRA2,9919,1
227,1,0.3352948725223541,0,MERRA2,9919,1
228,0,0.7548826932907104,1,MERRA2,9919,1
229,1,0.8251234292984009,1,MERRA2,9919,1
234,0,0.1107391342520713,0,MERRA2,9919,1
235,1,0.4391570687294006,0,MERRA2,9919,1
236,0,0.4442802369594574,0,MERRA2,9919,1
237,1,0.5019253492355347,1,MERRA2,9919,1
242,0,0.50262051820755,1,MERRA2,9919,1
243,1,0.5111421346664429,1,MERRA2,9919,1
258,0,0.2548071146011352,0,MERRA2,9919,1
259,1,0.7453071475028992,1,MERRA2,9919,1
264,0,0.336937665939331,0,MERRA2,9919,1
265,1,0.3796793520450592,0,MERRA2,9919,1
290,0,0.4430299401283264,0,MERRA2,9919,1
291,1,0.3671126663684845,0,MERRA2,9919,1
296,0,0.2850208878517151,0,MERRA2,9919,1
297,1,0.8995903730392456,1,MERRA2,9919,1
302,0,0.6505711078643799,1,MERRA2,9919,1
303,1,0.860235869884491,1,MERRA2,9919,1
306,0,0.0947068110108375,0,MERRA2,9919,1
307,1,0.8581696152687073,1,MERRA2,9919,1
308,0,0.303178608417511,0,MERRA2,9919,1
309,1,0.7236825823783875,1,MERRA2,9919,1
312,0,0.3783420026302337,0,MERRA2,9919,1
313,1,0.8074257969856262,1,MERRA2,9919,1
342,0,0.1330144107341766,0,MERRA2,9919,1
343,1,0.793143093585968,1,MERRA2,9919,1
348,0,0.156742051243782,0,MERRA2,9919,1
349,1,0.6877529621124268,1,MERRA2,9919,1
352,0,0.0422715321183204,0,MERRA2,9919,1
353,1,0.5651140809059143,1,MERRA2,9919,1
354,0,0.3370459675788879,0,MERRA2,9919,1
355,1,0.8410274386405945,1,MERRA2,9919,1
360,0,0.7536986470222473,1,MERRA2,9919,1
361,1,0.6027024388313293,1,MERRA2,9919,1
366,0,0.1291019916534423,0,MERRA2,9919,1
367,1,0.4230891168117523,0,MERRA2,9919,1
372,0,0.4586369693279266,0,MERRA2,9919,1
373,1,0.7953615188598633,1,MERRA2,9919,1
374,0,0.1933129131793975,0,MERRA2,9919,1
375,1,0.1727744340896606,0,MERRA2,9919,1
382,0,0.2495390921831131,0,MERRA2,9919,1
383,1,0.4539059102535248,0,MERRA2,9919,1
392,0,0.1991415172815323,0,MERRA2,9919,1
393,1,0.6890512108802795,1,MERRA2,9919,1
10,0,0.9735642075538636,1,MERRA2,9919,2
11,1,0.984573781490326,1,MERRA2,9919,2
14,0,0.0606459155678749,0,MERRA2,9919,2
15,1,0.7420269250869751,1,MERRA2,9919,2
16,0,0.0961973592638969,0,MERRA2,9919,2
17,1,0.0406219884753227,0,MERRA2,9919,2
22,0,0.9791930913925172,1,MERRA2,9919,2
23,1,0.984670639038086,1,MERRA2,9919,2
24,0,0.0561264380812644,0,MERRA2,9919,2
25,1,0.9867922067642212,1,MERRA2,9919,2
26,0,0.056960105895996,0,MERRA2,9919,2
27,1,0.584787905216217,1,MERRA2,9919,2
32,0,0.1937577873468399,0,MERRA2,9919,2
33,1,0.9828613996505736,1,MERRA2,9919,2
38,0,0.0343234352767467,0,MERRA2,9919,2
39,1,0.8001610636711121,1,MERRA2,9919,2
40,0,0.815371572971344,1,MERRA2,9919,2
41,1,0.9443016052246094,1,MERRA2,9919,2
44,0,0.0157276596873998,0,MERRA2,9919,2
45,1,0.0137326037511229,0,MERRA2,9919,2
48,0,0.8473370671272278,1,MERRA2,9919,2
49,1,0.8236123323440552,1,MERRA2,9919,2
50,0,0.8831412196159363,1,MERRA2,9919,2
51,1,0.2119277417659759,0,MERRA2,9919,2
60,0,0.0153756318613886,0,MERRA2,9919,2
61,1,0.9711927175521852,1,MERRA2,9919,2
84,0,0.9932669401168824,1,MERRA2,9919,2
85,1,0.981255054473877,1,MERRA2,9919,2
88,0,0.5414894819259644,1,MERRA2,9919,2
89,1,0.0648610740900039,0,MERRA2,9919,2
112,0,0.0933566838502883,0,MERRA2,9919,2
113,1,0.983214259147644,1,MERRA2,9919,2
116,0,0.8333137035369873,1,MERRA2,9919,2
117,1,0.9403778910636902,1,MERRA2,9919,2
136,0,0.4831300377845764,0,MERRA2,9919,2
137,1,0.9924733638763428,1,MERRA2,9919,2
140,0,0.0225510168820619,0,MERRA2,9919,2
141,1,0.9941331744194032,1,MERRA2,9919,2
162,0,0.2014355808496475,0,MERRA2,9919,2
163,1,0.9924733638763428,1,MERRA2,9919,2
172,0,0.9744787216186525,1,MERRA2,9919,2
173,1,0.972979724407196,1,MERRA2,9919,2
176,0,0.8306027054786682,1,MERRA2,9919,2
177,1,0.9210268259048462,1,MERRA2,9919,2
178,0,0.0563415512442588,0,MERRA2,9919,2
179,1,0.9744787216186525,1,MERRA2,9919,2
182,0,0.0524091459810733,0,MERRA2,9919,2
183,1,0.9394729137420654,1,MERRA2,9919,2
194,0,0.1107502430677414,0,MERRA2,9919,2
195,1,0.1362760215997696,0,MERRA2,9919,2
214,0,0.0697960704565048,0,MERRA2,9919,2
215,1,0.9579382538795472,1,MERRA2,9919,2
220,0,0.8237714767456055,1,MERRA2,9919,2
221,1,0.967249870300293,1,MERRA2,9919,2
238,0,0.0302046686410903,0,MERRA2,9919,2
239,1,0.9023895859718324,1,MERRA2,9919,2
248,0,0.0308535601943731,0,MERRA2,9919,2
249,1,0.996444284915924,1,MERRA2,9919,2
254,0,0.0453698225319385,0,MERRA2,9919,2
255,1,0.0566725470125675,0,MERRA2,9919,2
256,0,0.8729746341705322,1,MERRA2,9919,2
257,1,0.882319450378418,1,MERRA2,9919,2
262,0,0.5022132396697998,1,MERRA2,9919,2
263,1,0.9809156060218812,1,MERRA2,9919,2
272,0,0.0982227027416229,0,MERRA2,9919,2
273,1,0.2972008883953094,0,MERRA2,9919,2
284,0,0.1642644256353378,0,MERRA2,9919,2
285,1,0.978653848171234,1,MERRA2,9919,2
294,0,0.0756561532616615,0,MERRA2,9919,2
295,1,0.2354054152965545,0,MERRA2,9919,2
334,0,0.2226400375366211,0,MERRA2,9919,2
335,1,0.8803935647010803,1,MERRA2,9919,2
338,0,0.0235423147678375,0,MERRA2,9919,2
339,1,0.909425675868988,1,MERRA2,9919,2
376,0,0.0591550357639789,0,MERRA2,9919,2
377,1,0.5381108522415161,1,MERRA2,9919,2
378,0,0.0365211479365825,0,MERRA2,9919,2
379,1,0.5381108522415161,1,MERRA2,9919,2
402,0,0.081627145409584,0,MERRA2,9919,2
403,1,0.97992742061615,1,MERRA2,9919,2
2,0,0.370350569486618,0,MERRA2,9919,3
3,1,0.0337335281074047,0,MERRA2,9919,3
8,0,0.9328840374946594,1,MERRA2,9919,3
9,1,0.7720483541488647,1,MERRA2,9919,3
20,0,0.4024043977260589,0,MERRA2,9919,3
21,1,0.0922015830874443,0,MERRA2,9919,3
28,0,0.0224848091602325,0,MERRA2,9919,3
29,1,0.0125000784173607,0,MERRA2,9919,3
30,0,0.1541504114866256,0,MERRA2,9919,3
31,1,0.8589313626289368,1,MERRA2,9919,3
34,0,0.6743246912956238,1,MERRA2,9919,3
35,1,0.532808780670166,1,MERRA2,9919,3
46,0,0.6743246912956238,1,MERRA2,9919,3
47,1,0.532808780670166,1,MERRA2,9919,3
56,0,0.7337810397148132,1,MERRA2,9919,3
57,1,0.957250475883484,1,MERRA2,9919,3
62,0,0.3040451109409332,0,MERRA2,9919,3
63,1,0.8399544954299927,1,MERRA2,9919,3
64,0,0.0311794765293598,0,MERRA2,9919,3
65,1,0.4937719106674194,0,MERRA2,9919,3
68,0,0.7244613170623779,1,MERRA2,9919,3
69,1,0.9673771262168884,1,MERRA2,9919,3
92,0,0.2075116336345672,0,MERRA2,9919,3
93,1,0.8246898055076599,1,MERRA2,9919,3
106,0,0.0584903880953788,0,MERRA2,9919,3
107,1,0.347693920135498,0,MERRA2,9919,3
122,0,0.1296321451663971,0,MERRA2,9919,3
123,1,0.1361360996961593,0,MERRA2,9919,3
142,0,0.0390271320939064,0,MERRA2,9919,3
143,1,0.6196461915969849,1,MERRA2,9919,3
150,0,0.0306238736957311,0,MERRA2,9919,3
151,1,0.7882586717605591,1,MERRA2,9919,3
158,0,0.5392065644264221,1,MERRA2,9919,3
159,1,0.9860389232635498,1,MERRA2,9919,3
174,0,0.761379599571228,1,MERRA2,9919,3
175,1,0.6710548996925354,1,MERRA2,9919,3
180,0,0.6916719079017639,1,MERRA2,9919,3
181,1,0.9164560437202454,1,MERRA2,9919,3
188,0,0.1040642336010932,0,MERRA2,9919,3
189,1,0.5461764335632324,1,MERRA2,9919,3
192,0,0.7314958572387695,1,MERRA2,9919,3
193,1,0.8634499311447144,1,MERRA2,9919,3
198,0,0.7223386764526367,1,MERRA2,9919,3
199,1,0.4275901913642883,0,MERRA2,9919,3
218,0,0.0368835739791393,0,MERRA2,9919,3
219,1,0.2397838830947876,0,MERRA2,9919,3
246,0,0.6951211094856262,1,MERRA2,9919,3
247,1,0.8408467769622803,1,MERRA2,9919,3
282,0,0.0297191459685564,0,MERRA2,9919,3
283,1,0.7314958572387695,1,MERRA2,9919,3
286,0,0.0849267169833183,0,MERRA2,9919,3
287,1,0.8213388323783875,1,MERRA2,9919,3
288,0,0.0386821776628494,0,MERRA2,9919,3
289,1,0.8823128342628479,1,MERRA2,9919,3
292,0,0.0429653264582157,0,MERRA2,9919,3
293,1,0.971333146095276,1,MERRA2,9919,3
298,0,0.097051128745079,0,MERRA2,9919,3
299,1,0.934621036052704,1,MERRA2,9919,3
310,0,0.0235974751412868,0,MERRA2,9919,3
311,1,0.9361393451690674,1,MERRA2,9919,3
314,0,0.5813955664634705,1,MERRA2,9919,3
315,1,0.2941737473011017,0,MERRA2,9919,3
326,0,0.47353595495224,0,MERRA2,9919,3
327,1,0.9249383211135864,1,MERRA2,9919,3
330,0,0.0353912636637687,0,MERRA2,9919,3
331,1,0.8088604211807251,1,MERRA2,9919,3
332,0,0.0353912636637687,0,MERRA2,9919,3
333,1,0.6743568778038025,1,MERRA2,9919,3
346,0,0.2374186068773269,0,MERRA2,9919,3
347,1,0.8599367141723633,1,MERRA2,9919,3
350,0,0.0937407538294792,0,MERRA2,9919,3
351,1,0.8687757253646851,1,MERRA2,9919,3
370,0,0.0299482010304927,0,MERRA2,9919,3
371,1,0.5803849697113037,1,MERRA2,9919,3
384,0,0.2066519111394882,0,MERRA2,9919,3
385,1,0.843989908695221,1,MERRA2,9919,3
386,0,0.4361267685890198,0,MERRA2,9919,3
387,1,0.9165772795677184,1,MERRA2,9919,3
388,0,0.0909272506833076,0,MERRA2,9919,3
389,1,0.9328840374946594,1,MERRA2,9919,3
398,0,0.1923442929983139,0,MERRA2,9919,3
399,1,0.3194754421710968,0,MERRA2,9919,3
400,0,0.0937407538294792,0,MERRA2,9919,3
401,1,0.8562406897544861,1,MERRA2,9919,3
36,0,0.1529426872730255,0,MERRA2,9919,4
37,1,0.6528270244598389,1,MERRA2,9919,4
58,0,0.0568231493234634,0,MERRA2,9919,4
59,1,0.9585115909576416,1,MERRA2,9919,4
66,0,0.4748895168304443,0,MERRA2,9919,4
67,1,0.8251834511756897,1,MERRA2,9919,4
74,0,0.3812846839427948,0,MERRA2,9919,4
75,1,0.9194306135177612,1,MERRA2,9919,4
82,0,0.8371595144271851,1,MERRA2,9919,4
83,1,0.872763454914093,1,MERRA2,9919,4
90,0,0.4126534461975097,0,MERRA2,9919,4
91,1,0.3415026664733886,0,MERRA2,9919,4
94,0,0.9098788499832152,1,MERRA2,9919,4
95,1,0.3415026664733886,0,MERRA2,9919,4
110,0,0.3844310343265533,0,MERRA2,9919,4
111,1,0.8371595144271851,1,MERRA2,9919,4
118,0,0.0359166748821735,0,MERRA2,9919,4
119,1,0.9816482067108154,1,MERRA2,9919,4
120,0,0.0591766014695167,0,MERRA2,9919,4
121,1,0.9816482067108154,1,MERRA2,9919,4
124,0,0.974695324897766,1,MERRA2,9919,4
125,1,0.6779934167861938,1,MERRA2,9919,4
130,0,0.8354993462562561,1,MERRA2,9919,4
131,1,0.6779934167861938,1,MERRA2,9919,4
144,0,0.6433184146881104,1,MERRA2,9919,4
145,1,0.1179262846708297,0,MERRA2,9919,4
148,0,0.1133219078183174,0,MERRA2,9919,4
149,1,0.7628825902938843,1,MERRA2,9919,4
160,0,0.044526632875204,0,MERRA2,9919,4
161,1,0.5773799419403076,1,MERRA2,9919,4
166,0,0.4027886986732483,0,MERRA2,9919,4
167,1,0.8802765607833862,1,MERRA2,9919,4
170,0,0.8473013639450073,1,MERRA2,9919,4
171,1,0.3855335116386413,0,MERRA2,9919,4
184,0,0.0157281905412673,0,MERRA2,9919,4
185,1,0.9956129789352416,1,MERRA2,9919,4
190,0,0.2075126469135284,0,MERRA2,9919,4
191,1,0.3286347687244415,0,MERRA2,9919,4
196,0,0.3298574388027191,0,MERRA2,9919,4
197,1,0.9614373445510864,1,MERRA2,9919,4
202,0,0.0190829206258058,0,MERRA2,9919,4
203,1,0.8493463397026062,1,MERRA2,9919,4
204,0,0.3742243349552154,0,MERRA2,9919,4
205,1,0.6604362726211548,1,MERRA2,9919,4
208,0,0.0527632981538772,0,MERRA2,9919,4
209,1,0.9816482067108154,1,MERRA2,9919,4
212,0,0.8231687545776367,1,MERRA2,9919,4
213,1,0.8838368058204651,1,MERRA2,9919,4
216,0,0.0527632981538772,0,MERRA2,9919,4
217,1,0.9816482067108154,1,MERRA2,9919,4
222,0,0.9678943753242492,1,MERRA2,9919,4
223,1,0.8579205274581909,1,MERRA2,9919,4
232,0,0.0608325190842151,0,MERRA2,9919,4
233,1,0.8484078645706177,1,MERRA2,9919,4
260,0,0.0607542321085929,0,MERRA2,9919,4
261,1,0.8789777159690857,1,MERRA2,9919,4
266,0,0.0367811284959316,0,MERRA2,9919,4
267,1,0.9439390301704408,1,MERRA2,9919,4
268,0,0.5406081676483154,1,MERRA2,9919,4
269,1,0.7335187792778015,1,MERRA2,9919,4
274,0,0.0997282639145851,0,MERRA2,9919,4
275,1,0.9347992539405824,1,MERRA2,9919,4
280,0,0.4414639174938202,0,MERRA2,9919,4
281,1,0.6936774253845215,1,MERRA2,9919,4
300,0,0.0093969795852899,0,MERRA2,9919,4
301,1,0.8568063378334045,1,MERRA2,9919,4
316,0,0.2538827955722809,0,MERRA2,9919,4
317,1,0.99290531873703,1,MERRA2,9919,4
322,0,0.0147546958178281,0,MERRA2,9919,4
323,1,0.7119896411895752,1,MERRA2,9919,4
328,0,0.0129217142239212,0,MERRA2,9919,4
329,1,0.9807646870613098,1,MERRA2,9919,4
336,0,0.5714284181594849,1,MERRA2,9919,4
337,1,0.4151662588119507,0,MERRA2,9919,4
362,0,0.0736782252788543,0,MERRA2,9919,4
363,1,0.8656976222991943,1,MERRA2,9919,4
364,0,0.6045957803726196,1,MERRA2,9919,4
365,1,0.922931671142578,1,MERRA2,9919,4
0,0,0.5352855324745178,1,MERRA2,9919,5
1,1,0.2195043861865997,0,MERRA2,9919,5
4,0,0.477012425661087,0,MERRA2,9919,5
5,1,0.4413733184337616,0,MERRA2,9919,5
18,0,0.0459058657288551,0,MERRA2,9919,5
19,1,0.888973593711853,1,MERRA2,9919,5
42,0,0.3085622191429138,0,MERRA2,9919,5
43,1,0.263060450553894,0,MERRA2,9919,5
52,0,0.8088822364807129,1,MERRA2,9919,5
53,1,0.3156932890415191,0,MERRA2,9919,5
102,0,0.1402796804904937,0,MERRA2,9919,5
103,1,0.9668333530426024,1,MERRA2,9919,5
104,0,0.1555592715740203,0,MERRA2,9919,5
105,1,0.6318619251251221,1,MERRA2,9919,5
108,0,0.1154324635863304,0,MERRA2,9919,5
109,1,0.9318699836730956,1,MERRA2,9919,5
126,0,0.1821313202381134,0,MERRA2,9919,5
127,1,0.2639864087104797,0,MERRA2,9919,5
132,0,0.1391923129558563,0,MERRA2,9919,5
133,1,0.2461692243814468,0,MERRA2,9919,5
134,0,0.0983620807528495,0,MERRA2,9919,5
135,1,0.6775712966918945,1,MERRA2,9919,5
154,0,0.4003497660160064,0,MERRA2,9919,5
155,1,0.0983620807528495,0,MERRA2,9919,5
156,0,0.0581936053931713,0,MERRA2,9919,5
157,1,0.5663842558860779,1,MERRA2,9919,5
164,0,0.0548251755535602,0,MERRA2,9919,5
165,1,0.5663842558860779,1,MERRA2,9919,5
168,0,0.5506100654602051,1,MERRA2,9919,5
169,1,0.4483764171600342,0,MERRA2,9919,5
186,0,0.0796829462051391,0,MERRA2,9919,5
187,1,0.8341110944747925,1,MERRA2,9919,5
200,0,0.1022279188036918,0,MERRA2,9919,5
201,1,0.8448426127433777,1,MERRA2,9919,5
206,0,0.0653380453586578,0,MERRA2,9919,5
207,1,0.4915318191051483,0,MERRA2,9919,5
224,0,0.2110171318054199,0,MERRA2,9919,5
225,1,0.4331604242324829,0,MERRA2,9919,5
230,0,0.5443162322044373,1,MERRA2,9919,5
231,1,0.1468055695295334,0,MERRA2,9919,5
240,0,0.7277529835700989,1,MERRA2,9919,5
241,1,0.4019438624382019,0,MERRA2,9919,5
244,0,0.3782392144203186,0,MERRA2,9919,5
245,1,0.7447130084037781,1,MERRA2,9919,5
250,0,0.0482193492352962,0,MERRA2,9919,5
251,1,0.9035710096359252,1,MERRA2,9919,5
252,0,0.5720409154891968,1,MERRA2,9919,5
253,1,0.7397104501724243,1,MERRA2,9919,5
270,0,0.2982293367385864,0,MERRA2,9919,5
271,1,0.8180773854255676,1,MERRA2,9919,5
276,0,0.1375897526741027,0,MERRA2,9919,5
277,1,0.5411386489868164,1,MERRA2,9919,5
278,0,0.0578574948012828,0,MERRA2,9919,5
279,1,0.6315741539001465,1,MERRA2,9919,5
304,0,0.0388693325221538,0,MERRA2,9919,5
305,1,0.27493417263031,0,MERRA2,9919,5
318,0,0.1022279188036918,0,MERRA2,9919,5
319,1,0.8448426127433777,1,MERRA2,9919,5
320,0,0.0916031301021575,0,MERRA2,9919,5
321,1,0.8883494138717651,1,MERRA2,9919,5
324,0,0.1199187189340591,0,MERRA2,9919,5
325,1,0.5508754253387451,1,MERRA2,9919,5
340,0,0.1110602840781211,0,MERRA2,9919,5
341,1,0.4736872017383575,0,MERRA2,9919,5
344,0,0.0948495864868164,0,MERRA2,9919,5
345,1,0.9480488300323486,1,MERRA2,9919,5
356,0,0.3167324066162109,0,MERRA2,9919,5
357,1,0.7733809351921082,1,MERRA2,9919,5
358,0,0.0949922055006027,0,MERRA2,9919,5
359,1,0.4195880889892578,0,MERRA2,9919,5
368,0,0.2959752976894378,0,MERRA2,9919,5
369,1,0.8663644194602966,1,MERRA2,9919,5
380,0,0.2741412222385406,0,MERRA2,9919,5
381,1,0.7857526540756226,1,MERRA2,9919,5
390,0,0.3738001585006714,0,MERRA2,9919,5
391,1,0.7657285928726196,1,MERRA2,9919,5
394,0,0.1660015136003494,0,MERRA2,9919,5
395,1,0.7657285928726196,1,MERRA2,9919,5
396,0,0.0637508854269981,0,MERRA2,9919,5
397,1,0.4397841393947601,0,MERRA2,9919,5
