path,bytes,sha256
.gitignore,89,8c149d88d755a945bcfcb7aa702d4f1592b04df8554bd9c8197ba866b03bba72
code/analysis/public_dataset_qc.py,2175,028475a593a9991902958c32768928cbac65385caafa4251c32956fff039e3e1
code/model/evaluate_cross_source_clean_0505.py,8092,7fa28605916d11fe2cb3aa1074f0a45457d54ff00e95fabe85e0114115fc32f7
code/model/run_all_sources_cv_clean_0505.py,18727,79f8b20e5963db38068f7017a88ce4a02fe130a8843df350aa4c8d4b872d0bf5
code/README.md,846,c94a5555461c08c0a1eb91546db1860f47fa36ee7b31384eced1f5f5351e7f5d
data/blb_training_sawd_sequences_public.csv,6704054,f2d256a9f8c5b023cc39f9842c23869314def84269b4b4b6b3806ee3669ca689
data/blb_training_sawd_wide_public.csv,6213239,60adea1436838e18aad2c07e50874208d8d9e350da764fb673a376ef2960cc77
data/data_dictionary.csv,111159,b01548931449644b5eb7da714621b023a28b90f2d8c8fcb3b98490a5fd884f02
data/README.md,1153,de4fe13b54bc6218d82701a036c3864afa52ba429da228008bc81d93c59716c0
DATA_PRIVACY.md,676,d9c57bf280c8285285955891b8781ee5bc04b96697f0ce92ec024b67f8ecdce0
LICENSE.md,306,c3ba67ab5fea93b77d56732f5eb957b5f6733037a3282bc6377349dfcf6df8da
model_outputs/all_fold_metrics.csv,32033,0c68f7b86f3c2d7360bb2f2e4b66067314a80ec58b7afc70332f87af4c887324
model_outputs/all_oof_predictions.csv,858370,31ab492360f77024e6196ce4c9de32244850d78c42458ec7001ab90608f54b02
model_outputs/all_oof_predictions_per_record_mean.csv,68691,1ecda88699b25ba366474629fa3fbb33252a9fac734b36f3200d2d9f89add384
model_outputs/cross_source_eval/cross_source_delta_summary.csv,8941,a3222ef1379e1f0b518a9f8d3963abd64af4bc48dc58f76e2eaf68dd5f95ff90
model_outputs/cross_source_eval/cross_source_delta_vs_within.csv,531092,033a4ffc7300b649c9f7d771b521b8dcba0573cf61800ce8497f46c7c9c517f2
model_outputs/cross_source_eval/cross_source_fold_metrics.csv,354821,061a3b00d9bd976f83e4c61acd5b7cec6046bad851280c445a8185de79dbb1a3
model_outputs/cross_source_eval/cross_source_metric_summary.csv,19960,8f01aea0e4eb0f9a6bfa2fa594800c3cd80da8362d2ecb8def47a95895bb7f43
model_outputs/cross_source_eval/cross_source_predictions.csv,14027960,4bd9b68f3d84c76f2a2eba682f6099c809e4e5d01049942ed52bc5b00abc016c
model_outputs/cross_source_eval/cross_source_threshold_metrics.csv,532351,114498afeee042c1ed4e7b3e6a43956753ed305fb4b846793a6c1397bc3a3187
model_outputs/cross_source_eval/cross_source_threshold_summary.csv,13419,774266124419a91ec0441c24d91bcd698545dcbe811e11abb14fc39e23c3c63e
model_outputs/cross_source_eval/era5land_pair_success_by_eval_source.csv,197,7dbcb5c46fd16110286ce7e1fa9d16567f8191d5a4da35d568c153d95a5e3fcd
model_outputs/CWA/seed_1497/fold_1/best_model.pt,159221,9ae6682153bf7c6a87e03ef035c6c9eea42ec8f567d567056e814c47dd42d1d1
model_outputs/CWA/seed_1497/fold_1/metrics.json,638,fe41fb4ba9c1c78c5cd9ee4c1328b1e5d6bd4bad2ab2162c61bf3cfc73ba007c
model_outputs/CWA/seed_1497/fold_1/split_indices.json,3987,3ff8aa65202481decc540735eec0027db39ea395041a677651c758b989717e00
model_outputs/CWA/seed_1497/fold_1/test_predictions.csv,2337,9feb888d636cad40aa43d79c723c4ae6ba341897f47423194ba1d1455917a43b
model_outputs/CWA/seed_1497/fold_1/training_log.csv,2347,017836f03f85b523d26216db262da68b72a794dff748a5691f8f5f1977c902a0
model_outputs/CWA/seed_1497/fold_1/val_predictions.csv,1659,b69fc1945b253baedfcd869e7ed6600295d80a31e0ffd8e2f6a7925484ce631f
model_outputs/CWA/seed_1497/fold_1/zscore.json,528,bdb1ad207b2f56abe0b3e3385b4d28a22b2457578f9b5c7c3b6e302b975ec6b5
model_outputs/CWA/seed_1497/fold_2/best_model.pt,159221,79bf35b8f91840fe8a4ba647d64b9eb7c713768001baedac596dbae1f89c8287
model_outputs/CWA/seed_1497/fold_2/metrics.json,649,3eca4f8b1f245b4d175eff89af318372a65c2742d868069657d680e156061447
model_outputs/CWA/seed_1497/fold_2/split_indices.json,3987,7000e8292947646dc0c14b4946b44f86df5bea1cb996d21752b85bc551cdcd0b
model_outputs/CWA/seed_1497/fold_2/test_predictions.csv,2308,360701cd4dda73a363ed875cf6806bbe9a77abc07301abb6da1a6bfdb62dc3c0
model_outputs/CWA/seed_1497/fold_2/training_log.csv,2352,328e22166a1bb414ba5286b74be712d613f3521d7fa68de63de5a98cef8f8283
model_outputs/CWA/seed_1497/fold_2/val_predictions.csv,1638,31593452a7d520245aff4f1aed81eb51e6a673ac2263aa52b4eb4ff860a08a7e
model_outputs/CWA/seed_1497/fold_2/zscore.json,523,422bd82e0752c65e098af261b8a46a24c5b36ebb5fcf23587b24350ac83b8995
model_outputs/CWA/seed_1497/fold_3/best_model.pt,159221,c988cbdde00caf177891e3a148440b6a4b19182c0614e53b2c380a7264a7e2fa
model_outputs/CWA/seed_1497/fold_3/metrics.json,634,609980d5277e5e2ad1d9c56d647e3ea6ed21108c3dff9d51e5edddccf5e0fb85
model_outputs/CWA/seed_1497/fold_3/split_indices.json,3987,bd275371fd56ec97daff2ebe1f9a2fe8e87b8e44cdb99078ba9e350584be8fae
model_outputs/CWA/seed_1497/fold_3/test_predictions.csv,2338,f73385ab006b3103f25e5290832ee111ff2d3ac35bde6d806b1674dd53b19a32
model_outputs/CWA/seed_1497/fold_3/training_log.csv,2351,61d7b9917b1d48ef92187f643532821590a9fcfe641bbabdcdfb5be640ed87c4
model_outputs/CWA/seed_1497/fold_3/val_predictions.csv,1695,b24917a7497bd2a95017bb15989a74989f202563b451a6388424863046347096
model_outputs/CWA/seed_1497/fold_3/zscore.json,524,603ddbb725c946505b4792ea2d8125f655d4ace8a4eefa7a8b9007176375d365
model_outputs/CWA/seed_1497/fold_4/best_model.pt,159221,1d8ea6862502cb8da46a3aaf8d39fec9021c7c1d8f536af0d127115a844872ad
model_outputs/CWA/seed_1497/fold_4/metrics.json,634,2205d22ed2e2061ff51a3be37606b89ba2b06448512379afb7a6033814337125
model_outputs/CWA/seed_1497/fold_4/split_indices.json,3987,9fbe51ed4e0f7ac3dd2744f78d647c282708f8e0151d8e262f9fdd79ad48d765
model_outputs/CWA/seed_1497/fold_4/test_predictions.csv,2225,1ecaaca0a7a8b79f0cd4fb1242db810f819821dd5c9275d27bee43b21661d067
model_outputs/CWA/seed_1497/fold_4/training_log.csv,2348,d8e3d0e6a77e5b970f96730a82254dc075964559e8b68304286989b3e4dba565
model_outputs/CWA/seed_1497/fold_4/val_predictions.csv,1722,80efdaffe8ef4e9313f4158c1d04a9240eb074e4aba12685b1be63e2cee61392
model_outputs/CWA/seed_1497/fold_4/zscore.json,525,38b770503b0eea393089d834aea7075a0c42a8d50a2e8d23d12e16bce0246501
model_outputs/CWA/seed_1497/fold_5/best_model.pt,159221,4c58c9c7915b0177265c04c8f2440135359225ea99b11145bc345c094a710cf0
model_outputs/CWA/seed_1497/fold_5/metrics.json,608,ea274fdb83f90a41f589521ffa5d02226c831c076fe27875a7f90592938e2f95
model_outputs/CWA/seed_1497/fold_5/split_indices.json,3987,ebbba3a47a5c89e3a16f6836e286efcea0fe0a8f0ea42333d021fc32ed2d3aae
model_outputs/CWA/seed_1497/fold_5/test_predictions.csv,2268,b58d4b3cef5427cccdbddc76ffedeae26f7299fa065d41db255d225f84949059
model_outputs/CWA/seed_1497/fold_5/training_log.csv,2353,76bd9557871de436d9ea67ac8011aa5ec98fb6fd4d2e698676eee63c3628d679
model_outputs/CWA/seed_1497/fold_5/val_predictions.csv,1697,bb9c8ba0c430653dea29a98415a38da87fa6d99d0d8259996f7b096557d0db30
model_outputs/CWA/seed_1497/fold_5/zscore.json,528,986944eaf7868eba60679a06e123a8c24ad70f94059abecd1a50382613dd91b1
model_outputs/CWA/seed_174/fold_1/best_model.pt,159221,09a6e544b4a4571fab5cc860a9adf55578e8ce204b1a86f47d4a6a53b5384673
model_outputs/CWA/seed_174/fold_1/metrics.json,654,453b3acddb020f02e752d96449b5f6727f23883b37fcf23d7e34e05cd1022cad
model_outputs/CWA/seed_174/fold_1/split_indices.json,3987,1db8e88fae425201daaa0277f0710340ce14746bce6467df02669d10e129799a
model_outputs/CWA/seed_174/fold_1/test_predictions.csv,2321,f6bff083a2f0299802b7eb4574ab810ba8397888ee21d842599f54eca97be20b
model_outputs/CWA/seed_174/fold_1/training_log.csv,2350,2a9dc4bd045e5b9eca99f9221e53c149ef52d5153014b71ba192615fc0606602
model_outputs/CWA/seed_174/fold_1/val_predictions.csv,1657,e3aadef39b7fff4053d342da2544687e4244fac91da4f2e18214815760d36bf0
model_outputs/CWA/seed_174/fold_1/zscore.json,524,3ce004045d79ad768125a833b021c0bfda46f9e0b299500a8b07612d9bb61686
model_outputs/CWA/seed_174/fold_2/best_model.pt,159221,969128b3481e980836c973e6d5381f7b300fbce976f3a98216b6b8583fa4ab38
model_outputs/CWA/seed_174/fold_2/metrics.json,652,23feda76aa9fdabefade301a5486734a0c062474dfeaa20a3e788a3c0152e6d9
model_outputs/CWA/seed_174/fold_2/split_indices.json,3987,0b5dd4a490078f41f5cfce827ecddc6ffdf34e7ba325804b2d9850845cd48002
model_outputs/CWA/seed_174/fold_2/test_predictions.csv,2321,15e2f48604fd34c038b025e9265619858c97eee9d14aabf63a6c984c1976433a
model_outputs/CWA/seed_174/fold_2/training_log.csv,2362,3de510cb1744d9ab3e096f8a94e7d41d7783c4023e1aae8f6eb4083e53f12c13
model_outputs/CWA/seed_174/fold_2/val_predictions.csv,1653,75561f73b22e9a6a14b3fe60c5b55fbdd314ef822ae8b3cf1cdb359db6192ee2
model_outputs/CWA/seed_174/fold_2/zscore.json,527,afa2e0d40d8b7b611c45e254b5e8e92552985586b9125392b25166ac0c6c30eb
model_outputs/CWA/seed_174/fold_3/best_model.pt,159221,8f8cdb4baa8d1d96d115ac4722390fda79d516f9dea252f31ca216b3004e346f
model_outputs/CWA/seed_174/fold_3/metrics.json,650,97230f9eef9712a4a69d943c0c285be1e2a177d7d774aaa5f8df2d727c8bfc2e
model_outputs/CWA/seed_174/fold_3/split_indices.json,3987,c4f6014139ea87159a5fdb169a4db5f3255a96814f9903e232a9643e1e983249
model_outputs/CWA/seed_174/fold_3/test_predictions.csv,2371,78513516fca77bc15a09c1f96e13c9aff1663162aaf4ddd58e3efe83852a719b
model_outputs/CWA/seed_174/fold_3/training_log.csv,2347,bf8305c77ba7ae581048545c817cd2fc76f4b2784b5cfa2e46d2e2b55a514ac7
model_outputs/CWA/seed_174/fold_3/val_predictions.csv,1639,d00e1592840c18ae5f222c7ae27959349adb4e7a9d83db2a99d1f5cb02e2a069
model_outputs/CWA/seed_174/fold_3/zscore.json,522,791708cda3604fae8e48e69202c31be976e64256e0c3377d28a3f2d058fef5c2
model_outputs/CWA/seed_174/fold_4/best_model.pt,159221,4afedf17c9ec6057d6aec66fc37be1ba18ce5c48a0f22b65dd6a7ac6edfcd0b0
model_outputs/CWA/seed_174/fold_4/metrics.json,653,ab6660d48556dedfe414c47a6a9c9059e6dcae6e17714b1772db1745043430b4
model_outputs/CWA/seed_174/fold_4/split_indices.json,3987,1f0df9cd57da0590eda65f8457d486ad78c9b97992a51d8a02f96d03e99f9141
model_outputs/CWA/seed_174/fold_4/test_predictions.csv,2211,cea9d871b7ad2ad403fc1d48860164ae7bcda4adf1a520aa8c6871ded98d154b
model_outputs/CWA/seed_174/fold_4/training_log.csv,2348,e251d52cb7a860d05a65c1c7ed8d2d87c4bd913e55a36caeeb7a6c954e4ed8e9
model_outputs/CWA/seed_174/fold_4/val_predictions.csv,1651,2926236c1376a5972a61821ded21c5297cf71ee432e4bac4be5e206ce872a3e8
model_outputs/CWA/seed_174/fold_4/zscore.json,526,2a1388693e6ef125bd20fa1284c6d25ea13a9239cf4297973027c90186e4a34e
model_outputs/CWA/seed_174/fold_5/best_model.pt,159221,648da34c4f17360299915b5c0ccfa9357d48c519cb647e36ab9f685f24131be2
model_outputs/CWA/seed_174/fold_5/metrics.json,650,7d6a9ff59c3b8f98e39f668d9fe46a01af32ac85bcf21cb3503b1724605596bf
model_outputs/CWA/seed_174/fold_5/split_indices.json,3987,cdb175eda78772f1dd7f1f4b9c47cdd100e018c190f5540d531c8385da9492f5
model_outputs/CWA/seed_174/fold_5/test_predictions.csv,2235,e84b529e609938bc31be42823bd5268e65d7e628221a72a17bfcb2b0c230222a
model_outputs/CWA/seed_174/fold_5/training_log.csv,2363,c67a241fdfed2c40b863b4bfe98d568207f9f8624fccaa05482507749a2f2689
model_outputs/CWA/seed_174/fold_5/val_predictions.csv,1668,eb214a041c6090dd985d7baeb4389ffd8d31ba95e600de1dc13013e86069ce34
model_outputs/CWA/seed_174/fold_5/zscore.json,527,875ac7473a926e08934d7e3597e234921455d9cf647616f488f76aee4d9eb001
model_outputs/CWA/seed_3299/fold_1/best_model.pt,159221,b877af12d1456d6d023f88a6d83096bce85cab15518cc9fc32c67bf4578be5bc
model_outputs/CWA/seed_3299/fold_1/metrics.json,629,18cf3eed69d4349b21ae7a6888feb41eac871ea9e9c1562474864920881539f1
model_outputs/CWA/seed_3299/fold_1/split_indices.json,3987,14176b18227d64146b97b7d9dd5cad13cb5a1f170dc55692d537f6e82d8a028a
model_outputs/CWA/seed_3299/fold_1/test_predictions.csv,2252,67cf34d73d00dfca5b2fa871c69da9e61ff3a74d95cc881ffbf26c8906f4f169
model_outputs/CWA/seed_3299/fold_1/training_log.csv,2353,6f99378a6d748d7054143744380e45806fdb0cdfb252ffc23a9f0da34cb91bb2
model_outputs/CWA/seed_3299/fold_1/val_predictions.csv,1645,b561505e66bc1cd5982d7fd51e2322ea6521f31bee3e1c9166c1c1610f02a6ff
model_outputs/CWA/seed_3299/fold_1/zscore.json,525,db2fe9615313958bef3227e2237622d5a66cee86983908b175bc6327834aeed7
model_outputs/CWA/seed_3299/fold_2/best_model.pt,159221,518007659d7c01d8b033c171bd00e3cb8a9e7931b8a98dc98901006df6ec944c
model_outputs/CWA/seed_3299/fold_2/metrics.json,653,592e533ff451527af5909ac9dde40acd0b1d488f4f18fcf76c1cd6ff3dc66510
model_outputs/CWA/seed_3299/fold_2/split_indices.json,3987,f81cd643ff544935c33464f1a6855c6999c951795a51ff5ef6b017592352fba1
model_outputs/CWA/seed_3299/fold_2/test_predictions.csv,2400,4c28dff363cc52a12032ffc3e2d5425812a8a11aa47810ae214773d155262811
model_outputs/CWA/seed_3299/fold_2/training_log.csv,2354,8673ebbbe6c2a03c8f6ebbd161cf7eff8d24edf98d83b89ff2cef8a5611bf6db
model_outputs/CWA/seed_3299/fold_2/val_predictions.csv,1729,0788ea5ed90fb49c618942dca20bb01ecab7c66c8ba1a5d2972b2a09126afda6
model_outputs/CWA/seed_3299/fold_2/zscore.json,528,1aebe70640cbe4ece56721ee574eefea06a1429cd3a898bd5cfe370085153e8b
model_outputs/CWA/seed_3299/fold_3/best_model.pt,159221,49a75a175bf6a5029adb72e508ee3bc788894583fcd1f56fb22dd9b94aaa7aa0
model_outputs/CWA/seed_3299/fold_3/metrics.json,653,300cab615f3f89b44c78e9c3d42b252005803ea8f097c5bbfcbffb2f9f648821
model_outputs/CWA/seed_3299/fold_3/split_indices.json,3987,f8b10d4234f688863b710ae0746473d402740f8c5070a7bdce12ecfccda7f3a2
model_outputs/CWA/seed_3299/fold_3/test_predictions.csv,2332,0e790dd4069255d297b666e353b4b5a4d8a780421e91ff1055d2f718f695597e
model_outputs/CWA/seed_3299/fold_3/training_log.csv,2350,a114225d40f17eec32577ef913225c2c426ed0b81c7796ac53fb37903b880f85
model_outputs/CWA/seed_3299/fold_3/val_predictions.csv,1649,f64961e1b6b7f1c2836491e01da7661cdf76ecf2b948524b40dfc6751104d2fa
model_outputs/CWA/seed_3299/fold_3/zscore.json,526,1282defdfd8adc72eb1067d4011d0a6c14db047a774fbd65d272d5a547e8e3cb
model_outputs/CWA/seed_3299/fold_4/best_model.pt,159221,24fc0c19573ddbdb90ff15908d6b633539e1195f3f0711b56bcc2e92706a9321
model_outputs/CWA/seed_3299/fold_4/metrics.json,651,368b07da9c078c3f1c2d6d63eebaa3771e5b48fe9d4a6f835995fb97914d5cb5
model_outputs/CWA/seed_3299/fold_4/split_indices.json,3987,8c8887809225607974feb0fcefae1a72ccac7cfe69886188e121ae3d2c0dce43
model_outputs/CWA/seed_3299/fold_4/test_predictions.csv,2216,335312f639205207ed41f30859daeea032837fc0bd6e240132100b960a4d6344
model_outputs/CWA/seed_3299/fold_4/training_log.csv,2345,063ab22731f5fe1ac499907b0e91c931ffad27d122ad9427545137322454f2fb
model_outputs/CWA/seed_3299/fold_4/val_predictions.csv,1635,563f9428a790bb89624a1168c629e82793d2abdba3d03ba51e103542c463ca26
model_outputs/CWA/seed_3299/fold_4/zscore.json,529,002cf257fa5f04348c09f11b913d7df99bc934462ecdcf304e51ddad708e1da1
model_outputs/CWA/seed_3299/fold_5/best_model.pt,159221,46876fd90e4312b486a595674c7b11f04fdea55318b0dd1782846bc89de6b1eb
model_outputs/CWA/seed_3299/fold_5/metrics.json,638,cce23c4c3d4835e5fcd04c95bff193c6b325518bb0e6449449b832c2807c207b
model_outputs/CWA/seed_3299/fold_5/split_indices.json,3987,35725f03fbca385a16f75e0cdaaab874c94a8f34eda2c29ef2d8a13522e59de1
model_outputs/CWA/seed_3299/fold_5/test_predictions.csv,2252,7cce3aea456e5371ce4eac487d3fcec02c6f17261ab8d683dbdc654c73f1d021
model_outputs/CWA/seed_3299/fold_5/training_log.csv,2348,f6e54dafd5019cd54bcb71db50240e9367b5edf36357d8cf72fa996557a9e14a
model_outputs/CWA/seed_3299/fold_5/val_predictions.csv,1648,fe9037bac55c922ff7033b963f6773ff734a56d62a6225dd59a5a5d3e2029517
model_outputs/CWA/seed_3299/fold_5/zscore.json,531,58f9e74a8b5912297f787ed06eb3a6c6e205597c74168fcee4531f76b39388c3
model_outputs/CWA/seed_3489/fold_1/best_model.pt,159221,b9f5db066d466a5c01b5d0fddfe710f868168a86ede34950fa446f5bab37f64f
model_outputs/CWA/seed_3489/fold_1/metrics.json,638,c960121c553296e3d5e83b78f424b0bdf23fbd2e49028c2a2028c720c62da094
model_outputs/CWA/seed_3489/fold_1/split_indices.json,3987,961ba1151f311e7bd760fd5d84a96d2eaa28b69a4cac553524fe89833ea0940f
model_outputs/CWA/seed_3489/fold_1/test_predictions.csv,2330,37071a471c5fbc2077ebdf9acf048746c46599117b96a4fc12a6ea31e25d2f0c
model_outputs/CWA/seed_3489/fold_1/training_log.csv,2347,ad939c6e36faea334020f8dac2f4295036abfd528705e8d3237445b054aec243
model_outputs/CWA/seed_3489/fold_1/val_predictions.csv,1711,ebce9f1df1924c00ea974946f11ade7ab9e644078742f96d97b4b15d60d41138
model_outputs/CWA/seed_3489/fold_1/zscore.json,528,d73382a39c730973d3369be2c02b44f734ce80652a050a0e85853a0695192013
model_outputs/CWA/seed_3489/fold_2/best_model.pt,159221,29ae0de7e9d94cb428b85eb686e0361791852b0422ac76439c12753eba03ebd5
model_outputs/CWA/seed_3489/fold_2/metrics.json,651,aa74302134abc334010ae3ef4eda61d1dba50aac3cc2dc74869b6fa491153866
model_outputs/CWA/seed_3489/fold_2/split_indices.json,3987,41a2869053c3d3e2389ede47d60ad24611cde5f4eb24ba85c102f91ffc0a8352
model_outputs/CWA/seed_3489/fold_2/test_predictions.csv,2335,6d4044d3becce2d9e7a8d01e8921b08106ec90a7b120bbbbe0f5c476357fd6d0
model_outputs/CWA/seed_3489/fold_2/training_log.csv,2359,56100bc927edda0d9dead93d551cc1bb8ef0ffdb296fb9c964081f0c57926130
model_outputs/CWA/seed_3489/fold_2/val_predictions.csv,1654,5bd1015dbea117344b3062a6a555c1aa495e5825346b868934f4f23ee925e7c8
model_outputs/CWA/seed_3489/fold_2/zscore.json,527,b4d53db7d9a0a70ca1e20f72233277c672836151007ea996496f1c408bc7e490
model_outputs/CWA/seed_3489/fold_3/best_model.pt,159221,6d6f0fdd5d1485a7c01e301427e490747e792c7d46ca3be37a1e7772afb4b9e6
model_outputs/CWA/seed_3489/fold_3/metrics.json,632,8d1f6792987c9a67a15998f8632321d8ede04343f13ce51a85886d984109d709
model_outputs/CWA/seed_3489/fold_3/split_indices.json,3987,3dea85732e3b467cdfedd08c7ba2baba240408b0bb43dc9c066204a8cdf4b6c0
model_outputs/CWA/seed_3489/fold_3/test_predictions.csv,2258,f6306ef2254bf84bf1a36f87e173adf519f447827a73a10adeeb022f64cb46de
model_outputs/CWA/seed_3489/fold_3/training_log.csv,2350,c8249adf827934b1a068b1494b6f8607a509cc6e8f46713a7cdca1d11a8c42d5
model_outputs/CWA/seed_3489/fold_3/val_predictions.csv,1665,23840df4df31db274834e0029202ef6aef17e582b40b21ad0d562b9d2261084f
model_outputs/CWA/seed_3489/fold_3/zscore.json,531,ebba4db172c6dfcc2f531270eb024392e3ebd365711913ec884719fad290fb8f
model_outputs/CWA/seed_3489/fold_4/best_model.pt,159221,b945ad2e6fa2d83b71b543c202dc974e13608ce4ac45b589d34c70811b7f2578
model_outputs/CWA/seed_3489/fold_4/metrics.json,650,159bd9b97e10c9823b37cef3e3201675b0f52804871fb9aed6c67ce94c3e7acf
model_outputs/CWA/seed_3489/fold_4/split_indices.json,3987,66ea6edc2760ba26e38fe6d934e718be501419294e7e04ab0ce11b8e231254f7
model_outputs/CWA/seed_3489/fold_4/test_predictions.csv,2230,8fbb1e8a7f2c6093e6b96fa5337f8ed09b07a7cd00c96eec842c1c9b06c99dbb
model_outputs/CWA/seed_3489/fold_4/training_log.csv,2353,52dbfb18b56032c120fd61046b703bf81bba60b87ee533d0bc830597c7f27ac5
model_outputs/CWA/seed_3489/fold_4/val_predictions.csv,1664,71f1598219b9b7d01efb81bd85e80ee52596ee9967b42a86ac9975bb64ecbfaf
model_outputs/CWA/seed_3489/fold_4/zscore.json,526,26e1e35f2b859c69400621aa67ebe6231a1049db3c2ffd3d4aa43ec9754ac687
model_outputs/CWA/seed_3489/fold_5/best_model.pt,159221,8e3cc43e25eb31956ba0ee6527c6b054a1d37708706da519b41fac71e8832f2c
model_outputs/CWA/seed_3489/fold_5/metrics.json,654,de5b7ec12d59915f61833f4339e1e6e25ee7c57877a5bee686c0a840c4591458
model_outputs/CWA/seed_3489/fold_5/split_indices.json,3987,f475eddc1af200317c84655a97a6976169bdd1d036ef5988ecaf8ab2ba231538
model_outputs/CWA/seed_3489/fold_5/test_predictions.csv,2312,9d466537df2a98556beb40daf3db6d625fd582581d23fa9b03ab156132a7a4ac
model_outputs/CWA/seed_3489/fold_5/training_log.csv,2386,85e4ec8b7572a651972f9861c6a10b1dc5d0ca02e42e902bc801bd88bb1dffe1
model_outputs/CWA/seed_3489/fold_5/val_predictions.csv,1651,96480331fde5ad933c3a9579f45340605850fc5b8289e9b7674e0db1efa681e4
model_outputs/CWA/seed_3489/fold_5/zscore.json,525,775386318e5d8802a9073ee775cf01a41c6eb81d9b5b9c3b19c61ff2237f1899
model_outputs/CWA/seed_4065/fold_1/best_model.pt,159221,8e913bebfd8627c5801eedd89f0d43668f72da0cb6381dd8953546fd723c04e7
model_outputs/CWA/seed_4065/fold_1/metrics.json,653,28acbeecb84b34ba61a492c7f6c46c63f6ed1b4d2fa9a0a33b64c8922f2cc346
model_outputs/CWA/seed_4065/fold_1/split_indices.json,3987,df8e72bddfb1ae7f10772a8689ef8b614d8425b24ad195c589c8444cab737823
model_outputs/CWA/seed_4065/fold_1/test_predictions.csv,2320,233f88571f8c1d3a571c4b20fa1f00cbbb6b5fbef957debf19cd2b04fb141ccb
model_outputs/CWA/seed_4065/fold_1/training_log.csv,2348,783897cab6a1bf2765f8db3fbe663a3fdddae31726075f1bac585d2881f82921
model_outputs/CWA/seed_4065/fold_1/val_predictions.csv,1654,3a2c1da79f9586fe5a11cc041a5e02f86ecfea8f67f419e2fa3706d81a5e0d21
model_outputs/CWA/seed_4065/fold_1/zscore.json,529,b7cc2600ccdf8f53dbdc1d9062d72a18f111a3fed40e83066bef96614f371130
model_outputs/CWA/seed_4065/fold_2/best_model.pt,159221,050da2672e1d5933e87f83b02eba7d8939f8026c39f4655ec256fe30f54c8524
model_outputs/CWA/seed_4065/fold_2/metrics.json,638,0a42a26279f850735ac26a5e8dc62f66779d9b19085a04cb70fc4413c5aa88aa
model_outputs/CWA/seed_4065/fold_2/split_indices.json,3987,a65e6ffb0eef10aebf55d7082badfba3ef9aa47adc5c33c63e1586b1f9d05a09
model_outputs/CWA/seed_4065/fold_2/test_predictions.csv,2278,519372cc5bb1e2c32ce34fb0bbfeab706e6d64ed51fc9405a417c97b29654568
model_outputs/CWA/seed_4065/fold_2/training_log.csv,2349,f0dbdaeef8377cb30fce20dd9d46d228b1d1e62acc00fbe7e8aacfb5d9b8d296
model_outputs/CWA/seed_4065/fold_2/val_predictions.csv,1721,ed0db3e9803a3b8866d52ad4848d5646ac03c3f9a44386bcf75c14e887c80ce4
model_outputs/CWA/seed_4065/fold_2/zscore.json,530,0d6b5ea61eeec80dbe591147c24c07bbb833b475b25ffbbe74fa3d4e875ed521
model_outputs/CWA/seed_4065/fold_3/best_model.pt,159221,10a2fb057d5df80578fc8e69a04a2e13060fd20f0edec798a63db45a493f5b57
model_outputs/CWA/seed_4065/fold_3/metrics.json,623,ee485f1c09abb098f81fdc6c4d46252fd11e6bcea215d5ffa64aa2fcb26ca0af
model_outputs/CWA/seed_4065/fold_3/split_indices.json,3987,3d6e1173ec68e7068e5193dbb20e172d37b8e82c9612a19aa34ba6065a18a478
model_outputs/CWA/seed_4065/fold_3/test_predictions.csv,2329,d9fd4e63894f54e922ea195fb10446c266367b8a4cd7e22083661fb6de347489
model_outputs/CWA/seed_4065/fold_3/training_log.csv,2351,1778bb259a4f9cef007754c07322f1c83be958772f32bc280cf103fd6b2b1779
model_outputs/CWA/seed_4065/fold_3/val_predictions.csv,1715,aa77c0015ca42631fa0c5346b22bbe93331999b716213682f4bb043eca21f067
model_outputs/CWA/seed_4065/fold_3/zscore.json,525,4c81e87e3f527cb404db3ec18510a9080854416b81aa0f0d8e41ca24a2c2c053
model_outputs/CWA/seed_4065/fold_4/best_model.pt,159221,8c01bf608e16e9a69dfd96d0672e60998f12ed43970c1008409273e97d6560ba
model_outputs/CWA/seed_4065/fold_4/metrics.json,653,ccef138d558f989c539820dbc2f75a0bec7a250e849d2e51a739b6675c91b6cb
model_outputs/CWA/seed_4065/fold_4/split_indices.json,3987,643ecffefbaba0d84c93e5632a9afa0ca5f275c069de18b5a6f88c7fa7d52e1f
model_outputs/CWA/seed_4065/fold_4/test_predictions.csv,2204,2d7f168399e989c13641986d65bf64507e8145186a8a9a2ac3f9f8bf20d2f030
model_outputs/CWA/seed_4065/fold_4/training_log.csv,2343,ae9e6e258d8afbbd8c54cdfe0e1a42b58eaf01f5d7540bba54ce2167136ab73c
model_outputs/CWA/seed_4065/fold_4/val_predictions.csv,1701,71f06c3d84bee5811eb1d33f3f789ef562b360f293f94d577555e3ab795976f9
model_outputs/CWA/seed_4065/fold_4/zscore.json,526,7efb8313d2142740a434719adf32d38aefa0793fbb678c0908838772e7566611
model_outputs/CWA/seed_4065/fold_5/best_model.pt,159221,70ddb9ff44bcec0bd5a3c36f2c59ae4e16f8826404929628b10bec0b5e22bf70
model_outputs/CWA/seed_4065/fold_5/metrics.json,650,5d235a74f433b9c910c4ff20d98828c69dae2b282e5b486688cbabbb162cf25b
model_outputs/CWA/seed_4065/fold_5/split_indices.json,3987,d85f414b3f7deb31a6378e948be05495a32227cc4333e2d6122e1c216d6ac864
model_outputs/CWA/seed_4065/fold_5/test_predictions.csv,2346,f0f900538cd38c141438b5a8031307c710312969b7f78228dbcdaa17c07a8043
model_outputs/CWA/seed_4065/fold_5/training_log.csv,2353,0784a7511d898ea770466db82f20a10d317fab07029d9f0169a3d41774c2e3a4
model_outputs/CWA/seed_4065/fold_5/val_predictions.csv,1656,727919a27cda11a1b915d821c2957a063491414af9eebb6a4df5832e9027c4d8
model_outputs/CWA/seed_4065/fold_5/zscore.json,528,4fc3b092f1fcc645877606ea20358f796098880a6f700f76ddcf1e40e1cdb024
model_outputs/CWA/seed_5018/fold_1/best_model.pt,159221,83b9f2de1cdec69e0b9da06c5eaab54c698508b13b8839e606546fb7b78a51b7
model_outputs/CWA/seed_5018/fold_1/metrics.json,651,79f56220f94568bec959a813678f46e04866361a167537e64d60e925d065dfa3
model_outputs/CWA/seed_5018/fold_1/split_indices.json,3987,9d1bcbe2754a83bc1bbc7d8b0357d34ef11b71db24ac223d0e6f8ef955f7dadb
model_outputs/CWA/seed_5018/fold_1/test_predictions.csv,2327,183cce88b41622a7cbb7e0865efaf8e919a752a3dc63a614aa025488bdaaa289
model_outputs/CWA/seed_5018/fold_1/training_log.csv,2346,8632cead9245effa63ceaaf7784f8914d83a1d2fbf1bc4f5ac53a5d3a7a3e80f
model_outputs/CWA/seed_5018/fold_1/val_predictions.csv,1767,11e382b091fc43c2e489da69133cd6fe6a6f2f9bb8d1a7be073d8d4d631c5a65
model_outputs/CWA/seed_5018/fold_1/zscore.json,526,748519b462a6c3da24abad77f23689f28e0d501a8bc75a109d35226efefc2246
model_outputs/CWA/seed_5018/fold_2/best_model.pt,159221,00f18a3a717124dcd8497c88f2f5459791622229aa7b9523ba6ac092f6e56791
model_outputs/CWA/seed_5018/fold_2/metrics.json,654,667f3edc8cae82ab5e1d2976a87309b462ac748a1c2190b5586075dcb76c7d6a
model_outputs/CWA/seed_5018/fold_2/split_indices.json,3987,4159335120e5e7dff300e92191d866d883fb1038241f1ceef6f0a669f68ace51
model_outputs/CWA/seed_5018/fold_2/test_predictions.csv,2319,6c7700b788438031c3e3dc248605e562f1f3130b0df3f25a00a8a80c2cf6c08b
model_outputs/CWA/seed_5018/fold_2/training_log.csv,2347,7291a083f2fe10e2cc357ab4d37b1f735f3b4f1753519b2cba67680f94ab27db
model_outputs/CWA/seed_5018/fold_2/val_predictions.csv,1710,700e157ca57f1095911fa309fb8e8eda22dacb141f2347627a8287172a7af3b7
model_outputs/CWA/seed_5018/fold_2/zscore.json,527,976fc4a88643eab649732fc06650f869ff5a7101a72e3d269868f403f9900753
model_outputs/CWA/seed_5018/fold_3/best_model.pt,159221,a47ef0e7cbb9d2cff1b16a392538cee2aa2363d8bca8d676e94d9cbf8be06c86
model_outputs/CWA/seed_5018/fold_3/metrics.json,638,ed3d83adf6e0525510f1863bc00b3059b65b1765ce28eff10c990594b01fcb41
model_outputs/CWA/seed_5018/fold_3/split_indices.json,3987,09ae6dddef260b90554e3eb269390cba9cba11f786d2a490dca9f8e954563680
model_outputs/CWA/seed_5018/fold_3/test_predictions.csv,2352,c371b825bb49ed6d1248a8de40ef118eddfbdd8271cb62e5296ee9735c9f4b86
model_outputs/CWA/seed_5018/fold_3/training_log.csv,2352,baae54819aa5027370e0829bffa24663022db90c4d395a6c72f07613afbf354f
model_outputs/CWA/seed_5018/fold_3/val_predictions.csv,1720,95ca631cc5c709d8604c3dee091fdd6ea5e76012843658859dac09c63ef28770
model_outputs/CWA/seed_5018/fold_3/zscore.json,525,f552ce8e322d38cb2b23f003da2a69a085a13ae866d1e28c22f1ebd52fff2069
model_outputs/CWA/seed_5018/fold_4/best_model.pt,159221,a462266014da79628b5768a1e792c37a19228ca05e4edbe8078979e0245e7a15
model_outputs/CWA/seed_5018/fold_4/metrics.json,613,7f596850d8252d53adb68cbacf4cc1f13785997927d897c1e17914a72fe995fb
model_outputs/CWA/seed_5018/fold_4/split_indices.json,3987,12ba8f6b760718b1be2c93e7a10eea76284962202c3e752e3524cecf4c37e724
model_outputs/CWA/seed_5018/fold_4/test_predictions.csv,2276,f2cf569ae73ff6240f2d0be80d0f40277f4f221ee51e3cea769158737dc7a22b
model_outputs/CWA/seed_5018/fold_4/training_log.csv,2348,efd0b1930cb3573abf2099dc99664adfce8ae91ff5a26ea9cd6cfad93a1dc0c1
model_outputs/CWA/seed_5018/fold_4/val_predictions.csv,1709,ea1e908610ac415091c6c213f10fb5cdab1834271c34d0baf859d379e8dd9bde
model_outputs/CWA/seed_5018/fold_4/zscore.json,528,e9bc8ceedc7fa4890f34511abd2f5c52295e354d308d22369c3a860f636a66de
model_outputs/CWA/seed_5018/fold_5/best_model.pt,159221,a152a8885246fbda6b32d09e8329d17631d3e0fdb7d8599fd215774b29dab906
model_outputs/CWA/seed_5018/fold_5/metrics.json,650,03875d3d671ce19b6bbe951704d878702b669147db2cc4d1971696df77b7b6b1
model_outputs/CWA/seed_5018/fold_5/split_indices.json,3987,594c017f4e2ad9b44bbbfb721741b809b755821edc51d1ac6fb92bb9f7f9b4ea
model_outputs/CWA/seed_5018/fold_5/test_predictions.csv,2211,727fe883238ec934663435822e5f665d67cdcf04a81f6b8dbd48c89c97ceeb6a
model_outputs/CWA/seed_5018/fold_5/training_log.csv,2347,17773d21d854f2f5b104b46d8d3914f1f75e4703e93898b49a47c95602165ffb
model_outputs/CWA/seed_5018/fold_5/val_predictions.csv,1729,47a1b27a6fcaf2090af3168ab8f7ae054935e097f2aadf0e6edb64bf8c066729
model_outputs/CWA/seed_5018/fold_5/zscore.json,525,0a484a1a24e5a28d5d2d320a124982da7a6a4462388ff346b9536c370c710c0d
model_outputs/CWA/seed_5168/fold_1/best_model.pt,159221,a40877f4f8ce032bbf0ea1219447c5f4999d5fcbee4ca381537e3c38a7a6ca67
model_outputs/CWA/seed_5168/fold_1/metrics.json,654,907c80b6bbf662c7fa4b962d834f52f392ae30b9f1e5067504856097b5fbaa9f
model_outputs/CWA/seed_5168/fold_1/split_indices.json,3987,8efbd7ef543bcb74af4ed82c66e24cdd79c618144966d38d7b2463478298b583
model_outputs/CWA/seed_5168/fold_1/test_predictions.csv,2328,826878fe5a43bca9bca8e262c1793ea133b1353202dfa95fcc5a4feac6dd7701
model_outputs/CWA/seed_5168/fold_1/training_log.csv,2345,d639c72a3f6938343e2b0be43cbffb7c657385cac3e1469801a95de8a6c97cd9
model_outputs/CWA/seed_5168/fold_1/val_predictions.csv,1658,683e3a99af377c3b96d28603630b39719111596d3220bbe89825a137d9591b5e
model_outputs/CWA/seed_5168/fold_1/zscore.json,517,c56d6bf8fc1da0b7d4853374309d4579694a82d5c488bf5a80327b735ae23d95
model_outputs/CWA/seed_5168/fold_2/best_model.pt,159221,7a7fd586fbc34c882a439458bef1f715d9b195ac460b113e5d09d53a54662834
model_outputs/CWA/seed_5168/fold_2/metrics.json,639,b34852a1c4a595dfd87578d2846603ee6168b10f11c4a9b3ca66191d19cad4e4
model_outputs/CWA/seed_5168/fold_2/split_indices.json,3987,ddb08f53ad3004280245c3629e5e1327fe6aec1ea3cb248712b4ce065578b441
model_outputs/CWA/seed_5168/fold_2/test_predictions.csv,2273,1d8d118cffb558defb3d5bb6aa2726e8bba539ceb583be170e0616520afd879c
model_outputs/CWA/seed_5168/fold_2/training_log.csv,2352,75e64c96d7a93b0ab0790cd59bcc328780d791c804ca48c0656ac1b23e307695
model_outputs/CWA/seed_5168/fold_2/val_predictions.csv,1771,3f6cfd9fcc2633ba565c2a2ebac05251f344d4e44273f32c90d702439cf5d7c3
model_outputs/CWA/seed_5168/fold_2/zscore.json,525,f2235b470fed34bb92bc6027949f03aebda80d9572eba8fb8e7a0cb846914a5d
model_outputs/CWA/seed_5168/fold_3/best_model.pt,159221,fbb10fa166d075a7904e681004c26630d03aa5123e887512136699fce03f11a5
model_outputs/CWA/seed_5168/fold_3/metrics.json,652,d2f6ce15915d5ae12c2fbf41c226651b1ee4402a6608be2af3c446bb6ba20374
model_outputs/CWA/seed_5168/fold_3/split_indices.json,3987,2f5e9b0aafab606399586c04cffd30ee10526e8648f4c98d99c4f8c5cbd0e1c1
model_outputs/CWA/seed_5168/fold_3/test_predictions.csv,2325,d1ee14d246644ca980cbd1c01b49594c6489de82584f716c9c1d4fc013c17e84
model_outputs/CWA/seed_5168/fold_3/training_log.csv,2348,21deaa88f3803145da9ce8ac3b4ec167124cf5e960bff1a2696261e9a8996137
model_outputs/CWA/seed_5168/fold_3/val_predictions.csv,1701,836240ef425d4fe077ba638d317ba238b29938a31f003707efed9312fdac1e39
model_outputs/CWA/seed_5168/fold_3/zscore.json,525,2e503027b7a6e5837417ed727e525cdc2855db41ffeb1962657ff2d4f2d2e55c
model_outputs/CWA/seed_5168/fold_4/best_model.pt,159221,009373244edb1863c8f4133f6f9ba8a9b03d19347621e9560269e9bcc689113a
model_outputs/CWA/seed_5168/fold_4/metrics.json,651,b87165f35dc2a3172afc0f5d98c4753d57e60678fb45ca94256eda70baa6c548
model_outputs/CWA/seed_5168/fold_4/split_indices.json,3987,601856643c73b74eeba322e40404d30c1105c79b6b28d657393b4453e70fabbc
model_outputs/CWA/seed_5168/fold_4/test_predictions.csv,2208,54e9320f4dbdd5b860573bf5b58e1911a9819f3b61f5a4478eea259f4f82966c
model_outputs/CWA/seed_5168/fold_4/training_log.csv,2344,3eae5465d6ce43d3699580775ef0312cce1f9e75d5dc7752ad263c33bdaa11f2
model_outputs/CWA/seed_5168/fold_4/val_predictions.csv,1647,3b0ec8c7ca264db15b64979fe020e723ceb18892f87b37fc46bfd50aad23ae99
model_outputs/CWA/seed_5168/fold_4/zscore.json,528,0a6766af5a63a855bedc5f1b91b60b2d24c9fefb4406dfaafe31761fb7f19b90
model_outputs/CWA/seed_5168/fold_5/best_model.pt,159221,fdcc7073cf40212284542f57dd5d2fc76ede7c94605bf5860e9bf4e5ca444826
model_outputs/CWA/seed_5168/fold_5/metrics.json,652,5837a2dffbc7f3a00823eb5c56390f8583e8f2d4f3563cae921037871ffab36d
model_outputs/CWA/seed_5168/fold_5/split_indices.json,3987,c58ad505fafa5d9a94db76c4c9140bee2092dd8edb15cc60e7ac30603dbd6d93
model_outputs/CWA/seed_5168/fold_5/test_predictions.csv,2320,c7f401fb85aed446bc2093a91ccb0ecbbe919eb8f07d1a634653b7bb6bfbb35a
model_outputs/CWA/seed_5168/fold_5/training_log.csv,2352,ef3c0b927a37ab393432c1184fed70bdc6692cce922c220bc2bf850417ed73bc
model_outputs/CWA/seed_5168/fold_5/val_predictions.csv,1647,7bd1b28d2ed6ecfb731a8d48bb6fd5387ce65517abcd0dafae8aa43c9764db46
model_outputs/CWA/seed_5168/fold_5/zscore.json,524,84d711309db5c936d32d455979f1c2d88bda38c4aa7606fe9a8938c1e28cc655
model_outputs/CWA/seed_5319/fold_1/best_model.pt,159221,e386be1d2d1200380eb9116f853084ac193df56f21aee9cb911b6bf7fe0cd4ab
model_outputs/CWA/seed_5319/fold_1/metrics.json,637,d66b961beaba3a96d94b1465354ce558cc6e49242365313e53f8b659a94fa053
model_outputs/CWA/seed_5319/fold_1/split_indices.json,3987,c7259a115de40bd7c9471439d90f30f51b7c3a3b89672a06aca2e225793b22c3
model_outputs/CWA/seed_5319/fold_1/test_predictions.csv,2359,2d12960f219330a873e300de4008f504e9e4acda19613be9041e0a410080f75a
model_outputs/CWA/seed_5319/fold_1/training_log.csv,2344,aecbc5d2ed9552b03edd733824171eda95478db05728c20a725d5c0e86ed3d7e
model_outputs/CWA/seed_5319/fold_1/val_predictions.csv,1644,5775efa470a67eca242d69d1153b415191cb80f87b98b2b68e19f68b86c168bf
model_outputs/CWA/seed_5319/fold_1/zscore.json,527,55697db666ad7f070721cd2e2a38b82884f3be5c599b7f05e663a30c2db82ed6
model_outputs/CWA/seed_5319/fold_2/best_model.pt,159221,6943ee85e2f74976e4bec3153bac52633107b3e38bbadbb6e62fdd475f3714d3
model_outputs/CWA/seed_5319/fold_2/metrics.json,614,1cd2079464ee519a9083523ce8539de34e8fc37522b4d773819bac2d2f3597cc
model_outputs/CWA/seed_5319/fold_2/split_indices.json,3987,4a6635276f46fd5bfb3cfe403d11eaf3362cfe07f1e685b59f29164c84908959
model_outputs/CWA/seed_5319/fold_2/test_predictions.csv,2265,ae4dd6a84814aa6a02a4d1ac6367103b029390bb3e3a2dad210e278224b300c1
model_outputs/CWA/seed_5319/fold_2/training_log.csv,2347,75a1dcbc5d4dff8123e59edf25c9430c0b951d46096e8b210607ba1c8ea45443
model_outputs/CWA/seed_5319/fold_2/val_predictions.csv,1701,12d3af87da79ba1ac5ce2988ba5bbcdb583b69c87b347e7cc683093e3febe637
model_outputs/CWA/seed_5319/fold_2/zscore.json,526,3580665375165f2a1b4d2fdb4c849714bffc2cb38130bff96270275d100c829e
model_outputs/CWA/seed_5319/fold_3/best_model.pt,159221,3c3c1cbca0b59e63f66248c163e819b3c5925c06d6dbefcd2e746f1ec78e5443
model_outputs/CWA/seed_5319/fold_3/metrics.json,652,00c1fd8da6f40cc5cb726514b2e42580e8939262ed1f4a3b49ad38894975f6bc
model_outputs/CWA/seed_5319/fold_3/split_indices.json,3987,95fdd68e9b41cd31c522d216634be74a932067c95ccc3554385a47a23fea4cc4
model_outputs/CWA/seed_5319/fold_3/test_predictions.csv,2313,b98168bded3e25a87f1387ec5eaf4f9c8744211150660096ae10f8f9d0433ba2
model_outputs/CWA/seed_5319/fold_3/training_log.csv,2352,fe51ae257b485a2ebd686e3713ffc19d44802b159aa0faf29560e5f20f1ac280
model_outputs/CWA/seed_5319/fold_3/val_predictions.csv,1641,7977fc4623b8766a844fb2977c4ec0b43f6f72d6fbe077bc66bd9719a26dfbaa
model_outputs/CWA/seed_5319/fold_3/zscore.json,528,29a413d058b342f7a23467e52ab2a6f624b441182bf0eedc4cb2c0ce178e7fb9
model_outputs/CWA/seed_5319/fold_4/best_model.pt,159221,62612841ff3055788a34e3771517121fd6180e3d0f68d3dc004680d9082a1e95
model_outputs/CWA/seed_5319/fold_4/metrics.json,629,67c74182e4caf0f6df539343fd80855b04949db343b0bae564662ab46904782a
model_outputs/CWA/seed_5319/fold_4/split_indices.json,3987,d723e5f8a6805f0789323e10a167c60e6527911c229b8f21a44e5092b60b99ac
model_outputs/CWA/seed_5319/fold_4/test_predictions.csv,2259,b746a20ed5ae67802d8dfbe974d92bff5313e39583e1626e853dc57fc8b4e3a8
model_outputs/CWA/seed_5319/fold_4/training_log.csv,2351,3c2c985bcfe3352e51f29d32af7a011ec8ff1263b9d9d0d6bc49509876147ceb
model_outputs/CWA/seed_5319/fold_4/val_predictions.csv,1694,11eedfa2a40e81940ad1ee26382edfecb0268f24b9811f34fc548c1e6c2ef891
model_outputs/CWA/seed_5319/fold_4/zscore.json,524,3e4cd0c397adc60435b59e59cf927730d1287c7272e505fe22cafe05abc28ade
model_outputs/CWA/seed_5319/fold_5/best_model.pt,159221,d86a15b1e9e10a769f45bd357d93c83d6df036508ba74eef25fa5efe14b0053b
model_outputs/CWA/seed_5319/fold_5/metrics.json,652,6e6a9497fba08f00a2240f2df4bb5edc49f4b2b33d44d491c24e9b6b14a24fbd
model_outputs/CWA/seed_5319/fold_5/split_indices.json,3987,b1aa30b095e1453b0b3d0324cbe8a73fd4e39f5cca97b5826ae032afafd93bec
model_outputs/CWA/seed_5319/fold_5/test_predictions.csv,2228,75a00b6fcc9c28c92bb37cfc67c90da432f6359f699fa4059ee94124e534a44c
model_outputs/CWA/seed_5319/fold_5/training_log.csv,2349,5665e5eacf78b201c5839d1aff2335aa560c6a86a0536d51b41457f1f269f89d
model_outputs/CWA/seed_5319/fold_5/val_predictions.csv,1757,c5218d06b4d41d03c08150d1838bb495122237ff4d14f65f81b3b36d20b23487
model_outputs/CWA/seed_5319/fold_5/zscore.json,532,0c2eebdc5bf4dedf18696b6f81f336cd86ba94430629d77b6a103e48a24097b1
model_outputs/CWA/seed_6469/fold_1/best_model.pt,159221,568cdc77d684602392b8a8cd848b88cff22db35aaa482c4d5b15906e2621a5a2
model_outputs/CWA/seed_6469/fold_1/metrics.json,652,7f63fadeb6bd4c6957178be2b4cdd78ec04ced7d8279fa2e00d196651e412520
model_outputs/CWA/seed_6469/fold_1/split_indices.json,3987,fd26bf10c7c0cb090e8f0a78b20559090879f44c32fc75a9bd4e7e432230399d
model_outputs/CWA/seed_6469/fold_1/test_predictions.csv,2306,210c1b9470dceb28bc823d2bfe6903b77b2d502437b2f01111fa83c69797e845
model_outputs/CWA/seed_6469/fold_1/training_log.csv,2346,e7358c5f789366d1524ff9689c22ba26b1968d5f5631d52fef5d580db4bc14ae
model_outputs/CWA/seed_6469/fold_1/val_predictions.csv,1659,2167f17430ae835bed6e9977c2db3b829c3d6bfb4fbf5018c28738b6319d9226
model_outputs/CWA/seed_6469/fold_1/zscore.json,528,3fe0164cfe187beefd6f112c4871e99508e45267d32089cb317bed62c478d459
model_outputs/CWA/seed_6469/fold_2/best_model.pt,159221,80215b6f86168e5d6792911cec44db356772dc086240f3e9a17c02017e1724b8
model_outputs/CWA/seed_6469/fold_2/metrics.json,656,406f14e1aea7d516311c937c2bcc3edb70370e58fba6d87764a6ab06b27d5866
model_outputs/CWA/seed_6469/fold_2/split_indices.json,3987,ffaed35a2f695394fcfbb833b55d12d7a503b8e2c059372869600705f991075b
model_outputs/CWA/seed_6469/fold_2/test_predictions.csv,2303,cc0c8a7b1ecd1fb88f9400a0448a0199bee06d5f11e39b567d83cb1b56b1d8b1
model_outputs/CWA/seed_6469/fold_2/training_log.csv,2430,5ab1b6d1e2434bf627be90b90dc6913197f73653c251eb53a49cc5e6d7ab55d3
model_outputs/CWA/seed_6469/fold_2/val_predictions.csv,1697,eecaff65557b7c92f1ef9796fce192cd3803b4489899e3877db31de3ebc01f5a
model_outputs/CWA/seed_6469/fold_2/zscore.json,526,343674ad715c8249261316f1e352f636e471dedc6915c9a6d9dee821e09bbea2
model_outputs/CWA/seed_6469/fold_3/best_model.pt,159221,166c4179e0634b94f803360ed434d12dbf6d8ba6bfaf7646223fcedd7f5140bd
model_outputs/CWA/seed_6469/fold_3/metrics.json,652,9eef6c538fc8ca1483f59fc6c4417292d3b80012e210364ec0f09f6afb6f965a
model_outputs/CWA/seed_6469/fold_3/split_indices.json,3987,9d1a5d04daec9caff4dbbb35b554796c824513cb44cdd1943a837d47229b079a
model_outputs/CWA/seed_6469/fold_3/test_predictions.csv,2334,fb4bec9206373a0149817d3d840fa34294c3d1493d6cf3f6383fc59cc53f1084
model_outputs/CWA/seed_6469/fold_3/training_log.csv,2341,3bf3f694fd4ea0586a2e451a582e576fa2edb048c21bd9d7b7056b63da98555f
model_outputs/CWA/seed_6469/fold_3/val_predictions.csv,1676,ff66ba310c7c2611a7422a74797106977222d84679e09ca47bf8a1d5d3ef5672
model_outputs/CWA/seed_6469/fold_3/zscore.json,526,03ec88e17bef38517ca9196ef4d543e6e4cdf678d4f4b2ad3e03a2efab4e2aa5
model_outputs/CWA/seed_6469/fold_4/best_model.pt,159221,c7d1676ba4416c86429eb598520a4878fbdb1def2cc700310966530a7684fdc6
model_outputs/CWA/seed_6469/fold_4/metrics.json,651,fbc47071981f19f6543f72415363286306b3a9c0fb70bb78468333df6ff1c592
model_outputs/CWA/seed_6469/fold_4/split_indices.json,3987,d6d3d05823237bd3eea92f9f9043b928026fbdfadaa6b1ab5db183ff86d84dc5
model_outputs/CWA/seed_6469/fold_4/test_predictions.csv,2224,ff536e202c88417c6e622cc87417d0cd46563c4c1e97a706e952a8f05e50c02f
model_outputs/CWA/seed_6469/fold_4/training_log.csv,2350,90613a6ce935afea4492f3cfe814361fa1b154da1bb95f5d07a086e82e511d20
model_outputs/CWA/seed_6469/fold_4/val_predictions.csv,1703,95fd70701adb46f23a3d1e3ac2b93ae18ffe3d91f054f84d2f2a901779452908
model_outputs/CWA/seed_6469/fold_4/zscore.json,528,a4b7f78a500ebee0d3b04ef0b134ce6ae9d80f0af6b3b7795b28d7fb34010d17
model_outputs/CWA/seed_6469/fold_5/best_model.pt,159221,72c56a88df2d07dfeba619fea68ef45bbe98f5541c2b2ac1595b62fc43bb59a5
model_outputs/CWA/seed_6469/fold_5/metrics.json,624,9cdfa555b2c45dea21b6a088e03b7aa076d43ee43f24bcbf4db5ede05198b523
model_outputs/CWA/seed_6469/fold_5/split_indices.json,3987,9b263065c8009239d811af769d8b50890574ae045ce67dd0b776e678df8dd54f
model_outputs/CWA/seed_6469/fold_5/test_predictions.csv,2277,84c1f61d45798de70e5be3b306fdf41bc8af8a28afb88b9ab0179e2aff8da478
model_outputs/CWA/seed_6469/fold_5/training_log.csv,2349,46be08c6410b5b4cec691acf783163a76dec5b74c2726883bbde88ad4006b831
model_outputs/CWA/seed_6469/fold_5/val_predictions.csv,1659,1b2fec66c103c0ec12fd7816c8f2870fb4e2261df95315eb595659142892eaa8
model_outputs/CWA/seed_6469/fold_5/zscore.json,524,387eb398549d8fe4efe6fb174ca21db61894ff0ca44d14896d94677ea892f353
model_outputs/CWA/seed_9919/fold_1/best_model.pt,159221,512df8d937cf7052af86e402c0411080339d29e5f7272d4878009ed2ba4da613
model_outputs/CWA/seed_9919/fold_1/metrics.json,652,b2984ad7c9e943e35b52728493bae1aa0e95a1f9475725b1de0e8f78b6a8662e
model_outputs/CWA/seed_9919/fold_1/split_indices.json,3987,36447b3d46acec8576a3dc514bf00a9d592740d67df3af66e8e5d264d6971840
model_outputs/CWA/seed_9919/fold_1/test_predictions.csv,2330,0dbdffbe7958a91fb712858497c75a44e18932f8ea5551a71720235d42b73e96
model_outputs/CWA/seed_9919/fold_1/training_log.csv,2349,2e4564fb73c1aef2575a31ce973c4292529a191be58eea098c743c503426cc06
model_outputs/CWA/seed_9919/fold_1/val_predictions.csv,1715,b77dac83ae9d9ae1ca96b73affb69e1874c3f6d349a245d2a9ec7d207e499f3b
model_outputs/CWA/seed_9919/fold_1/zscore.json,522,cd5cfc069c64e9a07486627dbb9e59d45639183fb5dffe85eaf21e1cce9da08d
model_outputs/CWA/seed_9919/fold_2/best_model.pt,159221,2759621d2cc5697cfee0ec6e0098f2cfa4a41d601d0b529f3f414b023d241a9e
model_outputs/CWA/seed_9919/fold_2/metrics.json,630,1556c89bab1351ec598d4d8078910eae2c2e6d73baea7e1ef97f75a14f67131b
model_outputs/CWA/seed_9919/fold_2/split_indices.json,3987,fe7dfdf265692c83b7258eff91648a37d7622b7d760961d9e98fafaeda15f4c0
model_outputs/CWA/seed_9919/fold_2/test_predictions.csv,2260,6001bb4b762f6bd6f77ad73e906be46cc51898b744ea4e035d1f29cb655a5d12
model_outputs/CWA/seed_9919/fold_2/training_log.csv,2352,0b6f7c3d31ed65704db7833f52ebc0143f8b4335ea86c679d3f8407784192965
model_outputs/CWA/seed_9919/fold_2/val_predictions.csv,1763,fc0ab4d928afe591bbeb8c012e24153638c6a7134fe962c4d8ea1dc824ad8e9f
model_outputs/CWA/seed_9919/fold_2/zscore.json,528,1812021d3247e52157106b5e9bfeaf2136f51e7270eae20dedaa0ab11625296a
model_outputs/CWA/seed_9919/fold_3/best_model.pt,159221,29b3aa162e09c414bfbe389795217eb8c7ab0f570710907a648dcd31f5870e6b
model_outputs/CWA/seed_9919/fold_3/metrics.json,653,306b97a63b834fad39f1a6a6e065dfe45ea1b6067343208e3940d0e3bb11a214
model_outputs/CWA/seed_9919/fold_3/split_indices.json,3987,e22714ef8850a9db9859ddf230df6f4dcae54a781bf2078ecc35cbb2450e8724
model_outputs/CWA/seed_9919/fold_3/test_predictions.csv,2373,ea51693104a76aaaa3b49e5e63b3fca2216b2960c7fa7a21884e913d7e4aea2a
model_outputs/CWA/seed_9919/fold_3/training_log.csv,2352,39e196262f5abd9b5a829ecec2f98a5b47d900b2a8d5aa57727157bcb7401bf8
model_outputs/CWA/seed_9919/fold_3/val_predictions.csv,1714,ab61c4ffadaebf5ca8b4fb3f0716c43c6ee4fa2e4bd062f4f2d811c85388fa87
model_outputs/CWA/seed_9919/fold_3/zscore.json,525,d08f406f9d7e0f465948237cfd75b364c52bbfb5cbb06636156e89d61c18ac48
model_outputs/CWA/seed_9919/fold_4/best_model.pt,159221,9315566305d59ac4ffabd268eefb21efe392a8f88b57a3782794944c7717f7f4
model_outputs/CWA/seed_9919/fold_4/metrics.json,651,39bd259a98939b15fe48bc5bef905735e29bfb50bbcc212b269a1eeaab7b0483
model_outputs/CWA/seed_9919/fold_4/split_indices.json,3987,b93f7cdea57218b87fb3b249f30748ff294d6a862992417f91a90d199cc80a78
model_outputs/CWA/seed_9919/fold_4/test_predictions.csv,2225,91b66edde105c3eab7746227b9b130cea217e512840515191df8929670a47e50
model_outputs/CWA/seed_9919/fold_4/training_log.csv,2347,db765f680190380549ad46cf206f1e0166142cf450180fd1133bc6ab519f6ee4
model_outputs/CWA/seed_9919/fold_4/val_predictions.csv,1658,32527c1e3a37c3c2212ebe3634207b7a2f5d8174db3bc4d26a2abe0d4f0197cd
model_outputs/CWA/seed_9919/fold_4/zscore.json,523,84e0fd13acd619c82c78c90839122f8d0706797b4a8027b3f3a8f195d1e080dc
model_outputs/CWA/seed_9919/fold_5/best_model.pt,159221,038a4770f2103d145187439c2e27c62ce6cc5b676d2b5cdceef8cdb2fdc85521
model_outputs/CWA/seed_9919/fold_5/metrics.json,632,cc570280894437ee2722128cc880af2609a48c8a6804d022729ba2dc5a7e3830
model_outputs/CWA/seed_9919/fold_5/split_indices.json,3987,a1806c7f8aef77b40033e7f0513a5bc553e81e88f096da4a091c9c9e1379d517
model_outputs/CWA/seed_9919/fold_5/test_predictions.csv,2278,e15a316fc76f8f2e2a4a9c0d609e02881695d94cd01148e7cb70c2006901cc12
model_outputs/CWA/seed_9919/fold_5/training_log.csv,2349,42652a9211fdb98b324140c6e9cbfd691d739bd2ee829e02ce2fc24eeca751c0
model_outputs/CWA/seed_9919/fold_5/val_predictions.csv,1642,f5bc242ea70e942074c0399edf8973430c989084a35648b904d863cea777ab64
model_outputs/CWA/seed_9919/fold_5/zscore.json,530,171865856121fb004164547b8b66be8af93150e48fd9683a6db807679c856bea
model_outputs/ERA5_2xCoarse/seed_1497/fold_1/best_model.pt,159221,c19c96e4573d4e2d8e6f21b4851c6bd3ea11ad6dd4b5f710320e482017db80c1
model_outputs/ERA5_2xCoarse/seed_1497/fold_1/metrics.json,661,19fce5309b883b00c24a597aa1063226c43ff63578ac91b21a61151b26d5120b
model_outputs/ERA5_2xCoarse/seed_1497/fold_1/split_indices.json,3987,3ff8aa65202481decc540735eec0027db39ea395041a677651c758b989717e00
model_outputs/ERA5_2xCoarse/seed_1497/fold_1/test_predictions.csv,2334,9726357570c32fd0ae1bacda81b0fdb56fc151b8f86cb6c0605c208ef603f3cb
model_outputs/ERA5_2xCoarse/seed_1497/fold_1/training_log.csv,2394,0156c7cae6c542a1b0c153b96ebafdc88e825f8bbb411ba074d10e43afaf6c0c
model_outputs/ERA5_2xCoarse/seed_1497/fold_1/val_predictions.csv,1664,0ab117af643fa7e8c590777adaac2559172a4511bfc11ae7c7b4619c9d3b54f5
model_outputs/ERA5_2xCoarse/seed_1497/fold_1/zscore.json,518,5853109e581c9aff8ee6511b07968184f46e4268845583368e0db5dec3e1ed74
model_outputs/ERA5_2xCoarse/seed_1497/fold_2/best_model.pt,159221,319f40dd0eec6ce012803c6c7b877638bfedb1267139a76baedbc5d591e63cad
model_outputs/ERA5_2xCoarse/seed_1497/fold_2/metrics.json,662,1a96d93902e397e1d74a8741fbaeb8ed94d2c98f18d2fc26ac90703f8626a69d
model_outputs/ERA5_2xCoarse/seed_1497/fold_2/split_indices.json,3987,7000e8292947646dc0c14b4946b44f86df5bea1cb996d21752b85bc551cdcd0b
model_outputs/ERA5_2xCoarse/seed_1497/fold_2/test_predictions.csv,2311,495ffa49d2f23b76e582a7c11e3baf81b33a7b8131fdfa3da9bf0c4c111235aa
model_outputs/ERA5_2xCoarse/seed_1497/fold_2/training_log.csv,2392,aa6c5d6b63d81a0b27909fc88c95505bd98ecdc82d05905dab6d431232110c19
model_outputs/ERA5_2xCoarse/seed_1497/fold_2/val_predictions.csv,1642,c9815ccac2de874ce36a2791f5f7ae1166179bf07d064e6f3641b452ceee34d4
model_outputs/ERA5_2xCoarse/seed_1497/fold_2/zscore.json,524,d94a378d974680f6a2b9307849b55d9963270597b9f458ffab81e5a4e598d831
model_outputs/ERA5_2xCoarse/seed_1497/fold_3/best_model.pt,159221,d2b35d99162fa0eeb4877d5848238656d929bb694a1585b8109e5c034b7bc0e1
model_outputs/ERA5_2xCoarse/seed_1497/fold_3/metrics.json,647,01d679f371e0ab408007f8ff814b056c4b7b6ffd42e5e134d0e1827d5b0c4fa3
model_outputs/ERA5_2xCoarse/seed_1497/fold_3/split_indices.json,3987,bd275371fd56ec97daff2ebe1f9a2fe8e87b8e44cdb99078ba9e350584be8fae
model_outputs/ERA5_2xCoarse/seed_1497/fold_3/test_predictions.csv,2329,ed298423038d630578ff07ad24b23098240d821834c6b45f0c959b40440a863e
model_outputs/ERA5_2xCoarse/seed_1497/fold_3/training_log.csv,2392,caf87aa6a963dad6321c7a1a7a909aef52bdf896343e1f7e3de4c5464327f267
model_outputs/ERA5_2xCoarse/seed_1497/fold_3/val_predictions.csv,1703,a89f013632db9848afc3cf170c1b95881c5ac869614209de6c2c4aeba9c5dfa7
model_outputs/ERA5_2xCoarse/seed_1497/fold_3/zscore.json,527,6512d1ba71ea7fa8f1c6a7fa5e06593686b755158c0702fee6f5886640d69171
model_outputs/ERA5_2xCoarse/seed_1497/fold_4/best_model.pt,159221,e5b54fd35edcf63928502eb1a9610fb51119ca3cbbd2d8da05e4a3997b00c09e
model_outputs/ERA5_2xCoarse/seed_1497/fold_4/metrics.json,662,c869b325b481046baefbc5cad7d38c4613f92ba522f2204f15ab9f155f516c18
model_outputs/ERA5_2xCoarse/seed_1497/fold_4/split_indices.json,3987,9fbe51ed4e0f7ac3dd2744f78d647c282708f8e0151d8e262f9fdd79ad48d765
model_outputs/ERA5_2xCoarse/seed_1497/fold_4/test_predictions.csv,2205,42993a71513b9cd92fce3f031c355adbf9e911b0a774f37cae1b3d12daacfa66
model_outputs/ERA5_2xCoarse/seed_1497/fold_4/training_log.csv,2396,d559a98d77f5956510afb53b6526700cb8dd90a579f772635c8d7efb5c57b73f
model_outputs/ERA5_2xCoarse/seed_1497/fold_4/val_predictions.csv,1711,11a083ad7503570939df75dd0d1754f5b7675c51421dd2641f49f080cd4b7bcf
model_outputs/ERA5_2xCoarse/seed_1497/fold_4/zscore.json,523,95ffdc967589166b92caadb3564429fcdd1649846be2842210f25fa7c7251fd8
model_outputs/ERA5_2xCoarse/seed_1497/fold_5/best_model.pt,159221,84f113f080d6a1b64b1ef9daf67c95aaf33b2c0cc013005fb082828d412fd8e0
model_outputs/ERA5_2xCoarse/seed_1497/fold_5/metrics.json,620,85706c6671077595a263df0fc9a2ada4307adb84ed846ace8a9f0de85330a8bd
model_outputs/ERA5_2xCoarse/seed_1497/fold_5/split_indices.json,3987,ebbba3a47a5c89e3a16f6836e286efcea0fe0a8f0ea42333d021fc32ed2d3aae
model_outputs/ERA5_2xCoarse/seed_1497/fold_5/test_predictions.csv,2275,b82464c4c0d4257c90dcb2e380348427566d13954c35db368b38f1f9a50acd2f
model_outputs/ERA5_2xCoarse/seed_1497/fold_5/training_log.csv,2385,e49b555d6cdb4874abfea9c176e06aee28763333bc99b1130cdbd30a9ddc78e7
model_outputs/ERA5_2xCoarse/seed_1497/fold_5/val_predictions.csv,1698,a381aefb49fb23e0686c1f02f45f553cf24f13f5a410e013d54e256432d4f0a4
model_outputs/ERA5_2xCoarse/seed_1497/fold_5/zscore.json,528,b416ef50fc51a2015e7c0201d412905d1cb4de8cfc3fe789b4c6e28c376ae5df
model_outputs/ERA5_2xCoarse/seed_174/fold_1/best_model.pt,159221,aa50ecd3abc9e7e3f5bd11acb6a3cd29b5221821cc65d05d5929c2af9fad6081
model_outputs/ERA5_2xCoarse/seed_174/fold_1/metrics.json,663,3d77be68c47cb49a9b0ce56c6cd27e84c258db8cfb39c2851337aa9aecadf193
model_outputs/ERA5_2xCoarse/seed_174/fold_1/split_indices.json,3987,1db8e88fae425201daaa0277f0710340ce14746bce6467df02669d10e129799a
model_outputs/ERA5_2xCoarse/seed_174/fold_1/test_predictions.csv,2338,825899868a29d80d776adedba5c31a3395f6f04973354af80fe03ea78e3ae7f6
model_outputs/ERA5_2xCoarse/seed_174/fold_1/training_log.csv,2407,8e089072d66cd53b80938266201de20a3e5fe2df1edd64e9682f938ce0c8fb87
model_outputs/ERA5_2xCoarse/seed_174/fold_1/val_predictions.csv,1664,972ad39380519978e2805a01cfa1906ffdf7d6c6666b20e6774cca76f29ce1d6
model_outputs/ERA5_2xCoarse/seed_174/fold_1/zscore.json,523,55d47c675f1c9ab45a85bd5dd0ff99eac845cf5356a69bdf361dc5cb1981747b
model_outputs/ERA5_2xCoarse/seed_174/fold_2/best_model.pt,159221,d338dd7b302cf3b00998905976bb4d33424af8e4bae3b3aace8b6af9f7dd58c0
model_outputs/ERA5_2xCoarse/seed_174/fold_2/metrics.json,660,f5e743b31a938b33337ce134efd75819c362f09c5073bf09097c0131a65f2008
model_outputs/ERA5_2xCoarse/seed_174/fold_2/split_indices.json,3987,0b5dd4a490078f41f5cfce827ecddc6ffdf34e7ba325804b2d9850845cd48002
model_outputs/ERA5_2xCoarse/seed_174/fold_2/test_predictions.csv,2339,cd7480aa041363d593d663837f217ffb3260375664fb1ebff3f11862704cd4e1
model_outputs/ERA5_2xCoarse/seed_174/fold_2/training_log.csv,2406,aff881999ebb55d9d147196750bc0dbd7d5e7fef89667899fc1aa6b17028032b
model_outputs/ERA5_2xCoarse/seed_174/fold_2/val_predictions.csv,1653,8fa695bb2594c0c3cc2069d6a0cab114abf8e4e6c154f23fca9698d9b1eaef8f
model_outputs/ERA5_2xCoarse/seed_174/fold_2/zscore.json,518,59cbe425ccdb8025c4bc0147f062f9535dc93229fda7758833800b879eced273
model_outputs/ERA5_2xCoarse/seed_174/fold_3/best_model.pt,159221,573152132febe73c9cc4a61637f1732094fa6e08e048660a27451d5f3f912622
model_outputs/ERA5_2xCoarse/seed_174/fold_3/metrics.json,665,d81d6ce1bebc4d77995f44d7b5cb6eff9b3042c744a2636b62866e5f89e2fe89
model_outputs/ERA5_2xCoarse/seed_174/fold_3/split_indices.json,3987,c4f6014139ea87159a5fdb169a4db5f3255a96814f9903e232a9643e1e983249
model_outputs/ERA5_2xCoarse/seed_174/fold_3/test_predictions.csv,2373,a3ac6d8a1fcab0807712c3349001d71aabe074989904c83302aa57101823e67a
model_outputs/ERA5_2xCoarse/seed_174/fold_3/training_log.csv,2389,13eda65ab9347940b34efd999dacec35f3920e6142dec19fe210861ea0bddf38
model_outputs/ERA5_2xCoarse/seed_174/fold_3/val_predictions.csv,1659,fe8cb877767ec0d482b1e938d151d83332edb352bee65f337628c23dc939d1cf
model_outputs/ERA5_2xCoarse/seed_174/fold_3/zscore.json,530,416c8860662aa043d89dd288c70b1636d7b46947ad328486b165f01c78c7cb1e
model_outputs/ERA5_2xCoarse/seed_174/fold_4/best_model.pt,159221,31f1d2227df49f4e56a770107834c5ddf009ee051baa390bc21d3e3777a4eea8
model_outputs/ERA5_2xCoarse/seed_174/fold_4/metrics.json,660,22497c16e41c8492128ed937f28e5eb50f31fa827219e87d540e950984e1f324
model_outputs/ERA5_2xCoarse/seed_174/fold_4/split_indices.json,3987,1f0df9cd57da0590eda65f8457d486ad78c9b97992a51d8a02f96d03e99f9141
model_outputs/ERA5_2xCoarse/seed_174/fold_4/test_predictions.csv,2229,b64c1fef57e37801ae2a301b46c0dc3e411d71dcbfe8f5a39405978639229d05
model_outputs/ERA5_2xCoarse/seed_174/fold_4/training_log.csv,2391,3cffd2e95b363259b9b50918b59b813291d28e7a35e42fa057f5e6f1b5ae99d3
model_outputs/ERA5_2xCoarse/seed_174/fold_4/val_predictions.csv,1654,f73dcc785d55f1a234b9896ecc220c7fb58f085c422bbc2fa4242c2362ed6c34
model_outputs/ERA5_2xCoarse/seed_174/fold_4/zscore.json,518,7c93f0dd8f999ad9e75409577a4fd471d7c860290eea73c42b193b1d3b461fbd
model_outputs/ERA5_2xCoarse/seed_174/fold_5/best_model.pt,159221,0e67f16653a2081087e336db4ac8da7f44fe1ff8f48c40906469158b229b9f0a
model_outputs/ERA5_2xCoarse/seed_174/fold_5/metrics.json,665,b586c3ef13c1dee18968f4a2f6c43a7ad5447496230c329d11da45c3d9e47b14
model_outputs/ERA5_2xCoarse/seed_174/fold_5/split_indices.json,3987,cdb175eda78772f1dd7f1f4b9c47cdd100e018c190f5540d531c8385da9492f5
model_outputs/ERA5_2xCoarse/seed_174/fold_5/test_predictions.csv,2233,e2147c32c281bddd87c2adc86173daf14baacff9f2dcc78c50a34093dc429c3b
model_outputs/ERA5_2xCoarse/seed_174/fold_5/training_log.csv,2409,104dcc17298112b4ffbfb6a32baf6282cedd5abcd0039baa2efda4cca38b0656
model_outputs/ERA5_2xCoarse/seed_174/fold_5/val_predictions.csv,1677,2aadf344e949b23e47cf2ebf86e32729ae08c45e34bdec67bf767076f70d8f05
model_outputs/ERA5_2xCoarse/seed_174/fold_5/zscore.json,521,e4b934113477e3cfadaa3089a41dfd9b6972757702880924dfc393193c01096f
model_outputs/ERA5_2xCoarse/seed_3299/fold_1/best_model.pt,159221,da2c1704e394b167dfa19183d8887ec94a2f284dd4549f1a66ed12056add5774
model_outputs/ERA5_2xCoarse/seed_3299/fold_1/metrics.json,640,5e1084a08dd2f61e0290c75429787c78bc98d6c4e9aa6033e70ec23356b46026
model_outputs/ERA5_2xCoarse/seed_3299/fold_1/split_indices.json,3987,14176b18227d64146b97b7d9dd5cad13cb5a1f170dc55692d537f6e82d8a028a
model_outputs/ERA5_2xCoarse/seed_3299/fold_1/test_predictions.csv,2269,6afa92137970147782bd29d47627ace2c9752584bcc9d9570627ec80d17adb6f
model_outputs/ERA5_2xCoarse/seed_3299/fold_1/training_log.csv,2393,20c009a6fd52a8a38e2388f34072e501c5df7cee24c6d667bd5bc734273fe419
model_outputs/ERA5_2xCoarse/seed_3299/fold_1/val_predictions.csv,1654,2e6596be2a89aa9983f498f48208ddd384d77069b2b43aee421e10914aa3897f
model_outputs/ERA5_2xCoarse/seed_3299/fold_1/zscore.json,523,a30642ca2fa5c8a8047516b3cc5cc8b3604d9a8528c5b568efc5d05aa0d80d59
model_outputs/ERA5_2xCoarse/seed_3299/fold_2/best_model.pt,159221,f415dc3a6d55d28b1067d3e9cc3139591c94710388614ddcb0772c7b34f838d2
model_outputs/ERA5_2xCoarse/seed_3299/fold_2/metrics.json,662,52ea379a5898fd15eb63be8f4027d3962d1a54729d29b6c35e8f0f37d61d7d6c
model_outputs/ERA5_2xCoarse/seed_3299/fold_2/split_indices.json,3987,f81cd643ff544935c33464f1a6855c6999c951795a51ff5ef6b017592352fba1
model_outputs/ERA5_2xCoarse/seed_3299/fold_2/test_predictions.csv,2394,55111fe4aae1704905e8f0f88d6fd0cabef40905a625d92e3c47c7b88f2ae44d
model_outputs/ERA5_2xCoarse/seed_3299/fold_2/training_log.csv,2402,2cc55db97a2374d769bc4f01706ba05c33dea5dc7c57182d3adeeff6cb1fbb2d
model_outputs/ERA5_2xCoarse/seed_3299/fold_2/val_predictions.csv,1713,de43f5289dc5f7b34e4189b29c3c0865c4708bb14dc0097f6d3b490de09445ba
model_outputs/ERA5_2xCoarse/seed_3299/fold_2/zscore.json,524,547522d9fc2254150f9be2c23a1999c8ed35b585825c839388964f3b25f8baf1
model_outputs/ERA5_2xCoarse/seed_3299/fold_3/best_model.pt,159221,b95e2de7d03f4499e9392f784dbdb20b4f12d2d9e914adab17cebb30b26f63b1
model_outputs/ERA5_2xCoarse/seed_3299/fold_3/metrics.json,664,6e34d34af80f056e2c1143569ec3643b123cce7c57e4a5b8f7ca4ac32621ccc0
model_outputs/ERA5_2xCoarse/seed_3299/fold_3/split_indices.json,3987,f8b10d4234f688863b710ae0746473d402740f8c5070a7bdce12ecfccda7f3a2
model_outputs/ERA5_2xCoarse/seed_3299/fold_3/test_predictions.csv,2320,dadae330146b4613ad7a26416823879511636e1de2e04d28bcef69946ab8d5fb
model_outputs/ERA5_2xCoarse/seed_3299/fold_3/training_log.csv,2393,f3a161f1c73af1ea728969675e1fa1224bf197e8509a53474d5a07f20b112d2c
model_outputs/ERA5_2xCoarse/seed_3299/fold_3/val_predictions.csv,1653,f2586a81de315fd0b6396bf018de8aa9e96b3d635fec767fedb043b8f02345cf
model_outputs/ERA5_2xCoarse/seed_3299/fold_3/zscore.json,524,8713970ff667bb008de7d71922601fab836095da92a491058281c9f7a51582b3
model_outputs/ERA5_2xCoarse/seed_3299/fold_4/best_model.pt,159221,ebd0d3200748de0960e9727a13c79e76072a8b549fe35f0f53bd00bac22d1f95
model_outputs/ERA5_2xCoarse/seed_3299/fold_4/metrics.json,663,2a878551d8544b66fe2c35fcd2ae09c7a37cb1663e5d33444caa8b539a64fcfc
model_outputs/ERA5_2xCoarse/seed_3299/fold_4/split_indices.json,3987,8c8887809225607974feb0fcefae1a72ccac7cfe69886188e121ae3d2c0dce43
model_outputs/ERA5_2xCoarse/seed_3299/fold_4/test_predictions.csv,2218,42bd1311627869a88d6fd8bd9ed9df1c8954f32af1385681f19a61688d84ece5
model_outputs/ERA5_2xCoarse/seed_3299/fold_4/training_log.csv,2389,841892d59da9d6f8cb4130b0023219c84cf7adbab7563b03d011d813cd3c9bda
model_outputs/ERA5_2xCoarse/seed_3299/fold_4/val_predictions.csv,1640,dda63604c6812618380652921ea31c94fdef88268905f67f6f1ca08f87f62ac8
model_outputs/ERA5_2xCoarse/seed_3299/fold_4/zscore.json,519,31010f03b6d4788a643a2f7f433130a61e82c4833d048c5321b29cab7ca7ee43
model_outputs/ERA5_2xCoarse/seed_3299/fold_5/best_model.pt,159221,55d53fc6bbe0cd932a7ce5bf70bc227e15681233a64ae70b317565c172cce28d
model_outputs/ERA5_2xCoarse/seed_3299/fold_5/metrics.json,620,468517fad456bdfdd4fed21286c764dd2b042fa56e17a65029769a524fb3e1ea
model_outputs/ERA5_2xCoarse/seed_3299/fold_5/split_indices.json,3987,35725f03fbca385a16f75e0cdaaab874c94a8f34eda2c29ef2d8a13522e59de1
model_outputs/ERA5_2xCoarse/seed_3299/fold_5/test_predictions.csv,2293,580ceab935df365c32cba99017932176454dc85ebe9b52b92c40cc535c80f74d
model_outputs/ERA5_2xCoarse/seed_3299/fold_5/training_log.csv,2393,ac59ecf699130383e883e1262fe2bc973f00b45bbec8d33a4e458621787a48cd
model_outputs/ERA5_2xCoarse/seed_3299/fold_5/val_predictions.csv,1666,dfdfecbf9ecbb590b361a28165ec43e358c1835768ce2cd20ec8bf642da83320
model_outputs/ERA5_2xCoarse/seed_3299/fold_5/zscore.json,520,aca02fa43b96bc7ef0a12d1a9609cb781e32f7fd2c31a2eb4a39ba6e27e66d9e
model_outputs/ERA5_2xCoarse/seed_3489/fold_1/best_model.pt,159221,d9332cf1596f2eaa8ed9f821c2fa7de16055164fa1460de8a83c4a7e463998f5
model_outputs/ERA5_2xCoarse/seed_3489/fold_1/metrics.json,649,fc85a5159c0f6258530afbe4dea4041da47321cc27ed2db440c986e94b3222ee
model_outputs/ERA5_2xCoarse/seed_3489/fold_1/split_indices.json,3987,961ba1151f311e7bd760fd5d84a96d2eaa28b69a4cac553524fe89833ea0940f
model_outputs/ERA5_2xCoarse/seed_3489/fold_1/test_predictions.csv,2321,16458a6604b30e2c958b20226df1b19c60cac9f99c25965a79f7b186755fcad8
model_outputs/ERA5_2xCoarse/seed_3489/fold_1/training_log.csv,2385,d6fc4d402f8cf585565c90ed086d5301413075e6dc54f4b874f3062a701ced52
model_outputs/ERA5_2xCoarse/seed_3489/fold_1/val_predictions.csv,1700,d8d62f46a5eec9821764aa8fccf578eef75da1a97dd76bf8613cc03d427b29d9
model_outputs/ERA5_2xCoarse/seed_3489/fold_1/zscore.json,529,3a81596c9c236b35b6eb2d5e7cf7083e71dd0ff294eabc90a6af3d1126675dce
model_outputs/ERA5_2xCoarse/seed_3489/fold_2/best_model.pt,159221,1f71205a1ff658bf8f5a4e68dec1f0963497f3d5e733cca0f3a48146586e9c87
model_outputs/ERA5_2xCoarse/seed_3489/fold_2/metrics.json,664,520fee070699bd6b88817bc2ddcb6affe74a3a9b198cd1c93a82948bd9a7970e
model_outputs/ERA5_2xCoarse/seed_3489/fold_2/split_indices.json,3987,41a2869053c3d3e2389ede47d60ad24611cde5f4eb24ba85c102f91ffc0a8352
model_outputs/ERA5_2xCoarse/seed_3489/fold_2/test_predictions.csv,2354,1ac6282eae59e5913d4b98e897619c357ca0a22dec0ac93406525ed315dc3fe4
model_outputs/ERA5_2xCoarse/seed_3489/fold_2/training_log.csv,2399,db180d6c5ba14ba9eb3717149dbb937d29a35b382a08ca871f1d7cb006dfd641
model_outputs/ERA5_2xCoarse/seed_3489/fold_2/val_predictions.csv,1680,d306d5d2d7ff9986e9976f8105b8f94c97578401acfd01eed6bded25a334bc67
model_outputs/ERA5_2xCoarse/seed_3489/fold_2/zscore.json,525,0394ccf816c47a2b08a0ecd3be5f526ba060bdb5e822c969b475d14326da7ada
model_outputs/ERA5_2xCoarse/seed_3489/fold_3/best_model.pt,159221,a36b535e9f2578aecf013f7e48ca8d566eb9e03808233ce776320648c3093c98
model_outputs/ERA5_2xCoarse/seed_3489/fold_3/metrics.json,648,925c2e286b4e22c930d4afd6574b268f19490690406c0b32ea89f77065056f4c
model_outputs/ERA5_2xCoarse/seed_3489/fold_3/split_indices.json,3987,3dea85732e3b467cdfedd08c7ba2baba240408b0bb43dc9c066204a8cdf4b6c0
model_outputs/ERA5_2xCoarse/seed_3489/fold_3/test_predictions.csv,2260,75cb4f64421f3f308a119df9206d287bfc29e7ee2f22b02300beb3b6c00d3813
model_outputs/ERA5_2xCoarse/seed_3489/fold_3/training_log.csv,2391,16fed67844c86c5af46f1aee6bed63cf2a8047b8dcd6668955498beb59fbcced
model_outputs/ERA5_2xCoarse/seed_3489/fold_3/val_predictions.csv,1658,2debc273883f88ba9c0e9f12075d5e707b544f719e8cca9564117e15443335bb
model_outputs/ERA5_2xCoarse/seed_3489/fold_3/zscore.json,526,9fa0833a57a2c30ef13507e83c4e68bd2bb7342e3c5aff8cc73466780f772a0f
model_outputs/ERA5_2xCoarse/seed_3489/fold_4/best_model.pt,159221,8c4cd222e8e7e11389ea165e11d21e5190a3acc7d03eb48073e29ce49af89341
model_outputs/ERA5_2xCoarse/seed_3489/fold_4/metrics.json,662,3b03ee43c0c829bb2e249f4174ac5a511f6c37ff7bf3cbf682ce25ff687c8f7e
model_outputs/ERA5_2xCoarse/seed_3489/fold_4/split_indices.json,3987,66ea6edc2760ba26e38fe6d934e718be501419294e7e04ab0ce11b8e231254f7
model_outputs/ERA5_2xCoarse/seed_3489/fold_4/test_predictions.csv,2233,7bdb9f853edf72ce6a423d97f9b86cca9d58e7d3140de05c382ca61d548784bd
model_outputs/ERA5_2xCoarse/seed_3489/fold_4/training_log.csv,2411,c66f947f8e4513d501dd86ce50664c4d5c77d5a14ef97856f577159aa2a7c188
model_outputs/ERA5_2xCoarse/seed_3489/fold_4/val_predictions.csv,1664,2622885f1a9f7896bcd502965358b1dfcd7ae0d6c635a6df70dd0b9fa78b491c
model_outputs/ERA5_2xCoarse/seed_3489/fold_4/zscore.json,524,48b24dca6304a6c301db94a0ad5332a396d51e8c607a13019a173e5cd4a5721b
model_outputs/ERA5_2xCoarse/seed_3489/fold_5/best_model.pt,159221,e87241a52690c18ba8430d4e56c9f7030729d3f2d0c7cc20d066be8ee120bc90
model_outputs/ERA5_2xCoarse/seed_3489/fold_5/metrics.json,663,c14c6d79d6f0f28889c6a8c74d4b306fb1ba3dadaf8ad1b48f0a8088b7ee3a9b
model_outputs/ERA5_2xCoarse/seed_3489/fold_5/split_indices.json,3987,f475eddc1af200317c84655a97a6976169bdd1d036ef5988ecaf8ab2ba231538
model_outputs/ERA5_2xCoarse/seed_3489/fold_5/test_predictions.csv,2321,89a7990fb629f35eb8858bd0e10ee8c2d134240a4a3c382a13c54ed23904f7e3
model_outputs/ERA5_2xCoarse/seed_3489/fold_5/training_log.csv,2388,f8be789c640bbd80b9e66db2e47676405b18b9d3c56bf37291813f59255cad0d
model_outputs/ERA5_2xCoarse/seed_3489/fold_5/val_predictions.csv,1643,bd864a3e7b8eafc6365d3077d99974aeac5635c2e8c3deeb43dbcffd73481f76
model_outputs/ERA5_2xCoarse/seed_3489/fold_5/zscore.json,521,8c2c244d75a7d3c2cbae9250217329cc3cd41cf8422e686af2a791326fcf2860
model_outputs/ERA5_2xCoarse/seed_4065/fold_1/best_model.pt,159221,291ba3657f89d1fbdf3b4d3407a96ec23912aaf01c86d38f9657ca1a83b418c0
model_outputs/ERA5_2xCoarse/seed_4065/fold_1/metrics.json,661,a63646488c05c1331ab0ec86c7a43f98af92465e5812643f7a32b58fa98d208a
model_outputs/ERA5_2xCoarse/seed_4065/fold_1/split_indices.json,3987,df8e72bddfb1ae7f10772a8689ef8b614d8425b24ad195c589c8444cab737823
model_outputs/ERA5_2xCoarse/seed_4065/fold_1/test_predictions.csv,2362,e7a08a46ffbb1a2413d993473bcc3313c8da3912c0c15697a1eb3ce6a565bb32
model_outputs/ERA5_2xCoarse/seed_4065/fold_1/training_log.csv,2384,4f728e91d0b5850b5595c32df6ba2d33b13342312cc551808379766bb605be27
model_outputs/ERA5_2xCoarse/seed_4065/fold_1/val_predictions.csv,1674,73861e72e46d8ed9537ddcd4b4602818c82e780fb701d9a3389e4311390cf656
model_outputs/ERA5_2xCoarse/seed_4065/fold_1/zscore.json,524,51c2ddd5a498da4758f686c6e028eae65e88e2c08963aae8163dd27dabcf04c1
model_outputs/ERA5_2xCoarse/seed_4065/fold_2/best_model.pt,159221,b3a81a617c3f8fd4e49666a4289a93efb41cc0dd1cc900003c23c8530d508caf
model_outputs/ERA5_2xCoarse/seed_4065/fold_2/metrics.json,639,7398af0f96654087f42081e21599a260fd8b70afe34b2b6849e9173224aa2991
model_outputs/ERA5_2xCoarse/seed_4065/fold_2/split_indices.json,3987,a65e6ffb0eef10aebf55d7082badfba3ef9aa47adc5c33c63e1586b1f9d05a09
model_outputs/ERA5_2xCoarse/seed_4065/fold_2/test_predictions.csv,2264,16f2dd3fb5e5ff7e74cb438715f5c1673effd9bf3faf1bf037cbaa3a982c84a9
model_outputs/ERA5_2xCoarse/seed_4065/fold_2/training_log.csv,2406,00af07ba9c6ba0392119881d5d9f2cbb936f91fd564978de255ac0bc2ee7f230
model_outputs/ERA5_2xCoarse/seed_4065/fold_2/val_predictions.csv,1712,39d4de1d62da64b48413e752ef1b745c4e99e9429b7ed20def0b47cd73d59fc6
model_outputs/ERA5_2xCoarse/seed_4065/fold_2/zscore.json,527,a87f3860f1132121de39f0b3368d21db8140a2a77c5fee6bb2341ff9b7255ced
model_outputs/ERA5_2xCoarse/seed_4065/fold_3/best_model.pt,159221,415fb4916dcb6c2dd0f2c1f0db8239395f560c3a07c4900ab178691fddde9c60
model_outputs/ERA5_2xCoarse/seed_4065/fold_3/metrics.json,662,caabf5f8366acc0c9d3ebd3a00e15a0c39ce4c4159e3daf75153553844e413d5
model_outputs/ERA5_2xCoarse/seed_4065/fold_3/split_indices.json,3987,3d6e1173ec68e7068e5193dbb20e172d37b8e82c9612a19aa34ba6065a18a478
model_outputs/ERA5_2xCoarse/seed_4065/fold_3/test_predictions.csv,2325,2e940dfdd05ee64ad9dddca2fc02d3ab72afd66acf4963057a90ea61b16ff4dc
model_outputs/ERA5_2xCoarse/seed_4065/fold_3/training_log.csv,2385,4483b468ed037b1543ee9b8a36f5c7b36032932ab5704abf4e935984d6436c0b
model_outputs/ERA5_2xCoarse/seed_4065/fold_3/val_predictions.csv,1707,f752b6745c27516d7bed49907013339d95d0c704258025845400d48c40442890
model_outputs/ERA5_2xCoarse/seed_4065/fold_3/zscore.json,524,bb32b0c897efd30c174cd6124c7ff952f525ef0234686589fbe1eaba34fe6da1
model_outputs/ERA5_2xCoarse/seed_4065/fold_4/best_model.pt,159221,1e4b0da2226edd277c3431924e82565d9bdb7739da9016f1512c69c576d584d0
model_outputs/ERA5_2xCoarse/seed_4065/fold_4/metrics.json,643,abf16cb12586ad0cb3c9b6ba9ef3d6bb7c67e2a34e2833c9155c4c62a265b10c
model_outputs/ERA5_2xCoarse/seed_4065/fold_4/split_indices.json,3987,643ecffefbaba0d84c93e5632a9afa0ca5f275c069de18b5a6f88c7fa7d52e1f
model_outputs/ERA5_2xCoarse/seed_4065/fold_4/test_predictions.csv,2212,43e8772dcb7c63cd0f188aefed4ce41fea5371f408c0e6406dc718110950e85c
model_outputs/ERA5_2xCoarse/seed_4065/fold_4/training_log.csv,2390,09b96e0bb155bd2df0c680e1c05ac0ecbddb97aa5ce35ae3030b894b358a0eb3
model_outputs/ERA5_2xCoarse/seed_4065/fold_4/val_predictions.csv,1704,23e57214622990fce5509e75cf7b54fac053014bb87eae4bbb8bd1887b8f36b7
model_outputs/ERA5_2xCoarse/seed_4065/fold_4/zscore.json,528,948d6036e901c5be4cbe0df3bd6430429a04d6cab81c50b5cbd27f1a93dcdeb3
model_outputs/ERA5_2xCoarse/seed_4065/fold_5/best_model.pt,159221,b46f88fb8c0667ca71ec01273837be9ab68afea32eaae73665281e40d135ad6b
model_outputs/ERA5_2xCoarse/seed_4065/fold_5/metrics.json,661,e97545dda48679eebd9b4aca16ae177dade8d16f962ce365040644a40e14de53
model_outputs/ERA5_2xCoarse/seed_4065/fold_5/split_indices.json,3987,d85f414b3f7deb31a6378e948be05495a32227cc4333e2d6122e1c216d6ac864
model_outputs/ERA5_2xCoarse/seed_4065/fold_5/test_predictions.csv,2348,32a1689b3ff16b54752c94abab3e34b65e35cd6037c41e5c1b7f3ad334f32d85
model_outputs/ERA5_2xCoarse/seed_4065/fold_5/training_log.csv,2403,713ed23dda752112759c4fea28f264c8010e0ee68d5624cd1b9355e9866c59c4
model_outputs/ERA5_2xCoarse/seed_4065/fold_5/val_predictions.csv,1662,451762decfdfef7aa80d29f32d8169b73f78681c19d088e4b5acac446d2c9f45
model_outputs/ERA5_2xCoarse/seed_4065/fold_5/zscore.json,523,e91cb4933af6094fc2626feb122e3fbe75b47b5e06bd9e9bc4d0c0044f23de38
model_outputs/ERA5_2xCoarse/seed_5018/fold_1/best_model.pt,159221,7a5f811c72ce1f036cd0c373427e956896e1447959acf22fbd6d81ba9e280c5e
model_outputs/ERA5_2xCoarse/seed_5018/fold_1/metrics.json,664,25a770c5405fce1b27ff50ef49b18a29e2990536e9680cc5e93822d3c4516c26
model_outputs/ERA5_2xCoarse/seed_5018/fold_1/split_indices.json,3987,9d1bcbe2754a83bc1bbc7d8b0357d34ef11b71db24ac223d0e6f8ef955f7dadb
model_outputs/ERA5_2xCoarse/seed_5018/fold_1/test_predictions.csv,2341,1e09585dd37acb1d8db0d40847248aef965f85bf0c913209c5f5a8fbc6341977
model_outputs/ERA5_2xCoarse/seed_5018/fold_1/training_log.csv,2403,5ea9683d95b940baded96ad4af29c9af9e10003da669783ea7c2f1d2b95c09c9
model_outputs/ERA5_2xCoarse/seed_5018/fold_1/val_predictions.csv,1778,ca7d1ef6f539411ca4e97c6dca15c58a13fcde3376f3733838145a5f06473b07
model_outputs/ERA5_2xCoarse/seed_5018/fold_1/zscore.json,526,8e76b012567a1d37035790520a626654fe2388ac824a10ed7cb5af471a9d84c5
model_outputs/ERA5_2xCoarse/seed_5018/fold_2/best_model.pt,159221,51e0e57549fc36186dc13218761a2771c767d4c17d8d066837403bee2167ac41
model_outputs/ERA5_2xCoarse/seed_5018/fold_2/metrics.json,664,430543d2c23b6421c7c8d976f224e2533c3dd9891679bd3656500b3c6beb9fc6
model_outputs/ERA5_2xCoarse/seed_5018/fold_2/split_indices.json,3987,4159335120e5e7dff300e92191d866d883fb1038241f1ceef6f0a669f68ace51
model_outputs/ERA5_2xCoarse/seed_5018/fold_2/test_predictions.csv,2340,c743eceae81c94b4b3cccfad016d3bfbdbcdb537cc048875098f921e37605170
model_outputs/ERA5_2xCoarse/seed_5018/fold_2/training_log.csv,2392,5596f52c9ea32fc719b57390ba3268805c00a643f9515d77db03bedab19f624a
model_outputs/ERA5_2xCoarse/seed_5018/fold_2/val_predictions.csv,1728,ebab24a59a9bd32d7056e295f67f83e879ec6e735fc28a479f9a9774719f9dcc
model_outputs/ERA5_2xCoarse/seed_5018/fold_2/zscore.json,526,f430bde71bc85bf1cdb82898efbac5dc9efd9ec62cec67a233e67d17f1a7442c
model_outputs/ERA5_2xCoarse/seed_5018/fold_3/best_model.pt,159221,e3cae685c74283222250afa4af70d3a2f4d077be1327fed99250e91326ac6088
model_outputs/ERA5_2xCoarse/seed_5018/fold_3/metrics.json,663,d9dbcdc971b5d158761a9699d7bfb536cdf2168a340b0719ca93556b5eea8aec
model_outputs/ERA5_2xCoarse/seed_5018/fold_3/split_indices.json,3987,09ae6dddef260b90554e3eb269390cba9cba11f786d2a490dca9f8e954563680
model_outputs/ERA5_2xCoarse/seed_5018/fold_3/test_predictions.csv,2339,a112bc117f561f5b137c7b1bcc9c5331adb39e74594a07a98b054f774e109554
model_outputs/ERA5_2xCoarse/seed_5018/fold_3/training_log.csv,2408,2d2d16a4896947c07c9237bfa1aeb1ba3cf168bff4aae7698a7a602c7c13e9b2
model_outputs/ERA5_2xCoarse/seed_5018/fold_3/val_predictions.csv,1722,a391afef61572a8898f31786d636a24d96468a6ca540d83db2d2a01e6c9982d3
model_outputs/ERA5_2xCoarse/seed_5018/fold_3/zscore.json,522,6fa28762842c54381f8c227d2d4b80cf4b42951cd796eaf8474363a2764b314c
model_outputs/ERA5_2xCoarse/seed_5018/fold_4/best_model.pt,159221,cbde9e1b701cf9eec2ac74d0917dd0423729f495ea83a7095370bcb1206a4015
model_outputs/ERA5_2xCoarse/seed_5018/fold_4/metrics.json,651,16f9e86f96ec1056e76d42e2be373c7fa2163deb2339d2707d6943fe693e1c90
model_outputs/ERA5_2xCoarse/seed_5018/fold_4/split_indices.json,3987,12ba8f6b760718b1be2c93e7a10eea76284962202c3e752e3524cecf4c37e724
model_outputs/ERA5_2xCoarse/seed_5018/fold_4/test_predictions.csv,2278,da9e9b4906f11f1c90e9f23e79b8db5c9dfe46c73435efe524a5abdfb245f477
model_outputs/ERA5_2xCoarse/seed_5018/fold_4/training_log.csv,2383,f6a1da6bb3f0957107791cbd128344d7450a657178b9a047ce588c1e13740c66
model_outputs/ERA5_2xCoarse/seed_5018/fold_4/val_predictions.csv,1715,f0360a0f62bfe1ca78bd388f23a08b4e53976bb3baa5add01d78694a00e4c038
model_outputs/ERA5_2xCoarse/seed_5018/fold_4/zscore.json,519,3a41c5227df71cf9b871689bcf9c0e566d5429fde213aeb8855fe003c009b475
model_outputs/ERA5_2xCoarse/seed_5018/fold_5/best_model.pt,159221,173024a37c37318e2da6287d9c9cc17d8877a4b44eb79f16be7a3494da7b5676
model_outputs/ERA5_2xCoarse/seed_5018/fold_5/metrics.json,660,9cd3c906387b982eed9869ad06f6e0a2929469dbdc320e9244d70d6606d17174
model_outputs/ERA5_2xCoarse/seed_5018/fold_5/split_indices.json,3987,594c017f4e2ad9b44bbbfb721741b809b755821edc51d1ac6fb92bb9f7f9b4ea
model_outputs/ERA5_2xCoarse/seed_5018/fold_5/test_predictions.csv,2214,ed148a1341882d1b9751b007e25f9878464a374c4e8e7e459627158004097a30
model_outputs/ERA5_2xCoarse/seed_5018/fold_5/training_log.csv,2387,b30c97f61218d748a2af55fd11dc6a9bf30c56997108b2e4dd50191dc5c03cb7
model_outputs/ERA5_2xCoarse/seed_5018/fold_5/val_predictions.csv,1710,aa7ed446aadc234c2322cde1f5715355ac01bfe89dd8d074c7219df0e8eef4f6
model_outputs/ERA5_2xCoarse/seed_5018/fold_5/zscore.json,525,e2ae68f332d40c5803eedc85a09037f32c9280d32c3fe21e4ed5f70dac048e3e
model_outputs/ERA5_2xCoarse/seed_5168/fold_1/best_model.pt,159221,9990ccece966382102cd53304f4b09a90f1818d43b8e54e41ec8bf102d9ebfaf
model_outputs/ERA5_2xCoarse/seed_5168/fold_1/metrics.json,662,1df1933ca4d4eef6fbb3c3856ec865f0e64620efd3b5645f76ce7bb06e1b5545
model_outputs/ERA5_2xCoarse/seed_5168/fold_1/split_indices.json,3987,8efbd7ef543bcb74af4ed82c66e24cdd79c618144966d38d7b2463478298b583
model_outputs/ERA5_2xCoarse/seed_5168/fold_1/test_predictions.csv,2332,5b0202dfd78cff663d438bd0a6f782338ca7028f89527e46c8d62f5b806bc8e0
model_outputs/ERA5_2xCoarse/seed_5168/fold_1/training_log.csv,2399,6155083ccd4e6924b6d534404f1ac4609fe806be1d3e14bbae4f48eea2a8c6e6
model_outputs/ERA5_2xCoarse/seed_5168/fold_1/val_predictions.csv,1644,08c26b20e24bb9d9caa412c010b9c0a5e5d4a4fcb6871a4340c31fef77945723
model_outputs/ERA5_2xCoarse/seed_5168/fold_1/zscore.json,525,a44b79765449060f6564ca2f729f12c25963ae4a0db87db3741595df74292d87
model_outputs/ERA5_2xCoarse/seed_5168/fold_2/best_model.pt,159221,bbcd2525c3453566c58fa80a9fa58093e59d669b490465752166c34acc9e0737
model_outputs/ERA5_2xCoarse/seed_5168/fold_2/metrics.json,642,2ab00848f2b1a30159ca7d69f494134969289daee25fa8fd713291e0185145fc
model_outputs/ERA5_2xCoarse/seed_5168/fold_2/split_indices.json,3987,ddb08f53ad3004280245c3629e5e1327fe6aec1ea3cb248712b4ce065578b441
model_outputs/ERA5_2xCoarse/seed_5168/fold_2/test_predictions.csv,2274,e2eaeeb6e1576c20e2ca89fd7c113e8f73bb568c27034b6592e30473ccf941d9
model_outputs/ERA5_2xCoarse/seed_5168/fold_2/training_log.csv,2402,1b1546358f622fdb9b171a806c821d08f72b9b432df8c7e83c93475d024401fd
model_outputs/ERA5_2xCoarse/seed_5168/fold_2/val_predictions.csv,1784,6b66b66185c8b1a4780d7cdf7be3ce0d89b71861c6caaac584fc3dee4d4e926f
model_outputs/ERA5_2xCoarse/seed_5168/fold_2/zscore.json,529,19749413bb5755a28d73984be089db14f6afcfd273f8ed9f6d471bd1e184fb65
model_outputs/ERA5_2xCoarse/seed_5168/fold_3/best_model.pt,159221,e952827f3293686706adc95ac9c4a0721e4beef96c792662eb1e9af113707b07
model_outputs/ERA5_2xCoarse/seed_5168/fold_3/metrics.json,661,c43c1dbc69a19c713ae19ad04e7189c02a6f3c8f481bd0d6e7cda88b542b0d97
model_outputs/ERA5_2xCoarse/seed_5168/fold_3/split_indices.json,3987,2f5e9b0aafab606399586c04cffd30ee10526e8648f4c98d99c4f8c5cbd0e1c1
model_outputs/ERA5_2xCoarse/seed_5168/fold_3/test_predictions.csv,2334,4b4b9b71d777d51e1457194d9fbb9ba621bec556ca2a26f7d3863a2fd0dec5de
model_outputs/ERA5_2xCoarse/seed_5168/fold_3/training_log.csv,2399,026a0b0ba45c40ec08b2ee22050cd42afe020f259536aa76e5c3458208b1521d
model_outputs/ERA5_2xCoarse/seed_5168/fold_3/val_predictions.csv,1712,8d0235485e9a5c6ae62e2f2e9176484b9fea43cd71b1f6c9a53bccc9eae263c7
model_outputs/ERA5_2xCoarse/seed_5168/fold_3/zscore.json,522,bac128af69febc0c158853b49e364f9634f76ee939673e23329f23a98e4585a4
model_outputs/ERA5_2xCoarse/seed_5168/fold_4/best_model.pt,159221,752a3ba793e4d8e80305f9fda6cf140baae1007eb9d68c9555f8a0748a1ef57f
model_outputs/ERA5_2xCoarse/seed_5168/fold_4/metrics.json,659,68845f339b99d73cbc688bbbc5fda662b03c076fc67fc1f96f3f81db23fa0c57
model_outputs/ERA5_2xCoarse/seed_5168/fold_4/split_indices.json,3987,601856643c73b74eeba322e40404d30c1105c79b6b28d657393b4453e70fabbc
model_outputs/ERA5_2xCoarse/seed_5168/fold_4/test_predictions.csv,2228,0f606afe56a4369403c70b598cf0b403b4f617252c19e09b060ac4eb05c66b2f
model_outputs/ERA5_2xCoarse/seed_5168/fold_4/training_log.csv,2390,14c3c23f2c430279703c958a21df550bba03dddcc0e1687a8fa5b8835d91af7b
model_outputs/ERA5_2xCoarse/seed_5168/fold_4/val_predictions.csv,1654,5f734deb4a3ad6c1ae262a73c7de4c71068a966fd8a709287e6c0dfbb773c890
model_outputs/ERA5_2xCoarse/seed_5168/fold_4/zscore.json,524,db8e1d6686858d582d6324de139614a9b2ffb5b060527cc5be82f2f20ecc36a6
model_outputs/ERA5_2xCoarse/seed_5168/fold_5/best_model.pt,159221,ca1d0b89b826cced2a0de69c6b69a22afcab0bf93f8c5221b6db39dd30841511
model_outputs/ERA5_2xCoarse/seed_5168/fold_5/metrics.json,663,3a48686da8758a82b3fa92316b58e5baa9ec48cdd7a44ae5ae65d8c1831c6d75
model_outputs/ERA5_2xCoarse/seed_5168/fold_5/split_indices.json,3987,c58ad505fafa5d9a94db76c4c9140bee2092dd8edb15cc60e7ac30603dbd6d93
model_outputs/ERA5_2xCoarse/seed_5168/fold_5/test_predictions.csv,2325,7f925cd8ab5c38715f2eca3b9bee1f0bba92dc5f36bcd9c401a5719c56ef6f54
model_outputs/ERA5_2xCoarse/seed_5168/fold_5/training_log.csv,2384,95b3e4fd5ef56f06f34ba2a89f1581762fb924b6ca2cfb9eba68db2fa7feda13
model_outputs/ERA5_2xCoarse/seed_5168/fold_5/val_predictions.csv,1653,af68acbc78b971dcb07c616a85b39cd5abd0991ebf629ce3766dde8963d95df4
model_outputs/ERA5_2xCoarse/seed_5168/fold_5/zscore.json,524,b998dc5bf20553c3bb870c06ce042b25068f83c24a956c5297a6f5c46547ddc2
model_outputs/ERA5_2xCoarse/seed_5319/fold_1/best_model.pt,159221,0cf7b4144f79d10570c48d788448aaced8460a2ca80f7d4253f46ef305d28765
model_outputs/ERA5_2xCoarse/seed_5319/fold_1/metrics.json,663,5d0f5df5d14b82aa83594a65c1743756851111d2b02372e86821c5bc214ad059
model_outputs/ERA5_2xCoarse/seed_5319/fold_1/split_indices.json,3987,c7259a115de40bd7c9471439d90f30f51b7c3a3b89672a06aca2e225793b22c3
model_outputs/ERA5_2xCoarse/seed_5319/fold_1/test_predictions.csv,2388,a1a5d7384a6e6071a2684c3f04cc65f6a8ec55947614ff23d5e145e06371f376
model_outputs/ERA5_2xCoarse/seed_5319/fold_1/training_log.csv,2384,6c787ad175e7fffbf0d8b19c6764e4c87a5b64db48e6c305040ba2a19caa5a85
model_outputs/ERA5_2xCoarse/seed_5319/fold_1/val_predictions.csv,1660,006a11ba4b5f934481d5e09a9cfc9ca69002a604e9eabe8a3f5bbd1ce4dbfeba
model_outputs/ERA5_2xCoarse/seed_5319/fold_1/zscore.json,524,c6fc66e84cfafc854940c58562904f84bbf78f6c37eb9a4b16470146b1716d78
model_outputs/ERA5_2xCoarse/seed_5319/fold_2/best_model.pt,159221,b3faa175ac84eea3684d394d70e221f6e56f33ad576e035a8d8efbf8ccff7241
model_outputs/ERA5_2xCoarse/seed_5319/fold_2/metrics.json,649,f728e1d7819dd6dd13fd38115a46295e8d980fe2f4e39b1aac982de5addfcbd5
model_outputs/ERA5_2xCoarse/seed_5319/fold_2/split_indices.json,3987,4a6635276f46fd5bfb3cfe403d11eaf3362cfe07f1e685b59f29164c84908959
model_outputs/ERA5_2xCoarse/seed_5319/fold_2/test_predictions.csv,2261,df7d94c4d1d5a28c9db9f5b322a3072e3ea807f82034e166e6267d66f2c74725
model_outputs/ERA5_2xCoarse/seed_5319/fold_2/training_log.csv,2394,fbe198d63ef85f97742459105b97cbe1b39501081940ba46c15858e1184c050b
model_outputs/ERA5_2xCoarse/seed_5319/fold_2/val_predictions.csv,1707,23bf4298d6b0853daebc4ecf3557bd789faa48891a7fb869ee0739eba3c55d8a
model_outputs/ERA5_2xCoarse/seed_5319/fold_2/zscore.json,523,efaed0371fc9fd6b2fbbdb562e63a38431386e0ddeef4fa26800a00f259f2290
model_outputs/ERA5_2xCoarse/seed_5319/fold_3/best_model.pt,159221,3c90e39c4e8c5c0a72c84b8ff31ac891094909598464af6a9e2d79a77519aaf8
model_outputs/ERA5_2xCoarse/seed_5319/fold_3/metrics.json,662,27bff755d103bb18f622cdb8ed6b709ea29411c1bb0b37d31eb9b3f08595da4c
model_outputs/ERA5_2xCoarse/seed_5319/fold_3/split_indices.json,3987,95fdd68e9b41cd31c522d216634be74a932067c95ccc3554385a47a23fea4cc4
model_outputs/ERA5_2xCoarse/seed_5319/fold_3/test_predictions.csv,2322,190aaf6f2f9341de644468cdcd1bd008789d7ddb3fc27096d9518074a9532723
model_outputs/ERA5_2xCoarse/seed_5319/fold_3/training_log.csv,2394,07dde29da63b6dc0b0ea97b5f8072f87b1d6a719ec1b25522ae53816e4aea5bc
model_outputs/ERA5_2xCoarse/seed_5319/fold_3/val_predictions.csv,1642,b0d6812d5fff3ee83e05a13e8149a2db1c201186f02d6629231e0e15ed0665cf
model_outputs/ERA5_2xCoarse/seed_5319/fold_3/zscore.json,526,30b1245c060a26222a7ece047799f3dde6106f04983bf7d448c6bc98c65acab2
model_outputs/ERA5_2xCoarse/seed_5319/fold_4/best_model.pt,159221,dae4ae531f044de5bb092a66adf25becdb789a4ab85f98db0c93baf6df4a6b72
model_outputs/ERA5_2xCoarse/seed_5319/fold_4/metrics.json,641,dcfff095fc8ed5ccdbf3077d44f95a54a9f83fb191c22b026f98a6d7792c035a
model_outputs/ERA5_2xCoarse/seed_5319/fold_4/split_indices.json,3987,d723e5f8a6805f0789323e10a167c60e6527911c229b8f21a44e5092b60b99ac
model_outputs/ERA5_2xCoarse/seed_5319/fold_4/test_predictions.csv,2262,c315be13c2e636a600ad0f945874c90af851785fb7f5df99bf7078ea138db7a1
model_outputs/ERA5_2xCoarse/seed_5319/fold_4/training_log.csv,2387,4fc88c194b759d70265c1bc41f01f5441d7209175585896d1e840d1628579b6b
model_outputs/ERA5_2xCoarse/seed_5319/fold_4/val_predictions.csv,1699,2c8f14e22e4fc83a1b8796a81e99a16cb0e3f6eb669dc55c89893bdac762706a
model_outputs/ERA5_2xCoarse/seed_5319/fold_4/zscore.json,527,1ce3b6914a5d245e51d490d24268334839c9d3e781c6eda9995b782bcc48a263
model_outputs/ERA5_2xCoarse/seed_5319/fold_5/best_model.pt,159221,84984928149388321070363ed1a870ce78dc826cae41289368a50da90151c4a8
model_outputs/ERA5_2xCoarse/seed_5319/fold_5/metrics.json,663,5e8ed8fad8ed57dacb5d4ef78083e4f742075cfc3d10e4127eec226927280685
model_outputs/ERA5_2xCoarse/seed_5319/fold_5/split_indices.json,3987,b1aa30b095e1453b0b3d0324cbe8a73fd4e39f5cca97b5826ae032afafd93bec
model_outputs/ERA5_2xCoarse/seed_5319/fold_5/test_predictions.csv,2222,6dddcc1029d163742cf58d82b454ae7382db1d1a1225dc742e76f71d9ea3428a
model_outputs/ERA5_2xCoarse/seed_5319/fold_5/training_log.csv,2390,544d43d06590cd3941649fd9a0456106e9b44660fe5b4bc993060404ae22af24
model_outputs/ERA5_2xCoarse/seed_5319/fold_5/val_predictions.csv,1761,b94b5ed0483471a199219ee54258700cc85038a754190801426801510998b3f6
model_outputs/ERA5_2xCoarse/seed_5319/fold_5/zscore.json,526,bc4fcc3ebc713affa678f315d9ebb6c37189a41178219934a8cb69304b579841
model_outputs/ERA5_2xCoarse/seed_6469/fold_1/best_model.pt,159221,b798e3abb46850b805fc9e39e31bf80fe9a5428319a60e9528897d377a15201c
model_outputs/ERA5_2xCoarse/seed_6469/fold_1/metrics.json,662,e35b40c5a020ae0d643e4bb0949c65c4f4e2b6d1723053457de0090424c8a179
model_outputs/ERA5_2xCoarse/seed_6469/fold_1/split_indices.json,3987,fd26bf10c7c0cb090e8f0a78b20559090879f44c32fc75a9bd4e7e432230399d
model_outputs/ERA5_2xCoarse/seed_6469/fold_1/test_predictions.csv,2331,44e5901fff1c0d72e1eeae4a366e433ecff089759977e60d0878aa1242c39ccb
model_outputs/ERA5_2xCoarse/seed_6469/fold_1/training_log.csv,2396,7dcdeb731c1cef0cb22da65107213fd3ca38facf33d3d4ad3a447a780a7a6096
model_outputs/ERA5_2xCoarse/seed_6469/fold_1/val_predictions.csv,1673,be8ce3331337e45344245ae099a320c950dc8db5bd29c3743c357ec5acdfdc4e
model_outputs/ERA5_2xCoarse/seed_6469/fold_1/zscore.json,521,60c8a7410673b2b424bcc85b1550965da580548dba27dcf9ff1f89310d40a327
model_outputs/ERA5_2xCoarse/seed_6469/fold_2/best_model.pt,159221,01b223d6a11593f0513607d6a546627e12acb696d8ec8510e4c2edcbcd3c2d81
model_outputs/ERA5_2xCoarse/seed_6469/fold_2/metrics.json,663,e1d0261a1e257f3e72722f29fdcd80abd5eef77d1c2292f3895dde26dc17276e
model_outputs/ERA5_2xCoarse/seed_6469/fold_2/split_indices.json,3987,ffaed35a2f695394fcfbb833b55d12d7a503b8e2c059372869600705f991075b
model_outputs/ERA5_2xCoarse/seed_6469/fold_2/test_predictions.csv,2320,779fa9215bd29e8d640f5a0b22f52b949f2446994d3a018b784b67a3a0ea1bf5
model_outputs/ERA5_2xCoarse/seed_6469/fold_2/training_log.csv,2397,07c9e3618b96433f3b3ff459cc13f502c259f271e2c866b1ef67665ede0d5284
model_outputs/ERA5_2xCoarse/seed_6469/fold_2/val_predictions.csv,1708,02b9281017d2c61ea4f41eb92384f5e9273a8ace11117e30f58fce44a8a04d9f
model_outputs/ERA5_2xCoarse/seed_6469/fold_2/zscore.json,525,a2e74e645989da3bde438140c52ba046121a21c370f9f8b2a16b0a29a1d98209
model_outputs/ERA5_2xCoarse/seed_6469/fold_3/best_model.pt,159221,38262a89886ea4c1345d2148ac7c823bc8ae1d1742a97e161f8dd5bbfa2caf4b
model_outputs/ERA5_2xCoarse/seed_6469/fold_3/metrics.json,664,d59fe8b45ed6747bcc9c6bdf4ce34dc969e45d5c25ec82399fb49c94b2b858e1
model_outputs/ERA5_2xCoarse/seed_6469/fold_3/split_indices.json,3987,9d1a5d04daec9caff4dbbb35b554796c824513cb44cdd1943a837d47229b079a
model_outputs/ERA5_2xCoarse/seed_6469/fold_3/test_predictions.csv,2331,87eb39ca0a4f8d6f270632adfd705769f691ba53d66652e4b07671706e6a663d
model_outputs/ERA5_2xCoarse/seed_6469/fold_3/training_log.csv,2404,bd8f52b9aea5fdacb8eb1160a4b2afe8c07c3532c52e830d1f5e3b21e2636e80
model_outputs/ERA5_2xCoarse/seed_6469/fold_3/val_predictions.csv,1676,093a0512ee88e9dbc4a38d64c24c08119b4269c6063991894926afcf401acfc5
model_outputs/ERA5_2xCoarse/seed_6469/fold_3/zscore.json,528,e1d39b72297642c5f83dc2f910562a9d2bf64fdea5df22afb0799fb759d35a82
model_outputs/ERA5_2xCoarse/seed_6469/fold_4/best_model.pt,159221,86891d993d88d643c8a374b4073990fc1c87b3a195020afad5bcb8dac5631ec7
model_outputs/ERA5_2xCoarse/seed_6469/fold_4/metrics.json,663,69107fd88abbce96456eaad425474977103280597359071fd92a0b23bae693de
model_outputs/ERA5_2xCoarse/seed_6469/fold_4/split_indices.json,3987,d6d3d05823237bd3eea92f9f9043b928026fbdfadaa6b1ab5db183ff86d84dc5
model_outputs/ERA5_2xCoarse/seed_6469/fold_4/test_predictions.csv,2220,8b7c8f03e387879181838904247d7a12b76c37abee8c8f01d4f47b6d66a022d0
model_outputs/ERA5_2xCoarse/seed_6469/fold_4/training_log.csv,2393,6d3e9eb049a8dcb2ddfa05cc2df794762c205aff0eb7bbc382dc3ab92a8744b3
model_outputs/ERA5_2xCoarse/seed_6469/fold_4/val_predictions.csv,1708,57d61472dc1dfa6445134bcc910a599e5edc19caec7087819ef124ea753c0bda
model_outputs/ERA5_2xCoarse/seed_6469/fold_4/zscore.json,525,43efd27b13c848a373dd0434f4439cdba9c85201c9902431052e367ecc6c0595
model_outputs/ERA5_2xCoarse/seed_6469/fold_5/best_model.pt,159221,bb5323bbccc002b635e41829672d8b6e6f7f6714b8f9813fd565503e4223f129
model_outputs/ERA5_2xCoarse/seed_6469/fold_5/metrics.json,639,d2bdaabb946c3f9622675356656c836dff2e5414275eb716072f882f6c91d3fe
model_outputs/ERA5_2xCoarse/seed_6469/fold_5/split_indices.json,3987,9b263065c8009239d811af769d8b50890574ae045ce67dd0b776e678df8dd54f
model_outputs/ERA5_2xCoarse/seed_6469/fold_5/test_predictions.csv,2296,22f2973e2aedbdf458c9f50fb1511d67f1b146ba7b9a023ac3a114de310d0cd7
model_outputs/ERA5_2xCoarse/seed_6469/fold_5/training_log.csv,2394,c88ab4ceca847824fd7a25e0b026b4d95b6d97c8f42ec535e99efb2ee696ed6e
model_outputs/ERA5_2xCoarse/seed_6469/fold_5/val_predictions.csv,1661,4e5f235cf9fc5d7714010caa0ca1ea249e68445ef4355a286942a61f16d07adb
model_outputs/ERA5_2xCoarse/seed_6469/fold_5/zscore.json,526,51723124dca2292181f400a9865523f1d693891a9c83b4647c29602f2094f40a
model_outputs/ERA5_2xCoarse/seed_9919/fold_1/best_model.pt,159221,16c1cacfda0dcc49e88894a1bea5300cf6ebfb9aad88ad4267062aeb8d71d759
model_outputs/ERA5_2xCoarse/seed_9919/fold_1/metrics.json,663,40d7bb33c811107bfb47830e27a53ef4104e05ed4b967ef353d97327470748d9
model_outputs/ERA5_2xCoarse/seed_9919/fold_1/split_indices.json,3987,36447b3d46acec8576a3dc514bf00a9d592740d67df3af66e8e5d264d6971840
model_outputs/ERA5_2xCoarse/seed_9919/fold_1/test_predictions.csv,2323,7cfeec50c1ae7323fd9b2bf39f54a24da742a713ce441451129a3f6d6561fe36
model_outputs/ERA5_2xCoarse/seed_9919/fold_1/training_log.csv,2404,242a9188d0134d6bbf1bf27d837e5285254577b50f717546f3516537ae299480
model_outputs/ERA5_2xCoarse/seed_9919/fold_1/val_predictions.csv,1710,92dc291f88c2ddd16fea443605def6199757c8338575221d26aeb25741a76254
model_outputs/ERA5_2xCoarse/seed_9919/fold_1/zscore.json,530,ae045326ca69d10f21e51311fa6a8ce3827d0a04a5e56193e02a9e77cb9c8387
model_outputs/ERA5_2xCoarse/seed_9919/fold_2/best_model.pt,159221,30ec4dd32e6b408320ebd3a5ae7356c8ade1f5ae313f03a2840915b9ed0990cd
model_outputs/ERA5_2xCoarse/seed_9919/fold_2/metrics.json,634,842b7f43a172c78a9f0d758aae2b79a53502d47ed4c6f1ff49daca52d8a5a2d0
model_outputs/ERA5_2xCoarse/seed_9919/fold_2/split_indices.json,3987,fe7dfdf265692c83b7258eff91648a37d7622b7d760961d9e98fafaeda15f4c0
model_outputs/ERA5_2xCoarse/seed_9919/fold_2/test_predictions.csv,2281,72de79323eb48cf82e6dfa70f8f6a2d2a1ee8f2da4a12e0e3c0ea2b0a6b836a4
model_outputs/ERA5_2xCoarse/seed_9919/fold_2/training_log.csv,2382,ad17978f7ca40df0c5db829ddcea710c7c76ec16bf2e993dd3bafb54e4d3fdf5
model_outputs/ERA5_2xCoarse/seed_9919/fold_2/val_predictions.csv,1777,516428188a178108abb942161052af67941ee3bc767705306b82baeabdc8de44
model_outputs/ERA5_2xCoarse/seed_9919/fold_2/zscore.json,527,536027b92f412a4392e3ffaabf3a98845865c58326cb2896ce8bf56589393255
model_outputs/ERA5_2xCoarse/seed_9919/fold_3/best_model.pt,159221,98d6a5a8ac93d60ef774caf63f056a18636001d21350ac46eb4b392cfef868a2
model_outputs/ERA5_2xCoarse/seed_9919/fold_3/metrics.json,661,c0f6ea4e27ed07382040b63d72856019c05b21fe53932767429ad97efe900b48
model_outputs/ERA5_2xCoarse/seed_9919/fold_3/split_indices.json,3987,e22714ef8850a9db9859ddf230df6f4dcae54a781bf2078ecc35cbb2450e8724
model_outputs/ERA5_2xCoarse/seed_9919/fold_3/test_predictions.csv,2382,b59a3b7b507fd86db01fc81df92c7a11645c11a6b867b6eca1fbbcd0838fd292
model_outputs/ERA5_2xCoarse/seed_9919/fold_3/training_log.csv,2399,a872d0fc33bcb635d340977a6a3de130ec6ddbdaef3309623f33370f490020bd
model_outputs/ERA5_2xCoarse/seed_9919/fold_3/val_predictions.csv,1707,9855f64accb71d7bbc56e538b0b6f501493b90fd17e7a2eb9f1e8e57051c2c14
model_outputs/ERA5_2xCoarse/seed_9919/fold_3/zscore.json,522,055399ff9f9136e8e85ab7fd38a0a94f1f65297787ca0f7641050a20ec18b501
model_outputs/ERA5_2xCoarse/seed_9919/fold_4/best_model.pt,159221,4b1ba37db48762aaec31e10a488595786fc6a4148f7dcad3e10dd5e7ba8be8e6
model_outputs/ERA5_2xCoarse/seed_9919/fold_4/metrics.json,665,22d79f6866b73d2653c255695ab28c72aaf8ae4eed05f5ae06bd54202e41b8e0
model_outputs/ERA5_2xCoarse/seed_9919/fold_4/split_indices.json,3987,b93f7cdea57218b87fb3b249f30748ff294d6a862992417f91a90d199cc80a78
model_outputs/ERA5_2xCoarse/seed_9919/fold_4/test_predictions.csv,2224,f40dd17e0fd195a8bf903192887315e12e8ee71d0129bf99c14ef05596353c87
model_outputs/ERA5_2xCoarse/seed_9919/fold_4/training_log.csv,2397,87c6c5d90a4625bbfa221cabca3b8e53da1373d52369e01df131291ac1fffcff
model_outputs/ERA5_2xCoarse/seed_9919/fold_4/val_predictions.csv,1664,dfffba2e90205e3aa9711d93a67b0c00d2f3ef09b15fd74262b920bf39c960b8
model_outputs/ERA5_2xCoarse/seed_9919/fold_4/zscore.json,524,f3358aad9f764fd4e1c346e6a240bf91d39467f52355ad1d3826786d389bb832
model_outputs/ERA5_2xCoarse/seed_9919/fold_5/best_model.pt,159221,4bbc19973b8d9290de5f435c288fffb3ab4498e76464c7e778e64c48dfcbf367
model_outputs/ERA5_2xCoarse/seed_9919/fold_5/metrics.json,638,1a56c42c352812cbe025d0dab2c82cc634496f4a4b66b6550b0e87eac02c00b1
model_outputs/ERA5_2xCoarse/seed_9919/fold_5/split_indices.json,3987,a1806c7f8aef77b40033e7f0513a5bc553e81e88f096da4a091c9c9e1379d517
model_outputs/ERA5_2xCoarse/seed_9919/fold_5/test_predictions.csv,2288,94cbdb87e90b8b98bde2aa8955b42f301c7491b539e8fd772f9e428e560167b4
model_outputs/ERA5_2xCoarse/seed_9919/fold_5/training_log.csv,2400,2c2dacb439773862397a0a6114b3e1b611a818e42a40ddcdf652b70d46359c07
model_outputs/ERA5_2xCoarse/seed_9919/fold_5/val_predictions.csv,1656,45f1025cc3a8e9cfe0463f562d0a79d3ccdc6226cc7cbc510fe2e0337d27eb94
model_outputs/ERA5_2xCoarse/seed_9919/fold_5/zscore.json,521,633ca9b581617ec930838745e2339bb5500e25c811e62db9b279d83757a2af64
model_outputs/ERA5Land/seed_1497/fold_1/best_model.pt,159221,f2e8df2b75be0baa06c720c215009defbf1246e3110671d996cefa5dc36febc1
model_outputs/ERA5Land/seed_1497/fold_1/metrics.json,658,37bf219bc4a38f3b886b0d1a30c1409a33c00c6371e038f52f8367b01ad91d07
model_outputs/ERA5Land/seed_1497/fold_1/split_indices.json,3987,3ff8aa65202481decc540735eec0027db39ea395041a677651c758b989717e00
model_outputs/ERA5Land/seed_1497/fold_1/test_predictions.csv,2334,8d37aae712aaa4eac971833f6d0c384970a5a926cc949890f6bdafd574ad0751
model_outputs/ERA5Land/seed_1497/fold_1/training_log.csv,2381,4ffdf2881342311edd759eb68cf5237596dad30010d3930b0f9db5611b2e7a6f
model_outputs/ERA5Land/seed_1497/fold_1/val_predictions.csv,1662,0b4b0c68a0f4140966b03135695c0221bfe7d2df050948330ddfd65452a4b0ef
model_outputs/ERA5Land/seed_1497/fold_1/zscore.json,523,927cafdc5c1365f1d35c89d4128970ea222d3e7a61b868768f1c1524b019d387
model_outputs/ERA5Land/seed_1497/fold_2/best_model.pt,159221,acc0a3c4dc140092dcf98f8a382fd7fa48a4639d6fa7029018fb6038a399df92
model_outputs/ERA5Land/seed_1497/fold_2/metrics.json,660,04780578da4613a37753ccf21ed4d2cbb1d0082ef311609350c149de8521547d
model_outputs/ERA5Land/seed_1497/fold_2/split_indices.json,3987,7000e8292947646dc0c14b4946b44f86df5bea1cb996d21752b85bc551cdcd0b
model_outputs/ERA5Land/seed_1497/fold_2/test_predictions.csv,2319,97630cd4b782f0d046a45a64a897d7891f1433ad1cfac58ea19a98a42781419d
model_outputs/ERA5Land/seed_1497/fold_2/training_log.csv,2385,c32ba4cd1382c3a0f3224feffb42ecb3c288a9b2fcdd37ac66a8d7bfe0d37097
model_outputs/ERA5Land/seed_1497/fold_2/val_predictions.csv,1657,23c0de12dacf5543658aec50204b847d3d7e3cc5e2e78c485ae562d00d18e814
model_outputs/ERA5Land/seed_1497/fold_2/zscore.json,526,232b46294d964d832d5da57b9c4d36060b1f0fe5f9e67f0c6995e50b9fe4c14b
model_outputs/ERA5Land/seed_1497/fold_3/best_model.pt,159221,8143c4a8ad72bd40754174b02832d3099391e87d0f0fced3a07a492ea90fe650
model_outputs/ERA5Land/seed_1497/fold_3/metrics.json,655,a17e2634befdc15b1971faa09fe4a91af21d63e5b7dc256c26e580a6c8f3bd14
model_outputs/ERA5Land/seed_1497/fold_3/split_indices.json,3987,bd275371fd56ec97daff2ebe1f9a2fe8e87b8e44cdb99078ba9e350584be8fae
model_outputs/ERA5Land/seed_1497/fold_3/test_predictions.csv,2347,57dd28db44a9ca78abf9a2095f93fd73501e51aa391c973524c2105b51548b90
model_outputs/ERA5Land/seed_1497/fold_3/training_log.csv,2386,b688c47e0a9a4a29fc4d09e77e575469f0939450fa0b0a6cc431a56fb001f509
model_outputs/ERA5Land/seed_1497/fold_3/val_predictions.csv,1711,f42e618faef3f2396b118e46731e8d4d3678de2e251de065a1e9e76bf9c15899
model_outputs/ERA5Land/seed_1497/fold_3/zscore.json,525,e99387cd856ee99146e6951f40fdc70d68fe022975d53488b510f1981b6059ed
model_outputs/ERA5Land/seed_1497/fold_4/best_model.pt,159221,1b9672b9ca26fe4140a81d693b0ffbde77904e071d61dc4af2a31cdfd1e8c385
model_outputs/ERA5Land/seed_1497/fold_4/metrics.json,656,959971a2ac49a056fb1de8a72e68299994ea52cfcf7295b702f361fa7810f738
model_outputs/ERA5Land/seed_1497/fold_4/split_indices.json,3987,9fbe51ed4e0f7ac3dd2744f78d647c282708f8e0151d8e262f9fdd79ad48d765
model_outputs/ERA5Land/seed_1497/fold_4/test_predictions.csv,2193,f577a3a533791eb7c4d781ea37a5bcb35bf4875848b870cf8a5c8cafbdc7fa14
model_outputs/ERA5Land/seed_1497/fold_4/training_log.csv,2389,c6e8106bb6f51a227c43741431ccf32e4d35db1c68cc514a07a1ecd2bf8aeab1
model_outputs/ERA5Land/seed_1497/fold_4/val_predictions.csv,1706,9cb28503cf50df684b767710372b8148fa69b97d6ea1db1284dc895a8f250dcd
model_outputs/ERA5Land/seed_1497/fold_4/zscore.json,527,a002521bc7514bb88497a18bf377397d430425571eaae1b4f301f792d6e49254
model_outputs/ERA5Land/seed_1497/fold_5/best_model.pt,159221,5d0e8a874d590e98959a39271b918c447c6cff641d2de2677d419e95f6f4cb4f
model_outputs/ERA5Land/seed_1497/fold_5/metrics.json,619,c19d0fe0c3bef8294399152cc428f4b4a1012ab151fc54534d96c853adcd9c14
model_outputs/ERA5Land/seed_1497/fold_5/split_indices.json,3987,ebbba3a47a5c89e3a16f6836e286efcea0fe0a8f0ea42333d021fc32ed2d3aae
model_outputs/ERA5Land/seed_1497/fold_5/test_predictions.csv,2258,ce91c06651523aee853772e713f2bfda09448b2bd21ea1bedf359dd27a43b993
model_outputs/ERA5Land/seed_1497/fold_5/training_log.csv,2388,1974a96f191138119ef2f71284edfc9260f2a269183691d6943493447b042c0a
model_outputs/ERA5Land/seed_1497/fold_5/val_predictions.csv,1694,afc0066a7a79f10f8f1149521af7c2ab4db7878ef9a0153c36396ab4808b46ae
model_outputs/ERA5Land/seed_1497/fold_5/zscore.json,520,4f6ab49f969336a9465214932a5130b378982b2e1d37dc8616db4cf1ec4f5517
model_outputs/ERA5Land/seed_174/fold_1/best_model.pt,159221,befed131d66379e8797f39b9ca2a4dd49b53031e01a4b4ef134876b4185b7ff0
model_outputs/ERA5Land/seed_174/fold_1/metrics.json,658,38a8a7001e7afd94ecf1fe402d4f9b7847c366e98303f87d20bff55d3d8132f9
model_outputs/ERA5Land/seed_174/fold_1/split_indices.json,3987,1db8e88fae425201daaa0277f0710340ce14746bce6467df02669d10e129799a
model_outputs/ERA5Land/seed_174/fold_1/test_predictions.csv,2353,3297ee7e1b33a32f33ad8468dcd8e565563ec85ed78e28d5244c2f616b46ee49
model_outputs/ERA5Land/seed_174/fold_1/training_log.csv,2396,14682753fcaa56cd8135a546f42ec9232d132109128c5ed9eaed1d032354fa22
model_outputs/ERA5Land/seed_174/fold_1/val_predictions.csv,1669,ed5bf4a503a8a3d2f3e4f7df69b45b857620d4cc935b254735af38e998c0288d
model_outputs/ERA5Land/seed_174/fold_1/zscore.json,522,bc269efb50573d003e18eb4190a3e64b4edec188786736b831fc6e79b2ef2cd4
model_outputs/ERA5Land/seed_174/fold_2/best_model.pt,159221,3f637436d3f09c40c545f01cb575cd6171eeebc149d62b126b908ff3ca320cb4
model_outputs/ERA5Land/seed_174/fold_2/metrics.json,657,ff691cadf98bf5d85a652bcdd0daa00a69c294c5fca11629855ddc53993331cd
model_outputs/ERA5Land/seed_174/fold_2/split_indices.json,3987,0b5dd4a490078f41f5cfce827ecddc6ffdf34e7ba325804b2d9850845cd48002
model_outputs/ERA5Land/seed_174/fold_2/test_predictions.csv,2333,50316cb5d5dc6273fd59e08fe8a7b746458ff3a01d377782bcc28d462a73e50b
model_outputs/ERA5Land/seed_174/fold_2/training_log.csv,2409,6dc1d0960891b8c72b02463049d59a2949d50d5144a8d34281bb820e3cab19ea
model_outputs/ERA5Land/seed_174/fold_2/val_predictions.csv,1658,2cb2cd7fc464cd0712a2e1c3fe6033fa8c9a36eef6364e1c25ea72baf2c9e374
model_outputs/ERA5Land/seed_174/fold_2/zscore.json,524,ffc0e8057f5f26674df0f934e66d6ca5000c53ff00d503d0fb3b7cdbaae128b6
model_outputs/ERA5Land/seed_174/fold_3/best_model.pt,159221,773056c16eb7d761e1b0550255cd8085fd5b48277012ca91865a4bbf20d2f992
model_outputs/ERA5Land/seed_174/fold_3/metrics.json,645,701b749ddca2e6ef70006c98b1482b5722885811dcddd6ebe7302625a13803bc
model_outputs/ERA5Land/seed_174/fold_3/split_indices.json,3987,c4f6014139ea87159a5fdb169a4db5f3255a96814f9903e232a9643e1e983249
model_outputs/ERA5Land/seed_174/fold_3/test_predictions.csv,2383,171917b473583ab678240577aeeeb636bebcd0f62bf8afa763c95cc195228844
model_outputs/ERA5Land/seed_174/fold_3/training_log.csv,2385,a0a62ebe8351a6658c3db0aa7af64c1768129262460a7dcf952b5f6e80cd8cf8
model_outputs/ERA5Land/seed_174/fold_3/val_predictions.csv,1654,22f512017e102c8bb84e870c72e7129e07c91064302a7c052c0e7f801ce287ca
model_outputs/ERA5Land/seed_174/fold_3/zscore.json,524,06b3d0c05184a5d053f11e2bb14c7b853058cc936008f86b11fae058aa395d31
model_outputs/ERA5Land/seed_174/fold_4/best_model.pt,159221,f058ed2b00fe751791bdf3733aa55e1f3a5d079f500b4ddba81502083d170872
model_outputs/ERA5Land/seed_174/fold_4/metrics.json,656,0b75b15bb190527e2f417660bd15fbb15136f187430d89b5b86bd795e907a946
model_outputs/ERA5Land/seed_174/fold_4/split_indices.json,3987,1f0df9cd57da0590eda65f8457d486ad78c9b97992a51d8a02f96d03e99f9141
model_outputs/ERA5Land/seed_174/fold_4/test_predictions.csv,2225,58dbabbc6c9169b88c4da2356cf4b374b6551da4f9cdd83a12af6e4eed67671d
model_outputs/ERA5Land/seed_174/fold_4/training_log.csv,2383,e001941e8aef3a3afbfc1d6037f957510a3918a88b29695f1db44555cd3167c3
model_outputs/ERA5Land/seed_174/fold_4/val_predictions.csv,1657,3efac50892c3524b607f9051c6b05ae2b59a2e561de0ecccfad4cf706f61a8bf
model_outputs/ERA5Land/seed_174/fold_4/zscore.json,530,d5b121196b3ecd66b048f4be6d5718b0159538e72ed586896907055a8a868165
model_outputs/ERA5Land/seed_174/fold_5/best_model.pt,159221,ab2006303cc42810fff6a43dd342d784cfc4d12dc2d6378230bbcb806d491af9
model_outputs/ERA5Land/seed_174/fold_5/metrics.json,658,df2af9ca925f15435f7af213554482e83f4102de2d13dc713bd11ae66445357a
model_outputs/ERA5Land/seed_174/fold_5/split_indices.json,3987,cdb175eda78772f1dd7f1f4b9c47cdd100e018c190f5540d531c8385da9492f5
model_outputs/ERA5Land/seed_174/fold_5/test_predictions.csv,2231,08eaa3d5bece416d1b0d31f3611c26550c05573e45c4dc9d468377cbf4264d76
model_outputs/ERA5Land/seed_174/fold_5/training_log.csv,2410,894f242540947725965d67b9a186916d136e67f88ff4642bd327300cb586d465
model_outputs/ERA5Land/seed_174/fold_5/val_predictions.csv,1675,14125550277fb6cb2182a3a5a7721514094453dfa4c73de1cb4ce0fee5e8a726
model_outputs/ERA5Land/seed_174/fold_5/zscore.json,528,80967262e4d9293b2be27f38b533678d19e99820d6bfa4b2c5e3ec6f37bd25cc
model_outputs/ERA5Land/seed_3299/fold_1/best_model.pt,159221,81078c71cffd554a26fd6480bc424c2141bfb1a595607c7e0ee4936e92467e07
model_outputs/ERA5Land/seed_3299/fold_1/metrics.json,631,a286f091cd3d0e9bcf3dbfd1469996524cc077187c2701a66997af6747c50b06
model_outputs/ERA5Land/seed_3299/fold_1/split_indices.json,3987,14176b18227d64146b97b7d9dd5cad13cb5a1f170dc55692d537f6e82d8a028a
model_outputs/ERA5Land/seed_3299/fold_1/test_predictions.csv,2277,c98d13148c202cfcf940fbc859fffa9c12973d2c4acc972940229e536f05cc59
model_outputs/ERA5Land/seed_3299/fold_1/training_log.csv,2397,5d09cc1460acda02b490c966b46918552461f26c18a24362455464762f0bef8f
model_outputs/ERA5Land/seed_3299/fold_1/val_predictions.csv,1664,ecb815c871f5f4c2bcfc2971d3cb130f1ca95e474e3782d8542d585e1d10e406
model_outputs/ERA5Land/seed_3299/fold_1/zscore.json,521,535c43ead8c013167f01e6c9f01a51e1fa81a533f0cd1fd3bfb88abd099323e7
model_outputs/ERA5Land/seed_3299/fold_2/best_model.pt,159221,daed169b893a5565acec19f86b7f06fdc7d7e19134125549e4ebf5822933965b
model_outputs/ERA5Land/seed_3299/fold_2/metrics.json,659,a3af2db86a3cd90a6231a2b6466db8029fdb2f3e7da7da9fc55a32570bbfd0ec
model_outputs/ERA5Land/seed_3299/fold_2/split_indices.json,3987,f81cd643ff544935c33464f1a6855c6999c951795a51ff5ef6b017592352fba1
model_outputs/ERA5Land/seed_3299/fold_2/test_predictions.csv,2406,f3a464e262f7476cc3de8a1eefe429690f9b251114a561e946659edf5ecdf740
model_outputs/ERA5Land/seed_3299/fold_2/training_log.csv,2408,57a35d2ca89d48b9e08697675d8d656385b260367c34157ed2e7b05079ba3737
model_outputs/ERA5Land/seed_3299/fold_2/val_predictions.csv,1727,e8c6cfa6be36830ac317be84d693faa96a01b4f1d70ad5265a1495ba3ef20480
model_outputs/ERA5Land/seed_3299/fold_2/zscore.json,528,fcbda0b8c15e0ff089a82f4f8c0186d0b4f867823d6bd3f37fcba68a0b0f620e
model_outputs/ERA5Land/seed_3299/fold_3/best_model.pt,159221,b93f92f08618b886258ba0f8207376c661f8e19b42046854d82815551034ef3b
model_outputs/ERA5Land/seed_3299/fold_3/metrics.json,658,99be9c17f975268fec9161becb9fbddfc4f56c7b0365a82f308de5e59bd48c71
model_outputs/ERA5Land/seed_3299/fold_3/split_indices.json,3987,f8b10d4234f688863b710ae0746473d402740f8c5070a7bdce12ecfccda7f3a2
model_outputs/ERA5Land/seed_3299/fold_3/test_predictions.csv,2335,e2b03f365f8d062426e7cffe6c82d1fa1445b75cb73020c22c15de97b54e532f
model_outputs/ERA5Land/seed_3299/fold_3/training_log.csv,2396,b7f0e73cd289f4268df7caf81c4562df345120763e860bbe1e8d2130c7c53447
model_outputs/ERA5Land/seed_3299/fold_3/val_predictions.csv,1659,01b65a744161557d12728b1289db9a72505198c5bf439ab1d08ddb89e5371f8a
model_outputs/ERA5Land/seed_3299/fold_3/zscore.json,523,3013559315bb71234e9875c245140e00db95252060db1de626f5bf07d5964f10
model_outputs/ERA5Land/seed_3299/fold_4/best_model.pt,159221,249e5c1645c9cd850491d537a5a60cc18c4d1b8db3cf3a9749fbf08bf56c3196
model_outputs/ERA5Land/seed_3299/fold_4/metrics.json,658,78d75f060d47b03555811f3b531437e3f3b89e056e1da98bc9b45445935cb39a
model_outputs/ERA5Land/seed_3299/fold_4/split_indices.json,3987,8c8887809225607974feb0fcefae1a72ccac7cfe69886188e121ae3d2c0dce43
model_outputs/ERA5Land/seed_3299/fold_4/test_predictions.csv,2215,392a321491bfc6b7df5106ebb4876fa7c7aab7e057d960b0416f30a689d59de9
model_outputs/ERA5Land/seed_3299/fold_4/training_log.csv,2389,dbbf4a337b49ddf6a1ec592a38856c1276b01453226766aba22c8affbd1f9f90
model_outputs/ERA5Land/seed_3299/fold_4/val_predictions.csv,1646,b5433325f888e6dc4502f7aa6e2f48462816ce2a37c2fc2d3959f7b272cd7102
model_outputs/ERA5Land/seed_3299/fold_4/zscore.json,523,ca4370b79ff09ab845efc290646de93c1702b0d5c73e556cc71c7b6233e1b1bc
model_outputs/ERA5Land/seed_3299/fold_5/best_model.pt,159221,e69e13476a8f78c669e2ba11eedd0912473aa37941f80ec36ef3c588295a0a1d
model_outputs/ERA5Land/seed_3299/fold_5/metrics.json,633,ba95acdae42b3be2802b06b2418d75c95a59108af9a472b5de19f90b784b9966
model_outputs/ERA5Land/seed_3299/fold_5/split_indices.json,3987,35725f03fbca385a16f75e0cdaaab874c94a8f34eda2c29ef2d8a13522e59de1
model_outputs/ERA5Land/seed_3299/fold_5/test_predictions.csv,2282,4855f49bc308558aa5598928f913338f19147ef88bb7c596ac4e81c97524c2ab
model_outputs/ERA5Land/seed_3299/fold_5/training_log.csv,2395,e31496414041edb646d7f82c02700a3eec87cedd255d2d396a32f61f09d967b6
model_outputs/ERA5Land/seed_3299/fold_5/val_predictions.csv,1661,12292c31f4d78f74c0a6873016ee3e81403a4e407f4786d38c222f5e3d998343
model_outputs/ERA5Land/seed_3299/fold_5/zscore.json,525,ba4264f0c652f137bc4b634af27210f1d4ed67f899f643df8c09557bb6a5ad9c
model_outputs/ERA5Land/seed_3489/fold_1/best_model.pt,159221,2540df92116c57a7b17ab4bde91f6cb696548216f1c932538c2c847ea8586dc4
model_outputs/ERA5Land/seed_3489/fold_1/metrics.json,656,9db591c8cce4d5eaf11943b52d73fe1aae6c4517c95c40430b40af91601f376c
model_outputs/ERA5Land/seed_3489/fold_1/split_indices.json,3987,961ba1151f311e7bd760fd5d84a96d2eaa28b69a4cac553524fe89833ea0940f
model_outputs/ERA5Land/seed_3489/fold_1/test_predictions.csv,2323,c67992bdbd0867e7c98d05338b6a89fd0d798d8e537f65d2a9b7d6e836c7805e
model_outputs/ERA5Land/seed_3489/fold_1/training_log.csv,2391,49d131ef5e5c1f744ca3b74391d1b1d76f8687071f51891f838db327657ef8e6
model_outputs/ERA5Land/seed_3489/fold_1/val_predictions.csv,1709,aa6a852a63c552ea2ebd5bd9c211b39fa20a1f489233c52fdd0fa44f55a12a78
model_outputs/ERA5Land/seed_3489/fold_1/zscore.json,521,61b11683896936c442b82694a0d7691f22160dfaef3b7fa65b5484ccf431d3c9
model_outputs/ERA5Land/seed_3489/fold_2/best_model.pt,159221,136d8ed44f4ccb71d4ef00ef3b1cad64ec4aea35ec0140377b48c5ff8a256580
model_outputs/ERA5Land/seed_3489/fold_2/metrics.json,658,855d771b6a9da5842c37f3cd5ffa025f0a73623d9189842626ea71768dc95426
model_outputs/ERA5Land/seed_3489/fold_2/split_indices.json,3987,41a2869053c3d3e2389ede47d60ad24611cde5f4eb24ba85c102f91ffc0a8352
model_outputs/ERA5Land/seed_3489/fold_2/test_predictions.csv,2331,34f3c6fd92f4b3f9bd5a0b755d8b8b1c2954d407aa6bedfafc9976d5b5729ad8
model_outputs/ERA5Land/seed_3489/fold_2/training_log.csv,2402,c57d425a291962ea2f2f9c2efa0fd1d59653c0844b9eb3ac750dda1feed4efef
model_outputs/ERA5Land/seed_3489/fold_2/val_predictions.csv,1666,6431afcf2b11ed2ad81672e4e7806c33a7b7bccff2d50096d2ebeded8aec8498
model_outputs/ERA5Land/seed_3489/fold_2/zscore.json,524,a2b7a60c7c2b521a2fb1b75b6442bf34b3f6417692ac61af719a8568512877c7
model_outputs/ERA5Land/seed_3489/fold_3/best_model.pt,159221,e12547bdfd89e7470138e37ff97a2122f40a113fa83854b2f323899207267041
model_outputs/ERA5Land/seed_3489/fold_3/metrics.json,644,04b7b5046ac827eca929ef724d48d9efa54243b711e0d23ddacb8b43e1b103bd
model_outputs/ERA5Land/seed_3489/fold_3/split_indices.json,3987,3dea85732e3b467cdfedd08c7ba2baba240408b0bb43dc9c066204a8cdf4b6c0
model_outputs/ERA5Land/seed_3489/fold_3/test_predictions.csv,2270,da97d14459609da166282aa283c12745250eb648f15f2b45dd0351be75d4a720
model_outputs/ERA5Land/seed_3489/fold_3/training_log.csv,2378,16c9504cd562b381d2f9c4d9d62fefff316ba8fccfb62c96b29ecaceaa0e54ba
model_outputs/ERA5Land/seed_3489/fold_3/val_predictions.csv,1670,42c729617232ef5cac2d505af8689860bf7eb25cd7517d06579a6f9554424362
model_outputs/ERA5Land/seed_3489/fold_3/zscore.json,527,9f546148248e62f0cc7b61b0d4d6f814784f96d67f70c3eeefe12dd33e02f3c3
model_outputs/ERA5Land/seed_3489/fold_4/best_model.pt,159221,fd697116d7ddc9eb946876df49c4d09bf7664235cace984b9a9b35cf916ce085
model_outputs/ERA5Land/seed_3489/fold_4/metrics.json,656,73ff292f4d49b6de6ef810875f66649e82868f968a0db7d26ebdc8c5f9073e5a
model_outputs/ERA5Land/seed_3489/fold_4/split_indices.json,3987,66ea6edc2760ba26e38fe6d934e718be501419294e7e04ab0ce11b8e231254f7
model_outputs/ERA5Land/seed_3489/fold_4/test_predictions.csv,2224,0d42803a83b88db3d4741f076001708440d23d76247ea76592bded4f01b51485
model_outputs/ERA5Land/seed_3489/fold_4/training_log.csv,2404,45314031926407ad7ef6f00bc3dd962b8d17c444abfc9653b4d7521c41248c3b
model_outputs/ERA5Land/seed_3489/fold_4/val_predictions.csv,1657,613dc67990bafc481874a383aebf37f2b327dbad503463e6ab63fd38c40a41fd
model_outputs/ERA5Land/seed_3489/fold_4/zscore.json,525,21dc06b139863a8a6edafe61a890ad09babae861c66c816ac608303886414a1c
model_outputs/ERA5Land/seed_3489/fold_5/best_model.pt,159221,8fb358dd3ed8a6f2b9a5e89cbd802cf17ab9e7781468588f3856670d12c3e7e7
model_outputs/ERA5Land/seed_3489/fold_5/metrics.json,655,d236cfd649fbe5c3166be6f2fd48629da2cfcea4462aedfc567a4cdbf5288f2b
model_outputs/ERA5Land/seed_3489/fold_5/split_indices.json,3987,f475eddc1af200317c84655a97a6976169bdd1d036ef5988ecaf8ab2ba231538
model_outputs/ERA5Land/seed_3489/fold_5/test_predictions.csv,2327,f57b7f12e03b59a0b020ded787c5257d58159a1e1631acad28e2c473b7ed930e
model_outputs/ERA5Land/seed_3489/fold_5/training_log.csv,2398,45715d04f1b994e522df87caaf5e138e27ccfe9b9aabb233a2fe4deeb22edd85
model_outputs/ERA5Land/seed_3489/fold_5/val_predictions.csv,1649,3fc5efec326a423e3c707b88f76525f5e79d66eda394054a63dd61a01fb0132c
model_outputs/ERA5Land/seed_3489/fold_5/zscore.json,524,d6584462c181d314c14b2f6209689f7234642ab166e15285306b062215d83404
model_outputs/ERA5Land/seed_4065/fold_1/best_model.pt,159221,f90a7e85f08d00291838ca659ce029757f9b4a4efe9ec3f717c55edde29314c1
model_outputs/ERA5Land/seed_4065/fold_1/metrics.json,656,de9743cf8b7f43ce777e44f3472c420c3b2bdfeba330d804479f5a61063a478c
model_outputs/ERA5Land/seed_4065/fold_1/split_indices.json,3987,df8e72bddfb1ae7f10772a8689ef8b614d8425b24ad195c589c8444cab737823
model_outputs/ERA5Land/seed_4065/fold_1/test_predictions.csv,2336,7a7470bce00484eb8af7d6f4726f79aec5db019f90212484c25f72b102982d3d
model_outputs/ERA5Land/seed_4065/fold_1/training_log.csv,2395,1b61293057c33d392453164b937531b8818a9fbdb17292337cbdee14c35d2a46
model_outputs/ERA5Land/seed_4065/fold_1/val_predictions.csv,1656,f0cb372832f4d1a98377034644b7ecf0bd10cf1fa1d867be78bd976595e31833
model_outputs/ERA5Land/seed_4065/fold_1/zscore.json,523,0237cedf5a964a20e12a40594d16ff24d97a302e4f6ee3b4b49b435190115a68
model_outputs/ERA5Land/seed_4065/fold_2/best_model.pt,159221,f8a42ae94897f4b3ad17413c203f7bfbb50c5b164456d380991b960765a24944
model_outputs/ERA5Land/seed_4065/fold_2/metrics.json,618,deb0cee575853df444b71082b3cbdec777ff33d3f3e3e95fd70bb43592a56afe
model_outputs/ERA5Land/seed_4065/fold_2/split_indices.json,3987,a65e6ffb0eef10aebf55d7082badfba3ef9aa47adc5c33c63e1586b1f9d05a09
model_outputs/ERA5Land/seed_4065/fold_2/test_predictions.csv,2272,57c44779effbe07cfa2afb6d2aea31a34a469a59d3ecd2f65f7bbe2aa4d641fa
model_outputs/ERA5Land/seed_4065/fold_2/training_log.csv,2401,d083346c1af34fb7dd12f21a19e372671b41d1dc7016be300045493622676816
model_outputs/ERA5Land/seed_4065/fold_2/val_predictions.csv,1722,79b33acae81c7aca09286586b4046b5d24a83de9f2eb76613707b0ece923b2b9
model_outputs/ERA5Land/seed_4065/fold_2/zscore.json,527,18c801844c734385745263fb2050858876ae1d53cae4d411b3a65edf3c5dbc43
model_outputs/ERA5Land/seed_4065/fold_3/best_model.pt,159221,027c32860cc8aa243fafc0e130e3e6f4890270e4dc1dfc86e4f7f19da6e3b289
model_outputs/ERA5Land/seed_4065/fold_3/metrics.json,657,e1e45f3b02bed925a8b0ff2c79c04596f3b60dcde5513941d77fc1d5ceb28047
model_outputs/ERA5Land/seed_4065/fold_3/split_indices.json,3987,3d6e1173ec68e7068e5193dbb20e172d37b8e82c9612a19aa34ba6065a18a478
model_outputs/ERA5Land/seed_4065/fold_3/test_predictions.csv,2337,11dd043268791e616b4bdb916246871629f8b229546c323d18214dfef4f03909
model_outputs/ERA5Land/seed_4065/fold_3/training_log.csv,2394,34d0243d16c8217e580b009b3063d9736a5e23a28a23198235827c75efcb09fb
model_outputs/ERA5Land/seed_4065/fold_3/val_predictions.csv,1715,a270b8353a2dda5b854a5ee82e5ff7e54873644c256dbd219d64c8e79f61073e
model_outputs/ERA5Land/seed_4065/fold_3/zscore.json,529,41c0f8f98066459ef521eabd0d9f3b5cbc5ba25b6d43dd5263b2ee62be75648a
model_outputs/ERA5Land/seed_4065/fold_4/best_model.pt,159221,b511f4fec63f4a91a7ea86353ef506a0ae424c7aee56d989ca4157b18aff0996
model_outputs/ERA5Land/seed_4065/fold_4/metrics.json,658,dbea0e760395b3da5e4431478f2dd0b3d060ca4b7befb82fd95ba3c5a9122c68
model_outputs/ERA5Land/seed_4065/fold_4/split_indices.json,3987,643ecffefbaba0d84c93e5632a9afa0ca5f275c069de18b5a6f88c7fa7d52e1f
model_outputs/ERA5Land/seed_4065/fold_4/test_predictions.csv,2218,1ae1b6dc1d7216c5d133d3d5035ee321c09223ef6e7f67a9fd1b52606b6b23c4
model_outputs/ERA5Land/seed_4065/fold_4/training_log.csv,2406,bcdfd2b8fd0cc3de62d2049e4adc0eb69bd3b5623673dd634af6d5d060b96487
model_outputs/ERA5Land/seed_4065/fold_4/val_predictions.csv,1707,6643fbddad4a642ceb5b9e755817f30a267c4c7ff9c62d67051c6cad7e24b86b
model_outputs/ERA5Land/seed_4065/fold_4/zscore.json,525,8416b4c3c9190403290c98858f3d493db790da83cde3fc6006e2126b61117027
model_outputs/ERA5Land/seed_4065/fold_5/best_model.pt,159221,619b40400a592dee2d6357976e596727e4ade0a91306bd3a9ebbb7f0b7002099
model_outputs/ERA5Land/seed_4065/fold_5/metrics.json,653,ec8e424284583e80dd6d17e8f572df9a38d20d878111d1b1cff93e8cc43f6fce
model_outputs/ERA5Land/seed_4065/fold_5/split_indices.json,3987,d85f414b3f7deb31a6378e948be05495a32227cc4333e2d6122e1c216d6ac864
model_outputs/ERA5Land/seed_4065/fold_5/test_predictions.csv,2348,652c45a5b086045d9c4711476c7a59f9c2d36e070e84e0759239a97d676c0b9f
model_outputs/ERA5Land/seed_4065/fold_5/training_log.csv,2404,63ea7e9509b85d9fc0f8831e5689a43b5b640bb89f0f044dc2ce52e6afc7bd49
model_outputs/ERA5Land/seed_4065/fold_5/val_predictions.csv,1658,bdd2ef6218e14c5727f5591b38047d40c83d102e7f39d9df39a51938d4d6c106
model_outputs/ERA5Land/seed_4065/fold_5/zscore.json,526,222a5b77d0da5adec8d20b169134e1f462da746b3dd74c4a36412d71b02a17f7
model_outputs/ERA5Land/seed_5018/fold_1/best_model.pt,159221,24de89a9c5e62d8d494d9923dc7ffe456b7d41c109b371015371b3cd5e3dd8fc
model_outputs/ERA5Land/seed_5018/fold_1/metrics.json,656,e1b04a8c10d823f92fc62d63c595eaf04bc07068ea2f911167ebc10dc1c8d89c
model_outputs/ERA5Land/seed_5018/fold_1/split_indices.json,3987,9d1bcbe2754a83bc1bbc7d8b0357d34ef11b71db24ac223d0e6f8ef955f7dadb
model_outputs/ERA5Land/seed_5018/fold_1/test_predictions.csv,2341,9b8a6b3df34d1adfb76960dd973fc4a6b41f62c15869f9125a5b6b5680a85652
model_outputs/ERA5Land/seed_5018/fold_1/training_log.csv,2396,8ef3f931aaf5527351521573565bae2cb16a730e833a706958fbd671e2c685bb
model_outputs/ERA5Land/seed_5018/fold_1/val_predictions.csv,1780,41c1591d749324db39d14b2892529f1fab23048898314df1464369d1785e22a8
model_outputs/ERA5Land/seed_5018/fold_1/zscore.json,528,411983a380d3cd08c770e79335566a947e462c454b26a1ad184f2a8945307a46
model_outputs/ERA5Land/seed_5018/fold_2/best_model.pt,159221,f84b12b4d3a58d6358ba53e1862e6bb351cae4fe190e3d67e516b6c71fbec98b
model_outputs/ERA5Land/seed_5018/fold_2/metrics.json,658,1a0dab1066c9a3491ea0b6ddf248a62524b5ee88d10aaa3685fbee847673f2b6
model_outputs/ERA5Land/seed_5018/fold_2/split_indices.json,3987,4159335120e5e7dff300e92191d866d883fb1038241f1ceef6f0a669f68ace51
model_outputs/ERA5Land/seed_5018/fold_2/test_predictions.csv,2327,5447f59280a8a8f8f14e52f3725a79a73cb369815cf875f5661dedd687c5b04e
model_outputs/ERA5Land/seed_5018/fold_2/training_log.csv,2398,21ff82d0c1f8c759246ab61439a432028960ff6d732a3cc34fd2671f32c90266
model_outputs/ERA5Land/seed_5018/fold_2/val_predictions.csv,1721,9c91092b7fee48658084ed59e5e2efac4160184a8b9da6037c0b7a897c9b38ba
model_outputs/ERA5Land/seed_5018/fold_2/zscore.json,526,07712308acd97df26a10cf6bfd7a5be46f2e5c03244e27ee4a4a5fdd9975aa10
model_outputs/ERA5Land/seed_5018/fold_3/best_model.pt,159221,6da5faeb4e040b2dd7aed8717906aa82f1c0cc852f0a23370f2927fdce2607e4
model_outputs/ERA5Land/seed_5018/fold_3/metrics.json,654,7661851c138e8698b751af8b42fe0ceec6a3253b42fa1546859a3cf378b7088d
model_outputs/ERA5Land/seed_5018/fold_3/split_indices.json,3987,09ae6dddef260b90554e3eb269390cba9cba11f786d2a490dca9f8e954563680
model_outputs/ERA5Land/seed_5018/fold_3/test_predictions.csv,2332,67d0d2950cc20caad94e70d0dbd1e5bded7e117f168695ebaf7ca56b481a7859
model_outputs/ERA5Land/seed_5018/fold_3/training_log.csv,2386,a72d4bb3d45046ba5d0501849bceda5ce7538be0bc40c0d1f4a0307730bbd291
model_outputs/ERA5Land/seed_5018/fold_3/val_predictions.csv,1705,495833fccfc30e572c3f5ea74c2814fed9956ec8716a712953583d9e231e6403
model_outputs/ERA5Land/seed_5018/fold_3/zscore.json,525,307121186e5e4eb4aa39a084248488fe6ba1752c932d5851a142f5ca32c256c3
model_outputs/ERA5Land/seed_5018/fold_4/best_model.pt,159221,43097a8c4c6ce929e2de3dcc31020362681ffcf3cd8afd2dfd1233f5674d3a07
model_outputs/ERA5Land/seed_5018/fold_4/metrics.json,607,f9e1ee9c1ccc95c32ae2485ef8bb9f76931da7d279b855910082ff059d9f004f
model_outputs/ERA5Land/seed_5018/fold_4/split_indices.json,3987,12ba8f6b760718b1be2c93e7a10eea76284962202c3e752e3524cecf4c37e724
model_outputs/ERA5Land/seed_5018/fold_4/test_predictions.csv,2268,30c36d6a6be9abdbddb7b800c68ce0f2903ae1608ca879164b24f8d0cda0edf4
model_outputs/ERA5Land/seed_5018/fold_4/training_log.csv,2389,e593fefcc11f1bbe301a8c5bec0aab228d6868ad563d4a5593cba7000e16ce9c
model_outputs/ERA5Land/seed_5018/fold_4/val_predictions.csv,1715,c242eefb02308568257472e0f005a8b3f4e411875232b92d0f213c17abbbc771
model_outputs/ERA5Land/seed_5018/fold_4/zscore.json,524,db172286b071701d791b6a7f4c38671ca52b08ebc7d9d14aa8ce01f15a96b81c
model_outputs/ERA5Land/seed_5018/fold_5/best_model.pt,159221,cfe3697e9027b73c815381e865284b747718ee9f75df76fc7258c74c0f2523cf
model_outputs/ERA5Land/seed_5018/fold_5/metrics.json,655,765f6ffbe570b10f440a54c80865731a6a865c2b73b5699ee414b23bb33dacb6
model_outputs/ERA5Land/seed_5018/fold_5/split_indices.json,3987,594c017f4e2ad9b44bbbfb721741b809b755821edc51d1ac6fb92bb9f7f9b4ea
model_outputs/ERA5Land/seed_5018/fold_5/test_predictions.csv,2231,8b30b6659a00be2dab06db4fc31c4ecf865236acff6d1cec25ed26656465142b
model_outputs/ERA5Land/seed_5018/fold_5/training_log.csv,2387,c85b1396ea8b64379459f467448297cc2dabca1e4c9bfabd97dd6cd5027cfa7a
model_outputs/ERA5Land/seed_5018/fold_5/val_predictions.csv,1722,8ae4f1c3a9c1418eca04829903146d00214f81b2b6d949da7a7ee5e60da0c480
model_outputs/ERA5Land/seed_5018/fold_5/zscore.json,523,4aea7068fd8e03b11f11f859a9fa8d478439089f9909cb4d60d207e5c0853ccb
model_outputs/ERA5Land/seed_5168/fold_1/best_model.pt,159221,6258be36a5aa814284782d6ac63d07f054e17dfa91629f883401ece0ad77c01d
model_outputs/ERA5Land/seed_5168/fold_1/metrics.json,659,be212bf67fae44028816c98f6bce5ea7fb8cd87e73a48a921e7ce5c26503152f
model_outputs/ERA5Land/seed_5168/fold_1/split_indices.json,3987,8efbd7ef543bcb74af4ed82c66e24cdd79c618144966d38d7b2463478298b583
model_outputs/ERA5Land/seed_5168/fold_1/test_predictions.csv,2333,ec92377961a8d38d51e4d7de26e0e075c7e8de2fac364ffd7cf3a16f6301d4e8
model_outputs/ERA5Land/seed_5168/fold_1/training_log.csv,2387,c0615b144da4e2b439768b495b61874b927822ce65d645b356bb3a2f670d2c68
model_outputs/ERA5Land/seed_5168/fold_1/val_predictions.csv,1652,7ab7939c92975eae3d6401e1f18193592419fe9ac96b32bba8982cf7ea6deff7
model_outputs/ERA5Land/seed_5168/fold_1/zscore.json,523,e8e32f7c41d3a5d182395263ce0ef922d9c4d37d6a3f7c80b7ac73f13a11922f
model_outputs/ERA5Land/seed_5168/fold_2/best_model.pt,159221,6ed863b23479e8a2d19bfc896e59643657357cfc87aa96ed1097168ba1a1b8dd
model_outputs/ERA5Land/seed_5168/fold_2/metrics.json,646,691196d60532b9f67df361982aead0bf9923be7d83b13e9e610ab62cdfd79efe
model_outputs/ERA5Land/seed_5168/fold_2/split_indices.json,3987,ddb08f53ad3004280245c3629e5e1327fe6aec1ea3cb248712b4ce065578b441
model_outputs/ERA5Land/seed_5168/fold_2/test_predictions.csv,2265,b9deb2668c3ff0117bc1b8a605e8a9c24aa5e89336448c5b4da9bbc66dc28ca1
model_outputs/ERA5Land/seed_5168/fold_2/training_log.csv,2398,4ac9073fc039f68d88eac67d20968350594dc25139b49a1b7325ad46ce2b1079
model_outputs/ERA5Land/seed_5168/fold_2/val_predictions.csv,1783,65d7aed32058ac207fe2c09729be7495b3ab200b374f386531237ecd05df957d
model_outputs/ERA5Land/seed_5168/fold_2/zscore.json,519,66e54c1f9647d29ed8c319c251ddb6f947e8f16d514b1fed8ad5c46af2c72fdb
model_outputs/ERA5Land/seed_5168/fold_3/best_model.pt,159221,7b079065e53ecdbcde83925268c566eaa8547e670179c63df34bc81c60abac15
model_outputs/ERA5Land/seed_5168/fold_3/metrics.json,643,294153515ec808e105716d199538d7332b9e1e7ebb2719f8a1368f4a7e97efc8
model_outputs/ERA5Land/seed_5168/fold_3/split_indices.json,3987,2f5e9b0aafab606399586c04cffd30ee10526e8648f4c98d99c4f8c5cbd0e1c1
model_outputs/ERA5Land/seed_5168/fold_3/test_predictions.csv,2335,c8705fd18ecf716c26381d28cfac229eadc532b70ca0f26e98c9e989337fea0b
model_outputs/ERA5Land/seed_5168/fold_3/training_log.csv,2393,361bb47f8c7757b3d6e1d7ddbc0926b9aaff5cba6a57435573e60c666a0625ee
model_outputs/ERA5Land/seed_5168/fold_3/val_predictions.csv,1714,b4d200eddaac505dec58ba2d83853a02cd8860aa3323d9f03bb9dc91fc82466c
model_outputs/ERA5Land/seed_5168/fold_3/zscore.json,529,31c140f59cb13b860325f7a2bfaea8131d553e1dd5dd2646e93cd587342f5bf6
model_outputs/ERA5Land/seed_5168/fold_4/best_model.pt,159221,700f4a16c04cfd10d09908fc889eb6ea136208dec20956687357662f91735692
model_outputs/ERA5Land/seed_5168/fold_4/metrics.json,655,bedea302888f3f31a58bcd755214112ec1f203b91c5407785a0bfaa9be290469
model_outputs/ERA5Land/seed_5168/fold_4/split_indices.json,3987,601856643c73b74eeba322e40404d30c1105c79b6b28d657393b4453e70fabbc
model_outputs/ERA5Land/seed_5168/fold_4/test_predictions.csv,2211,9e1df076ff85d2836497bfaf3dc95c1c85af62c5343d3ac3699ab992e60085a5
model_outputs/ERA5Land/seed_5168/fold_4/training_log.csv,2398,bd467883d8c68f722c2fec70408fd00da8a90371af7382685b06b724e971d9fc
model_outputs/ERA5Land/seed_5168/fold_4/val_predictions.csv,1637,2d129cdb18f9fda92bf4743501d178a84c40e875531ce22701164b7e1c53c28c
model_outputs/ERA5Land/seed_5168/fold_4/zscore.json,521,126f673cf876033fea722435bc905a8db91782b1ab63316243f9c30a59ba9e11
model_outputs/ERA5Land/seed_5168/fold_5/best_model.pt,159221,8a66edde36bb4cfe7b27e90ee9f884a46b6bf331991e51b33402b111d7c2778f
model_outputs/ERA5Land/seed_5168/fold_5/metrics.json,658,35a6a7542d3405ef149f5f82a7ed0dc27c6a36289dd5ca45246f5baddefb57fa
model_outputs/ERA5Land/seed_5168/fold_5/split_indices.json,3987,c58ad505fafa5d9a94db76c4c9140bee2092dd8edb15cc60e7ac30603dbd6d93
model_outputs/ERA5Land/seed_5168/fold_5/test_predictions.csv,2324,2d26504c733acfcfb9e48dbe5d53ffbbf326e5d33e3abcaa99502a5e9cf52934
model_outputs/ERA5Land/seed_5168/fold_5/training_log.csv,2393,90aa24e5f82b2f6e23c01e3580ca8b4e8d901b9873a77c356dee1d5244bfb632
model_outputs/ERA5Land/seed_5168/fold_5/val_predictions.csv,1654,67e8dba3a2c45516493a2d63597f94d1766f0930376d28268517e3f5ea06ddb1
model_outputs/ERA5Land/seed_5168/fold_5/zscore.json,528,ef34a60e4ae306f1d8ab6710bfce6043c0521dd50d1a12a7824126e69c5e4020
model_outputs/ERA5Land/seed_5319/fold_1/best_model.pt,159221,af653ea429928aea3b20d6ac28f879153535670f93b9b170fba2d8a9d51e00a6
model_outputs/ERA5Land/seed_5319/fold_1/metrics.json,658,5941a53ed1674db9a23b43ea563dc217c91fbbe1712dc55b6c0befd3776f9bd9
model_outputs/ERA5Land/seed_5319/fold_1/split_indices.json,3987,c7259a115de40bd7c9471439d90f30f51b7c3a3b89672a06aca2e225793b22c3
model_outputs/ERA5Land/seed_5319/fold_1/test_predictions.csv,2383,49174b7ed87c5676f1b95413837142eaa4b8982c4a5e59692af0579f97192ff0
model_outputs/ERA5Land/seed_5319/fold_1/training_log.csv,2391,11bc5a2e250e949571bfd9756375814d421428783105eb3493cc77502080d9a0
model_outputs/ERA5Land/seed_5319/fold_1/val_predictions.csv,1654,bde47e785650f2a351222927cd15ac55851dc7edb6a8e3fddea075a3a621e770
model_outputs/ERA5Land/seed_5319/fold_1/zscore.json,526,c4b3cd71e4842a8ac8034f1544cf22668354bd1900e648ec640b769010823021
model_outputs/ERA5Land/seed_5319/fold_2/best_model.pt,159221,ee6b6c7db7c903b301ee7676172c148ca051d5675b639b64db3e4ffc7576c9f4
model_outputs/ERA5Land/seed_5319/fold_2/metrics.json,633,2a2cb48b0c947d2be0fae3e83b0bfd1f9783db454a276a3f67f7ff3d36ee7924
model_outputs/ERA5Land/seed_5319/fold_2/split_indices.json,3987,4a6635276f46fd5bfb3cfe403d11eaf3362cfe07f1e685b59f29164c84908959
model_outputs/ERA5Land/seed_5319/fold_2/test_predictions.csv,2265,b6c646b29a4777bbec19dafc0661c5008e4a7087a024b81074a2efe87f8cc502
model_outputs/ERA5Land/seed_5319/fold_2/training_log.csv,2384,8ab143a5faf4675e024d582c349697879272de328d1c4bf628820d28868b315f
model_outputs/ERA5Land/seed_5319/fold_2/val_predictions.csv,1704,c72b33971c085ff4c9329f6f1df4282d75131eaaf32693170c56871a852158be
model_outputs/ERA5Land/seed_5319/fold_2/zscore.json,526,d2c07fb37792df6b62d648f7aebdb88b0c7a2912e8b2d818f1b848749ad41105
model_outputs/ERA5Land/seed_5319/fold_3/best_model.pt,159221,0ab0d388656c5c4e23bd7770843fa80bf56f08f39c58c767f29483cb81f5da6d
model_outputs/ERA5Land/seed_5319/fold_3/metrics.json,657,a5d7625dab9aa9e8232e9a16fdc19b0b3f3d0921c07ed0ed7b065f58530ff453
model_outputs/ERA5Land/seed_5319/fold_3/split_indices.json,3987,95fdd68e9b41cd31c522d216634be74a932067c95ccc3554385a47a23fea4cc4
model_outputs/ERA5Land/seed_5319/fold_3/test_predictions.csv,2333,f3b07848457c4d7eae08b10a0327fdb75d010e9ece22e5f53d2288ec5a34c636
model_outputs/ERA5Land/seed_5319/fold_3/training_log.csv,2385,f417d7e72eb72088d18d89a18c34fb6dee744bf21746bc8ca06f910086b20dab
model_outputs/ERA5Land/seed_5319/fold_3/val_predictions.csv,1646,83b2e1903e5cfcf33db204b1992309de104d73f2860294a9046f88efadd8f129
model_outputs/ERA5Land/seed_5319/fold_3/zscore.json,523,1dbd3753221e7930619f39e166850460dae4f92416781ed14bf44465baeae3a3
model_outputs/ERA5Land/seed_5319/fold_4/best_model.pt,159221,882503b89df40d790fda28d4ccbf51817a3c85f235c57984b6c307dbdb525429
model_outputs/ERA5Land/seed_5319/fold_4/metrics.json,632,2be9ccc689b6f391ddeea9b6d1c420ff04b8d7539f4e41c1ad8c32f578a81a33
model_outputs/ERA5Land/seed_5319/fold_4/split_indices.json,3987,d723e5f8a6805f0789323e10a167c60e6527911c229b8f21a44e5092b60b99ac
model_outputs/ERA5Land/seed_5319/fold_4/test_predictions.csv,2266,50b1d6e76ea1a007f3b0243aa33d9ac3a21e225813ed268e437aadca8725860e
model_outputs/ERA5Land/seed_5319/fold_4/training_log.csv,2391,0ef85ea7773a4471dbd8221cba6ec2db83624aa75bf61e18d577ec561eea8661
model_outputs/ERA5Land/seed_5319/fold_4/val_predictions.csv,1693,fcb77078ced310ed13f7d544f1ddb14de08e7fa5f947be795589ba887ebe1aad
model_outputs/ERA5Land/seed_5319/fold_4/zscore.json,521,909b32eeb72493add14ca19eb16cf0764245edae0b79766b59d33220ed37e955
model_outputs/ERA5Land/seed_5319/fold_5/best_model.pt,159221,b3f567e53c0c323876544cb939fb92f29ba363cf7944c1a6a0621e25bdf7b6f9
model_outputs/ERA5Land/seed_5319/fold_5/metrics.json,657,83c7fe30aa7419cbb1abff233f2adee83f8d65efb934027ca19687b56a40689a
model_outputs/ERA5Land/seed_5319/fold_5/split_indices.json,3987,b1aa30b095e1453b0b3d0324cbe8a73fd4e39f5cca97b5826ae032afafd93bec
model_outputs/ERA5Land/seed_5319/fold_5/test_predictions.csv,2233,1cb089cc8f2ce69ba04dbbc672979e54e41f32ffdd50bf54a6f0292135d6647e
model_outputs/ERA5Land/seed_5319/fold_5/training_log.csv,2388,451311f0028278ff0eb7a7e40941fb244aec2a37fb4258f88f257439a3dfded8
model_outputs/ERA5Land/seed_5319/fold_5/val_predictions.csv,1768,1c957a134ab65f06f307139cb31a2dcd9fd638e3509bca9a8344fefd61fd843a
model_outputs/ERA5Land/seed_5319/fold_5/zscore.json,525,b28d341074e370f444ea49b9070636e5a816f9fa307ab637f08a608a0fa38c58
model_outputs/ERA5Land/seed_6469/fold_1/best_model.pt,159221,282a89ef4a6ff8d532ad1ee3f2c0d93b38df84b8d1dd8ff34f2e4b9f7f04bf06
model_outputs/ERA5Land/seed_6469/fold_1/metrics.json,658,24df3aab66a243ad7fa0f3a0a603864edd13da08282b40d08296e797213db35b
model_outputs/ERA5Land/seed_6469/fold_1/split_indices.json,3987,fd26bf10c7c0cb090e8f0a78b20559090879f44c32fc75a9bd4e7e432230399d
model_outputs/ERA5Land/seed_6469/fold_1/test_predictions.csv,2325,225fdf2b6443b28c174d4e34e76ad26d17c1009951b67350b06cbaa74cda1a98
model_outputs/ERA5Land/seed_6469/fold_1/training_log.csv,2402,2966b365d1f980c3899798a12d838ae0dd8573e1709e1eaebd8a748a4df4bcaa
model_outputs/ERA5Land/seed_6469/fold_1/val_predictions.csv,1666,fb1ad152e942a956c775b0b194e3b6a04df2c1da9a48c257013c703b086dc3ec
model_outputs/ERA5Land/seed_6469/fold_1/zscore.json,523,18a716bdf3e40220ec247395a86f615eb30d1c91a969751cc8c499f867243a71
model_outputs/ERA5Land/seed_6469/fold_2/best_model.pt,159221,8ab2bffe616d0bbaf64387e545bcf1fb807a9ea102460a005115902dc03eff63
model_outputs/ERA5Land/seed_6469/fold_2/metrics.json,658,3f9e3a1c2e9d36469d919d4c34359456982c5542660c9f7dff526fef30779546
model_outputs/ERA5Land/seed_6469/fold_2/split_indices.json,3987,ffaed35a2f695394fcfbb833b55d12d7a503b8e2c059372869600705f991075b
model_outputs/ERA5Land/seed_6469/fold_2/test_predictions.csv,2317,3ee9ef09ff91242577b68405e914978ba1100100fb75a3b642b9a71432376906
model_outputs/ERA5Land/seed_6469/fold_2/training_log.csv,2393,b43978427284195fdb6c18048b9df384d787522feb9c8a17d31571ed104cfde7
model_outputs/ERA5Land/seed_6469/fold_2/val_predictions.csv,1696,1aeebd59bd914936ab757f53b40b27574ae3984ff424656a1ac7debba08e5f5a
model_outputs/ERA5Land/seed_6469/fold_2/zscore.json,524,fc212a9a5bf71a13fe4f049045607c1c02aa70b473db1fabb0beaefc0130fb95
model_outputs/ERA5Land/seed_6469/fold_3/best_model.pt,159221,cf289dbac9864f0e93a9ef3a67ec73ce099c36906b20a7ee0124f08b6428fc89
model_outputs/ERA5Land/seed_6469/fold_3/metrics.json,658,c7052c6c8663fdb4b48869046885a11de4825adb683b0aa7c4188dfdde108f27
model_outputs/ERA5Land/seed_6469/fold_3/split_indices.json,3987,9d1a5d04daec9caff4dbbb35b554796c824513cb44cdd1943a837d47229b079a
model_outputs/ERA5Land/seed_6469/fold_3/test_predictions.csv,2347,2e3a81a1c2037d655799c535acb268aaac2106ccb4404464756548c67b0e63c2
model_outputs/ERA5Land/seed_6469/fold_3/training_log.csv,2408,e88549557ee5623e7d78122c5edba4fa0e530fe16aefc48b3313305d8d6fa28c
model_outputs/ERA5Land/seed_6469/fold_3/val_predictions.csv,1684,e065538ec301a6f61e575996d4df3d9bbb8423129979a4cb16b2892e265f3add
model_outputs/ERA5Land/seed_6469/fold_3/zscore.json,527,83d27dcf622dcaaf966c07d489fb547d0a6d991adc9a1d019ceb12f152751d41
model_outputs/ERA5Land/seed_6469/fold_4/best_model.pt,159221,a9c31502e3976ca74d1dbfd47bb4c316ca42feca9f7e8618f7d4f1b244f9ef75
model_outputs/ERA5Land/seed_6469/fold_4/metrics.json,658,c7de5710c602ccd6c13d6468f2ce53e8d9c0657f7eae90d1a245a11ac5b2a5c2
model_outputs/ERA5Land/seed_6469/fold_4/split_indices.json,3987,d6d3d05823237bd3eea92f9f9043b928026fbdfadaa6b1ab5db183ff86d84dc5
model_outputs/ERA5Land/seed_6469/fold_4/test_predictions.csv,2227,21d20fe84d137646ee48a7c4a9fb7ab53df4bb9633186c443328680e34889bca
model_outputs/ERA5Land/seed_6469/fold_4/training_log.csv,2392,36d784648d6970f22bc0159f8365b36184aacabfa23f811f9b032f184d0f3af5
model_outputs/ERA5Land/seed_6469/fold_4/val_predictions.csv,1700,4e99c06716cb1aafa29dc8cc318d344758d11f2c42d45f3d72f7e77f62e0061e
model_outputs/ERA5Land/seed_6469/fold_4/zscore.json,526,eaed313ab51de1ff47f0c658a2e01fa88afe2f4e2b5112871b6394e526bfcfc5
model_outputs/ERA5Land/seed_6469/fold_5/best_model.pt,159221,4825396753ad5409eabe1248a91d94783d94c68db7590b30d0b9735d1134701e
model_outputs/ERA5Land/seed_6469/fold_5/metrics.json,633,368a55738968ff538a8a3a8f0ab5db63c192026290d7da0108bc721761d76d05
model_outputs/ERA5Land/seed_6469/fold_5/split_indices.json,3987,9b263065c8009239d811af769d8b50890574ae045ce67dd0b776e678df8dd54f
model_outputs/ERA5Land/seed_6469/fold_5/test_predictions.csv,2283,357148eec6c3689ec8c515af8e3704c71f8b0ebf04c5568c6028f65992cb97a6
model_outputs/ERA5Land/seed_6469/fold_5/training_log.csv,2390,c3b10e4852a052834b75f53d24bd040f1d409d2f037a7e88079561d1724a1713
model_outputs/ERA5Land/seed_6469/fold_5/val_predictions.csv,1647,80f2ab24a4593bffc50d5c2367f33402e5a6de522b40cfa19405138dfba122cc
model_outputs/ERA5Land/seed_6469/fold_5/zscore.json,521,aa2ad83e6bb47a3f4bd4b2846bd26305180267cd5316562eda0d9b393717f50f
model_outputs/ERA5Land/seed_9919/fold_1/best_model.pt,159221,81b0f8ded39c2b4beec5a4a5dd3c1ee9e0e1eb2f297d6c5940109b2a7d2250c9
model_outputs/ERA5Land/seed_9919/fold_1/metrics.json,657,8160aa2d5e3a7d4b56bd6d02592bf723faad497ce65a296c3b72f8ecdf7d7569
model_outputs/ERA5Land/seed_9919/fold_1/split_indices.json,3987,36447b3d46acec8576a3dc514bf00a9d592740d67df3af66e8e5d264d6971840
model_outputs/ERA5Land/seed_9919/fold_1/test_predictions.csv,2329,ca280087a4a67540d2fa2844ef5104c7f3226cc94cee84e0721e9367a4bf3eb3
model_outputs/ERA5Land/seed_9919/fold_1/training_log.csv,2399,d8edf931198efc6c1aaa6137822e6a89ec95cf46090ac8df2154960214d25204
model_outputs/ERA5Land/seed_9919/fold_1/val_predictions.csv,1722,9f56882c184dd1bc55d82509b5237f05ecc3a1f66bda52c48bfe0b0c4ef3ba10
model_outputs/ERA5Land/seed_9919/fold_1/zscore.json,525,8694bcad95fd6771637d12e3edc0e86d866aaa4884635f8d5ef4133718897881
model_outputs/ERA5Land/seed_9919/fold_2/best_model.pt,159221,02a30703a9ff404855f4ea6e9e81afbf96d99df72cecb49c7f8480ddb6154981
model_outputs/ERA5Land/seed_9919/fold_2/metrics.json,631,5042dd926bb41086141bf5018e36d4c2da46bf03d160e241a527f1f3034bc42f
model_outputs/ERA5Land/seed_9919/fold_2/split_indices.json,3987,fe7dfdf265692c83b7258eff91648a37d7622b7d760961d9e98fafaeda15f4c0
model_outputs/ERA5Land/seed_9919/fold_2/test_predictions.csv,2274,4112c6943fe2a3a8ac4cf0360ea90cf6457298a3e27c1c04d3c7e69558a02016
model_outputs/ERA5Land/seed_9919/fold_2/training_log.csv,2394,cff1c19c4e32d846ed6851f698231d1a65c7258dbfabde6feae4868f9228ed0c
model_outputs/ERA5Land/seed_9919/fold_2/val_predictions.csv,1772,e84fcdd4f1e25453058b47a98af7182e224013527f361993f1594613cc956110
model_outputs/ERA5Land/seed_9919/fold_2/zscore.json,524,86e7200151e093268016bf6e0c480ea526437f86310845cd31ca4b9401814c50
model_outputs/ERA5Land/seed_9919/fold_3/best_model.pt,159221,ad2491461dcae184cd1a7062a2d1c39e164feb310b20acd5c7a11f221950c1ea
model_outputs/ERA5Land/seed_9919/fold_3/metrics.json,656,72a692e9631ee10bbb1e9a1b15ba6393d1dedc48819373d0ac6205746587e5da
model_outputs/ERA5Land/seed_9919/fold_3/split_indices.json,3987,e22714ef8850a9db9859ddf230df6f4dcae54a781bf2078ecc35cbb2450e8724
model_outputs/ERA5Land/seed_9919/fold_3/test_predictions.csv,2382,25d6802e8c17ede79b79d2819eb73d32e578c4855ede5361e1fd6f073cb91a2d
model_outputs/ERA5Land/seed_9919/fold_3/training_log.csv,2388,c8787e9b9172f4d764f6832f6ac3c6060396f41535ddd6300961b9e555f1e647
model_outputs/ERA5Land/seed_9919/fold_3/val_predictions.csv,1704,eecfbcd5c92653d4b5554e65c3b2f970765c0013663739e8bdfef18a96cde40f
model_outputs/ERA5Land/seed_9919/fold_3/zscore.json,527,7ccb3e6de46f1668627df392dd14dc212433475866f18397c6a05b2ad7d430dd
model_outputs/ERA5Land/seed_9919/fold_4/best_model.pt,159221,d5159984fca6efd3da2f7522c8f638ebf0c7bedb7582057981e1c817c2f749a7
model_outputs/ERA5Land/seed_9919/fold_4/metrics.json,657,c5cb26dda6b3eb3cb5cb1d05f7683b6f0205736fcaa4673639f17cfaa4b69c7b
model_outputs/ERA5Land/seed_9919/fold_4/split_indices.json,3987,b93f7cdea57218b87fb3b249f30748ff294d6a862992417f91a90d199cc80a78
model_outputs/ERA5Land/seed_9919/fold_4/test_predictions.csv,2214,dc9e7d1de5361ca3ccd1c283c93b154c52283dcf39ef4e531e8d1e8c45e9af30
model_outputs/ERA5Land/seed_9919/fold_4/training_log.csv,2390,3e1e9e770864e3db13b7c49244c516867cbab281156920c5a856a2cb1a63a1aa
model_outputs/ERA5Land/seed_9919/fold_4/val_predictions.csv,1666,491b75b6b8578eb9663e708fdcfc4dc9520cb2c1450f02b4713e9562fbb630e8
model_outputs/ERA5Land/seed_9919/fold_4/zscore.json,525,c06b34f91126ac910f997be2ac140ce06dfaffe21db5888e827884c966b129a0
model_outputs/ERA5Land/seed_9919/fold_5/best_model.pt,159221,7dc248aa5a7dcf140c5b479d46c498ee1e3be7c7db71fd10f179ccddb6b6979a
model_outputs/ERA5Land/seed_9919/fold_5/metrics.json,631,fb3025536a043b5b7f1e1a9acad9210d4ae0484faaf946dcb27a0ea9adf89e69
model_outputs/ERA5Land/seed_9919/fold_5/split_indices.json,3987,a1806c7f8aef77b40033e7f0513a5bc553e81e88f096da4a091c9c9e1379d517
model_outputs/ERA5Land/seed_9919/fold_5/test_predictions.csv,2281,24458a5e46850c58f43733bbe9cd86247b57aebd5cfc8b41a63a2156924d730c
model_outputs/ERA5Land/seed_9919/fold_5/training_log.csv,2383,c9913ec318a42ea41ab97781ebcb6ea95b400f0426477bf6d3ebb5efcab91e24
model_outputs/ERA5Land/seed_9919/fold_5/val_predictions.csv,1649,2f3ff30283531b8117cd6ee311157c91f76bfb1f9859e79984dace4e32adc9d4
model_outputs/ERA5Land/seed_9919/fold_5/zscore.json,523,39c4894bfbc2e990beaacbe67d77a414897e6b79c9d8bb2d0881a88730fad954
model_outputs/JRA3Q/seed_1497/fold_1/best_model.pt,159221,4eee929b73ebb346dcf63012344f1233d2ab8732bb208199d56abd1c68abed4a
model_outputs/JRA3Q/seed_1497/fold_1/metrics.json,654,0d47faff08c9bbf25eff05148e30f465bb9faaa54a93b09dd32cd1771b4727c2
model_outputs/JRA3Q/seed_1497/fold_1/split_indices.json,3987,3ff8aa65202481decc540735eec0027db39ea395041a677651c758b989717e00
model_outputs/JRA3Q/seed_1497/fold_1/test_predictions.csv,2340,9ff3ddfd0edc6c236212aa325362e7706514b5adfa290b14cc6638fcd4cfc88c
model_outputs/JRA3Q/seed_1497/fold_1/training_log.csv,2392,85f0d753a86bdedabca88a830545bef5014f1ce7dd655bf09403f3a313e6ce5c
model_outputs/JRA3Q/seed_1497/fold_1/val_predictions.csv,1662,5ac56540f394d7d71629435423e71050029d9f33540f1f1a12674ed231daf8fd
model_outputs/JRA3Q/seed_1497/fold_1/zscore.json,526,21bbc211b7ce3a1f3e84f455d1b1929a93a4500cb309692b517bf3740fb59036
model_outputs/JRA3Q/seed_1497/fold_2/best_model.pt,159221,b97e6b1494b1da8ea3bd4ff5cb8a56051ef90ae63bf8da25a9b25554c7e960cf
model_outputs/JRA3Q/seed_1497/fold_2/metrics.json,651,f5bdbb93b52503218d6d35a66df94eb70e8b11388a61fb07e9aa101a560fc1a4
model_outputs/JRA3Q/seed_1497/fold_2/split_indices.json,3987,7000e8292947646dc0c14b4946b44f86df5bea1cb996d21752b85bc551cdcd0b
model_outputs/JRA3Q/seed_1497/fold_2/test_predictions.csv,2325,08d9043176fee359b19845ecac65681e3a6c6d8a03a89982fbc3b905f3c1a29b
model_outputs/JRA3Q/seed_1497/fold_2/training_log.csv,2390,027adc400f6091f9ce24294659981943cfafd4992be8341dabb190ab3e490ef6
model_outputs/JRA3Q/seed_1497/fold_2/val_predictions.csv,1645,c9c1f7f32bd0fe1abe2d7f79f31c9d61c5b0b35faed62ea5c63adfa5802a38d5
model_outputs/JRA3Q/seed_1497/fold_2/zscore.json,526,1bf6ef832de0652ab9e549056c7c1a0ede562154b8f04d389f0325eeb4d863e4
model_outputs/JRA3Q/seed_1497/fold_3/best_model.pt,159221,337139f17e7850458eafabb26658a5664ca7ca4c4e6023a08d153bb5a137c17b
model_outputs/JRA3Q/seed_1497/fold_3/metrics.json,654,be189ade5b9081ea4b56315e12f43aa4581d5a556ced7e059e2c1c14c4f0f6c8
model_outputs/JRA3Q/seed_1497/fold_3/split_indices.json,3987,bd275371fd56ec97daff2ebe1f9a2fe8e87b8e44cdb99078ba9e350584be8fae
model_outputs/JRA3Q/seed_1497/fold_3/test_predictions.csv,2333,e7bbebc168394608343a10afb2e448fc27e9181c749dab9967d2b3e7f66c030c
model_outputs/JRA3Q/seed_1497/fold_3/training_log.csv,2389,55104fe71fd05a6aa5da1c511ed449620adcd5394bad6fca25756e38caadf2cd
model_outputs/JRA3Q/seed_1497/fold_3/val_predictions.csv,1708,7e0e90d127ff2e1b8b73803554e5ba7ec7bf877b531b056da9f2b8086c755daf
model_outputs/JRA3Q/seed_1497/fold_3/zscore.json,524,14bfb13944142b16e5fd5931aa8da6169cfad7e7ecbbc785f5387e954f9db4cb
model_outputs/JRA3Q/seed_1497/fold_4/best_model.pt,159221,43cb11a19e91c32d83846c363ce80a3f3d72edbdb0ea5e1d693d06736aea3f7e
model_outputs/JRA3Q/seed_1497/fold_4/metrics.json,624,6a34a5802fd68c1f4393e5aaf15882d7c03d8facc41c4cfdd6aa72ffb8c6dad5
model_outputs/JRA3Q/seed_1497/fold_4/split_indices.json,3987,9fbe51ed4e0f7ac3dd2744f78d647c282708f8e0151d8e262f9fdd79ad48d765
model_outputs/JRA3Q/seed_1497/fold_4/test_predictions.csv,2206,ac31dc95bee6e4e6e6f743c790ba6ea2f80041b5a6c3f0f46f1330d199c7430d
model_outputs/JRA3Q/seed_1497/fold_4/training_log.csv,2394,b39428e7089558941f363ea99ed6fe5d3ddaad44c7e77ed3589fe638e4de6ab1
model_outputs/JRA3Q/seed_1497/fold_4/val_predictions.csv,1708,ec93ea6529a235a2ffd9bc296f8a7a05e003a71490717c71bccbf8135179768f
model_outputs/JRA3Q/seed_1497/fold_4/zscore.json,518,dfbedcdc901a04c3fe58ed25c52c2d6fbe99169ef2764354015113fff3a233fe
model_outputs/JRA3Q/seed_1497/fold_5/best_model.pt,159221,bdc2c1c52d42ff138fc555e5bd30a3d0818d52ed79db97a1ec78db004abba219
model_outputs/JRA3Q/seed_1497/fold_5/metrics.json,641,4f65fff2b1015915422bca74547154f74b66ab31025194403a1ad493a1334bf4
model_outputs/JRA3Q/seed_1497/fold_5/split_indices.json,3987,ebbba3a47a5c89e3a16f6836e286efcea0fe0a8f0ea42333d021fc32ed2d3aae
model_outputs/JRA3Q/seed_1497/fold_5/test_predictions.csv,2266,761ebc598b008e51f51ea7febe8897d82a2183df2ba28735eeebcb380baf3e18
model_outputs/JRA3Q/seed_1497/fold_5/training_log.csv,2388,926d4f79514c6badaff3e4cea04fa3fc7b2d3dc7d75df3eaef9dfd7d38dd62be
model_outputs/JRA3Q/seed_1497/fold_5/val_predictions.csv,1696,540d6d3f2d2144aba8c7713ba6d545e5b13f2c612d1c9df2b97271dc9c2b7e35
model_outputs/JRA3Q/seed_1497/fold_5/zscore.json,526,a51cb461fa72a485377b1a0143185717dcac24f633c4b3b07157991ec1620647
model_outputs/JRA3Q/seed_174/fold_1/best_model.pt,159221,9bde24de4f0b00831311b1efdb8091dddd5bfce56c97bf514d6b3fd40b0da3df
model_outputs/JRA3Q/seed_174/fold_1/metrics.json,655,2fb6cbf8d9064610fd80e14e375ddcb4929df9b69bd144a3972b279d11299b07
model_outputs/JRA3Q/seed_174/fold_1/split_indices.json,3987,1db8e88fae425201daaa0277f0710340ce14746bce6467df02669d10e129799a
model_outputs/JRA3Q/seed_174/fold_1/test_predictions.csv,2332,5a02c00d683d02e8171be00a754b021cb3da643e738504bd29120d9d15ff1f42
model_outputs/JRA3Q/seed_174/fold_1/training_log.csv,2406,76208100308fbe4f1d76d1bfbad8ccd37956a1802a2bff0c78adba2bcb33798f
model_outputs/JRA3Q/seed_174/fold_1/val_predictions.csv,1666,993f7396ab8e0fa6ec269c6a8f4f23139bb214885101e6d6d495b08f186be349
model_outputs/JRA3Q/seed_174/fold_1/zscore.json,522,456f4a40a565253cdbae68442af49b9d382d4c4c81d4a235040ec5f9763c39be
model_outputs/JRA3Q/seed_174/fold_2/best_model.pt,159221,7c9503413590df010d1e58589c236b2bfb392edfc782a5755887385b83287b00
model_outputs/JRA3Q/seed_174/fold_2/metrics.json,638,a9c22655769bb716d1d2a76f1f69c9e48f58a22eb1dab15c0be7f7ea068c2113
model_outputs/JRA3Q/seed_174/fold_2/split_indices.json,3987,0b5dd4a490078f41f5cfce827ecddc6ffdf34e7ba325804b2d9850845cd48002
model_outputs/JRA3Q/seed_174/fold_2/test_predictions.csv,2329,43b58a6085e4c38b6067629333815e2670dc610785cee1c43a0a1e5e7b1f1eed
model_outputs/JRA3Q/seed_174/fold_2/training_log.csv,2404,5286a6c25de6c1b7bb7cd348d59d5e0bfe3e3937a9815076be1992acb014bfe6
model_outputs/JRA3Q/seed_174/fold_2/val_predictions.csv,1648,ef1e22588250cd91cc6d30654881b0d664707e4634bac9c83c498dc1fcb27915
model_outputs/JRA3Q/seed_174/fold_2/zscore.json,525,29042b073f8e84ff617cbc15b74e88b812ab4849afa312a1245986caa2381d08
model_outputs/JRA3Q/seed_174/fold_3/best_model.pt,159221,f2cb668b04d607c6fdca2628acc38267b27b672fafa6daab9a410d4deebb4874
model_outputs/JRA3Q/seed_174/fold_3/metrics.json,657,7d8b6cd9585dab093f29365660d7d59cd5bba34693895d04979c667bcea35657
model_outputs/JRA3Q/seed_174/fold_3/split_indices.json,3987,c4f6014139ea87159a5fdb169a4db5f3255a96814f9903e232a9643e1e983249
model_outputs/JRA3Q/seed_174/fold_3/test_predictions.csv,2372,a5dbf5f8e5683059b71b1ba0428c2feb9a2eb49114bbe443dac9d1269e8108f6
model_outputs/JRA3Q/seed_174/fold_3/training_log.csv,2388,0be48377344cce17f9eeeaf230bd1627ddca77b3ecb38cdb823823e77a829fd1
model_outputs/JRA3Q/seed_174/fold_3/val_predictions.csv,1656,75a221e7381adb95ef15e825f544a41a858681a94c403d97d87790f8e68246de
model_outputs/JRA3Q/seed_174/fold_3/zscore.json,523,1215c8f32711536d9fe9e908cd642feae47507963694c97142b777ac0c25b278
model_outputs/JRA3Q/seed_174/fold_4/best_model.pt,159221,3750ab03ad420a4e06e7d87b4fb10d7892b60a472060b400b13f7de797046611
model_outputs/JRA3Q/seed_174/fold_4/metrics.json,656,7b350e61f7f1af183da5764ceb1e384475442f37ed603d86ade7b04827474d12
model_outputs/JRA3Q/seed_174/fold_4/split_indices.json,3987,1f0df9cd57da0590eda65f8457d486ad78c9b97992a51d8a02f96d03e99f9141
model_outputs/JRA3Q/seed_174/fold_4/test_predictions.csv,2209,14a637a126c195400eb11f6b416709f0a64b3598b8e2a1e4ce8fc99cb74343f4
model_outputs/JRA3Q/seed_174/fold_4/training_log.csv,2390,5a0eeda6c91fc7604fea2f939a3a96689f5b403871560dd3f7cf8dd67647c33a
model_outputs/JRA3Q/seed_174/fold_4/val_predictions.csv,1656,bed5b2168d9c8ac53f213bb172f39e7714d364f1f757acd7327cdd761988ff86
model_outputs/JRA3Q/seed_174/fold_4/zscore.json,524,b22c3eb6edfb591e10b656daf6bdb8748cbee6408519263983777a00473d9d69
model_outputs/JRA3Q/seed_174/fold_5/best_model.pt,159221,b640d9567da99eb52582cdb0c2d8bb60582f9a55889c02b5dedd7cb23e3dfbdb
model_outputs/JRA3Q/seed_174/fold_5/metrics.json,655,d256cf3b53159814561063b08727a50c6a7d9f2ff4b6fe0710093abacefa6cca
model_outputs/JRA3Q/seed_174/fold_5/split_indices.json,3987,cdb175eda78772f1dd7f1f4b9c47cdd100e018c190f5540d531c8385da9492f5
model_outputs/JRA3Q/seed_174/fold_5/test_predictions.csv,2227,38b261f7ac857c364f390c0b12006c11b59826d5d1b372df0e33f6fa25b2af40
model_outputs/JRA3Q/seed_174/fold_5/training_log.csv,2404,fda6cf5b295ca65b6bbe2b3e46be95ccdee8dc8093bba157cade0874e657670a
model_outputs/JRA3Q/seed_174/fold_5/val_predictions.csv,1673,200646fc69096dc8d04181cd0d5f027dbfcfcfebcd762b209ac55044dcdd12ab
model_outputs/JRA3Q/seed_174/fold_5/zscore.json,527,98f66b5495731a823b473b17a12d958356bd67941f51121a2e8d5906fabafc71
model_outputs/JRA3Q/seed_3299/fold_1/best_model.pt,159221,14fad66dc4a8faa0541e8d1f7cdd661836a1b28b9efe636d1c75a658d30cc67b
model_outputs/JRA3Q/seed_3299/fold_1/metrics.json,632,a1eb988d208a85de5f40d2ce94715fbcbde64d83617f472ef5624da4ba4440e2
model_outputs/JRA3Q/seed_3299/fold_1/split_indices.json,3987,14176b18227d64146b97b7d9dd5cad13cb5a1f170dc55692d537f6e82d8a028a
model_outputs/JRA3Q/seed_3299/fold_1/test_predictions.csv,2255,45b30a18b91adb039a2aa0fb410508a2fe9b12fb78e14f602e63d69627d46f48
model_outputs/JRA3Q/seed_3299/fold_1/training_log.csv,2391,81e14055aced17e6ef161473bf8a67a9ae442f4fecaba6ddaca00fcb6c30afa6
model_outputs/JRA3Q/seed_3299/fold_1/val_predictions.csv,1654,c22071a11f7ef2b89e234a54cc01e4beb45c8057950634960d18a824b2010b0c
model_outputs/JRA3Q/seed_3299/fold_1/zscore.json,525,094e62d67ed081cbb4b93b9af62d3386269458aaf3ebc0b8dd019adba1fe3842
model_outputs/JRA3Q/seed_3299/fold_2/best_model.pt,159221,6e41ed8b72cb57fe55c9f1c9c660a18e17968e60e757a96f39bb9c7a37d027b6
model_outputs/JRA3Q/seed_3299/fold_2/metrics.json,640,82064d27b6ed2fd23c435ea3c89f9a7ef3edc0af7c6909beccce0ad54276184b
model_outputs/JRA3Q/seed_3299/fold_2/split_indices.json,3987,f81cd643ff544935c33464f1a6855c6999c951795a51ff5ef6b017592352fba1
model_outputs/JRA3Q/seed_3299/fold_2/test_predictions.csv,2400,4aa18201b5dfb3fee6bcfcac990b783aee4b008d0d7f18544c358c436e926083
model_outputs/JRA3Q/seed_3299/fold_2/training_log.csv,2389,4ce2b8c0cdc1a562bcc90648a39a17ddaddbe44d36d893e2f1975e2c5db29cc5
model_outputs/JRA3Q/seed_3299/fold_2/val_predictions.csv,1713,c020e21b3801d9f117510a25f2830734faea4b31d96346722d99d713a7c3c39c
model_outputs/JRA3Q/seed_3299/fold_2/zscore.json,524,05730f94688b84472d42eb897f79000c052df899e8b483faf03886c9105c19c0
model_outputs/JRA3Q/seed_3299/fold_3/best_model.pt,159221,ccdea32bfcc052ea70f34e201be5156815fd70c8de3fc1dad926f78891feaa37
model_outputs/JRA3Q/seed_3299/fold_3/metrics.json,655,e1b2f549234a6b55a80efbd1e0db25b8aa6d4efd3e06d8c82797f3ff9f2c62c5
model_outputs/JRA3Q/seed_3299/fold_3/split_indices.json,3987,f8b10d4234f688863b710ae0746473d402740f8c5070a7bdce12ecfccda7f3a2
model_outputs/JRA3Q/seed_3299/fold_3/test_predictions.csv,2367,efee528eef0c76665c7771b182fc6148418e79f3d4f6390475eb9415c4aa1f1c
model_outputs/JRA3Q/seed_3299/fold_3/training_log.csv,2396,dd572ea1adb8095a47305e239d2274eccc1b45a1e9d13ee1bae64405187d208a
model_outputs/JRA3Q/seed_3299/fold_3/val_predictions.csv,1663,6b1e5718519a3db7275c432bbb9d7c782c61d80c04cc6509ac4cca4ce501b927
model_outputs/JRA3Q/seed_3299/fold_3/zscore.json,525,e08728d86c583084cf6ee7a298f236442e8e38cbd36e4e7d8420f2dac529d828
model_outputs/JRA3Q/seed_3299/fold_4/best_model.pt,159221,919f46a5b57e958ff92a3ba3d27d18c2f865e18a011858c1e1fef70340aceaab
model_outputs/JRA3Q/seed_3299/fold_4/metrics.json,654,2b77c031cc54b8576930deb4ef348b163dc796bb2d43eefdb476e94889e47d4d
model_outputs/JRA3Q/seed_3299/fold_4/split_indices.json,3987,8c8887809225607974feb0fcefae1a72ccac7cfe69886188e121ae3d2c0dce43
model_outputs/JRA3Q/seed_3299/fold_4/test_predictions.csv,2219,1a4d178d1c42013eb842ed9f81bee8033b2766761ba2816e0c4d2d9abf94411e
model_outputs/JRA3Q/seed_3299/fold_4/training_log.csv,2387,04b7a37bb9e129aecf8671752f8571ecfa22810bf0dbfcf30c9aa3dbee995965
model_outputs/JRA3Q/seed_3299/fold_4/val_predictions.csv,1637,6337caf7986a93e80d753ef54858dcaa369e841be614021662bc3b42ff1f8653
model_outputs/JRA3Q/seed_3299/fold_4/zscore.json,523,f966e998d5339ee501dc79b6af27a8f7aa5f3fd72e0496e369abd680950f3173
model_outputs/JRA3Q/seed_3299/fold_5/best_model.pt,159221,d918fee7f97ca83add2ac23e4698b21beadce5c3e9b9251e35b9d9365d7aad3f
model_outputs/JRA3Q/seed_3299/fold_5/metrics.json,632,fb95a142be963be8c66d0a22fc7d179def586cd55659a26f0fd28bf70f1a7db6
model_outputs/JRA3Q/seed_3299/fold_5/split_indices.json,3987,35725f03fbca385a16f75e0cdaaab874c94a8f34eda2c29ef2d8a13522e59de1
model_outputs/JRA3Q/seed_3299/fold_5/test_predictions.csv,2268,9aa29a3c8191ee21a57564ac4850d805498303b984c44c1617b559da3d31daa8
model_outputs/JRA3Q/seed_3299/fold_5/training_log.csv,2393,7006cb24c8062d6c655ec8c968aceb4d3969947917f39dcdd5312d5a63257028
model_outputs/JRA3Q/seed_3299/fold_5/val_predictions.csv,1650,9fcfbc773daea8a9b5c20a2ec4bffbf8afa5569831686b4d3422b621219437e3
model_outputs/JRA3Q/seed_3299/fold_5/zscore.json,524,602337b61b67ef7ffb5e5bba9694337669481200b827e5f35991956f3a7a69e0
model_outputs/JRA3Q/seed_3489/fold_1/best_model.pt,159221,b42524fc9d04db368df30043d9700e7c85e299476ac6214de92f83e26b7ec088
model_outputs/JRA3Q/seed_3489/fold_1/metrics.json,643,02de24181131b2683b2c90681f81fe2ebc740f5cfa977577c83cb32674a88a29
model_outputs/JRA3Q/seed_3489/fold_1/split_indices.json,3987,961ba1151f311e7bd760fd5d84a96d2eaa28b69a4cac553524fe89833ea0940f
model_outputs/JRA3Q/seed_3489/fold_1/test_predictions.csv,2336,902ca1f87571a162d9cb1467443a2c7d85842b60d47534c287b0188dd4607971
model_outputs/JRA3Q/seed_3489/fold_1/training_log.csv,2391,c4ad2303229301796924e391cbb0f448b8abeffb4a5064b0aff476310b69ff52
model_outputs/JRA3Q/seed_3489/fold_1/val_predictions.csv,1706,5694580cffcbd6d8f81a33eb552f1173b092279f217fe21d00bb8c1d51d0bd31
model_outputs/JRA3Q/seed_3489/fold_1/zscore.json,526,682e0687e67fa6b3739f3ad3b24550bd9bf5dd2f964a895aec1003edf6b13789
model_outputs/JRA3Q/seed_3489/fold_2/best_model.pt,159221,c3cc72e78816b21028ef788d980efcf1549cbe7af7d020132df24462323c90d1
model_outputs/JRA3Q/seed_3489/fold_2/metrics.json,655,d985814bd4a76647c4a4acf53f5571bf276f9999dedac426bf6df7d5fbbc1e51
model_outputs/JRA3Q/seed_3489/fold_2/split_indices.json,3987,41a2869053c3d3e2389ede47d60ad24611cde5f4eb24ba85c102f91ffc0a8352
model_outputs/JRA3Q/seed_3489/fold_2/test_predictions.csv,2319,84692ee1469b8dd109f4a1a667c434a554a324a4ba17cff8a04a1700fc34fd56
model_outputs/JRA3Q/seed_3489/fold_2/training_log.csv,2400,29fca36a7f3a20548f0ed5413c8371b1c7d45a63d9d05ef900184d3a47c666a0
model_outputs/JRA3Q/seed_3489/fold_2/val_predictions.csv,1642,d74e3380863974e2a49f52dcecf03413e34db6de6446d4112cd97b503ef8dc3a
model_outputs/JRA3Q/seed_3489/fold_2/zscore.json,523,425d4fecb7e7297589f8fd8856b4b343a0430763eb689cee3b58b7ac1d2dc2ad
model_outputs/JRA3Q/seed_3489/fold_3/best_model.pt,159221,c05aee0cfe2805a08b43cba1a546dab79aaf866dc8323d45c9bbe2f64f6d2ce2
model_outputs/JRA3Q/seed_3489/fold_3/metrics.json,631,28fe499e6ba0cec6878d4e6b5a928fdcf37623b4093420878d74e54d26c2a15d
model_outputs/JRA3Q/seed_3489/fold_3/split_indices.json,3987,3dea85732e3b467cdfedd08c7ba2baba240408b0bb43dc9c066204a8cdf4b6c0
model_outputs/JRA3Q/seed_3489/fold_3/test_predictions.csv,2259,486e601f54e122aa5d8d5bbf47c3ba4866fa7ff169c4b0a5a0c4f628781f28c0
model_outputs/JRA3Q/seed_3489/fold_3/training_log.csv,2386,f2b3d845697ff6347bbda7a3eba3b645e7ee2744bdff66f65f0efb2964ab37da
model_outputs/JRA3Q/seed_3489/fold_3/val_predictions.csv,1654,d95aecd9999cf7a6a626f48224e4e8754fcf8559629586263e2862c78868b8ff
model_outputs/JRA3Q/seed_3489/fold_3/zscore.json,524,c0fad43029faf60089a5a67f8392d132a195edfb1f0341d8ab44544955bda103
model_outputs/JRA3Q/seed_3489/fold_4/best_model.pt,159221,b2057e8d19893f84def7165fb0e13451227f7f123a77f4f5db1bd845c300da0b
model_outputs/JRA3Q/seed_3489/fold_4/metrics.json,652,224af49d2a4e34a96f80793c722b5243952e8cfa0dff0304c4db0fc0210da077
model_outputs/JRA3Q/seed_3489/fold_4/split_indices.json,3987,66ea6edc2760ba26e38fe6d934e718be501419294e7e04ab0ce11b8e231254f7
model_outputs/JRA3Q/seed_3489/fold_4/test_predictions.csv,2206,c291bc46b97308dad7aa0927d735afc67e47c58b3bb1ec49484be5174b7914e9
model_outputs/JRA3Q/seed_3489/fold_4/training_log.csv,2388,279b737fe2537e62c541ccfad68050e015a4bd95f2e369bb149230da80f890bd
model_outputs/JRA3Q/seed_3489/fold_4/val_predictions.csv,1642,ea564818372b587a7febd303185572255ea4c368acd751ceb753910b51ea0867
model_outputs/JRA3Q/seed_3489/fold_4/zscore.json,526,d7867e96aaad5180dbf16facf8600c517fdb7796867e367c3b10d4603443613a
model_outputs/JRA3Q/seed_3489/fold_5/best_model.pt,159221,d32bde3a5ca9d39e47f967a220d04fedab357c65f27a3643d4f31c98dd8483af
model_outputs/JRA3Q/seed_3489/fold_5/metrics.json,654,ce4889062dc9e8658b2dd636e280e0b13f856d882c5e8ad8821a70a11205736e
model_outputs/JRA3Q/seed_3489/fold_5/split_indices.json,3987,f475eddc1af200317c84655a97a6976169bdd1d036ef5988ecaf8ab2ba231538
model_outputs/JRA3Q/seed_3489/fold_5/test_predictions.csv,2329,a58b84d7503c277433c83e3cff539b538b71fb4a24831ab1d325e93fe2f1faf8
model_outputs/JRA3Q/seed_3489/fold_5/training_log.csv,2388,cf042f656253e1706c10010c05c8e1185ac6de9589b36aa82c9eec8baf3aa14f
model_outputs/JRA3Q/seed_3489/fold_5/val_predictions.csv,1646,04d96ae2440f7e63fba06c37b54e3e9f33180ac1cd249c759a9a502511c833e1
model_outputs/JRA3Q/seed_3489/fold_5/zscore.json,527,0bdb774aba3d3a2ac7486b8fe760db44af7495af2b2eb174397f997146dbba7e
model_outputs/JRA3Q/seed_4065/fold_1/best_model.pt,159221,3c207aff9819e974c303f2e0fb02a7901de95065a8b7505fc0608ac4e6b7cf18
model_outputs/JRA3Q/seed_4065/fold_1/metrics.json,659,56e7276f36b687dd54377acf4cf5de7e1d85b6e9daf2d3cc6b7bc6b1ab3f855e
model_outputs/JRA3Q/seed_4065/fold_1/split_indices.json,3987,df8e72bddfb1ae7f10772a8689ef8b614d8425b24ad195c589c8444cab737823
model_outputs/JRA3Q/seed_4065/fold_1/test_predictions.csv,2318,47755c5abbea5a952c648157be1fd40040db3d8225f1f89d04dc5b422596ccde
model_outputs/JRA3Q/seed_4065/fold_1/training_log.csv,2397,74102bc00d3673245020f3c14cca2cc1dca03b11e50565182cc432992526906e
model_outputs/JRA3Q/seed_4065/fold_1/val_predictions.csv,1656,f5db259a4fbbb21d2017e865377accfc0ddfb66162705ad0bffac7985a41a118
model_outputs/JRA3Q/seed_4065/fold_1/zscore.json,528,321c7876cff53c8eb0c65fbd22ef0aa5264aaee53cf0bf5053170c6eea85a18e
model_outputs/JRA3Q/seed_4065/fold_2/best_model.pt,159221,ee1a9a32e08deea94f01fc98d1539f00cc83e492422645425e718d7927df7e2a
model_outputs/JRA3Q/seed_4065/fold_2/metrics.json,598,ff8d7aef7a4d9c413bde9c12de8e7de7fd68af7f2ad0b0414b79dc0542d1ac05
model_outputs/JRA3Q/seed_4065/fold_2/split_indices.json,3987,a65e6ffb0eef10aebf55d7082badfba3ef9aa47adc5c33c63e1586b1f9d05a09
model_outputs/JRA3Q/seed_4065/fold_2/test_predictions.csv,2253,eaaba369a85e9cdb06b60e5e5426ab0bbb12efbd8c139b46e856cd8fb57a08be
model_outputs/JRA3Q/seed_4065/fold_2/training_log.csv,2399,2170db7add9304518b4f8980ab07e075122841a56bea0e2ec4ae1a18b4c2a75a
model_outputs/JRA3Q/seed_4065/fold_2/val_predictions.csv,1716,421dfbd90d9ce5fdb2d6e07c4c250e8e35689469fdd5a679f95edae56834977a
model_outputs/JRA3Q/seed_4065/fold_2/zscore.json,524,46c9f6fdb93505ca2f708d16cc465f3a4c2c12d4571003e39ccaa61437433761
model_outputs/JRA3Q/seed_4065/fold_3/best_model.pt,159221,35894f78195e2aeb7956b48b5cdedf06906f12513e840d29bac774f81910bee6
model_outputs/JRA3Q/seed_4065/fold_3/metrics.json,655,f4eb7288e16e541fe92c6eddbbb05c9e3652fd0305d2cd1b7db46ff03f531a46
model_outputs/JRA3Q/seed_4065/fold_3/split_indices.json,3987,3d6e1173ec68e7068e5193dbb20e172d37b8e82c9612a19aa34ba6065a18a478
model_outputs/JRA3Q/seed_4065/fold_3/test_predictions.csv,2318,4b777987dffc6709bcdcd9dd6351d25025ed5152979eb06eab6a52f1491d82e8
model_outputs/JRA3Q/seed_4065/fold_3/training_log.csv,2388,6c82b1772beec84a8856b84a8af2e478a54e53a346cf2ab854ac5d010825354e
model_outputs/JRA3Q/seed_4065/fold_3/val_predictions.csv,1702,80d8b23894b78de5b31c5e1ca43cde21ee2295cff5b8ea4a77fa2df0b8faaf14
model_outputs/JRA3Q/seed_4065/fold_3/zscore.json,526,96564a7d854d3cfd01e4f2d2d9c76e638f3097ed9ef2d9759100d1b38aca7c28
model_outputs/JRA3Q/seed_4065/fold_4/best_model.pt,159221,df67cf8643f4b5ce330ff9a9550e5fb7e27f09d137205f1a8e641debef89f17b
model_outputs/JRA3Q/seed_4065/fold_4/metrics.json,654,201f16a76087fbc65fd41776378a327f594b911c530ba36a56c574a625d72bea
model_outputs/JRA3Q/seed_4065/fold_4/split_indices.json,3987,643ecffefbaba0d84c93e5632a9afa0ca5f275c069de18b5a6f88c7fa7d52e1f
model_outputs/JRA3Q/seed_4065/fold_4/test_predictions.csv,2227,a522dcbf65b5814f81fb2ee33c7e429b23c9848bb8c66955d2b797f022cc3fad
model_outputs/JRA3Q/seed_4065/fold_4/training_log.csv,2398,f14bf77de999bba8f242a554102194b6e45859389fc5e0b5bb636cc41e7e6f72
model_outputs/JRA3Q/seed_4065/fold_4/val_predictions.csv,1715,468d9e977782d6fb4e086488f797bef371a8eee56bf031550382f6e4eb23b956
model_outputs/JRA3Q/seed_4065/fold_4/zscore.json,528,f9a0d9d0767c49ba1704dd19f1136a365e8ec5a9256a1f87d9029fb2ff7ee37a
model_outputs/JRA3Q/seed_4065/fold_5/best_model.pt,159221,ba040b57faa4216ac4d2ccb12246fb121191631e66be31847b0c41a2f816ff78
model_outputs/JRA3Q/seed_4065/fold_5/metrics.json,653,3447b31a96bf2e31f1a702b337d6dfb600fe62b6751ee4181dfbc89c85a2029b
model_outputs/JRA3Q/seed_4065/fold_5/split_indices.json,3987,d85f414b3f7deb31a6378e948be05495a32227cc4333e2d6122e1c216d6ac864
model_outputs/JRA3Q/seed_4065/fold_5/test_predictions.csv,2331,017cf2ddb31e74246cc2b2df73332dfac5e088771ade5976a490043305d02500
model_outputs/JRA3Q/seed_4065/fold_5/training_log.csv,2391,2868239fbdd0aa916050fdb1841c50f3734ae861e6458610bd0458af5e494e8b
model_outputs/JRA3Q/seed_4065/fold_5/val_predictions.csv,1647,e01b768f4c89b0e45c2f7b897d8db8d8e4edaefb9339fadb548979347f291b2a
model_outputs/JRA3Q/seed_4065/fold_5/zscore.json,529,fb8103e28da155aabeff1d5405d59275aca8cee7a4157e5a6a8b406541a0aa29
model_outputs/JRA3Q/seed_5018/fold_1/best_model.pt,159221,0de31a5fa51077719bc144f3d59b93d921222ad8f04c7e0c480fcfbe2aca6447
model_outputs/JRA3Q/seed_5018/fold_1/metrics.json,655,ab1e75fe08c05dc3e570e223ad0656c12ace3aeadf539e2dbf4ad3cd29aa0671
model_outputs/JRA3Q/seed_5018/fold_1/split_indices.json,3987,9d1bcbe2754a83bc1bbc7d8b0357d34ef11b71db24ac223d0e6f8ef955f7dadb
model_outputs/JRA3Q/seed_5018/fold_1/test_predictions.csv,2347,a3b1f36d95170c10c9e2e7f3c12c731532ccb9f701baedeb8bbe8f160f9549f0
model_outputs/JRA3Q/seed_5018/fold_1/training_log.csv,2407,1093bcc1e929665eeae2de4784356caa42778007520ea007038b0f11337f99f3
model_outputs/JRA3Q/seed_5018/fold_1/val_predictions.csv,1783,f4da809f26aa5ddab725bcee0ab16fb93e523c5326eea99ce2ab1d4c3d7e6ef3
model_outputs/JRA3Q/seed_5018/fold_1/zscore.json,522,ff840ac1c7a92b4bee962555afa6ed84a00c849f759a608672db812197e6a7ab
model_outputs/JRA3Q/seed_5018/fold_2/best_model.pt,159221,e96e75181aedd78a800b1a7c31d60d5853f224d0f73665bc46f15fcb9fd794a3
model_outputs/JRA3Q/seed_5018/fold_2/metrics.json,640,33ddbdf96e993141eee8e740c04c3149e0549eed9911d074626b093e2a11e1da
model_outputs/JRA3Q/seed_5018/fold_2/split_indices.json,3987,4159335120e5e7dff300e92191d866d883fb1038241f1ceef6f0a669f68ace51
model_outputs/JRA3Q/seed_5018/fold_2/test_predictions.csv,2327,55b0be6e81f617187290468f46a56d357932bd23201f13ec75e0004908537bb5
model_outputs/JRA3Q/seed_5018/fold_2/training_log.csv,2403,7d2dc1deaddf9840a9de2198afd8e64641292732181a71c7f8236ee9ed0df0bc
model_outputs/JRA3Q/seed_5018/fold_2/val_predictions.csv,1721,5e56963c7533784f8d11f4dd857a8237ba8fea00e0ba52ff7063e546b8c34f69
model_outputs/JRA3Q/seed_5018/fold_2/zscore.json,528,fe1ae1c5e4c3a8ba2ff9053aae269ff8ac2e96fefaaa6f732f6313a60639507b
model_outputs/JRA3Q/seed_5018/fold_3/best_model.pt,159221,58720dd3ee29e684b4c59d6a47aa03df79c48dda24ca9951fdb556d3163a0215
model_outputs/JRA3Q/seed_5018/fold_3/metrics.json,655,f40f0722455224d867359a4beff85706ce0f4450f7d35b275595a8c8f7a5995c
model_outputs/JRA3Q/seed_5018/fold_3/split_indices.json,3987,09ae6dddef260b90554e3eb269390cba9cba11f786d2a490dca9f8e954563680
model_outputs/JRA3Q/seed_5018/fold_3/test_predictions.csv,2350,57c8a1c68afed6b6244b1a75456e84966a895a382124055070840453c6cda8b6
model_outputs/JRA3Q/seed_5018/fold_3/training_log.csv,2407,d98e8b51d99b6d625071d44d367bd0cfbe3730b36e78c35f95ddfd338617e28d
model_outputs/JRA3Q/seed_5018/fold_3/val_predictions.csv,1708,34119b0b21ca00305ca6cf6b2596cde5e0edce85fa8530482074a86a52f7ee90
model_outputs/JRA3Q/seed_5018/fold_3/zscore.json,526,ec016a59767cd161d2147af26468b43df0babe52c2785b0efc60d1e93da179a7
model_outputs/JRA3Q/seed_5018/fold_4/best_model.pt,159221,02df38509b8a258e866496130a89bb7317299b8d918289a87d063c79a0ca59c9
model_outputs/JRA3Q/seed_5018/fold_4/metrics.json,642,2ed283eda1de32e4a54949dc20b8cf4c4b81bbbc7fbe6f478dcddf3d8fa08bc5
model_outputs/JRA3Q/seed_5018/fold_4/split_indices.json,3987,12ba8f6b760718b1be2c93e7a10eea76284962202c3e752e3524cecf4c37e724
model_outputs/JRA3Q/seed_5018/fold_4/test_predictions.csv,2276,7ab2e2574c963f1430d6b75e9e800f86037a21953509a552a7ec5e9b8f449898
model_outputs/JRA3Q/seed_5018/fold_4/training_log.csv,2386,a270cd517f01d7eca4215a3f6f0933cb6f5e14d8872ec54488f4029e47ae34c1
model_outputs/JRA3Q/seed_5018/fold_4/val_predictions.csv,1709,f64feb4fe2b19b2e3f19fa5734e4262246d3d30e11abb7f3cc684a4757109f13
model_outputs/JRA3Q/seed_5018/fold_4/zscore.json,525,75398720bcaf8e323d6c511773cc6cfc957201e10ddb50915d3e72758e0299a7
model_outputs/JRA3Q/seed_5018/fold_5/best_model.pt,159221,65a3856e79388c9de38a85394e09830e2e03e747da7d6876f1506cf9e84c09ee
model_outputs/JRA3Q/seed_5018/fold_5/metrics.json,641,978c29e5e05d48c146eb09fa56a0cf993fd849265af7a5304c5b631c6ca6c666
model_outputs/JRA3Q/seed_5018/fold_5/split_indices.json,3987,594c017f4e2ad9b44bbbfb721741b809b755821edc51d1ac6fb92bb9f7f9b4ea
model_outputs/JRA3Q/seed_5018/fold_5/test_predictions.csv,2212,f2d8c3d2654be22935fe8867af41d3ee6838d27a66638c5befe8f4976b2a21d0
model_outputs/JRA3Q/seed_5018/fold_5/training_log.csv,2389,32cd87f218cbb938f0ca70f5c5622051402eb7bf560262c7a3f6609a4df3bb0c
model_outputs/JRA3Q/seed_5018/fold_5/val_predictions.csv,1712,c68ef618364420b740264fd0fedcccdaa6eddd6936b414687351beb36bd456d8
model_outputs/JRA3Q/seed_5018/fold_5/zscore.json,523,7fece2d9030d691b1989d5ac0c2982040d1593f3facf449582021727893f401e
model_outputs/JRA3Q/seed_5168/fold_1/best_model.pt,159221,44fa22f1e26114d11b53abf5ee0a668c7fce39daf86c2b9b8dcd827601cf456d
model_outputs/JRA3Q/seed_5168/fold_1/metrics.json,655,2c467d4845d4c6c077ff4f6d74520a83427905f88b1459c03f405ca3c1ddcafb
model_outputs/JRA3Q/seed_5168/fold_1/split_indices.json,3987,8efbd7ef543bcb74af4ed82c66e24cdd79c618144966d38d7b2463478298b583
model_outputs/JRA3Q/seed_5168/fold_1/test_predictions.csv,2322,03eb7db640ab0b666a1e3b8ce76a66e79db1e195e039194c877652bc62bb218a
model_outputs/JRA3Q/seed_5168/fold_1/training_log.csv,2395,1a76136bdaa202d06d3aef9c89b3b2a7c70b7c35baf8031e7253a991b2fdf628
model_outputs/JRA3Q/seed_5168/fold_1/val_predictions.csv,1638,78f3b5340d4545abfe9bf1da0e73daa72528ad816e71909813f7b0befb223710
model_outputs/JRA3Q/seed_5168/fold_1/zscore.json,527,4a81efd9cc4564f76b639b209440f764218fc334595c256eb27cc84ed7306ac9
model_outputs/JRA3Q/seed_5168/fold_2/best_model.pt,159221,953a3c7dfb9b9d1425ebb8112ade50f8ba33ac6ac84cd6b7bdc411f285321c9a
model_outputs/JRA3Q/seed_5168/fold_2/metrics.json,631,cd23eca2f75466aa9ada1c7692f3a78475d28b805f9a9eecbe20058506e4cabe
model_outputs/JRA3Q/seed_5168/fold_2/split_indices.json,3987,ddb08f53ad3004280245c3629e5e1327fe6aec1ea3cb248712b4ce065578b441
model_outputs/JRA3Q/seed_5168/fold_2/test_predictions.csv,2260,93cf524245d46a6ecc9aaeed022d38236564b8f1b7051d409b6caec89a7fdb3f
model_outputs/JRA3Q/seed_5168/fold_2/training_log.csv,2391,7059bce6d631f1b649429ca10725f20300ab13978d2697928ecb3d57899219aa
model_outputs/JRA3Q/seed_5168/fold_2/val_predictions.csv,1769,b91a189088d4ac1f0a49bf12dce62f9aad9bb682cac68a3bcda61fa2efbae5da
model_outputs/JRA3Q/seed_5168/fold_2/zscore.json,525,cff0de3ad4114ce90533e41f981c9303cab2cb73978da5d8a3d3b0f8473b5bfd
model_outputs/JRA3Q/seed_5168/fold_3/best_model.pt,159221,4a9c260a9ad851cb0506079db92961fb880dfd1e12d16a347502188d560fb673
model_outputs/JRA3Q/seed_5168/fold_3/metrics.json,658,cfe374e95c7fc106b6aa50945c18d34f43721dd8894c92c1a891de778b802089
model_outputs/JRA3Q/seed_5168/fold_3/split_indices.json,3987,2f5e9b0aafab606399586c04cffd30ee10526e8648f4c98d99c4f8c5cbd0e1c1
model_outputs/JRA3Q/seed_5168/fold_3/test_predictions.csv,2331,6983d1fac06c111a4e315ec3b9ddca0299f96026cf8bb6bb93273463aa3d17a7
model_outputs/JRA3Q/seed_5168/fold_3/training_log.csv,2386,c61f07ec826354fb36f3cd325fcb980a724982bdff2654974a8bc82787ddfb18
model_outputs/JRA3Q/seed_5168/fold_3/val_predictions.csv,1703,28c61ba99be172e8b25c0b23c115c7ec7aaebe3d68c509961ee4a8f92bfcff89
model_outputs/JRA3Q/seed_5168/fold_3/zscore.json,523,6f231fc2f29f46367db2df578b7520e720e4e64a33fee713547ee9d84fb76126
model_outputs/JRA3Q/seed_5168/fold_4/best_model.pt,159221,0d1129d72c969a6b7b9c70d5b74bcdd83b8bcff1390cdd4673e4a10b5dea8510
model_outputs/JRA3Q/seed_5168/fold_4/metrics.json,657,e8f0e4ae46c6476861f96bfaa212fac9888bf7a9be4a9bb1b4d5a9783a281d57
model_outputs/JRA3Q/seed_5168/fold_4/split_indices.json,3987,601856643c73b74eeba322e40404d30c1105c79b6b28d657393b4453e70fabbc
model_outputs/JRA3Q/seed_5168/fold_4/test_predictions.csv,2212,7ef4599ab4b27a796ca6fea700ca2c52b51d95e20d9a21dbbe7ecaab36666e66
model_outputs/JRA3Q/seed_5168/fold_4/training_log.csv,2382,0ee91da7cc727b6f36fdc11086e41b1bc0be5739cc3fa783453f616ee200882a
model_outputs/JRA3Q/seed_5168/fold_4/val_predictions.csv,1649,d3adf891eb21d93cc871e6b5a01ff7bdb970e66bfbe4bde2c63b294486206729
model_outputs/JRA3Q/seed_5168/fold_4/zscore.json,522,9987a751510445247a858b7ef14e0d9b31ea847ac92e0dd261d3947bd019b603
model_outputs/JRA3Q/seed_5168/fold_5/best_model.pt,159221,962ec505c6e95d007d2c4a97027b07122bb3230fd2d462f5835f007faf76e5e3
model_outputs/JRA3Q/seed_5168/fold_5/metrics.json,654,531c8c03981c4ce54ba796f75399b76a7088c486c08af3c53995ca310891b77a
model_outputs/JRA3Q/seed_5168/fold_5/split_indices.json,3987,c58ad505fafa5d9a94db76c4c9140bee2092dd8edb15cc60e7ac30603dbd6d93
model_outputs/JRA3Q/seed_5168/fold_5/test_predictions.csv,2311,cbf9ac6c14913aa9dc8c444c7edf7256ef589374329a0afb185515c881c891b7
model_outputs/JRA3Q/seed_5168/fold_5/training_log.csv,2390,024559db56131b98f42c6b6d6aa50dba2f1be458a0f1542655763e17ad1f55d4
model_outputs/JRA3Q/seed_5168/fold_5/val_predictions.csv,1650,ef0b18fd77ffe8411f4a6a9aef7ba25dc9b174d23b6bb249d95e3f3f160afd32
model_outputs/JRA3Q/seed_5168/fold_5/zscore.json,526,d8b117825a0a241dc0c82b60c093b0572277a5a6b93bdfc6b3cb6cc37ab25e85
model_outputs/JRA3Q/seed_5319/fold_1/best_model.pt,159221,03e8a158ddb631348c1305355cbffe171e76c828f07ca9909a4c75ed8382a9fa
model_outputs/JRA3Q/seed_5319/fold_1/metrics.json,654,af3026ad7dea0a824b722635c4ef24b2338160f97d8b7054e0a136a5beb25c4d
model_outputs/JRA3Q/seed_5319/fold_1/split_indices.json,3987,c7259a115de40bd7c9471439d90f30f51b7c3a3b89672a06aca2e225793b22c3
model_outputs/JRA3Q/seed_5319/fold_1/test_predictions.csv,2373,06910cb8bc24289d23ef7a920103ec8f8b5ae8588a6db14ba45ba86ac189b1c0
model_outputs/JRA3Q/seed_5319/fold_1/training_log.csv,2390,0f5bda40795df209330775a89f6ad38d9395159e46b72e99e2de612c1c52cb9a
model_outputs/JRA3Q/seed_5319/fold_1/val_predictions.csv,1652,3ce8ea5ad9a6921d0c514c8451d33a2690db3ede8c848ff9fe8507baff036b08
model_outputs/JRA3Q/seed_5319/fold_1/zscore.json,524,490040afa384bc054b3a5f49afe35ccd79cb36f701fcd7e8b3f9250e2c4fe726
model_outputs/JRA3Q/seed_5319/fold_2/best_model.pt,159221,9fbaaa82da4b360cc4511f4b98dceda7308dea15ef704d33e6b0602c74094072
model_outputs/JRA3Q/seed_5319/fold_2/metrics.json,641,f5416fd7b614c86d0d6ac091cf4272cfae33037462a860027b5fb45f5619404c
model_outputs/JRA3Q/seed_5319/fold_2/split_indices.json,3987,4a6635276f46fd5bfb3cfe403d11eaf3362cfe07f1e685b59f29164c84908959
model_outputs/JRA3Q/seed_5319/fold_2/test_predictions.csv,2268,78d5fff1d66a9d1ba9e1c4cd71306e39c96a2d10b59bf9702493d8458159a0af
model_outputs/JRA3Q/seed_5319/fold_2/training_log.csv,2383,2c428a9fa1a47f0dded4bbbb3fca2ccbda589a1a9ce67a5a1fda91182c43011b
model_outputs/JRA3Q/seed_5319/fold_2/val_predictions.csv,1716,30f5d99b3417f46a6e072af380ff6d5192de1957f8c12c29334f910e386e6055
model_outputs/JRA3Q/seed_5319/fold_2/zscore.json,530,d064937844c14ba1cb67e28cc3c82e6f8a5d16fa3b085e2c92d1b1a777873df2
model_outputs/JRA3Q/seed_5319/fold_3/best_model.pt,159221,a3d90f192987e8ed8935b1ec2623a3d18c68c298aa4946c5862a1a6fa2d81e5a
model_outputs/JRA3Q/seed_5319/fold_3/metrics.json,655,97f937ab26f4666211bbd5c2cf1457946f3b80e8c5188bff786f3297703614c1
model_outputs/JRA3Q/seed_5319/fold_3/split_indices.json,3987,95fdd68e9b41cd31c522d216634be74a932067c95ccc3554385a47a23fea4cc4
model_outputs/JRA3Q/seed_5319/fold_3/test_predictions.csv,2327,d3bc553e0c826537c9bb17f0c7232fedca3911dfe02753a46c5b0fac5e740c0f
model_outputs/JRA3Q/seed_5319/fold_3/training_log.csv,2390,316d7f2548b378f041db90da37e15afd80cc5af32c8ffa777a82019ca2598082
model_outputs/JRA3Q/seed_5319/fold_3/val_predictions.csv,1644,a0d9cab64fe4541157c42ea05eff6e84dec95f60d534e3b860887ceaf2109375
model_outputs/JRA3Q/seed_5319/fold_3/zscore.json,524,8a1efbd416eaf84ecc8590028bbac06041538d45cc4226efd69808f51461bfa2
model_outputs/JRA3Q/seed_5319/fold_4/best_model.pt,159221,950f1b62f2fcedf5beecfcab7165308c1668594814290cbe7119bd5949310e02
model_outputs/JRA3Q/seed_5319/fold_4/metrics.json,617,3cdfca100c629bc75006197032386935e3577b26d2bb2e2b6d44750224369e7e
model_outputs/JRA3Q/seed_5319/fold_4/split_indices.json,3987,d723e5f8a6805f0789323e10a167c60e6527911c229b8f21a44e5092b60b99ac
model_outputs/JRA3Q/seed_5319/fold_4/test_predictions.csv,2274,b41c37ab6264e306c78831d70a141616f280a41ee6a0153c0019709a6753ba8f
model_outputs/JRA3Q/seed_5319/fold_4/training_log.csv,2392,56b572a1edc18751cfadfa5e20d94e77fcdbd06f25fb1320c8d9ee99691cda3d
model_outputs/JRA3Q/seed_5319/fold_4/val_predictions.csv,1694,fb158e5a38552432c3578f52e4caa95b3a8f2254b2a02b85ab7913412f2078b8
model_outputs/JRA3Q/seed_5319/fold_4/zscore.json,525,a61f0f2c4e1bee98d0ce669e728d303c57983b04a271788c30c9521923fdc6e9
model_outputs/JRA3Q/seed_5319/fold_5/best_model.pt,159221,9abe28fcc5fbe24cc97019c2f697dadc3e048d4eb3f152180d5cc00652c3ff1e
model_outputs/JRA3Q/seed_5319/fold_5/metrics.json,654,f744b34099caff578e17a318b522e53f222095e6ffb09b34cc3b133bec55e1d2
model_outputs/JRA3Q/seed_5319/fold_5/split_indices.json,3987,b1aa30b095e1453b0b3d0324cbe8a73fd4e39f5cca97b5826ae032afafd93bec
model_outputs/JRA3Q/seed_5319/fold_5/test_predictions.csv,2218,9e1c3db4ae57d14025fef3a81913e807ee5f76a59fad9566eae917566b767c48
model_outputs/JRA3Q/seed_5319/fold_5/training_log.csv,2391,66e4b15a6d00cca829b1dd3d70f15ade28bc5b702b97b502546c8b9453ab5879
model_outputs/JRA3Q/seed_5319/fold_5/val_predictions.csv,1756,93fa39d30d79b581099bfae124a336a98e9036f4b58bfa57f1df529c51feb320
model_outputs/JRA3Q/seed_5319/fold_5/zscore.json,525,14c7efc530f7b0ff05ac8f0738bdfde74046d6547fe9f36e50ad5b83aa736be2
model_outputs/JRA3Q/seed_6469/fold_1/best_model.pt,159221,26649b72ffafee9c2bc02366c4ebdf4013a552a15c66ac810863ea4be22e2efa
model_outputs/JRA3Q/seed_6469/fold_1/metrics.json,655,6ff1dd272eb943324603460a825815611c770e86d144e9ed248568770e73a787
model_outputs/JRA3Q/seed_6469/fold_1/split_indices.json,3987,fd26bf10c7c0cb090e8f0a78b20559090879f44c32fc75a9bd4e7e432230399d
model_outputs/JRA3Q/seed_6469/fold_1/test_predictions.csv,2321,31eff33ff09b9895426feb6ecd0ad8d6560760f6c7016356959efa496fe6fa95
model_outputs/JRA3Q/seed_6469/fold_1/training_log.csv,2395,5cb1c4f6623d9abba985d9755174bef84756d3de2e672515fdac7cad701ecbef
model_outputs/JRA3Q/seed_6469/fold_1/val_predictions.csv,1658,329e02cbf44f5b795a90bc3c147b103bac9dc1537fbc3564162199835264bde4
model_outputs/JRA3Q/seed_6469/fold_1/zscore.json,525,a351edc549c76836658b6ba57e1efb21874992d1f27ec53bea956ca45717a6b0
model_outputs/JRA3Q/seed_6469/fold_2/best_model.pt,159221,ebaa05af79befef65d4f242d4eeca5d9e3b66cd710b48c5ca658053d0a2afde8
model_outputs/JRA3Q/seed_6469/fold_2/metrics.json,655,9f5c31db9c9d1741fb89341416b223dd4c152cb75c0bd0c196b7e3fdb4a42016
model_outputs/JRA3Q/seed_6469/fold_2/split_indices.json,3987,ffaed35a2f695394fcfbb833b55d12d7a503b8e2c059372869600705f991075b
model_outputs/JRA3Q/seed_6469/fold_2/test_predictions.csv,2318,c1850a9c9a6c073f551990131df68d20c2aa57b1c4fb77b938d8d61d0871ec31
model_outputs/JRA3Q/seed_6469/fold_2/training_log.csv,2388,5bbcaa691706a003f2a4d0833600af7bce4746574909b4fd1562a4a0b0ece10c
model_outputs/JRA3Q/seed_6469/fold_2/val_predictions.csv,1712,dc4a0434e62e21b8b633031dfd8bbdd2248cd8e79bb863600e35d075cdd62196
model_outputs/JRA3Q/seed_6469/fold_2/zscore.json,527,c8d8b29d1959262a521085c74852d7d345c03893380992f165b54257b6a54689
model_outputs/JRA3Q/seed_6469/fold_3/best_model.pt,159221,577879ed9e547dd63bfc034a5e45d035fdf07cbb1c98350371bc860810b4060a
model_outputs/JRA3Q/seed_6469/fold_3/metrics.json,655,855e3a8227c40a2353c9a8dfd6efe4c379b34738199d72da8883784aaa4e6ee4
model_outputs/JRA3Q/seed_6469/fold_3/split_indices.json,3987,9d1a5d04daec9caff4dbbb35b554796c824513cb44cdd1943a837d47229b079a
model_outputs/JRA3Q/seed_6469/fold_3/test_predictions.csv,2322,f61d849a8198f91f5bee8907618fe5e831805a338bb2341b03a04f2e6cf8fde7
model_outputs/JRA3Q/seed_6469/fold_3/training_log.csv,2400,0f0255a1917e6e10ed6c3a915176004bb9cd565da7c67f470ad4755656f8e42d
model_outputs/JRA3Q/seed_6469/fold_3/val_predictions.csv,1662,9b90c4ecc660548e8ce9538e04780c9952a195fbf3aad51813c1eff2fe50afa6
model_outputs/JRA3Q/seed_6469/fold_3/zscore.json,522,8bf06f8df3ac958c6d97ac4aafd93301779a08fcab5b5030e230f3bb758e8e8e
model_outputs/JRA3Q/seed_6469/fold_4/best_model.pt,159221,5a581ad5e62334670e5d3f3058266ecefb0918f0e3f56ffcb5370a1f4fd32b75
model_outputs/JRA3Q/seed_6469/fold_4/metrics.json,641,72e9ff32314253ebf3fd953e8a3b653d155670e898e8cb793dfe5fb9477ea971
model_outputs/JRA3Q/seed_6469/fold_4/split_indices.json,3987,d6d3d05823237bd3eea92f9f9043b928026fbdfadaa6b1ab5db183ff86d84dc5
model_outputs/JRA3Q/seed_6469/fold_4/test_predictions.csv,2212,119fa60022ab006abfc3e64cfcf49f47a07a3627d77744920325d0acda1df01a
model_outputs/JRA3Q/seed_6469/fold_4/training_log.csv,2389,25d7c07d15615ddc06ac2c783b4c7c8a420f0adcc2f2330eeb740ba9d2bc954e
model_outputs/JRA3Q/seed_6469/fold_4/val_predictions.csv,1707,84d5ca6f46a29c24213e950e9237658d039423af548fbd0b0818fcd9d7da5aa9
model_outputs/JRA3Q/seed_6469/fold_4/zscore.json,523,069259f3671f406c3190ff79430ffcac9172d7fd326f4fe11236f9d0350ac399
model_outputs/JRA3Q/seed_6469/fold_5/best_model.pt,159221,f1eeac43979ccb2e646fcd953c03ac3647690994dd037f72a301b9200c7610c4
model_outputs/JRA3Q/seed_6469/fold_5/metrics.json,630,ed9ed69e8853c213d260a7c5e09aac941b971810043b4f0785d831fcf12139ef
model_outputs/JRA3Q/seed_6469/fold_5/split_indices.json,3987,9b263065c8009239d811af769d8b50890574ae045ce67dd0b776e678df8dd54f
model_outputs/JRA3Q/seed_6469/fold_5/test_predictions.csv,2280,667247894621e791362f521f270090d409733619d860584a9d0313213305b3f5
model_outputs/JRA3Q/seed_6469/fold_5/training_log.csv,2392,57daf73a97bfc9451c5570bc63f683f7a2410c6a73187fcc17b7d746a41c87f4
model_outputs/JRA3Q/seed_6469/fold_5/val_predictions.csv,1664,b3f38cee1f0b251a05fc51413f5491463ea156d1b05b813b95464c741434f1b9
model_outputs/JRA3Q/seed_6469/fold_5/zscore.json,521,63afc1318ad02ecc0b42bc83c1b1d3e1e3a79b214b3253e4b2a8118857cb37d5
model_outputs/JRA3Q/seed_9919/fold_1/best_model.pt,159221,a6b61cbaae10672a1eaddfde1f1d1f76edfe970b285bbeca53f1776450fd783f
model_outputs/JRA3Q/seed_9919/fold_1/metrics.json,640,ab6558a289ac039045769369c99e77504f3bd4378bd5db2addaa682bcc02ecb2
model_outputs/JRA3Q/seed_9919/fold_1/split_indices.json,3987,36447b3d46acec8576a3dc514bf00a9d592740d67df3af66e8e5d264d6971840
model_outputs/JRA3Q/seed_9919/fold_1/test_predictions.csv,2337,5196b7e67b9bd175871e5f2b7aa850b40d1e369f5c790678a57078dbf28f040c
model_outputs/JRA3Q/seed_9919/fold_1/training_log.csv,2384,2a3202a5a6c097d3526df5f792e821c88e3ccb157f835352a228f871e1a79502
model_outputs/JRA3Q/seed_9919/fold_1/val_predictions.csv,1713,ac0f4d8624efb76ef1bb730873315808aa8bea3e81b7eb64a888282490164a8c
model_outputs/JRA3Q/seed_9919/fold_1/zscore.json,519,98951ed38a4dd0dba1d24fa2bbee6029d5c635a61380c8bf7d1de1691c948995
model_outputs/JRA3Q/seed_9919/fold_2/best_model.pt,159221,4a6184c2709865e7bf86a63854e505bcee9d44836795d4e514e6b4b0aa810386
model_outputs/JRA3Q/seed_9919/fold_2/metrics.json,644,f82d32ce8ec5eaec527d95c4bb0f17f5ff7b0aa5640f2c39582b16a82024fcaa
model_outputs/JRA3Q/seed_9919/fold_2/split_indices.json,3987,fe7dfdf265692c83b7258eff91648a37d7622b7d760961d9e98fafaeda15f4c0
model_outputs/JRA3Q/seed_9919/fold_2/test_predictions.csv,2278,cce273ef6ad042d691f25306e095a041ace92d3b6eee8bd797fe990fb74df149
model_outputs/JRA3Q/seed_9919/fold_2/training_log.csv,2396,c12fe6730baf522b397e6cdb87946feb30251efb0256d70da125ff51fde2bd36
model_outputs/JRA3Q/seed_9919/fold_2/val_predictions.csv,1777,bdae1304cd4a2a503d3a2f440f8168b957e258f1790bc29faab3bb2161846918
model_outputs/JRA3Q/seed_9919/fold_2/zscore.json,523,fff1f5da66f8263b7e55e86740f09501e0bfc274dca0733277a715a64ff8194a
model_outputs/JRA3Q/seed_9919/fold_3/best_model.pt,159221,0dc049d7e40472cd329f79082e1a1b605606538535dc07d4ff823aba3c65801b
model_outputs/JRA3Q/seed_9919/fold_3/metrics.json,654,da1247cf2e35c186b49965f3b9be727f942e93f916cf8afdb42921f933c203b6
model_outputs/JRA3Q/seed_9919/fold_3/split_indices.json,3987,e22714ef8850a9db9859ddf230df6f4dcae54a781bf2078ecc35cbb2450e8724
model_outputs/JRA3Q/seed_9919/fold_3/test_predictions.csv,2386,9e65bf9c137784217234d58911da49cfd7111c220efd84acbdf02e2672e92ab7
model_outputs/JRA3Q/seed_9919/fold_3/training_log.csv,2396,fc849cd2b291db45d1f86f49c7063300598bfef04e09d83cfea825a00df7c2df
model_outputs/JRA3Q/seed_9919/fold_3/val_predictions.csv,1711,b7388c262e353c8c0ab65368e4587818d7c71b6e7fa1c0176bcda98f850aad26
model_outputs/JRA3Q/seed_9919/fold_3/zscore.json,531,451e2f7b9d42d588b6443fe5c6bb00c56961e5770ba7dd5ef441b8033064991d
model_outputs/JRA3Q/seed_9919/fold_4/best_model.pt,159221,0ebacc36768514ae9c69386e8796c0882990b925ba2cbe9ea5fa3af3b5211bf0
model_outputs/JRA3Q/seed_9919/fold_4/metrics.json,653,11b818641d48166dcbda5ba6832e3acc5bb05c839f549c2e8165f53d46d0d9de
model_outputs/JRA3Q/seed_9919/fold_4/split_indices.json,3987,b93f7cdea57218b87fb3b249f30748ff294d6a862992417f91a90d199cc80a78
model_outputs/JRA3Q/seed_9919/fold_4/test_predictions.csv,2212,c6394149ebabb47b88fe9e4d4329bb12522ea28bc2389a4ad588de6949c16f5c
model_outputs/JRA3Q/seed_9919/fold_4/training_log.csv,2390,5529a6f65085eb63bfaf270ab0e5ce9c68307fe2273d61b0d954458eb34d4925
model_outputs/JRA3Q/seed_9919/fold_4/val_predictions.csv,1661,ded68f1a239caf864d495da5620a501834f63f155121cee47b89bc38073bb06e
model_outputs/JRA3Q/seed_9919/fold_4/zscore.json,527,ad5bda4a186e5dc16bd4a0dcb741cf6cc583cd8fa821aa9a628f687a92c2571c
model_outputs/JRA3Q/seed_9919/fold_5/best_model.pt,159221,ab0a50d23b6f26047525f86995dfb3965ee5af77db0cc22c083dc59735f95964
model_outputs/JRA3Q/seed_9919/fold_5/metrics.json,629,e62eac5780d2280c84f1b21978544a320dbb96a0409c33e6b2629fc37477a3d5
model_outputs/JRA3Q/seed_9919/fold_5/split_indices.json,3987,a1806c7f8aef77b40033e7f0513a5bc553e81e88f096da4a091c9c9e1379d517
model_outputs/JRA3Q/seed_9919/fold_5/test_predictions.csv,2295,c28eb3a6ec6fd74f64629d389b4f622905fbceac2984d272677cacc43189273a
model_outputs/JRA3Q/seed_9919/fold_5/training_log.csv,2390,ae7a90ce97ed088bb48481188331b00a936d8b6e92ab1073701f826ce1a0c5ae
model_outputs/JRA3Q/seed_9919/fold_5/val_predictions.csv,1646,3e94df1537c799bf86b7004f00c06626b53bc19a9e011b2ad091ca5530c0788f
model_outputs/JRA3Q/seed_9919/fold_5/zscore.json,525,6c396e2636a69ab5edd5b727d836be4020a07e02cdbecd91bacf7614cea382dd
model_outputs/MERRA2/seed_1497/fold_1/best_model.pt,159221,d21d369f7051dd8e49916cfb9d66a0ec115b4a39eb8b33612de18c509983eb83
model_outputs/MERRA2/seed_1497/fold_1/metrics.json,656,d0b59ab4fbe26b6ca9a4f37be487cd7781f46096925079c731a58ed35f631b5c
model_outputs/MERRA2/seed_1497/fold_1/split_indices.json,3987,3ff8aa65202481decc540735eec0027db39ea395041a677651c758b989717e00
model_outputs/MERRA2/seed_1497/fold_1/test_predictions.csv,2329,6240de0271349bdb2bdae8cadf48a0fa360e14324eb3316a4c674be52aa89a73
model_outputs/MERRA2/seed_1497/fold_1/training_log.csv,2391,087204714c89566a23f5b7c12f682db53607d3a5b43502d2d0168467911cd2b2
model_outputs/MERRA2/seed_1497/fold_1/val_predictions.csv,1661,db77f8548f729a69a2d49f1b6161108022f1086fb523440d9c6c3b938dc7fabd
model_outputs/MERRA2/seed_1497/fold_1/zscore.json,523,69efd8953d2204b2f9225873817f9f684ce03674589581865ec1da31a5f33b40
model_outputs/MERRA2/seed_1497/fold_2/best_model.pt,159221,bbed843c43bfcb3f00cb126320a18359306bb006ef8bc4e14f86bd82fc9cda5b
model_outputs/MERRA2/seed_1497/fold_2/metrics.json,657,6481cf9c84c0cf61d489bbd863937f4985e4e71aa0b8022a381e5e7acbd3337d
model_outputs/MERRA2/seed_1497/fold_2/split_indices.json,3987,7000e8292947646dc0c14b4946b44f86df5bea1cb996d21752b85bc551cdcd0b
model_outputs/MERRA2/seed_1497/fold_2/test_predictions.csv,2316,4ffdd38658c675bbed9a8874629c33e17a2fd2873ddf2cb5201aae78a68f0b4a
model_outputs/MERRA2/seed_1497/fold_2/training_log.csv,2390,f91d8999494e11e9575add4b3139df55cab94f0eb423f7c34108c560cd9b022b
model_outputs/MERRA2/seed_1497/fold_2/val_predictions.csv,1647,92a2a41a537d2a24abcd59cde00f6b48d20c4f73260a51151b8317f92eef6d2e
model_outputs/MERRA2/seed_1497/fold_2/zscore.json,520,0b332209686a6f216095d561245009d06801e441bad932abfb53f303d7bffde4
model_outputs/MERRA2/seed_1497/fold_3/best_model.pt,159221,b9ba32e349b938916eac3bd4e7384b64108d3be83d667be508cf31f956aaff0d
model_outputs/MERRA2/seed_1497/fold_3/metrics.json,656,2c2ac4ad95e0b5489597939bbc64b7721988c823e9658d15fe07b47c08e6570e
model_outputs/MERRA2/seed_1497/fold_3/split_indices.json,3987,bd275371fd56ec97daff2ebe1f9a2fe8e87b8e44cdb99078ba9e350584be8fae
model_outputs/MERRA2/seed_1497/fold_3/test_predictions.csv,2329,979578a2b26090d219ea7ef4ea420a78403d51f0f430e693a305e5ad4c8f652f
model_outputs/MERRA2/seed_1497/fold_3/training_log.csv,2391,a09a25cf6192dc8ec37abc4c94da7e7a0cd72a293ecddd29394ae217192ae1b2
model_outputs/MERRA2/seed_1497/fold_3/val_predictions.csv,1705,22c75c528995c797fbe9ae65890afde820fc867ce0e5711cd1064bfbc7841427
model_outputs/MERRA2/seed_1497/fold_3/zscore.json,517,338e94891d2be22223d5cf58f9235da57f27b818ac0658146e9ec4f34ce6f0fe
model_outputs/MERRA2/seed_1497/fold_4/best_model.pt,159221,014985d73dce9a9823a9d5c59db448fa60d36c300e9deb3034fd39883a0dde27
model_outputs/MERRA2/seed_1497/fold_4/metrics.json,654,e66153abeb77eded26b28555637a166b7833be9e5cbc3507a62833ba3dc526ec
model_outputs/MERRA2/seed_1497/fold_4/split_indices.json,3987,9fbe51ed4e0f7ac3dd2744f78d647c282708f8e0151d8e262f9fdd79ad48d765
model_outputs/MERRA2/seed_1497/fold_4/test_predictions.csv,2220,01b3cfa5d989b34ff1749f4ee8fff7b34376e9e09715e2517c4a3afb7fa55e67
model_outputs/MERRA2/seed_1497/fold_4/training_log.csv,2404,e02e773492754dee209946e68fa961c5441a683bc31632d526a8a05a21f01fee
model_outputs/MERRA2/seed_1497/fold_4/val_predictions.csv,1722,7625309f75c7aca747a77972d04ac08456404045acb758a1bf54107af10b86c0
model_outputs/MERRA2/seed_1497/fold_4/zscore.json,527,d7bbd3098fdde5cac8050aada72e9c58ddf38ba247ea95cfcb01502a719c9ae7
model_outputs/MERRA2/seed_1497/fold_5/best_model.pt,159221,9023c7f2ed19c5a0dce4a8561c019e3d7ecb1582993e72720e270c363c8124e4
model_outputs/MERRA2/seed_1497/fold_5/metrics.json,629,c1d354b07f9bceb72751f9f8fee2c41758f3f96531a589c6a1a73566c4a738b3
model_outputs/MERRA2/seed_1497/fold_5/split_indices.json,3987,ebbba3a47a5c89e3a16f6836e286efcea0fe0a8f0ea42333d021fc32ed2d3aae
model_outputs/MERRA2/seed_1497/fold_5/test_predictions.csv,2261,a1568e66308f924612376ec44315883c191975fe90640942a1900627ebdc1b4e
model_outputs/MERRA2/seed_1497/fold_5/training_log.csv,2393,27008ba1e72d9fbb2fb33617ba300622d31c6e3e6b14b05e771561719b27cdb8
model_outputs/MERRA2/seed_1497/fold_5/val_predictions.csv,1696,b84a4e94c80807e09d71bc183c0893cc43befc2fb4fe92d5c56643a0b26c7479
model_outputs/MERRA2/seed_1497/fold_5/zscore.json,527,fe3fa946a1c7c152b3bbc851058d0492a15be88b57f190e887d3792ee56f5ef6
model_outputs/MERRA2/seed_174/fold_1/best_model.pt,159221,5eef0e8bae38c2e07359fcc00f2b7da851a702149ae12ed7f9d5e53eb7da8710
model_outputs/MERRA2/seed_174/fold_1/metrics.json,656,d1f22e24b45e628dd78420022517349456d40065cc0f039f08c64543e1a89121
model_outputs/MERRA2/seed_174/fold_1/split_indices.json,3987,1db8e88fae425201daaa0277f0710340ce14746bce6467df02669d10e129799a
model_outputs/MERRA2/seed_174/fold_1/test_predictions.csv,2331,69d1d3f64e5fe22e2575976b1038acc01dc388c02192fef00e49e3fffb85ced4
model_outputs/MERRA2/seed_174/fold_1/training_log.csv,2400,135db01e13f515b99d5fc9a9e02b6a48acecd294b900457d9a34a6925e5a5639
model_outputs/MERRA2/seed_174/fold_1/val_predictions.csv,1647,4a4342f1bfee05c31b33d434710ce25b985bbc723f46f3f9d12f31bc397984db
model_outputs/MERRA2/seed_174/fold_1/zscore.json,529,73b4ec132a799b7ad33c82a81bfeda5f17b32285edddbbda7e4be435702edb87
model_outputs/MERRA2/seed_174/fold_2/best_model.pt,159221,df8779c40f2ae163a8a679195fb00a266ed1ead0e22593f7d346359cf82c164e
model_outputs/MERRA2/seed_174/fold_2/metrics.json,655,20b0f612bbd05c85beec73e5b7e86f8e16c2f16d1e17c642924af4b93b03ab3d
model_outputs/MERRA2/seed_174/fold_2/split_indices.json,3987,0b5dd4a490078f41f5cfce827ecddc6ffdf34e7ba325804b2d9850845cd48002
model_outputs/MERRA2/seed_174/fold_2/test_predictions.csv,2328,78527349a71a7cc8f1ca7cf82464cff82d7af0c474971bdc8c7c5c1b64f54047
model_outputs/MERRA2/seed_174/fold_2/training_log.csv,2399,2cd85012cf43139837ca594c750c39c57600ef3aa60ebde13de9b7d9ab0098c9
model_outputs/MERRA2/seed_174/fold_2/val_predictions.csv,1650,6a383257ac778709b3314b0543ed4a30f0644fe521dc1e572d00f5a80d61bf56
model_outputs/MERRA2/seed_174/fold_2/zscore.json,525,9491b86edcce5294c97c8700bf7b1b03c3e2fb98499ac3f5e54c23c0575a32de
model_outputs/MERRA2/seed_174/fold_3/best_model.pt,159221,37069bbdff976e9e8c0dfc3f2197a0b49c5c96318ee74a4ee179d4b35a8411cf
model_outputs/MERRA2/seed_174/fold_3/metrics.json,656,88d41295519e0f93b24a5917c030aac8fd525a95ee3ca2deb85a4d1b66a20219
model_outputs/MERRA2/seed_174/fold_3/split_indices.json,3987,c4f6014139ea87159a5fdb169a4db5f3255a96814f9903e232a9643e1e983249
model_outputs/MERRA2/seed_174/fold_3/test_predictions.csv,2371,7fb140c655e290aa4ca32543ed73bf05aac9bfef673b867e47c2b344adc9129c
model_outputs/MERRA2/seed_174/fold_3/training_log.csv,2391,13fef828b5ad91cad468be1cbc89978b6c90f5999bd9c52b2adc649ae6419a58
model_outputs/MERRA2/seed_174/fold_3/val_predictions.csv,1649,a0e3e72bdd7961b4e002d354b02147d3c896fa84214fd3005b60efb0e31879d0
model_outputs/MERRA2/seed_174/fold_3/zscore.json,529,83beb920212742a41ec7c5d5fd7b8b52ab6eba4808a59d1f3152f183da57b59b
model_outputs/MERRA2/seed_174/fold_4/best_model.pt,159221,c8383cb6f206f0801d544067348592ec00d6ef65fae7b65a7f5d1a596918fa67
model_outputs/MERRA2/seed_174/fold_4/metrics.json,658,1f73eb42118446ffaf90a7a7bbbc96d671aa4918f99d6078a9299bcd32f91e1c
model_outputs/MERRA2/seed_174/fold_4/split_indices.json,3987,1f0df9cd57da0590eda65f8457d486ad78c9b97992a51d8a02f96d03e99f9141
model_outputs/MERRA2/seed_174/fold_4/test_predictions.csv,2236,abb32a7a5ab873a6c00d501a61863971cab63643226ef8d978928185a0a527a5
model_outputs/MERRA2/seed_174/fold_4/training_log.csv,2405,cc47ab36a9684abb6042160f3396a3adc17e4cf38216a4ef2f0143536a47a66a
model_outputs/MERRA2/seed_174/fold_4/val_predictions.csv,1666,7cdf465b41c903f2a418d85b7414d657dc7f5cf04534cc556ee7e8fdb376a3b4
model_outputs/MERRA2/seed_174/fold_4/zscore.json,523,a6896899d281c2668b44c09036b928460c17a0313632501763f11e67f212f75e
model_outputs/MERRA2/seed_174/fold_5/best_model.pt,159221,ca38941849ce7d84dd8a03c676a68abe5e3f71f27f729f1298052e168918685b
model_outputs/MERRA2/seed_174/fold_5/metrics.json,656,c09b0429dfd1dca090be7050f7388d1601021c2cb4fad5961361225b5a11a4c5
model_outputs/MERRA2/seed_174/fold_5/split_indices.json,3987,cdb175eda78772f1dd7f1f4b9c47cdd100e018c190f5540d531c8385da9492f5
model_outputs/MERRA2/seed_174/fold_5/test_predictions.csv,2215,1a9b6ab2e3aba58391945b5ff40d41d65a6f9f0ec3098b0535c5633fcd338776
model_outputs/MERRA2/seed_174/fold_5/training_log.csv,2406,c4d0afebbb36c9da531e0ebb07c295cd83bd5144eb9ac1c593f53021889f092e
model_outputs/MERRA2/seed_174/fold_5/val_predictions.csv,1672,29290c22220473b466d04ca935d6b9c5f11f196b3b480c3b082f8294309e8137
model_outputs/MERRA2/seed_174/fold_5/zscore.json,519,f3a8fdd19c4013c662cabd5c5a627cbde8fca15af05a48c9ed867b988629e5b3
model_outputs/MERRA2/seed_3299/fold_1/best_model.pt,159221,7e68d44aebd058fec7751c95d4a0e5016ea24773fb56be491e02c1e8868224d8
model_outputs/MERRA2/seed_3299/fold_1/metrics.json,633,275733fa641ed88f4735d2966360eddc9d5bd11df738d5102282f7f089bb89dd
model_outputs/MERRA2/seed_3299/fold_1/split_indices.json,3987,14176b18227d64146b97b7d9dd5cad13cb5a1f170dc55692d537f6e82d8a028a
model_outputs/MERRA2/seed_3299/fold_1/test_predictions.csv,2264,9e3600cf4422af042b0772d7871523844320bb0e1ecf73b486232caf0cff1ca9
model_outputs/MERRA2/seed_3299/fold_1/training_log.csv,2399,e40165bf4383512b963f3b0e5e36def3b83b6c9a5188075df25def26760d3a6c
model_outputs/MERRA2/seed_3299/fold_1/val_predictions.csv,1665,241a82ff227288068a6c0fafb842b36d4efe836f0a0fce7b4a7b6304979db4c3
model_outputs/MERRA2/seed_3299/fold_1/zscore.json,527,ce42c9cbceb587ee4064895c8f5e1b813fd00c21dc2ec55e28f178d1c3221083
model_outputs/MERRA2/seed_3299/fold_2/best_model.pt,159221,0d43beb8bb8298946673737ba887f12c90f99c4b807d9c39fa35ed5528e0f256
model_outputs/MERRA2/seed_3299/fold_2/metrics.json,655,5640c9cff7cd85cca168539d35282ea972795537763752a78f8ac3a296217cfa
model_outputs/MERRA2/seed_3299/fold_2/split_indices.json,3987,f81cd643ff544935c33464f1a6855c6999c951795a51ff5ef6b017592352fba1
model_outputs/MERRA2/seed_3299/fold_2/test_predictions.csv,2389,681d280096d34f761af8e4e4eb793bed1a038af823ef4bfd4ab1805ca7a0ac9e
model_outputs/MERRA2/seed_3299/fold_2/training_log.csv,2390,c037c9efad6d146403510479856f0da61a3b44b653941da8b6b044927df72d72
model_outputs/MERRA2/seed_3299/fold_2/val_predictions.csv,1713,19314727275e76fcb9f19b098f27ff9ce5a4b5f353705887563badde858f6020
model_outputs/MERRA2/seed_3299/fold_2/zscore.json,526,f999f9ff6cbb2c93f8bb9db22da46904ea34ed4dca3bfd45735fbaca0a4c6cb7
model_outputs/MERRA2/seed_3299/fold_3/best_model.pt,159221,0709d6e7a89ea9439ab09ceee41d97179d3aa2c924373f7f65d3f3e35eba61ef
model_outputs/MERRA2/seed_3299/fold_3/metrics.json,655,20e161c9c27481b4f05df67ae348e619d97d66024efccc3f1ef8ebfffc6aa126
model_outputs/MERRA2/seed_3299/fold_3/split_indices.json,3987,f8b10d4234f688863b710ae0746473d402740f8c5070a7bdce12ecfccda7f3a2
model_outputs/MERRA2/seed_3299/fold_3/test_predictions.csv,2324,67840b8773a313e23bf73f1ceaed78e80b2b104153dd78988e29d50dbff88687
model_outputs/MERRA2/seed_3299/fold_3/training_log.csv,2390,dbe4858c348a2a453af16c7e1fed1f186b0feb59138bafb7b0df0b35dbec0eb2
model_outputs/MERRA2/seed_3299/fold_3/val_predictions.csv,1652,ce3b53372c5e2d120f610d56ef8e99dc34676e23a81eaa3a4abed7abafdb48e1
model_outputs/MERRA2/seed_3299/fold_3/zscore.json,522,60ad2542029753998b4b7fbbeb29bb876938c8b97cc78134be342becd02629f3
model_outputs/MERRA2/seed_3299/fold_4/best_model.pt,159221,bc9b959d4a91faf29018b61279a44751d5624a12e9155e8681e8d5bff163981a
model_outputs/MERRA2/seed_3299/fold_4/metrics.json,653,42b6c68932e0a44f72013abbeaf8b0c9dfe8a733dab51dfbe7ec03aadb1b7d29
model_outputs/MERRA2/seed_3299/fold_4/split_indices.json,3987,8c8887809225607974feb0fcefae1a72ccac7cfe69886188e121ae3d2c0dce43
model_outputs/MERRA2/seed_3299/fold_4/test_predictions.csv,2217,422d2c46a4eea5058ec88f2de1a5d5070adc7158d66aade07deaf92a982aa1a0
model_outputs/MERRA2/seed_3299/fold_4/training_log.csv,2381,c65215ae3f9aee96f6a10d783899804e9956e1d6d2aacb60288c7daccc0c8772
model_outputs/MERRA2/seed_3299/fold_4/val_predictions.csv,1648,59676fa7b1c43ec41e19e9ced0bc460c7041d5590755d738e033b6a158fd028b
model_outputs/MERRA2/seed_3299/fold_4/zscore.json,525,98d40c41065062cd46fde396cfdc4cef17f09b43335b6e1a8115e9883111aeed
model_outputs/MERRA2/seed_3299/fold_5/best_model.pt,159221,e5c21f415e9d9c0903178ef44904904a0013206b8811d97b56b638157d932564
model_outputs/MERRA2/seed_3299/fold_5/metrics.json,635,264ab4506cf88b0828a3ee5af41348fc2bd3ba54e66f765706b75112704df808
model_outputs/MERRA2/seed_3299/fold_5/split_indices.json,3987,35725f03fbca385a16f75e0cdaaab874c94a8f34eda2c29ef2d8a13522e59de1
model_outputs/MERRA2/seed_3299/fold_5/test_predictions.csv,2274,55641611613acb01873f8e025b46b2872725e826524ba953b85de5e1111729ac
model_outputs/MERRA2/seed_3299/fold_5/training_log.csv,2392,6b9fc5cd440f49087012c98d93cebbaa6b3ff52283fa14ab15adce80bd28a45b
model_outputs/MERRA2/seed_3299/fold_5/val_predictions.csv,1657,3e892df7dad38aba4ed2f38d9cce63f682342bb8290b73f7db84a11b22feaeee
model_outputs/MERRA2/seed_3299/fold_5/zscore.json,526,c83c3fe20d2ae403d4a8fd5e26dd7ca7c42de5a01e86139b7dbf5ea0685a9838
model_outputs/MERRA2/seed_3489/fold_1/best_model.pt,159221,2b97934423eb85c508a76f1f02904fb2cb6be738b2762a0588b9a6bd8cf8b45e
model_outputs/MERRA2/seed_3489/fold_1/metrics.json,624,03f4e22a67a12dfcabcc29363d7a119b585fc575f07a93b3fe7756c48998f719
model_outputs/MERRA2/seed_3489/fold_1/split_indices.json,3987,961ba1151f311e7bd760fd5d84a96d2eaa28b69a4cac553524fe89833ea0940f
model_outputs/MERRA2/seed_3489/fold_1/test_predictions.csv,2332,22a4251a99f7876f52da3e886a4c08a38dcaa7662ef7304867af5180d9354ea2
model_outputs/MERRA2/seed_3489/fold_1/training_log.csv,2385,2ae5b7e98a1613a2dbb06bd0360e39c7064cbb91ebdb49b44f45bd94612319a8
model_outputs/MERRA2/seed_3489/fold_1/val_predictions.csv,1704,21496171f414dd7e7a27c733085032b52c3bf7a1689833a090bd6519efb0eb4a
model_outputs/MERRA2/seed_3489/fold_1/zscore.json,527,566c624f568dd114c7806641867e84b0b53cc584cc5252b076c814949ef1036e
model_outputs/MERRA2/seed_3489/fold_2/best_model.pt,159221,bc22b503f08f6df4febb002be6ce0a0133ee665a96fec156a76f512dadb9b746
model_outputs/MERRA2/seed_3489/fold_2/metrics.json,658,6a21242f9445ac01b4e8793577633e3045554d7c8f555080ecc1e5594408ffc1
model_outputs/MERRA2/seed_3489/fold_2/split_indices.json,3987,41a2869053c3d3e2389ede47d60ad24611cde5f4eb24ba85c102f91ffc0a8352
model_outputs/MERRA2/seed_3489/fold_2/test_predictions.csv,2344,901b3b4cc04fac1e9fdf8847c281306611b618f5ae885293dd3afd8c0ca3e891
model_outputs/MERRA2/seed_3489/fold_2/training_log.csv,2398,df538b041db3a8e9b357b39c29b9d772a935964ef02c527863b95f368f7dc225
model_outputs/MERRA2/seed_3489/fold_2/val_predictions.csv,1663,43be2a59bfbcf4a99072e1d5a6f64ac9e7ef1526edeb8bf4f4c99fcaae6db84c
model_outputs/MERRA2/seed_3489/fold_2/zscore.json,523,f38e8cfd4e2837a3371f6898b8c58fb3dc989b2dd824586666d457b6e5b120d9
model_outputs/MERRA2/seed_3489/fold_3/best_model.pt,159221,aafe57eeecdd5aa0656057d116d29b5b30fbfb6c148aea452daba9da1bb1d6c0
model_outputs/MERRA2/seed_3489/fold_3/metrics.json,630,614baaf1b04e7a1d2a21284be15c9254c1a04b28185b5ed1af7827007a60898f
model_outputs/MERRA2/seed_3489/fold_3/split_indices.json,3987,3dea85732e3b467cdfedd08c7ba2baba240408b0bb43dc9c066204a8cdf4b6c0
model_outputs/MERRA2/seed_3489/fold_3/test_predictions.csv,2258,10f19f78ffd1c38198b6146a68fd12b3782ce027c7bb621824afcaf6cda185f4
model_outputs/MERRA2/seed_3489/fold_3/training_log.csv,2392,647e89e4b8c6ef82a3a6884f8da90a459dcb8da73b4cf271c2f6675c282695d8
model_outputs/MERRA2/seed_3489/fold_3/val_predictions.csv,1659,a3a47223b912208b14e58f5bd1d8c621ed4ebf0de7e6f7f0d6f5864acfdeea32
model_outputs/MERRA2/seed_3489/fold_3/zscore.json,526,1763dafa015bbd3a73816f287f1cdf878d2095e7d7861b76c25adad514bf4ba6
model_outputs/MERRA2/seed_3489/fold_4/best_model.pt,159221,dbf41cc3bee324dd95573d605d483b1af86ac7e89a2e711b8cca767d88bd89b0
model_outputs/MERRA2/seed_3489/fold_4/metrics.json,654,212b99d260baeef9adfba2c5fd32a617bbd436f1f55bd36a39a88d28b94d87e6
model_outputs/MERRA2/seed_3489/fold_4/split_indices.json,3987,66ea6edc2760ba26e38fe6d934e718be501419294e7e04ab0ce11b8e231254f7
model_outputs/MERRA2/seed_3489/fold_4/test_predictions.csv,2219,8c9834ef77d2d3c4f3307f1e4572575ab64512d97aa15565257bbf3827251bef
model_outputs/MERRA2/seed_3489/fold_4/training_log.csv,2394,a3cf8dc492486c64ef77ee8907623c3c1b6403ec5eb0f3f294bb1b545ba5f3da
model_outputs/MERRA2/seed_3489/fold_4/val_predictions.csv,1659,33202a47291893f4acd480b73fd486d1e1ddef23605d46bc424556348e2651d3
model_outputs/MERRA2/seed_3489/fold_4/zscore.json,527,a533bcc4c44567be007c2f9eff08d879dc80d3902b34d0d892152005c1543152
model_outputs/MERRA2/seed_3489/fold_5/best_model.pt,159221,aed5f04dbcc4da88a01a5baf084b24311cb24f82d5884b128df7a7a6a711af72
model_outputs/MERRA2/seed_3489/fold_5/metrics.json,656,8b6f7bd2b88c844f779bc53e8464106a3294a2a4071740effed4a2c6273c87b4
model_outputs/MERRA2/seed_3489/fold_5/split_indices.json,3987,f475eddc1af200317c84655a97a6976169bdd1d036ef5988ecaf8ab2ba231538
model_outputs/MERRA2/seed_3489/fold_5/test_predictions.csv,2332,51e73fa24a3258f82e7bb5358081c1713f89bda38f0732ec2968a83b87406288
model_outputs/MERRA2/seed_3489/fold_5/training_log.csv,2389,559eca4dfc73163fc7df8194c8f2bc68442f0c26b75f7d97ab3d5fd4ffd44e07
model_outputs/MERRA2/seed_3489/fold_5/val_predictions.csv,1658,67167bde6170f6ce4b80f172b7e20cd3713872d6e5a3211bc2a82b3365c9c60c
model_outputs/MERRA2/seed_3489/fold_5/zscore.json,522,19678fecae3e116172664792b752fe1684a0edab331ab6d7ed950f4cbdbe0ba0
model_outputs/MERRA2/seed_4065/fold_1/best_model.pt,159221,ef98df29603ad29ed1074362ac5fe5a6d38350e02207d024aa5adcbf16637857
model_outputs/MERRA2/seed_4065/fold_1/metrics.json,654,2fd309cb6685d8d5a3e89d456442152223887e6e5de377992d512e58af5139c5
model_outputs/MERRA2/seed_4065/fold_1/split_indices.json,3987,df8e72bddfb1ae7f10772a8689ef8b614d8425b24ad195c589c8444cab737823
model_outputs/MERRA2/seed_4065/fold_1/test_predictions.csv,2334,9e4676e5e96dc160e9cc2d22aa2c994904f3f5a1190667b83b81271869bffd90
model_outputs/MERRA2/seed_4065/fold_1/training_log.csv,2389,de51abc0162d13074086f828236f218b362d4c3ef9a5584a9b2d43c0abd60ead
model_outputs/MERRA2/seed_4065/fold_1/val_predictions.csv,1661,3651266ee8bd8212a475847a5c6933e5bc00030fccf71333532fd5675ff92c10
model_outputs/MERRA2/seed_4065/fold_1/zscore.json,523,0d12b4ec67b56ff6282e50aeb666ebc77e234c83615f8d0570ce5b613f3ef75a
model_outputs/MERRA2/seed_4065/fold_2/best_model.pt,159221,d2ab104710f64027fbed60ad94fca504f096af530a62961fff364b281303e349
model_outputs/MERRA2/seed_4065/fold_2/metrics.json,625,02e974f7d58af854f9e84696cc243534b7b1aab16f15e652b50cc54c6eb4120f
model_outputs/MERRA2/seed_4065/fold_2/split_indices.json,3987,a65e6ffb0eef10aebf55d7082badfba3ef9aa47adc5c33c63e1586b1f9d05a09
model_outputs/MERRA2/seed_4065/fold_2/test_predictions.csv,2262,c9124497eb735c22351b24abff7957989c8bb0bd255a31d7fe223e4691f35721
model_outputs/MERRA2/seed_4065/fold_2/training_log.csv,2405,b90eff1a8190c7f05ff4278b466e003ed7efe7e71c06f5d96c8eb662ffe6967f
model_outputs/MERRA2/seed_4065/fold_2/val_predictions.csv,1720,73bf45dbbba9ad40a1d9c270ce1b34e03327b0638ebde94efeeec83a315b82c1
model_outputs/MERRA2/seed_4065/fold_2/zscore.json,525,796a163caf7a06d48da48bc9b9d1212598e96042a70c31790249679d08422b60
model_outputs/MERRA2/seed_4065/fold_3/best_model.pt,159221,8d5c5b81d62a6ed0c48b9d0dbaa8af1f738dad925427889f869c89cfc922eb3a
model_outputs/MERRA2/seed_4065/fold_3/metrics.json,627,180def928a1b8827f0bf526d9f67b9ca7af59c3956edd36611446992cdaeaec1
model_outputs/MERRA2/seed_4065/fold_3/split_indices.json,3987,3d6e1173ec68e7068e5193dbb20e172d37b8e82c9612a19aa34ba6065a18a478
model_outputs/MERRA2/seed_4065/fold_3/test_predictions.csv,2331,41444c5951c085b042fc1c9b7e9da3a384ef6af545fbf1be9e92702672ab2d2e
model_outputs/MERRA2/seed_4065/fold_3/training_log.csv,2392,d2c87b458110071308dd81d62060b48a54b7c39c5377902335ffada0694bb84c
model_outputs/MERRA2/seed_4065/fold_3/val_predictions.csv,1716,f01f8c9aad30ec32bb168d1151f03e36cda0299739cbec2f92314fb9e7846c40
model_outputs/MERRA2/seed_4065/fold_3/zscore.json,525,fb74750dedb7a0fb75a9e153a569d501cff339f444a125ff9ce41b9853de27e2
model_outputs/MERRA2/seed_4065/fold_4/best_model.pt,159221,4a198e36f54b70ccee71d5b2b850a5a87fb15d4ae7b78d80349a1a41a9f7d5ae
model_outputs/MERRA2/seed_4065/fold_4/metrics.json,656,f1600deb087340072b77f40b948075b53d003b1c0174610e720b11d126547cfa
model_outputs/MERRA2/seed_4065/fold_4/split_indices.json,3987,643ecffefbaba0d84c93e5632a9afa0ca5f275c069de18b5a6f88c7fa7d52e1f
model_outputs/MERRA2/seed_4065/fold_4/test_predictions.csv,2223,8e4bd682a5c122281ffb89f3646cd216f00bfff11f41f9703499e87fd0d1e32c
model_outputs/MERRA2/seed_4065/fold_4/training_log.csv,2394,009999509f06c6c126f2314986f4de8bf122e90490828db4df22dbb58a573ce2
model_outputs/MERRA2/seed_4065/fold_4/val_predictions.csv,1702,58209dd43f5df7354ad17c61affec5b069908999ba1be9dff3063e34fa1cbb0f
model_outputs/MERRA2/seed_4065/fold_4/zscore.json,523,d4b51adc7c52ea723217fb1214e0991e13ff7bda6c40f36b258607872db3609b
model_outputs/MERRA2/seed_4065/fold_5/best_model.pt,159221,475b94c47e5883c8126f935da5f275b6952b42e7d29243e7cdc2904690236817
model_outputs/MERRA2/seed_4065/fold_5/metrics.json,654,7dbe761afca390eba8e7fad56e8216bebc68d4904d165c50af1089131ae69a3a
model_outputs/MERRA2/seed_4065/fold_5/split_indices.json,3987,d85f414b3f7deb31a6378e948be05495a32227cc4333e2d6122e1c216d6ac864
model_outputs/MERRA2/seed_4065/fold_5/test_predictions.csv,2334,5ddcb8e3538d6aeeb1186bfc9a04b6a192b9eaf6e280dbb177f425867ed03545
model_outputs/MERRA2/seed_4065/fold_5/training_log.csv,2395,2e04b517b684cd64d60d37a503e2f1f9bd34cfaa33b2c38f4fbac1d756788a24
model_outputs/MERRA2/seed_4065/fold_5/val_predictions.csv,1649,b201f6fd97e9aa075f933c382673d4e5dfebf593b01750d6011086eeba52c296
model_outputs/MERRA2/seed_4065/fold_5/zscore.json,524,7a57b6815ca5bd38aa559027b80e45fc05edf9fe492a98c32fd5db0b00b45896
model_outputs/MERRA2/seed_5018/fold_1/best_model.pt,159221,04da07a1b33202d6fcab25d7002e8f57a691be03e1d5ae218b3c8ac59fb08df6
model_outputs/MERRA2/seed_5018/fold_1/metrics.json,655,b6d7a7cfec6aed70bf81c8888cff0a567a1fabf767e2b9df943fc8e03e71f6b8
model_outputs/MERRA2/seed_5018/fold_1/split_indices.json,3987,9d1bcbe2754a83bc1bbc7d8b0357d34ef11b71db24ac223d0e6f8ef955f7dadb
model_outputs/MERRA2/seed_5018/fold_1/test_predictions.csv,2343,f11825c909d5c816fb8cd4dcc2e99a73cbad1c5eae21f7cb569912ab629f12d2
model_outputs/MERRA2/seed_5018/fold_1/training_log.csv,2408,e19b78559e02489e0169a998ceb07e87e50c18d2193adc1a1e0be7beee5a0365
model_outputs/MERRA2/seed_5018/fold_1/val_predictions.csv,1783,6917492a15449f0c00b7adb1641c1169a08eea05def295a94eb127624deed787
model_outputs/MERRA2/seed_5018/fold_1/zscore.json,526,a7b96327f01933f9085938aa9c4777271ec45a1cdf78ccad3fc6baa10f59d888
model_outputs/MERRA2/seed_5018/fold_2/best_model.pt,159221,62de6e8b64356b68bb58bde9006867b3bd67fc251aa33c948e64a9d050034656
model_outputs/MERRA2/seed_5018/fold_2/metrics.json,643,7b0faab93628ebebcc1cdda377fa350274481ee42f1c9d0c06be3d5ad52ef9f2
model_outputs/MERRA2/seed_5018/fold_2/split_indices.json,3987,4159335120e5e7dff300e92191d866d883fb1038241f1ceef6f0a669f68ace51
model_outputs/MERRA2/seed_5018/fold_2/test_predictions.csv,2323,265106524c6003e14295b0e40743ae4b2b95966adaa41395350c6c3594efdf2b
model_outputs/MERRA2/seed_5018/fold_2/training_log.csv,2404,3bd7a427ae027c33fbb2d40aea644470fee84916c3d485031a4b72f95253c39c
model_outputs/MERRA2/seed_5018/fold_2/val_predictions.csv,1708,00578ae5489b1ca6daecae2dbb922368edb8b9f4d9b2f0d6b4834635651ecf82
model_outputs/MERRA2/seed_5018/fold_2/zscore.json,529,db25339093973ab20ca64a909830834f7e233e4ab8caad1285807361dbd2417d
model_outputs/MERRA2/seed_5018/fold_3/best_model.pt,159221,1233e317aa6bd10679f3eabadd2b928b1f42cd006f79ee619ba87e5956866462
model_outputs/MERRA2/seed_5018/fold_3/metrics.json,656,ee2ea88954d9bb2c3db0914b135e4d57ae46813a9e4663b9b8925a76b0dfd585
model_outputs/MERRA2/seed_5018/fold_3/split_indices.json,3987,09ae6dddef260b90554e3eb269390cba9cba11f786d2a490dca9f8e954563680
model_outputs/MERRA2/seed_5018/fold_3/test_predictions.csv,2330,5b0c777c56aa77b117937f0b3ee65e5680389e25d1b7bbdd1db233cb6a7f8b98
model_outputs/MERRA2/seed_5018/fold_3/training_log.csv,2397,84e845b6409742783e47568957f726d25d35ab2b19b4b826dcb7be1fd986e09a
model_outputs/MERRA2/seed_5018/fold_3/val_predictions.csv,1707,c2303de68225a2aba49cf5b129f93934b1deeef3728301e6c2e1aeb775b89974
model_outputs/MERRA2/seed_5018/fold_3/zscore.json,523,583321d9946cdeea7acd92565bd4a201abf34100fdea56126f9da0d3441a3dee
model_outputs/MERRA2/seed_5018/fold_4/best_model.pt,159221,acc83366b2ca1373fce5693ca299b7f1e67dcc980efbeb532f2cc2c563708302
model_outputs/MERRA2/seed_5018/fold_4/metrics.json,641,04d4ed2d958fb6fd26b4e598575c66cd13447c1aa5c45d1e4f41e9b1b5aa97a5
model_outputs/MERRA2/seed_5018/fold_4/split_indices.json,3987,12ba8f6b760718b1be2c93e7a10eea76284962202c3e752e3524cecf4c37e724
model_outputs/MERRA2/seed_5018/fold_4/test_predictions.csv,2290,789d8d6239b11f39003c055285347a2806eafcc9a6be15eeff12d2c7d5f2c444
model_outputs/MERRA2/seed_5018/fold_4/training_log.csv,2393,b2dcd0b8dd4ec9b57471a1e48cdffa1bccdc2433dd529a124f2e32511bca4956
model_outputs/MERRA2/seed_5018/fold_4/val_predictions.csv,1714,b2ef1462a7f5a91029be99f54a6972ff23dd16c51b11b362c3e09c124b1ae803
model_outputs/MERRA2/seed_5018/fold_4/zscore.json,527,7df28fe1c4fa6fdabced5c2b0f5441cc70437a0bbb079ad357ab485ca97923c5
model_outputs/MERRA2/seed_5018/fold_5/best_model.pt,159221,602a4eaf476836637e18672eaf26ffed32b307b5050d6c2f4f19db46455b6e78
model_outputs/MERRA2/seed_5018/fold_5/metrics.json,653,45fc793acff11f2b3584f150750848039e9ce0a14cdf10c09c839078e8901438
model_outputs/MERRA2/seed_5018/fold_5/split_indices.json,3987,594c017f4e2ad9b44bbbfb721741b809b755821edc51d1ac6fb92bb9f7f9b4ea
model_outputs/MERRA2/seed_5018/fold_5/test_predictions.csv,2208,65a8e537fab22648226918e9d14593a7378e382cbe9142b3f12c9e55e346d523
model_outputs/MERRA2/seed_5018/fold_5/training_log.csv,2386,ab9b499df0e1cf9ab4e04b82306c011de31eab219e3a9fa7bdbab35752d06288
model_outputs/MERRA2/seed_5018/fold_5/val_predictions.csv,1712,ddeb22a0026129dfa997aea3d6a4898fa4d920eab27d607c65c1cf43c31fcba9
model_outputs/MERRA2/seed_5018/fold_5/zscore.json,525,b08328d86cfb884cd93d1af5c2e94e67690ad6d4cdb5ba2fed1b7b36f43832cd
model_outputs/MERRA2/seed_5168/fold_1/best_model.pt,159221,fdb15ec5dc4df49f169dc4d79ff868584623039bf366318285f6fef37f83beae
model_outputs/MERRA2/seed_5168/fold_1/metrics.json,656,81cb29a6af67673b78b8483e2913155361441c36e499fffd78166f5f197fc988
model_outputs/MERRA2/seed_5168/fold_1/split_indices.json,3987,8efbd7ef543bcb74af4ed82c66e24cdd79c618144966d38d7b2463478298b583
model_outputs/MERRA2/seed_5168/fold_1/test_predictions.csv,2348,9b6b30e249e5d2faffee3bbf3b62e27b593ac2eb2d1171e2b650ad29ec25cc37
model_outputs/MERRA2/seed_5168/fold_1/training_log.csv,2400,a7281fc05f307bd27293a4779eaf89d6efd625252e6dc9688b676c1dce20580f
model_outputs/MERRA2/seed_5168/fold_1/val_predictions.csv,1650,af5fc474516f827cd45a605d51867dd36e337724f2d0cfa9136b2770733ac39f
model_outputs/MERRA2/seed_5168/fold_1/zscore.json,528,f17aebc58394ec5d3f3cae36cf481783c45a72b9847fc9bc6f6fd31448216874
model_outputs/MERRA2/seed_5168/fold_2/best_model.pt,159221,1a7b5801069de81ed1a1ea2ed7937c447a7570d3fc55e0840d9ce8b370e0e6b7
model_outputs/MERRA2/seed_5168/fold_2/metrics.json,636,51550c82cbc95fc20fde34afdd4b60865beed30d135e3998dac6cb9642807e6a
model_outputs/MERRA2/seed_5168/fold_2/split_indices.json,3987,ddb08f53ad3004280245c3629e5e1327fe6aec1ea3cb248712b4ce065578b441
model_outputs/MERRA2/seed_5168/fold_2/test_predictions.csv,2260,13708fedba30d0895ad09f74575d182b972502e1d3c114d2982a68718fe868d6
model_outputs/MERRA2/seed_5168/fold_2/training_log.csv,2401,a9c86b8f31c7a2348a1b6f926b079afbcc407b9f10ac5a43317b2ccfde10b9c9
model_outputs/MERRA2/seed_5168/fold_2/val_predictions.csv,1772,9bfd9a15093bc222ee682d77e77aa54f47ae936c0cc584cfa17faaddee2e0150
model_outputs/MERRA2/seed_5168/fold_2/zscore.json,521,5db4f511a6e7d75912b585376567ee1de56984b7a6f0cef9c171a6c3ce80f0ef
model_outputs/MERRA2/seed_5168/fold_3/best_model.pt,159221,60911e0eaaf059358c705655198026cbbfcc9f5aaf4a9ac7cd7fae36d724fc65
model_outputs/MERRA2/seed_5168/fold_3/metrics.json,654,65f7685dfb60c7f32712e019449cd8c396b7d62a4b64a053ace18f70258ca083
model_outputs/MERRA2/seed_5168/fold_3/split_indices.json,3987,2f5e9b0aafab606399586c04cffd30ee10526e8648f4c98d99c4f8c5cbd0e1c1
model_outputs/MERRA2/seed_5168/fold_3/test_predictions.csv,2346,61de6420be8becbbf7cc954c3728956d9307569fecabae0572fd5d3b67ba5a09
model_outputs/MERRA2/seed_5168/fold_3/training_log.csv,2388,cbe4c5cb19893aea020bf9bf708169ca1c8508892098c789008a7e2420985120
model_outputs/MERRA2/seed_5168/fold_3/val_predictions.csv,1718,cf5eb19f152820e0a56fefe1cdcdb4663faee2e9a6da3253af64b496cc02557a
model_outputs/MERRA2/seed_5168/fold_3/zscore.json,530,6661fa8b3ce714f42a1e8fe36cbaacaf520304def8706ecaff3e11d3fc111762
model_outputs/MERRA2/seed_5168/fold_4/best_model.pt,159221,51f14d466135424cfcffd6789d2f3762e0864a01f000302762ff460b5225205e
model_outputs/MERRA2/seed_5168/fold_4/metrics.json,651,57f4e74308bdd6e31028153d4a865bfef056360365a538e7f2dad1bbe531c0f0
model_outputs/MERRA2/seed_5168/fold_4/split_indices.json,3987,601856643c73b74eeba322e40404d30c1105c79b6b28d657393b4453e70fabbc
model_outputs/MERRA2/seed_5168/fold_4/test_predictions.csv,2210,bfcca88f4a2a2e425731cc2f47b93f51745324e9486a0a025a74fd6a31cc2ead
model_outputs/MERRA2/seed_5168/fold_4/training_log.csv,2390,5f26553b8a7c1e6a0240484a5ff36ca37ea0f024cbabb63d988c793f0d9dee84
model_outputs/MERRA2/seed_5168/fold_4/val_predictions.csv,1645,a4a4920603ad142056534fa71c3134b6a48564ec280327ecb3c27dbbfd04a02b
model_outputs/MERRA2/seed_5168/fold_4/zscore.json,525,caa4bb3a7647ffdadbfbde644c9a5c157dedf41c797e952f8f23bd5b4692c20c
model_outputs/MERRA2/seed_5168/fold_5/best_model.pt,159221,7cb8ad0df2b7c53d73222a8d23cf19054befbf2d7b9f216853b8e8ac2c1378e3
model_outputs/MERRA2/seed_5168/fold_5/metrics.json,656,83f20b25e0c18512918c659aed1ec6c87182a446ead9f46f6a1b4081732bd79e
model_outputs/MERRA2/seed_5168/fold_5/split_indices.json,3987,c58ad505fafa5d9a94db76c4c9140bee2092dd8edb15cc60e7ac30603dbd6d93
model_outputs/MERRA2/seed_5168/fold_5/test_predictions.csv,2311,4c49ec6832ae05801d9336cab2a8ecc172c117e70968cf71a55b2119e59de5c5
model_outputs/MERRA2/seed_5168/fold_5/training_log.csv,2385,0789031c00343b35fc04ee51cf77cab69608a7d4e99af8765446fbcc30229685
model_outputs/MERRA2/seed_5168/fold_5/val_predictions.csv,1655,0047499181e75b66b03a04226845dd0d9f88e466659147ccf8ce728060fdc790
model_outputs/MERRA2/seed_5168/fold_5/zscore.json,526,00c5a2813c283e9451164993e1215c90fd8dfe75b99867a0612e048424eabb0e
model_outputs/MERRA2/seed_5319/fold_1/best_model.pt,159221,65cc3bd844015af37a4e33f80794ac02810101837a832cbb9a5fff81f4c3c51b
model_outputs/MERRA2/seed_5319/fold_1/metrics.json,641,3afa6d1aa4af3ff5c7783e3be6e949f8deafe4165e0ca42e66ac6305ef013699
model_outputs/MERRA2/seed_5319/fold_1/split_indices.json,3987,c7259a115de40bd7c9471439d90f30f51b7c3a3b89672a06aca2e225793b22c3
model_outputs/MERRA2/seed_5319/fold_1/test_predictions.csv,2383,7a231a7dcd7d4149f78bcb4b5252e20e3d01967731a818aea7941dc5e50be48a
model_outputs/MERRA2/seed_5319/fold_1/training_log.csv,2396,625b9c2fa12abb7898066cebeba51d2eafa83fb549636461d1ed94c40fb7c45e
model_outputs/MERRA2/seed_5319/fold_1/val_predictions.csv,1649,f88805e002f3c9ce0ddd4f93319347195f35ffc5e5f8d501856f327004f64c87
model_outputs/MERRA2/seed_5319/fold_1/zscore.json,526,1e136a70758759170996f1caf8739e19442cfc0c5c607d34e77c5f2c701d49c2
model_outputs/MERRA2/seed_5319/fold_2/best_model.pt,159221,77d5d88cd9d215b05fb9ab2f2bde23368ea477fbb94b0fcb8f60943eb15e9e1f
model_outputs/MERRA2/seed_5319/fold_2/metrics.json,619,bb2213c8a4f0aeacf1d09e622de32976ad58e0aa96a905619d35aa02f87ab466
model_outputs/MERRA2/seed_5319/fold_2/split_indices.json,3987,4a6635276f46fd5bfb3cfe403d11eaf3362cfe07f1e685b59f29164c84908959
model_outputs/MERRA2/seed_5319/fold_2/test_predictions.csv,2268,cb8eb00a870baea3395fb8fd952ae7c2beab87d7928d4dd8e5eb94541261a98d
model_outputs/MERRA2/seed_5319/fold_2/training_log.csv,2394,fc55c4923235a45d34427ffba3c160eba609ea7ddcb04b59c3332cab919c851f
model_outputs/MERRA2/seed_5319/fold_2/val_predictions.csv,1711,296dc2ac81af00eaaa5337e58b5846593cfb23174c354cac60af5c3f1236a33a
model_outputs/MERRA2/seed_5319/fold_2/zscore.json,520,45f616b6079f4922ac7d0e5e904069b1a12ded3ffc0b8e0ea92ddb3120a35279
model_outputs/MERRA2/seed_5319/fold_3/best_model.pt,159221,bbfab630b491ac2f77d33edb73c085da86f892b590e3cf9fba31373e8eb208c4
model_outputs/MERRA2/seed_5319/fold_3/metrics.json,656,766099ba30e4a31cba13e1d7daa977a04bb7c5e69a18bc5af2c7ad9868a5e70d
model_outputs/MERRA2/seed_5319/fold_3/split_indices.json,3987,95fdd68e9b41cd31c522d216634be74a932067c95ccc3554385a47a23fea4cc4
model_outputs/MERRA2/seed_5319/fold_3/test_predictions.csv,2326,b3c482fcb4e7948523817d15f83705ec3467419eaf7110e75f902f5de2b5ffc8
model_outputs/MERRA2/seed_5319/fold_3/training_log.csv,2390,4249cdab3b6874094fc88af20d29673621b9bed0a2745a7ef5b501a8bea5aa5f
model_outputs/MERRA2/seed_5319/fold_3/val_predictions.csv,1647,0c06c544b3d8bbf13de760886510c49e7eafca61b3a7dd6781b173e7837fc9cf
model_outputs/MERRA2/seed_5319/fold_3/zscore.json,525,eb95b7df3c427aa1015954fcaf5a04297eef77ebf3ef463a1fecf215594ce049
model_outputs/MERRA2/seed_5319/fold_4/best_model.pt,159221,38643f904cf3a9f9fb523c29885110b9d31ebb4e36cf2d4cfa114a4b1d57e0c4
model_outputs/MERRA2/seed_5319/fold_4/metrics.json,613,4809a8ef6654ce5c45f4440e418797aa7772958e20b996015f4b180b062983f6
model_outputs/MERRA2/seed_5319/fold_4/split_indices.json,3987,d723e5f8a6805f0789323e10a167c60e6527911c229b8f21a44e5092b60b99ac
model_outputs/MERRA2/seed_5319/fold_4/test_predictions.csv,2261,0c7c91a547650284697a5849923c07adabe30b4c1587e6cd7722b6152c39221f
model_outputs/MERRA2/seed_5319/fold_4/training_log.csv,2382,a0c589bbb19fc21274145ab26cfaba782123e3cfd549612a1e4c937cd64d1f3e
model_outputs/MERRA2/seed_5319/fold_4/val_predictions.csv,1700,6ce6b0155e34f379e7253a9db8dd1b34f3100500c6b67843c84cd34a5b79eda3
model_outputs/MERRA2/seed_5319/fold_4/zscore.json,522,b11749d83700d247d9675518a3a649a58db7944ce28fdfaa630279856483c8cc
model_outputs/MERRA2/seed_5319/fold_5/best_model.pt,159221,ea05744dfe62c7b6d94e22eff7b68b984fd3ddf0593ec33bdbef4a25df7b1765
model_outputs/MERRA2/seed_5319/fold_5/metrics.json,653,00f2f8bdab37127c17e898be5918f496da77f73e50bca7812c125bec6a5d7dd0
model_outputs/MERRA2/seed_5319/fold_5/split_indices.json,3987,b1aa30b095e1453b0b3d0324cbe8a73fd4e39f5cca97b5826ae032afafd93bec
model_outputs/MERRA2/seed_5319/fold_5/test_predictions.csv,2212,89666f0ae1c54c3b8a8eca57bd4331c49f6f2325f2e070c024c7d8660ab30cb3
model_outputs/MERRA2/seed_5319/fold_5/training_log.csv,2386,7a4524738c116b1a6e7c4eff0e2491e6c94ef108087f4cfd1557042fadd4d88d
model_outputs/MERRA2/seed_5319/fold_5/val_predictions.csv,1751,9f3599263bf619eed476d6bdef57481b015b9f5160fe5bfaa89145ea41369867
model_outputs/MERRA2/seed_5319/fold_5/zscore.json,527,3b90aab9389ce0006d768b15df8e165d6b5c387449b74b316f824d739d8ce774
model_outputs/MERRA2/seed_6469/fold_1/best_model.pt,159221,22311d1913c374d0826652f6fec10b551268aee5c2368486bf2e04db0a404994
model_outputs/MERRA2/seed_6469/fold_1/metrics.json,655,d9f609a326c57de786c39475b1d8cb9a3213886a10c6bc01b6aa2af98e1d5168
model_outputs/MERRA2/seed_6469/fold_1/split_indices.json,3987,fd26bf10c7c0cb090e8f0a78b20559090879f44c32fc75a9bd4e7e432230399d
model_outputs/MERRA2/seed_6469/fold_1/test_predictions.csv,2325,8ba9f1e1340828b5eb0807ad26ec0757572b6a80b69d0b7ab6e5f0409c8527c5
model_outputs/MERRA2/seed_6469/fold_1/training_log.csv,2403,7aee3d754e48695ffde831fb872e0721b8e490243e84e99e88e6cc91d5ffacd7
model_outputs/MERRA2/seed_6469/fold_1/val_predictions.csv,1669,631b9553a06db74b3462e1bf2944dc4d8eadf5724272379dc06b4c01669d9467
model_outputs/MERRA2/seed_6469/fold_1/zscore.json,523,2ca1a515a19308c12307a3a6224924dffcfae441dfceab5b78f55b850e90b9cc
model_outputs/MERRA2/seed_6469/fold_2/best_model.pt,159221,606b23c1356ccae37e1f9ecd28bf9cc56924c104515c028c9a007ba7b3dea211
model_outputs/MERRA2/seed_6469/fold_2/metrics.json,658,269dd09a0344d5e1d91ed6d1b000049d3e41454c663ce9887b571a10528d0c32
model_outputs/MERRA2/seed_6469/fold_2/split_indices.json,3987,ffaed35a2f695394fcfbb833b55d12d7a503b8e2c059372869600705f991075b
model_outputs/MERRA2/seed_6469/fold_2/test_predictions.csv,2323,0044754e50067c1151a775aae650611cb6ebad678e7394ba5e51bd6583ec724a
model_outputs/MERRA2/seed_6469/fold_2/training_log.csv,2396,923cbff4df0df9a20a43fd60962d4bbca36f0d3d82e4aed190306ef94d8b94e4
model_outputs/MERRA2/seed_6469/fold_2/val_predictions.csv,1708,30e2bb62aad789e4fc660308f5c93a4365d2dc0e4d656d2438cdcb0f89c49391
model_outputs/MERRA2/seed_6469/fold_2/zscore.json,529,d6dbb31ab9ea8533277d844d72589c7f8505ef91da1134494c7604501fa8e198
model_outputs/MERRA2/seed_6469/fold_3/best_model.pt,159221,bd40f28aa6bd016ed171eee675dd40f348be7a64058640fb0f430a98df0f9e90
model_outputs/MERRA2/seed_6469/fold_3/metrics.json,657,1e6eaedc32209cca7cb541ec64af4096d23befc2e823746270e9b805b97316b5
model_outputs/MERRA2/seed_6469/fold_3/split_indices.json,3987,9d1a5d04daec9caff4dbbb35b554796c824513cb44cdd1943a837d47229b079a
model_outputs/MERRA2/seed_6469/fold_3/test_predictions.csv,2328,6ffb6ee01aa984c626b283ba06397da8c11f846dee2be774e6cbe152aa851871
model_outputs/MERRA2/seed_6469/fold_3/training_log.csv,2398,c801b897624ed258d81703f403c9723f768622a8328ca520cf8587683d9d0266
model_outputs/MERRA2/seed_6469/fold_3/val_predictions.csv,1661,c06b2d14a1d48141eeee68bb94e1c407ed3765a73dd847d01cc63710e94a8493
model_outputs/MERRA2/seed_6469/fold_3/zscore.json,527,bd42cbb52182ba9df350f75c9034931103651c035b004cdea1f90ba0de19f990
model_outputs/MERRA2/seed_6469/fold_4/best_model.pt,159221,c0e3977f2e91ccadf14c397b74f1cc4ceb5d7b27617176f3096a9202c5464b46
model_outputs/MERRA2/seed_6469/fold_4/metrics.json,642,a5279104fee50ee2cf2dd7777710669ad559a4705441e3ab767a85e0257e6ac1
model_outputs/MERRA2/seed_6469/fold_4/split_indices.json,3987,d6d3d05823237bd3eea92f9f9043b928026fbdfadaa6b1ab5db183ff86d84dc5
model_outputs/MERRA2/seed_6469/fold_4/test_predictions.csv,2219,d5da248af13c982291f1329839ecc7548e5cfe240f16362b1e46ee808de7ae29
model_outputs/MERRA2/seed_6469/fold_4/training_log.csv,2389,95e1d9fa4b0c4b7c923f607c61a828d68c910f4e182f7b724227d328dbf9272a
model_outputs/MERRA2/seed_6469/fold_4/val_predictions.csv,1705,f2aa3939d89ebe723bb6d6e8790de220dba7901a9ced33dfc15df53fd11cb182
model_outputs/MERRA2/seed_6469/fold_4/zscore.json,529,02a22f110c1ca7f42208d39a77aac94ba4ea3267e140f05d6cf3cdd387a4af29
model_outputs/MERRA2/seed_6469/fold_5/best_model.pt,159221,36b3014a286e063f4787097ca27360d380e57d724276d36afa1f8f9a8b091232
model_outputs/MERRA2/seed_6469/fold_5/metrics.json,633,9b5010081b22c0a1d14826dc63d316d603557213cbf533afb0b6b71ea252dfb5
model_outputs/MERRA2/seed_6469/fold_5/split_indices.json,3987,9b263065c8009239d811af769d8b50890574ae045ce67dd0b776e678df8dd54f
model_outputs/MERRA2/seed_6469/fold_5/test_predictions.csv,2266,3f7a7adfada978e1195e74456e95e47d6f1febc8bcfa439628de60530de61953
model_outputs/MERRA2/seed_6469/fold_5/training_log.csv,2390,4aa9bdd0eafacab105e55a1c80cbc0620b9d64874dc05f8c988fa04b4e898588
model_outputs/MERRA2/seed_6469/fold_5/val_predictions.csv,1659,db1457cbee483a49349d5b911cf3c0fe0b5745bc8d7fb23f2087f73e237eb779
model_outputs/MERRA2/seed_6469/fold_5/zscore.json,528,a53242069751bb7cf5714ca5961201c607ae42c42ed7a624217dbcc97ece5a06
model_outputs/MERRA2/seed_9919/fold_1/best_model.pt,159221,37810ed4b2cbf9280c1197e54afe1b3e9b5b4096c7b8aac0aa0cab1a80764db7
model_outputs/MERRA2/seed_9919/fold_1/metrics.json,637,2a33f694a33a242898f66af6c642778e60080261dded60a0058b208a5ee55696
model_outputs/MERRA2/seed_9919/fold_1/split_indices.json,3987,36447b3d46acec8576a3dc514bf00a9d592740d67df3af66e8e5d264d6971840
model_outputs/MERRA2/seed_9919/fold_1/test_predictions.csv,2319,0f81040a78280fa1be7d8a8eaf5a85fcbe153829405314a36ec4f3c7038975ec
model_outputs/MERRA2/seed_9919/fold_1/training_log.csv,2389,a57c0112a6e9919ff70fa5b2ddcf6a162b06f079b7728954b27c29515d719e3e
model_outputs/MERRA2/seed_9919/fold_1/val_predictions.csv,1707,8099d17d08d02c849cefd142d271a76363f805102b668fc7621fb687d23bf98b
model_outputs/MERRA2/seed_9919/fold_1/zscore.json,525,7e5f775da5d2b48f179cb055f98fd05d9c52696659afafc823d6dd5cb385f9e7
model_outputs/MERRA2/seed_9919/fold_2/best_model.pt,159221,834b3118d8dadffaf5ce40834002a5f5ab91a257f5e4def89bb602870c82376d
model_outputs/MERRA2/seed_9919/fold_2/metrics.json,633,8121f524d230a3f2e39c118f744462f041a7e4a1abfaa35f2879ad7ad467b557
model_outputs/MERRA2/seed_9919/fold_2/split_indices.json,3987,fe7dfdf265692c83b7258eff91648a37d7622b7d760961d9e98fafaeda15f4c0
model_outputs/MERRA2/seed_9919/fold_2/test_predictions.csv,2267,2fde6bed33933b222a71476e621e765e105219e6d1347288942638a12a071bb1
model_outputs/MERRA2/seed_9919/fold_2/training_log.csv,2399,797a94b632cbf94a16e4527b1cda542b58273e2aa97c37a6a70338b015024fd6
model_outputs/MERRA2/seed_9919/fold_2/val_predictions.csv,1768,5c3c9f25e7f77c880bc5bb9792a4ee62b697fe16fa8ff80a438fc91233935d93
model_outputs/MERRA2/seed_9919/fold_2/zscore.json,526,e01b752173024259f8b70a1534ec0f45cd4437b77623517ae3541578c285da18
model_outputs/MERRA2/seed_9919/fold_3/best_model.pt,159221,ff0aa878c436f098237fd89a24fc9ab9cc49923512f578abc1b75f39962dba07
model_outputs/MERRA2/seed_9919/fold_3/metrics.json,657,27481231bd785ae6a67aa74c34f9934da74b9228c676de0155a6ea9176da76fe
model_outputs/MERRA2/seed_9919/fold_3/split_indices.json,3987,e22714ef8850a9db9859ddf230df6f4dcae54a781bf2078ecc35cbb2450e8724
model_outputs/MERRA2/seed_9919/fold_3/test_predictions.csv,2384,6429f94d5f1ef9c5b94821d7a6c34a3879f70db316dd3c2aaf8632e0d378cd96
model_outputs/MERRA2/seed_9919/fold_3/training_log.csv,2394,657f599d7908c2a1960fe443ee0966539c9772e911f08fcff11f3f8068e1b6ac
model_outputs/MERRA2/seed_9919/fold_3/val_predictions.csv,1710,86e5f2579d5c6aa8df3bda8f274d135233b1eed85f177ce5ea3d1579f4201175
model_outputs/MERRA2/seed_9919/fold_3/zscore.json,527,83eef6b6ab1af12d94706989078902536b4c9cc068e8f0c805d11b40617e11c9
model_outputs/MERRA2/seed_9919/fold_4/best_model.pt,159221,0d21897ce6ddfe8b04efa1ff26497762f0f30a9d795fc4194ef7cca39d10796e
model_outputs/MERRA2/seed_9919/fold_4/metrics.json,654,f8014da7a9af3eb238b5e3d025817c5a73c873033be71cf0c35fef1d03ed72bd
model_outputs/MERRA2/seed_9919/fold_4/split_indices.json,3987,b93f7cdea57218b87fb3b249f30748ff294d6a862992417f91a90d199cc80a78
model_outputs/MERRA2/seed_9919/fold_4/test_predictions.csv,2230,e4deef1c85235df6cfc0a851515869a074109d238e96a2acf0ac4208878705bf
model_outputs/MERRA2/seed_9919/fold_4/training_log.csv,2405,6611b6356ddeb924095541dae3807d7d6c23ea34dee0b33398c2b0c852e3e5a9
model_outputs/MERRA2/seed_9919/fold_4/val_predictions.csv,1668,56e2625e3ddab7ae661e84cd65866cc63c08cd78c692339ce0c56b1150b695f2
model_outputs/MERRA2/seed_9919/fold_4/zscore.json,527,a02d430b29bcc267bbe1e73bcbeeaf3e1088dce52a472822ee17d46f3bfa3a86
model_outputs/MERRA2/seed_9919/fold_5/best_model.pt,159221,ce0c254e6a6895544da0638515a0af2d7f9c2ed2ba3880a0cc4227c0c8727b4b
model_outputs/MERRA2/seed_9919/fold_5/metrics.json,634,0ecb915e46196a8693b99f5723c1917a47aa4a32db26ad0c0add73ef4f1934ca
model_outputs/MERRA2/seed_9919/fold_5/split_indices.json,3987,a1806c7f8aef77b40033e7f0513a5bc553e81e88f096da4a091c9c9e1379d517
model_outputs/MERRA2/seed_9919/fold_5/test_predictions.csv,2290,24f38b950e25014035946c703f72163056cc0d19e04bc06de72a4a4889c679ac
model_outputs/MERRA2/seed_9919/fold_5/training_log.csv,2391,664d6e96fe474e76c5d2648504556840525d5aa655531f4e740d596e09508322
model_outputs/MERRA2/seed_9919/fold_5/val_predictions.csv,1646,f7fc5f181944145121d6d536e8d6ea88ffcf5adea7a368eb482ba54b528225bb
model_outputs/MERRA2/seed_9919/fold_5/zscore.json,524,ab68801c81135d3cf68b75dc6e04bc17b3103e501a657c2f76a7987dbeb206ed
model_outputs/README.md,879,8fa09c965ff33d24a97c74e46444a32e64dd528e21d0e43f34866e1bcf546f3e
model_outputs/run_config.json,1095,7a1b359113a51f27910ed41849143b1d2a59a55420a0b26ed505d29eb4b12dac
model_outputs/summary_metrics.csv,3062,3002244f362368fc3a80c534ddd08cf3bd10e6b883fd19c4a61ffa6997e39ad8
README.md,3241,cb4680c67757528765c924a183de63ee65097a5bdc961b9f80f9f21aa8c951dd
RELEASE_QC.json,364,5dae22b841323b851b522ddf18be4b89bcb6d99fb9fa8ad68bcd6ffae4b2a91a
requirements.txt,86,b9185c3fd5a66c311b0c6869d18c4cb70fe98bdc45e15f47df87f54fcb16c935
results/fig5_rolling_first_risk_mean_variance_correction_summary.csv,437,afe89efc733d820a5d2d3eeda42dd366b07c211a9754186a721286f8f78d9f51
results/fig5_source_pair_mean_variance_correction_mcc_delta.csv,1667,5114fb439a98ad2c909d33d6dd07e570879f331adac661a3960e8e97fb5a42e8
results/fig6_threshold_retuning_key_numbers.csv,996,27b2f00c526bcfbdb0b2ea0522bc0c0eb45d24b1500d18021a573fe013a7460b
results/fig6_threshold_retuning_summary.csv,6521,7c4b63dfc65b93c600e0414cbc199fa8c8927f2ecada11c0bade062f4411bc8e
results/gridded_source_variable_means.csv,3412,9deae6cada9929b5a85f315befae736691aa1ce5b74092581fd848eb29027f83
results/gridded_variable_friedman_tests.csv,1084,468d7f6bddf172fe2367666db9aa98571c24a7a9ac05ee9e7fd42c4659309180
results/gridded_variable_pairwise_wilcoxon.csv,7972,9947b5f5cbafa10c9a9f356face0e24768f35e656b9a509e529c1eb9db79c41e
results/regional_gridded_temperature_means.csv,705,d18fbd5b85829fcfab23aa37943ba85091c3f9f67b0838f0e85ffef49d7590be
results/regional_model_performance_era5_coarse.csv,3306,a733dc1431ad4c53cc64e67842dd025f13b4a9afa0dfb40ac292b0107fe4b52e
results/regional_source_pairwise_standardized_metrics.csv,1403,d84c1b18b1f788ea016c660a98155f5b842faec65c3814637040a87044c3298c
results/seed_pooled_cross_source_metrics.csv,24073,9beff9c53a92ee680c32be27e7d20a1c2adf3af1d963069726111cadac3ac3ce
results/source_mean_cross_source_similarity.csv,274,c1c02f2db291d7c04b51205b9dff5f0c6942578efaaaa6c1711ae39a72834cc4
results/source_pairwise_standardized_metrics.csv,792,7a02a7639aee136543c0ad22b96ab292ebc1d4c157bc0507ed94fb54ec2577b7
