train_source,eval_source,baseline_mcc,cross_mcc,drop_mcc,baseline_acc,cross_acc,drop_acc
JRA3Q,CWA,0.4468020471231011,0.1224947358765278,0.3243073112465733,0.7230769230769231,0.5423076923076923,0.1807692307692308
ERA5,JRA3Q,0.5308320548483724,0.2099603137103136,0.3208717411380588,0.7653846153846153,0.5884615384615385,0.17692307692307685
MERRA2,JRA3Q,0.4655533746354164,0.1924246535561281,0.2731287210792883,0.7326923076923076,0.5788461538461539,0.15384615384615374
ERA5,CWA,0.5308320548483724,0.2841865386860093,0.24664551616236308,0.7653846153846153,0.6326923076923077,0.13269230769230766
CWA,JRA3Q,0.418231385418616,0.2111627850513075,0.20706860036730848,0.7038461538461539,0.575,0.12884615384615394
MERRA2,CWA,0.4655533746354164,0.2629592100012793,0.2025941646341371,0.7326923076923076,0.6211538461538462,0.11153846153846148
ERA5,MERRA2,0.5308320548483724,0.3581402631686429,0.17269179167972948,0.7653846153846153,0.6788461538461539,0.08653846153846145
JRA3Q,ERA5,0.4468020471231011,0.2863009779105979,0.16050106921250323,0.7230769230769231,0.6384615384615384,0.08461538461538465
JRA3Q,MERRA2,0.4468020471231011,0.3131790605715039,0.1336229865515972,0.7230769230769231,0.6519230769230769,0.07115384615384612
MERRA2,ERA5,0.4655533746354164,0.3466567606989578,0.11889661393645862,0.7326923076923076,0.6730769230769231,0.059615384615384515
CWA,MERRA2,0.418231385418616,0.3461948183793733,0.07203656703924266,0.7038461538461539,0.6730769230769231,0.03076923076923077
CWA,ERA5,0.418231385418616,0.3636533705967266,0.0545780148218894,0.7038461538461539,0.6807692307692308,0.023076923076923106
