train_source,max_drop_mcc,max_drop_acc
JRA3Q,0.3243073112465733,0.1807692307692308
ERA5,0.3208717411380588,0.17692307692307685
MERRA2,0.2731287210792883,0.15384615384615374
CWA,0.20706860036730848,0.12884615384615394
