eval_source,mean_drop_mcc,median_drop_mcc,max_drop_mcc,mean_drop_acc,max_drop_acc
JRA3Q,0.2670230208615519,0.2731287210792883,0.3208717411380588,0.1532051282051282,0.17692307692307685
CWA,0.2578489973476912,0.24664551616236308,0.3243073112465733,0.14166666666666664,0.1807692307692308
MERRA2,0.12611711509018977,0.1336229865515972,0.17269179167972948,0.06282051282051278,0.08653846153846145
ERA5,0.11132523265695042,0.11889661393645862,0.16050106921250323,0.05576923076923076,0.08461538461538465
