cfg_id,train_source,n,tp,tn,fp,fn,acc,mcc,precision,recall,f1,auc
2,CWA,29,10,10,2,7,0.6896551724137931,0.4215686274509804,0.8333333333333334,0.5882352941176471,0.6896551724137931,0.6789215686274509
2,ERA5,29,14,5,7,3,0.6551724137931034,0.2646831871171338,0.6666666666666666,0.8235294117647058,0.7368421052631579,0.607843137254902
2,JRA3Q,29,17,0,12,0,0.5862068965517241,0.0,0.5862068965517241,1.0,0.7391304347826086,0.6004901960784313
2,MERRA2,29,16,1,11,1,0.5862068965517241,0.04763849587291912,0.5925925925925926,0.9411764705882353,0.7272727272727273,0.6470588235294117
